Date,portfolio,ema20,ema50,rsi,macd,macd_signal,macd_hist
2016-07-22,1.0,1.0,1.0,100.0,0.0,0.0,0.0
2016-07-25,1.0062869774486045,1.0005987597570098,1.0002465481352394,100.0,0.000501525266555447,0.00010030505331108941,0.00040122021324435765
2016-07-26,1.0126470447171414,1.0017462154674985,1.0007328421188433,100.0,0.0013960985735512743,0.00035946375735912645,0.001036634816192148
2016-07-27,1.0204516547399158,1.0035276858743953,1.0015061288882972,100.0,0.0027036551141990106,0.0008283020287271033,0.0018753530854719073
2016-07-28,1.0259402512104592,1.0056622159064013,1.0024643297636762,100.0,0.004135119870314341,0.0014896655970445508,0.0026454542732697903
2016-07-29,1.0322843552764975,1.0081976577511724,1.0036337425288848,100.0,0.005715596344102236,0.0023348517464560877,0.0033807445976461485
2016-08-01,1.0386442808595349,1.0110973361424451,1.0050067048163613,100.0,0.0073960708775504536,0.003347095572674961,0.004048975304875493
2016-08-02,1.0305376901118672,1.0129487984252472,1.006007919925989,91.04183050128127,0.007981716667446292,0.004274019791629228,0.0037076968758170646
2016-08-03,1.0307614047289957,1.0146452371208423,1.0069786448202245,91.06561667864001,0.008367442407705816,0.005092704314844546,0.00327473809286127
2016-08-04,1.0408968509113825,1.0171453908151795,1.0083087705492895,92.09031862420215,0.009382819336615666,0.005950727319198771,0.0034320920174168955
2016-08-05,1.0543227672211708,1.020686093330036,1.0101132410070104,93.2024831075288,0.011142429122307451,0.006989067679820507,0.004153361442486944
2016-08-08,1.0511607947949448,1.0235884458505033,1.011722948998694,89.99312491279518,0.012141824411884938,0.008019619026233394,0.004122205385651544
2016-08-09,1.0546442670999743,1.0265461431123577,1.0134061379438424,90.38589511385112,0.01306434188062311,0.009028563597111338,0.004035778283511772
2016-08-10,1.05219377560188,1.0289887747780266,1.0149272217735694,87.7758931681145,0.013442749784992936,0.009911400834687657,0.003531348950305279
2016-08-11,1.0568605421081068,1.0316432288094628,1.016571665708257,88.45936025806397,0.013958307154611438,0.010720782098672414,0.003237525055939024
2016-08-12,1.0644430865155003,1.0347670247814664,1.018448976328149,89.48779742993807,0.014808040178639015,0.011538233714665735,0.00326980646397328
2016-08-15,1.0646912324104254,1.0376169493175578,1.0202623981352972,89.52070960411642,0.015324827944881214,0.012295552560708831,0.003029275384172383
2016-08-16,1.0583464713905568,1.039591189514986,1.021755891204131,82.41568507458638,0.015048941948814898,0.012846230438330046,0.002202711510484852
2016-08-17,1.0588398713560079,1.041424397309369,1.0232101649355771,82.53179221903447,0.014700653579353684,0.013217115066534774,0.0014835385128189101
2016-08-18,1.0599722413513581,1.0431908586467014,1.024651814991098,82.81228745827917,0.014350580770095878,0.013443808207246995,0.0009067725628488822
2016-08-19,1.06002110789158,1.044793739527166,1.0260388460852345,82.8251042455786,0.013916666005138634,0.013538379766825323,0.0003782862383133103
2016-08-22,1.0590895960386728,1.046155249671119,1.027334953926546,81.57632206420104,0.013343801172474246,0.01349946404795511,-0.000155662875480864
2016-08-23,1.0633828794789446,1.0477959763194833,1.0287485980658557,82.85907994295832,0.013085393487730634,0.013416649935910215,-0.0003312564481795805
2016-08-24,1.0561849984937297,1.0485949308122686,1.029824535337537,73.60609379670385,0.012159626095020082,0.013165245167732188,-0.0010056190727121064
2016-08-25,1.0560813437960035,1.0493079225250053,1.030854214100614,73.47883930980356,0.011287469773333836,0.012789690088852518,-0.0015022203155186827
2016-08-26,1.0584903185488341,1.0501824364320367,1.031937982902505,74.57881495064312,0.0106676932078702,0.012365290712656055,-0.0016975975047858558
2016-08-29,1.0579986946905873,1.05092684198047,1.032959971600077,73.90513973652988,0.010021326266659747,0.011896497823456793,-0.001875171556797046
2016-08-30,1.0513005335349266,1.0509624316523232,1.0336792093230123,65.25617670014869,0.008866384026608332,0.011290475064087101,-0.00242409103747877
2016-08-31,1.0503728495450553,1.0509062809754406,1.0343338618807394,64.13667440464917,0.007786470055562766,0.010589674062382235,-0.0028032040068194687
2016-09-01,1.0457250972100949,1.0504128349025506,1.0347805769916945,58.70302693571491,0.0064808880394982005,0.009767916857805429,-0.0032870288183072284
2016-09-02,1.0443524629725762,1.0498356566235054,1.0351559450693761,57.16276431353017,0.005274641984722717,0.008869261883188886,-0.00359461989846617
2016-09-06,1.0559541232329666,1.0504183677291683,1.0359715598993209,65.42114485219021,0.005194956099505488,0.008134400726452207,-0.0029394446269467196
2016-09-07,1.0510706224351816,1.050480487224979,1.0365636799987663,60.16337639094471,0.0046837553440333135,0.0074442716499684295,-0.002760516305935116
2016-09-08,1.0437902682818536,1.04984332351611,1.036847075617711,53.28768890642292,0.003649096810061092,0.006685236681986962,-0.0030361398719258702
2016-09-09,1.0149851649839714,1.0465234988940015,1.035989745788937,35.836875361958406,0.0004990387575731781,0.005447997097104206,-0.004948958339531028
2016-09-12,1.032672863023325,1.045204390715842,1.0358596719549915,47.25849889186664,-0.0005636580354824172,0.004245666070586881,-0.0048093241060692985
2016-09-13,1.0243705064559974,1.0432202112625235,1.035409116445227,43.35712509463137,-0.002052128035008094,0.0029861072494678865,-0.00503823528447598
2016-09-14,1.032944598934656,1.0422415815170123,1.0353124686997144,48.12040077902378,-0.0025109489704131516,0.001886696005491679,-0.00439764497590483
2016-09-15,1.0511525568387565,1.0430902458333688,1.0359336486267356,56.488426066044504,-0.0013893225887604554,0.0012314922866412522,-0.0026208148754017077
2016-09-16,1.0560927750684248,1.0443285819509933,1.036724202604841,58.446820680962155,-0.00010063126186499183,0.0009650675769400035,-0.0010656988388049954
2016-09-19,1.0527900341522616,1.0451344345415903,1.037354235214544,56.61231367935802,0.0006467074683091933,0.0009013955552138415,-0.0002546880869046482
2016-09-20,1.0509267389367953,1.045686082579229,1.0378864902624754,55.552920380318525,0.0010762204452081647,0.0009363605332127062,0.00013985991199545853
2016-09-21,1.0567068990558415,1.04673568414843,1.0386245455092742,58.16807318512115,0.0018615642349508743,0.00112140127356034,0.0007401629613905344
2016-09-22,1.062998499818888,1.0482845237360927,1.0395803868547493,60.86706885795034,0.002957541746645198,0.0014886293681773115,0.0014689123784678865
2016-09-23,1.0575111110508686,1.0491632463375,1.040283552509499,57.38919588374865,0.0033447689922998514,0.0018598572930018198,0.0014849116992980316
2016-09-26,1.0510623217409374,1.049344110661637,1.0407062493421044,53.51897080853495,0.003095601801154091,0.002107006194632274,0.0009885956065218168
2016-09-27,1.0645235716908514,1.0507897736168004,1.0416402619832317,59.637854644174936,0.003938939732287761,0.0024733929021633714,0.0014655468301243892
2016-09-28,1.0677196157356408,1.0524021395328804,1.0426629817382282,60.95218711375815,0.004809741457036054,0.0029406626131379078,0.0018690788438981464
2016-09-29,1.0599742439736446,1.0531232923367628,1.043341854767068,56.1778781326939,0.004819317238066834,0.003316393538123693,0.0015029236999431405
2016-09-30,1.071784290656067,1.0549005302719348,1.044457244409774,61.17201164719226,0.005714010622508425,0.0037959169550006396,0.0019180936675077856
2016-10-03,1.0776324041315253,1.0570654706395148,1.045758231065529,63.39653903804143,0.00681638046736377,0.004400009657473266,0.0024163708098905038
2016-10-04,1.0745244479409557,1.0587282303825092,1.0468863180018202,61.383786771655295,0.0073544528665938635,0.004990898299297385,0.0023635545672964784
2016-10-05,1.081665701404119,1.0609127514321863,1.0482502153901456,64.19655431617161,0.008261880773404506,0.00564509479411881,0.0026167859792856967
2016-10-06,1.0763498091790968,1.0623829474080826,1.0493521602446143,60.65482076781004,0.008454616297560058,0.006206999094807059,0.0022476172027529988
2016-10-07,1.0732251802610915,1.063415541013131,1.0502883571080055,58.60805365803929,0.008260012862370436,0.006617601848319735,0.0016424110140507014
2016-10-10,1.0804762794981129,1.065040373249796,1.0514721972017353,61.82724434463717,0.008591849849578503,0.007012451448571488,0.001579398401007015
2016-10-11,1.0694283242652152,1.0654582733465026,1.052176359047362,54.83021717059726,0.007872604908161884,0.007184482140489569,0.0006881227676723157
2016-10-12,1.0703173841765667,1.0659210458065087,1.052887771797527,55.26892642660006,0.007290299777095166,0.007205645667810689,8.465410928447728e-05
2016-10-13,1.0642209151797775,1.065759128603963,1.0533322087929093,51.57014099296721,0.006264669457830552,0.007017450425814662,-0.0007527809679841102
2016-10-14,1.0661061339376632,1.0657921767309821,1.0538331470338802,52.62595315703934,0.005540108516496334,0.006721982043950997,-0.0011818735274546632
2016-10-17,1.0588389413163852,1.0651299638343539,1.0540294526920175,48.25842048620238,0.004329578356015995,0.006243501306363997,-0.0019139229503480019
2016-10-18,1.0898930873039852,1.0674883565457474,1.055435869735624,62.5582278190204,0.005809071176804181,0.006156615280452035,-0.0003475441036478533
2016-10-19,1.0964401394346701,1.0702456692018352,1.0570438803120574,64.76891558015923,0.007424289697227859,0.0064101501638071995,0.00101413953342066
2016-10-20,1.0965013265768164,1.0727462079994525,1.0585912311459698,64.7898392602689,0.008610048028588668,0.006850129736763494,0.0017599182918251743
2016-10-21,1.106764775492834,1.0759860715702507,1.0604803897478077,68.20129210940391,0.010259677426475822,0.00753203927470596,0.0027276381517698615
2016-10-24,1.1265986055751989,1.0808063129040553,1.063073260956725,73.53716710147395,0.013017388586074707,0.00862910913697971,0.0043882794490949974
2016-10-25,1.123159274991958,1.0848399283409984,1.0654295752326166,71.30279877184256,0.014755279635119578,0.009854343236607685,0.0049009363985118935
2016-10-26,1.1167193658099568,1.0878760652428041,1.067440939568983,67.18637939130478,0.015434998902500663,0.01097047436978628,0.004464524532714382
2016-10-27,1.109968758096724,1.0899801312288917,1.0691086971583061,63.07561716120647,0.015253135047655464,0.011827006505360118,0.0034261285422953463
2016-10-28,1.0998040160271934,1.0909157393049205,1.0703124351531645,57.38239698003896,0.014125961605433446,0.012286797525374784,0.0018391640800586619
2016-10-31,1.0975288131395453,1.0915455558605989,1.0713797440938069,56.160496429664335,0.012900371223989238,0.012409512265097674,0.0004908589588915636
2016-11-01,1.0825287016126504,1.0906868078369847,1.071816958114154,48.784833765856604,0.010596547968871883,0.012046919405852516,-0.0014503714369806329
2016-11-02,1.0745661187125608,1.089151504110849,1.0719247683336992,45.377936683339506,0.008035608059369537,0.011244657136555921,-0.0032090490771863843
2016-11-03,1.0634771971195083,1.0867063320164356,1.071593491031182,41.07583550521483,0.005053013438412135,0.010006328396927165,-0.00495331495851503
2016-11-04,1.059420454270704,1.0841076769930327,1.071116117040575,39.59683212184949,0.0023350237680890285,0.008472067471159538,-0.00613704370307051
2016-11-07,1.085697899884929,1.084259126792261,1.0716879516619222,51.72277259269114,0.0022751412119266234,0.007232682219312956,-0.004957541007386332
2016-11-08,1.0925524658408465,1.085048968606412,1.072506167904233,54.30000377395209,0.0027491001263806325,0.006335965800726491,-0.0035868656743458585
2016-11-09,1.0797049329226596,1.084540012827007,1.0727884724147596,49.01808344179544,0.002064232261024923,0.005481619092786178,-0.003417386831761255
2016-11-10,1.0489389388462471,1.0811494343526489,1.0718531965885436,39.187569718450206,-0.0009501364744637364,0.004195267979336195,-0.005145404453799932
2016-11-11,1.0811163368155918,1.0811462822062625,1.0722164569896042,50.39297823932839,-0.0007341356574264157,0.0032093872519836733,-0.0039435229094100886
2016-11-14,1.0564319481093805,1.0787925361017976,1.07159745664136,43.735289615053354,-0.0025256630547454417,0.0020623771906378503,-0.004588040245383292
2016-11-15,1.0743903001709496,1.0783732755369548,1.0717069799170302,49.01295756437197,-0.0024679238077931487,0.0011563169909516505,-0.0036242407987447994
2016-11-16,1.0890345919364903,1.0793886390035772,1.0723864941138719,52.89334274313958,-0.0012263564072854116,0.0006797823113042381,-0.0019061387185896497
2016-11-17,1.0968356054325252,1.0810502548539531,1.0733452827930348,54.86397533834115,0.000382660227067122,0.000620357894456815,-0.00023769766738969303
2016-11-18,1.0941603414319798,1.0822988345280509,1.0741615596024052,54.02923293361307,0.0014255136217204978,0.0007813890399095515,0.0006441245818109463
2016-11-21,1.1106232737597357,1.0849964001691637,1.0755914307458299,58.2399093432945,0.003539601183601082,0.0013330314686478576,0.0022065697149532245
2016-11-22,1.1205185594022538,1.0883794629532675,1.0773532789284348,60.57725429288142,0.005944967772698373,0.002255418729457961,0.003689549043240412
2016-11-23,1.117072669462759,1.0911121492875049,1.0789109020866436,59.33185938049585,0.0074868795180123016,0.003301710887168829,0.0041851686308434725
2016-11-25,1.1196508025059573,1.0938301162606907,1.0805085452403422,59.994541662809276,0.008815272501199845,0.004404423209975032,0.004410849291224812
2016-11-28,1.115839315235579,1.0959262304487754,1.0818940656323122,58.47744496338508,0.009451527022001027,0.005413843972380232,0.0040376830496207956
2016-11-29,1.1134270208940664,1.0975929723959459,1.0831306521131654,57.48663824254029,0.009649873584878454,0.006261049894879876,0.0033888236899985782
2016-11-30,1.0990693981418074,1.0977335843717422,1.0837557009770338,51.85507758077345,0.00854996581675449,0.006718833079254799,0.0018311327374996907
2016-12-01,1.0770177622499475,1.0957606489315712,1.0834914680857755,44.62442570610607,0.005831674351018945,0.006541401333607629,-0.000709726982588684
2016-12-02,1.0825773554053593,1.0945050971671701,1.0834556205296808,46.64443231904233,0.004079001296517948,0.006048921326189694,-0.001969920029671746
2016-12-05,1.0971362634215829,1.0947556844294952,1.0839921163293633,51.62133243582038,0.003820734428371164,0.005603283946625988,-0.001782549518254824
2016-12-06,1.1026357033666112,1.0955061624235063,1.0847232373896476,53.38994670428875,0.004013549220413859,0.005285337001383563,-0.0012717877809697038
2016-12-07,1.1215765875364512,1.0979890600533107,1.0861684668071692,58.95541325128977,0.005629830210971187,0.005354235643301088,0.00027559456767009896
2016-12-08,1.1228727328713315,1.1003589336550268,1.0876078497900774,59.31343641335478,0.006935385826173146,0.0056704656798755,0.001264920146297646
2016-12-09,1.134039817819452,1.1035666369087815,1.0894287112814256,62.359775505944334,0.008770042890057006,0.006290381121911801,0.0024796617681452048
2016-12-12,1.1276775515497903,1.1058629144936396,1.0909286658017536,59.62083866075865,0.009599977549479721,0.006952300407425385,0.0026476771420543364
2016-12-13,1.1432374453392669,1.1094223936217946,1.0929799904894992,63.807566506395546,0.01138205489206845,0.007838251304353998,0.0035438035877144516
2016-12-14,1.147688146148666,1.113066751005306,1.095125408358486,64.92774587938084,0.013003600967016471,0.008871321236886493,0.004132279730129978
2016-12-15,1.1528459822213883,1.1168552492163615,1.0973889602746785,66.2321061962603,0.014537305174363802,0.010004518024381955,0.004532787149981846
2016-12-16,1.1538283337195545,1.1203764953595226,1.0996022690372227,66.48774198203571,0.015651622206476645,0.011133938860800894,0.004517683345675752
2016-12-19,1.1641596748775864,1.1245463219802905,1.1021339320113548,69.13422626319618,0.017170449122231757,0.012341240913087066,0.004829208209144691
2016-12-20,1.1739086678774273,1.1292474977800178,1.1049486275355145,71.42723464115029,0.01894243604342627,0.013661479939154907,0.005280956104271362
2016-12-21,1.1744164135552513,1.1335492992824208,1.1076728544382493,71.5457967900156,0.020155380596514227,0.014960260070626771,0.005195120525887456
2016-12-22,1.1702335911629558,1.1370430413662813,1.1101262166627477,69.00549488094742,0.02054232989203819,0.016076674034909054,0.004465655857129137
2016-12-23,1.1751621098045115,1.140673428836589,1.1126766438447777,70.34171765039295,0.02100455285119618,0.01706224979816648,0.0039423030530297
2016-12-27,1.1929851747751028,1.1456554998783521,1.115825997998908,74.60541148535759,0.022549108183219646,0.018159621475177114,0.004389486708042532
2016-12-28,1.1776199229844169,1.1486997306503584,1.1182492891748104,65.82039688833979,0.02227654189670769,0.01898300555948323,0.00329353633722446
2016-12-29,1.1745282705378193,1.1511595915920212,1.1204563080517913,64.18272837131775,0.021562501540917767,0.01949890475577014,0.0020635967851476283
2016-12-30,1.157323168285085,1.1517465988961224,1.1219020672766264,55.854127486272866,0.019384854911052907,0.019476094786826693,-9.123987577378673e-05
2017-01-03,1.1640134370011785,1.152914869191842,1.1235534935403344,58.129403115033504,0.017991508133826883,0.019179177456226732,-0.0011876693223998487
2017-01-04,1.1747188693517248,1.1549914406356403,1.1255599788662713,61.54482267783656,0.017548817847624187,0.018853105534506226,-0.0013042876868820386
2017-01-05,1.181187141446632,1.1574862692843062,1.127741436222364,63.48302223209219,0.017517981718168762,0.018586080771238734,-0.0010680990530699715
2017-01-06,1.1939334585710806,1.1609574301687609,1.1303372018046667,67.01149982533971,0.01831098746464055,0.0185310621099191,-0.00022007464527855
2017-01-09,1.2013209707487713,1.1648015768906665,1.133120879018161,68.88787788163295,0.019312933252094933,0.018687436338354266,0.0006254969137406662
2017-01-10,1.2008979655292367,1.168239328189578,1.1357788039793797,68.64710244170564,0.019844099099373125,0.01891876889055804,0.0009253302088150853
2017-01-11,1.2035064861713067,1.171598105140219,1.138434791516318,69.35834035308714,0.02024219821499118,0.019183454755444668,0.0010587434595465128
2017-01-12,1.2011706217340061,1.1744145352920081,1.1408950201523056,67.87351425996988,0.02013708214573362,0.019374180233502458,0.000762901912231162
2017-01-13,1.2130050563933672,1.1780898230159471,1.1437228647107787,71.23357657533806,0.020769301299105036,0.019653204446622975,0.001116096852482061
2017-01-17,1.2075983863861723,1.18090016238454,1.1462277871294215,67.74744280354562,0.020596641190214093,0.0198418917953412,0.0007547493948728938
2017-01-18,1.2157538118414541,1.184219557570913,1.1489542979024423,70.12265665816132,0.020877221868396356,0.020048957809952233,0.0008282640584441232
2017-01-19,1.2243488628797312,1.1880413961717529,1.151910947509395,72.42730320830117,0.021544778073804727,0.020348121862722734,0.001196656211081993
2017-01-20,1.2287682022418385,1.1919201396069992,1.1549249574989024,73.55676242696849,0.022174807550531472,0.020713459000284484,0.001461348550246988
2017-01-23,1.2363085922951236,1.1961476112915825,1.1581164725889503,75.40777859584745,0.02301722862571598,0.021174212925370785,0.001843015700345195
2017-01-24,1.2519313779363845,1.2014603509720398,1.1617954884849282,78.72989314130672,0.02466120264032612,0.021871610868361854,0.0027895917719642643
2017-01-25,1.2630341068756334,1.2073245182009535,1.165765630382603,80.72292369097329,0.02655386490173739,0.02280806167503696,0.003745803226700428
2017-01-26,1.2673961518851882,1.2130456261708806,1.1697511410297632,81.45802201701137,0.028082081205294873,0.023862865581088542,0.004219215624206331
2017-01-27,1.2727913754286595,1.2187356975287642,1.1737919345356023,82.35430867130484,0.029389766156503905,0.024968245696171617,0.004421520460332288
2017-01-30,1.2611649985632867,1.222776583341576,1.1772183292033547,74.0477287703463,0.02915191927538152,0.025804980412013602,0.0033469388633679195
2017-01-31,1.2551724314891144,1.2258619022127704,1.1802753528224041,70.12180212470417,0.02815531686088879,0.026275047701788644,0.0018802691591001466
2017-02-01,1.2693884739320596,1.2300072899955599,1.183769985022783,73.68604331671766,0.028187687963376895,0.026657575754106294,0.001530112209270601
2017-02-02,1.2742184890080832,1.234217880377705,1.1873169851790695,74.7865663525529,0.02827712307294794,0.026981485217874628,0.001295637855073313
2017-02-03,1.2728878043024765,1.2379007302753025,1.1906727035760658,73.86994051735188,0.027918795412216424,0.02716894725674299,0.0007498481554734336
2017-02-06,1.2813267064495593,1.2420365375299935,1.1942277625122812,75.88827118543239,0.027993080232068923,0.027333773851808178,0.0006593063802607449
2017-02-07,1.2884382989708207,1.2464557529053104,1.1979222933537927,77.46777811996904,0.028299577654081753,0.027526934612262896,0.0007726430418188573
2017-02-08,1.2963617008240274,1.2512087003261407,1.2017826622741943,79.10975213858168,0.028849274897178923,0.027791402669246103,0.0010578722279328198
2017-02-09,1.3005340936432623,1.2559063568325333,1.2056552674259224,79.9387958862314,0.029284023162710282,0.02808992676793894,0.0011940963947713427
2017-02-10,1.3003314410508973,1.2601373172342822,1.2093680585484705,79.77320266999271,0.02927475082021469,0.02832689157839409,0.0009478592418206006
2017-02-13,1.3036384290585838,1.264280280265168,1.213064935823377,80.48367650253124,0.029197676081605284,0.028501048479036332,0.0006966276025689513
2017-02-14,1.3046533642603708,1.2681253358837588,1.2166566388993376,80.70764992032112,0.02888551633290426,0.028577942049809922,0.0003075742830943376
2017-02-15,1.3076993455794517,1.2718942891881104,1.2202269411220872,81.39763581812599,0.02855475132068186,0.028573303903984312,-1.855258330245302e-05
2017-02-16,1.3034569509537266,1.274900256975312,1.223490863076269,77.25342957313148,0.02763177002961581,0.028384997129110613,-0.0007532270994948034
2017-02-17,1.307770696352226,1.2780307750112085,1.2267959545772869,78.45461998461593,0.026937861015360554,0.028095569906360602,-0.0011577088910000484
2017-02-21,1.3205867451241615,1.2820837245457755,1.2304740247948114,81.56873960909485,0.027109578800638134,0.02789837168521611,-0.0007887928845779768
2017-02-22,1.3229554001582366,1.2859762650802955,1.2341007453972985,82.08414737918307,0.02712412699637312,0.027743522747447517,-0.0006193957510743954
2017-02-23,1.2971662477793615,1.2870419777183018,1.2365739023534579,61.815904808908535,0.024769163974245112,0.027148650992807038,-0.002379487018561926
2017-02-24,1.2991452660522247,1.2881946718453419,1.239027681322037,62.579501072720916,0.02279970820403987,0.026278862435053604,-0.003479154231013734
2017-02-27,1.300674904656574,1.2893832654464115,1.2414452194920187,63.19219687218284,0.021118884019707185,0.025246866751984322,-0.004127982732277137
2017-02-28,1.293538720125499,1.289779023034896,1.2434881018698023,58.38902147704139,0.018992059650361215,0.0239959053316597,-0.005003845681298486
2017-03-01,1.308194868406562,1.2915329130702926,1.2460256221261459,64.37763401445358,0.018278461962891512,0.022852416657906063,-0.004573954695014551
2017-03-02,1.2971750156810682,1.2920702561760808,1.248031480696927,57.65837602888115,0.016631997324089598,0.021608332791142774,-0.004976335467053176
2017-03-03,1.2932897261512337,1.2921863961737146,1.249806313851998,55.460504023749685,0.01484255609388363,0.020255177451690944,-0.005412621357807314
2017-03-06,1.2908977149066372,1.292063664624469,1.2514177413443368,54.0933778271858,0.013080610573852791,0.018820264076123316,-0.005739653502270525
2017-03-07,1.292303014282767,1.2920864598300212,1.253021085381138,54.79834588704402,0.011663205793874809,0.017388852419673615,-0.005725646625798806
2017-03-08,1.2919549203578125,1.2920739322612396,1.254547902439047,54.57478367448444,0.010392021270888563,0.015989486189916607,-0.0055974649190280445
2017-03-09,1.2928147960707856,1.2921444907192916,1.256048564934409,55.06249609659079,0.00934624546193863,0.014660838044321013,-0.0053145925823823836
2017-03-10,1.2972822406091824,1.2926338002326145,1.2576655718236158,57.60902377871372,0.008776772862981508,0.013484025008053114,-0.004707252145071606
2017-03-13,1.3051863366181184,1.2938292798883768,1.2595291312273218,61.74008110590381,0.008861110846129838,0.01255944217566846,-0.0036983313295386212
2017-03-14,1.3092280440900428,1.295295828859964,1.2614781082023305,63.688700195219766,0.009148621704235582,0.011877278081381885,-0.002728656377146303
2017-03-15,1.315796332759878,1.297248257802813,1.2636082346555677,66.66046530446604,0.00979358774958472,0.011460540015022454,-0.0016669522654377336
2017-03-16,1.319364315781577,1.2993545490388858,1.2657947476409015,68.18373603237296,0.01047192061591029,0.011262816135200021,-0.0007908955192897308
2017-03-17,1.3223692548586785,1.301546425783628,1.268013355767089,69.4497259537951,0.011123750102903562,0.011235002928740731,-0.00011125282583716867
2017-03-20,1.3288483681474101,1.3041466107706547,1.2703990425271017,72.03365924710992,0.0120245286801004,0.011392908079012666,0.0006316206010877328
2017-03-21,1.30287211380197,1.3040252301069706,1.2716724963025867,52.764796198001335,0.010521055381913502,0.011218537539592835,-0.0006974821576793324
2017-03-22,1.3143881742444623,1.3050121771676841,1.2733476209277583,58.11413595699983,0.010141882486929932,0.011003206529060255,-0.0008613240421303237
2017-03-23,1.3088615714605976,1.3053787861479615,1.2747403248702227,54.90082846637936,0.0092883640994188,0.010660238043131966,-0.0013718739437131658
2017-03-24,1.3141257898908134,1.3062118341234712,1.276284852910246,57.321521724384496,0.008933740461478212,0.010314938526801216,-0.001381198065323004
2017-03-27,1.3218101745543624,1.3076973903549847,1.278070159641388,60.64244742700161,0.00916709176717534,0.010085369174876041,-0.0009182774077007017
2017-03-28,1.3335701854023165,1.3101614660737781,1.2802466312398557,65.11606641949916,0.010183569105468138,0.01010500916099446,7.855994447367697e-05
2017-03-29,1.34086397688492,1.3130855147224583,1.2826237820494661,67.57760320436456,0.011445743330885438,0.010373155994972658,0.00107258733591278
2017-03-30,1.3450901648856557,1.3161335766427629,1.2850734441214737,68.94499399143162,0.012641322255918963,0.01082678924716192,0.0018145330087570438
2017-03-31,1.3446630417720544,1.3188506685598385,1.287410291088163,68.62996519346885,0.013399896239337128,0.011341410645596961,0.002058485593740167
2017-04-03,1.3538476584525974,1.3221837152162919,1.2900156780436312,71.63170720871743,0.01457419118958736,0.01198796675439504,0.0025862244351923195
2017-04-04,1.3484628603156952,1.3246864909400444,1.2923077244072414,67.55057655502779,0.014898578650348826,0.012570089133585798,0.0023284895167630278
2017-04-05,1.339377738623635,1.3260856573861006,1.2941536073176882,61.213771592923294,0.014258204945876596,0.012907712296043958,0.0013504926498326374
2017-04-06,1.3419463235588998,1.3275961970216055,1.2960278314840104,62.29082243917334,0.01379890235235548,0.013085950307306263,0.0007129520450492172
2017-04-07,1.3416910147347865,1.328938560613337,1.2978185445526682,62.106214534732274,0.01326143092870069,0.01312104643158515,0.00014038449711554005
2017-04-10,1.3452017091812507,1.3304874319055193,1.2996767078714362,63.69934934509569,0.012969263063404401,0.013090689757949001,-0.00012142669454459978
2017-04-11,1.340209829457514,1.3314133745295187,1.3012662420512824,59.846524769933026,0.01219434611903214,0.01291142103016563,-0.0007170749111334897
2017-04-12,1.326627433492313,1.3309575706212136,1.3022607985783816,50.83666116799738,0.010364754577139923,0.012402087739560488,-0.0020373331624205654
2017-04-13,1.3234496371595628,1.3302425293391515,1.3030917334247025,48.97876488947482,0.00855969762658182,0.011633609716964756,-0.003073912090382937
2017-04-17,1.3424844694510294,1.3314084283974257,1.3046365466022056,58.71234016741339,0.008566380966329001,0.011020163966837606,-0.0024537830005086046
2017-04-18,1.3372159753374602,1.3319615281060004,1.30591417125849,55.55331193295151,0.008053715893352464,0.010426874352140578,-0.0023731584587881136
2017-04-19,1.3367593325212654,1.3324184618598351,1.3071237854256579,55.27570314724648,0.007523847638379877,0.009846269009388437,-0.0023224213710085605
2017-04-20,1.3468937031452444,1.3337970562679693,1.3086833900421122,60.047402841978034,0.007831406660603113,0.009443296539631375,-0.0016118898790282617
2017-04-21,1.3514653005314532,1.335479746197825,1.3103611120220864,62.01612628142063,0.008347810738331907,0.009224199379371481,-0.0008763886410395744
2017-04-24,1.3683578007278625,1.3386109894864,1.3126354919713323,68.2432367159146,0.0100048189546329,0.009380323294423766,0.0006244956602091331
2017-04-25,1.3868828897620937,1.3432083133221804,1.3155471546297937,73.3944607143606,0.012666814614526345,0.010037621558444282,0.0026291930560820628
2017-04-26,1.3842491505838903,1.3471169644899623,1.3182413505495623,71.61585162306349,0.01439797373424967,0.01090969199360536,0.003488281740644309
2017-04-27,1.3936117886797412,1.351545042984227,1.3211970540056477,74.02560613209428,0.016337092622200622,0.011995172119324413,0.0043419205028762085
2017-04-28,1.4009628382555785,1.3562514996767367,1.3243251239762333,75.76529083217748,0.01825657613166265,0.013247452921792061,0.005009123209870589
2017-05-01,1.4231447342084211,1.3626222839178497,1.3282004028088683,80.09715048164809,0.021321888801904887,0.014862340097814626,0.006459548704090261
2017-05-02,1.4228722365838655,1.3683603746479465,1.3319130237412213,79.90818756418005,0.023458764857806402,0.016581625049812983,0.0068771398079934196
2017-05-03,1.4193084578449384,1.37321257304766,1.3353402956668574,77.33845626801238,0.024581329106386995,0.018181565861127787,0.006399763245259208
2017-05-04,1.4127626669368785,1.376979248656157,1.3383764670892113,72.71310016721951,0.0246585305494309,0.019476958798788413,0.0051815717506424885
2017-05-05,1.419537683506016,1.381032432927572,1.3415592598898705,74.41843514165961,0.02497846427756545,0.02057725989454382,0.004401204383021627
2017-05-08,1.4240264111760759,1.3851270975226675,1.344793265822663,75.5104628520148,0.0253025448840849,0.02152231689245204,0.0037802279916328597
2017-05-09,1.434784092712488,1.3898563351597932,1.348322317857558,77.94084987213486,0.026126268731025526,0.02244310726016674,0.0036831614708587868
2017-05-10,1.4646460076195669,1.396979161108343,1.3528840311815584,82.98788944372421,0.028856048219295438,0.02372569545199248,0.0051303527673029585
2017-05-11,1.4673464509719993,1.4036808077620246,1.3573727535262816,83.35868763523229,0.030881340470763075,0.0251568244557466,0.005724516015016473
2017-05-12,1.4787752995299395,1.4108326641208737,1.362133637683288,84.86247481968198,0.0330278868151872,0.026731036927634726,0.006296849887552476
2017-05-15,1.4836308265603615,1.417765822448444,1.3668982333255262,85.46347949913527,0.03472060320922643,0.02832895018395307,0.00639165302527336
2017-05-16,1.4913402338071469,1.424772909244511,1.3717783117757858,86.38759674680175,0.03626612457228595,0.029916385061619647,0.0063497395106663045
2017-05-17,1.4421720733178591,1.4264299724895917,1.3745388514441026,60.13208322747606,0.033141467543374326,0.030561401557970585,0.0025800659854037407
2017-05-18,1.46808009806188,1.430396651115524,1.378207135625192,65.99653391668872,0.03238243090436699,0.030925607427249868,0.0014568234771171196
2017-05-19,1.4719641201406082,1.4343554576893416,1.3818838801159927,66.78533188514179,0.03172855004641817,0.03108619595108353,0.0006423540953346407
2017-05-22,1.4841889925129659,1.4391015086249248,1.385895845308031,69.2066242039779,0.031829874805120006,0.031234931721890825,0.000594943083229181
2017-05-23,1.4800239427890385,1.4429988833072214,1.3895871432484628,67.4037642256086,0.031214272004984833,0.03123079977850963,-1.652777352479512e-05
2017-05-24,1.4911146622284863,1.44758133844258,1.3935686145810129,69.66954297269905,0.03126097367520564,0.03123683455784883,2.413911735680771e-05
2017-05-25,1.5096564597980928,1.4534932547621526,1.3981210790993297,73.043160337405,0.03242043064545874,0.03147355377537082,0.0009468768700879246
2017-05-26,1.521105131910829,1.4599324811572647,1.4029439831311532,74.89961846212009,0.03387265789159666,0.03195337459861599,0.0019192832929806683
2017-05-30,1.5316564482318666,1.4667633351643696,1.4079915307821615,76.50551762659288,0.035466130022965725,0.03265592568348594,0.002810204339479788
2017-05-31,1.5299552585504779,1.4727816135820941,1.4127744220671936,75.66496757422658,0.03617469698865161,0.03335967994451907,0.002815017044132541
2017-06-01,1.528100713413166,1.4780500992802914,1.41729702172782,74.70142905022584,0.036169653865472995,0.033921674728709855,0.0022479791367631397
2017-06-02,1.5532801242934433,1.4852148635672582,1.422629692416668,78.67249519891288,0.037762126886304204,0.034689765160228724,0.00307236172607548
2017-06-05,1.5623922654883546,1.4925650923216485,1.4281105776351655,79.90198213611747,0.03930634775992492,0.03561308168016796,0.0036932660797569586
2017-06-06,1.5625619215945223,1.4992314570143033,1.433383179359062,79.92518647120055,0.0400818056521719,0.03650682647456875,0.0035749791776031464
2017-06-07,1.5716062706195997,1.506124296405284,1.4388036927418282,81.1731073435032,0.04095407194978251,0.0373962755696115,0.0035577963801710077
2017-06-08,1.5882810600008266,1.5139487500810498,1.444665550281397,83.24152294419082,0.04250094102875179,0.038417208661439564,0.004083732367312229
2017-06-09,1.531489003746395,1.5156192504301305,1.44807039159375,59.33242555964825,0.038698113842077886,0.03847338969756723,0.00022472414451065598
2017-06-12,1.5157230788044727,1.5156291388467344,1.4507234381510332,54.640467564983595,0.0340200060640794,0.03758271297086967,-0.0035627069067902667
2017-06-13,1.5357644497394796,1.5175467875031863,1.4540583797819526,59.07127506769388,0.03156587137169864,0.03637934465103546,-0.004813473279336823
2017-06-14,1.5331144534024497,1.5190294223507352,1.4571586179631486,58.2608853463409,0.029071995521759986,0.03491787482518037,-0.005845879303420384
2017-06-15,1.5235035086662214,1.519455525809353,1.459760378382877,55.297885730581356,0.02602011434388407,0.033138322728921116,-0.007118208385037045
2017-06-16,1.512117231216207,1.5187566406100057,1.4618135882979095,51.92842768182636,0.022424206794334545,0.030995499542003802,-0.008571292747669258
2017-06-19,1.5309965661034355,1.5199223477998562,1.4645266462510675,56.64552728821942,0.020857397602138006,0.028967879154030644,-0.008110481551892638
2017-06-20,1.5228964478888805,1.5202055954273825,1.4668156580800014,54.18864493488854,0.018745986125584757,0.02692350054834147,-0.008177514422756712
2017-06-21,1.5397149817865434,1.522063632223493,1.469674455088101,58.23881289520275,0.018219766320969777,0.025182753702867135,-0.006962987381897358
2017-06-22,1.535966433431926,1.5233877085290581,1.4722741405133488,57.02862593438142,0.017300823684267996,0.02360636769914731,-0.006305544014879313
2017-06-23,1.5395134612444252,1.5249234945019503,1.4749109766204498,57.919682195496236,0.01666664778375493,0.022218423716068834,-0.005551775932313905
2017-06-26,1.529258816529531,1.5253363823141008,1.4770422644600216,54.40713285812555,0.015161818678931072,0.020807102708641285,-0.005645284029710214
2017-06-27,1.4912084732620277,1.5220861052615224,1.4775978020601004,43.794198275498104,0.010774682240092703,0.018800618614931573,-0.00802593637483887
2017-06-28,1.5171297062700027,1.5216140672623302,1.4791480728134299,50.830680645986035,0.009282469347164923,0.016896988761378243,-0.00761451941421332
2017-06-29,1.4855383956217372,1.518178289010845,1.4793986737078733,43.65724148382223,0.005487469002164014,0.0146150848095354,-0.009127615807371385
2017-06-30,1.4823646409390514,1.5147674653849599,1.4795149861483117,43.00069219568268,0.0021984658625653353,0.012131761020141388,-0.009933295157576053
2017-07-03,1.458481388454338,1.5094068866296626,1.4786901391799205,38.32929617061348,-0.0023086589135368207,0.009243677033405747,-0.011552335946942568
2017-07-05,1.4628592451564857,1.5049737779179315,1.4780693198064525,39.62405224409169,-0.0054643417913537995,0.006302073268453838,-0.011766415059807637
2017-07-06,1.4494905920345789,1.49968966497666,1.4769485853840263,37.06497409233093,-0.008940916468412441,0.0032534753210805827,-0.012194391789493024
2017-07-07,1.468835703701538,1.4967511924742674,1.4766304331611837,42.819877184441395,-0.010019637960271943,0.0005988526648100776,-0.01061849062508202
2017-07-10,1.4861404988892628,1.4957406502280763,1.477003376915226,47.44907628174313,-0.009370166715724881,-0.0013949512112969142,-0.007975215504427967
2017-07-11,1.4969468790090439,1.4958555291595972,1.4777854750365522,50.1624873646595,-0.007892491779920796,-0.0026944593250216907,-0.005198032454899105
2017-07-12,1.5230029043318858,1.49844099346172,1.479558707557938,56.05448315479979,-0.0045662829950052775,-0.003068824059018408,-0.0014974589359868693
2017-07-13,1.5233967556185382,1.5008177327147503,1.4812778466975693,56.13889325958085,-0.0018768232119339423,-0.002830423889601515,0.0009536006776675729
2017-07-14,1.5391740352941514,1.5044707139127886,1.4835482854660627,59.49526600657947,0.001510278110315344,-0.0019622834896181433,0.0034725615999334873
2017-07-17,1.5369040822581566,1.507559606136157,1.485640669653988,58.79812043211196,0.003965699951254065,-0.0007766868014437017,0.0047423867526977664
2017-07-18,1.5706541372257148,1.5135686090970673,1.4889745311273892,65.30723952637723,0.008536582417193461,0.001085967042283731,0.007450615374909731
2017-07-19,1.575286375091928,1.5194464915727683,1.492359309322077,66.09886627933662,0.012389998396448831,0.003346773313116751,0.00904322508333208
2017-07-20,1.5793707953084481,1.5251535681190236,1.4957715244587975,66.81783593217652,0.015593682632266237,0.005796155176946649,0.009797527455319588
2017-07-21,1.5813965485114312,1.53051004244211,1.4991293685392928,67.18949950131689,0.01808758441005609,0.008254441023568537,0.009833143386487553
2017-07-24,1.5921487021462666,1.536380390985363,1.502777185543488,69.16374230476987,0.020693091398738206,0.010742171098602472,0.009950920300135734
2017-07-25,1.589052977518248,1.5413968277980188,1.506160549934655,67.89699552309389,0.022251671930670014,0.013044071265015979,0.009207600665654035
2017-07-26,1.5973757852039934,1.5467281570747784,1.509737617984433,69.51362090094318,0.0238831294057682,0.015211882893166422,0.008671246512601778
2017-07-27,1.575590571942612,1.5494769584907626,1.5123200867671067,60.872649683053154,0.023151312644258848,0.01679976884338491,0.006351543800873938
2017-07-28,1.5771932033075204,1.5521166008542633,1.5148641305530053,61.254219111290666,0.02244196454803493,0.017928207984314916,0.004513756563720016
2017-07-31,1.559777295263438,1.5528461907979942,1.516625431129885,54.97954153035156,0.0202411554030546,0.018390797468062853,0.0018503579349917476
2017-08-01,1.5655914099660022,1.5540600211949476,1.5185456655940464,56.57866051649906,0.01875001031812573,0.01846264003807543,0.000287370280050301
2017-08-02,1.5784672660565913,1.5563845207055804,1.520895532278852,59.969729273415595,0.018395192742366673,0.01844915057893368,-5.395783656700695e-05
2017-08-03,1.5790891509097311,1.5585468664393092,1.523177634970259,60.13167887168581,0.01795717898619764,0.018350756260386472,-0.0003935772741888305
2017-08-04,1.5869734961403146,1.5612541645060718,1.525679433447516,62.218616827592676,0.018038316215728045,0.018288268251454787,-0.0002499520357267422
2017-08-07,1.5994106514503013,1.5648881156436176,1.528570853761351,65.30394781517862,0.018888458158569987,0.018408306232877827,0.0004801519256921599
2017-08-08,1.6003328469500875,1.5682638043394719,1.531385049572674,65.52873304833673,0.019412836151849966,0.018609212216672257,0.0008036239351777094
2017-08-09,1.5949480849717783,1.5708051643996916,1.5338777176275409,62.96362516182983,0.01917289104686981,0.01872194798271177,0.00045094306415804225
2017-08-10,1.5550795326320495,1.5693074851837256,1.534709161353208,47.986155188907986,0.015586008045247457,0.01809475999521891,-0.0025087519499714522
2017-08-11,1.5602568860610007,1.5684455233625139,1.5357110329103763,49.66077896700857,0.013011162000756027,0.017078040396326336,-0.004066878395570309
2017-08-14,1.5916082509590415,1.570651497419326,1.5379030806769904,58.39588045009267,0.013346520709892618,0.01633173645903959,-0.002985215749146973
2017-08-15,1.5898058128391355,1.5724757179354982,1.5399384819382511,57.77516684197667,0.01331338479768629,0.01572806612676893,-0.0024146813290826415
2017-08-16,1.59265718384877,1.5743977623081908,1.5420058820131735,58.52620309615908,0.013363163923675758,0.015255085686150296,-0.001891921762474538
2017-08-17,1.5610634325286878,1.5731278261387145,1.5427532369353505,48.279427597996296,0.010729578644445237,0.014349984277809286,-0.003620405633364049
2017-08-18,1.55931523736865,1.5718123414939464,1.5434027271484212,47.78092795399057,0.00840449679017996,0.013160886780283421,-0.004756389990103461
2017-08-21,1.5506799115562568,1.5697997291189283,1.5436881069291206,45.29316548219368,0.005798215822000907,0.011688352588626919,-0.005890136766626012
2017-08-22,1.575129877035199,1.570307362253811,1.5449211175215158,52.788430242793915,0.005640605861525705,0.010478803243206677,-0.004838197381680972
2017-08-23,1.5823227600933831,1.5714516858575798,1.5463878486027656,54.752467515834404,0.006026633106689383,0.009588369215903218,-0.0035617361092138353
2017-08-24,1.5682585017132025,1.5711475730819247,1.5472455212737632,50.34250753232366,0.0051384613840346205,0.0086983876495295,-0.0035599262654948793
2017-08-25,1.5553707526341738,1.5696450187535673,1.547564157797701,46.63574479666811,0.003355959835661615,0.007629902086755923,-0.004273942251094308
2017-08-28,1.5572977673174335,1.568469090045364,1.5479458679749456,47.26103863989564,0.0020748904510061728,0.006518899759605973,-0.0044440093085998
2017-08-29,1.564657126154181,1.5681060458652512,1.5486012114329548,49.68577287758216,0.001634629496147788,0.005542045706914336,-0.003907416210766548
2017-08-30,1.5850895101941551,1.5697235186584801,1.5500321251098645,55.76640287029172,0.002901001212810561,0.0050138368080935814,-0.0021128355952830203
2017-08-31,1.6044366623577906,1.5730295323441288,1.5521656363744891,60.619526880319896,0.005403475508573452,0.005091764548189557,0.00031171096038389544
2017-09-01,1.6045444253658225,1.5760309507271473,1.5542197065310122,60.64542699439395,0.007311121928873732,0.005535636024326392,0.00177548590454734
2017-09-05,1.5882564837883435,1.5771952872091661,1.555554482109731,54.78092315710931,0.007423076098952652,0.005913124039251644,0.0015099520597010082
2017-09-06,1.5912597500112011,1.578534759856979,1.5569546886941024,55.632859158264175,0.007665772812958105,0.006263653793992937,0.0014021190189651683
2017-09-07,1.5988828044578887,1.5804726688665893,1.5585989285279764,57.805847616214365,0.00837666748420296,0.006686256532034942,0.0016904109521680179
2017-09-08,1.5778458331011744,1.580222494031788,1.5593537090994745,50.46088311185284,0.007160012688383954,0.006781007763304745,0.00037900492507920904
2017-09-11,1.6086079343643198,1.5829258693015529,1.5612852473451548,58.720657168784015,0.008579154328738126,0.007140637076391422,0.0014385172523467037
2017-09-12,1.6141545083194058,1.5859000253984914,1.5633585516970863,60.01517662771001,0.01003571103678591,0.007719651868470319,0.002316059168315591
2017-09-13,1.6209550568907867,1.589238599826329,1.5656172381752707,61.605019070160466,0.011605014770588395,0.008496724448893935,0.0031082903216944607
2017-09-14,1.616787677413318,1.5918623215012804,1.5676239220669588,60.029840200404806,0.01236983483424714,0.009271346525964577,0.0030984883082825626
2017-09-15,1.6317075780027523,1.595657107834754,1.5701370066134606,63.61661753647584,0.014018277554114222,0.010220732731594507,0.0037975448225197155
2017-09-18,1.6353414519724558,1.5994365691812016,1.5726940436863623,64.45329203766748,0.015439921739010654,0.011264570533077736,0.004175351205932917
2017-09-19,1.6361314424027062,1.602931319011821,1.5751817848124936,64.64364411084964,0.01644081118612606,0.012299818663687402,0.004140992522438656
2017-09-20,1.6292350352822393,1.605436434847099,1.5773015201250327,61.545237425924505,0.016487483419286297,0.013137351614807183,0.0033501318044791145
2017-09-21,1.614529238468506,1.606302416144376,1.5787614306483062,55.44273970256308,0.015163046438253058,0.01354249057949636,0.0016205558587566987
2017-09-22,1.5999875090860798,1.6057009964245383,1.5795938258811602,50.147621112338086,0.012792559890546285,0.013392504441706345,-0.0005999445511600601
2017-09-25,1.5659106914024543,1.6019114435652924,1.5790572323721912,40.408289901595175,0.008071178308429294,0.012328239215050935,-0.004257060906621641
2017-09-26,1.574796248259726,1.5993290440123813,1.5788901349560163,43.49015226680672,0.004988930284747672,0.010860377428990283,-0.005871447144242611
2017-09-27,1.592653620524365,1.598693289394475,1.5794298794881083,49.17857442469189,0.003941729417962669,0.00947664782678476,-0.0055349184088220905
2017-09-28,1.5937157156070527,1.5982192347480537,1.579990108355518,49.50415155085398,0.0031610784386961743,0.008213533949167044,-0.0050524555104708695
2017-09-29,1.6044419466450641,1.5988118739763404,1.5809490039747158,52.793269142748755,0.003369087373201296,0.007244644633973895,-0.003875557260772599
2017-10-02,1.5984348919352354,1.5987759709248066,1.5816347250712068,50.797699472464146,0.0030144679305257327,0.006398609293284263,-0.00338414136275853
2017-10-03,1.6032243016747507,1.5991996214724205,1.582481375134091,52.344403918764215,0.0030843404497524762,0.005735755524577906,-0.0026514150748254296
2017-10-04,1.613197035258918,1.6005327084997059,1.5836859108252606,55.48252270075407,0.003899480396604149,0.005368500498983154,-0.0014690201023790051
2017-10-05,1.6379947337560237,1.604100520428879,1.5858156685872513,62.15576696164387,0.00647184826474323,0.0055891700521351695,0.0008826782126080601
2017-10-06,1.637634670010034,1.6072942489604176,1.5878477862901055,62.01041402509044,0.008384759905174954,0.006148288022743127,0.0022364718824318276
2017-10-09,1.6333142395106188,1.609772343298532,1.5896307844556157,60.191509406139815,0.009443277305501097,0.006807285879294721,0.0026359914262063756
2017-10-10,1.6409094822256747,1.612737785101117,1.5916417137799317,62.28585742506647,0.010770872667008824,0.007600003236837542,0.003170869430171282
2017-10-11,1.6524021874703614,1.6165153472315212,1.5940244774540662,65.26382792884559,0.01260506349492263,0.008601015288454559,0.0040040482064680714
2017-10-12,1.6537148672780455,1.6200581586645237,1.5963652770550067,65.59796259583356,0.014003175341964935,0.009681447299156635,0.004321728042808301
2017-10-13,1.6657388263427162,1.6244086984433992,1.5990858083996227,68.57941081692653,0.015898157992618733,0.010924789437849055,0.004973368554769679
2017-10-16,1.671950416224652,1.6289364810892326,1.6019432440006043,70.02467416295698,0.017697166863426483,0.012279264922964541,0.005417901940461942
2017-10-17,1.6711647024172827,1.6329582164538088,1.6046578109973368,69.58864320243579,0.018842291608190287,0.013591870260009692,0.005250421348180595
2017-10-18,1.6671336262013863,1.6362130173821496,1.607107842966123,67.27415078158218,0.01920317481141587,0.014714131170290927,0.004489043641124941
2017-10-19,1.6562726646487536,1.638123459978969,1.6090358751889713,61.35326077032651,0.018400676971437546,0.015451440330520252,0.002949236640917294
2017-10-20,1.6564286517355686,1.6398668115748354,1.6108944154457006,61.40579784547354,0.017574688437394848,0.015876089951895173,0.0016985984854996743
2017-10-23,1.6426290772352798,1.6401298844948777,1.6121389119864684,54.36482369786564,0.015626444315972154,0.01582616082471057,-0.00019971650873841507
2017-10-24,1.6537550635396958,1.6414275205943842,1.6137709179297324,58.49684015970198,0.014809506156053587,0.015622829890979174,-0.0008133237349255869
2017-10-25,1.6383129921676658,1.6411308988394586,1.614733352213573,51.523803571217236,0.012768839440900459,0.015052031800963431,-0.0022831923600629724
2017-10-26,1.6415834448311766,1.6411739984577176,1.6157862970221064,52.80688775312895,0.01128540345841511,0.014298706132453768,-0.003013302674038657
2017-10-27,1.7058814225170578,1.6473366102728928,1.6193194391983792,69.7558253602048,0.015123742108521965,0.014463713327667408,0.0006600287808545564
2017-10-30,1.716850293991547,1.653956961103241,1.6231441786020329,71.62782519741766,0.01883364684251365,0.015337700030636657,0.0034959468118769942
2017-10-31,1.7267280631594941,1.6608875422514555,1.6272062917219334,73.23447576595049,0.022313609096588083,0.016732881843826944,0.005580727252761139
2017-11-01,1.7233393656674205,1.6668353349577378,1.630976216190384,71.73371746331232,0.024515465659852964,0.01828939860703215,0.0062260670528208155
2017-11-02,1.7123799595718383,1.671172918254319,1.6341685198524019,66.95494104945587,0.025086933812508594,0.01964890564812744,0.0054380281643811555
2017-11-03,1.738565810460295,1.6775912889406024,1.6382625312487897,71.7905611563304,0.02733767407349763,0.021186659333201477,0.006151014740296154
2017-11-06,1.7424597077188841,1.6837692335861532,1.6423486950319308,72.43648704641626,0.029100158400330756,0.022769359146627335,0.006330799253703421
2017-11-07,1.7422882851902517,1.6893424765960674,1.6462678946459828,72.35793771048752,0.03013572172077561,0.02424263166145699,0.00589309005931862
2017-11-08,1.7469110060748283,1.6948251936892829,1.6502146833294669,73.20186337216282,0.030972397535611318,0.025588584836287856,0.005383812699323462
2017-11-09,1.7324644917963383,1.6984098887470975,1.6534401660144422,66.38116699575639,0.03012252249042513,0.026495372367115314,0.0036271501233098163
2017-11-10,1.7387676517652573,1.7022534852250175,1.656786341926239,67.79129888460696,0.029616205543820495,0.027119539002456353,0.0024966665413641426
2017-11-13,1.7457993793675677,1.7064007132385937,1.6602770492768795,69.33650746659643,0.029442947396735697,0.02758422068131222,0.0018587267154234755
2017-11-14,1.740940484509593,1.7096902152644031,1.6634403212467899,66.94648583663005,0.028584067521924883,0.027784190049434755,0.0007998774724901278
2017-11-15,1.7286737758469166,1.7114981734151187,1.665998495936991,61.21010197858457,0.026606870717891917,0.02754872618312619,-0.0009418554652342731
2017-11-16,1.7482681233482087,1.7150000734087463,1.66922475583547,66.19322492798229,0.02631765455280788,0.02730251185706253,-0.0009848573042546514
2017-11-17,1.7407992280267781,1.7174571357533208,1.672031597882188,62.87742757338084,0.025195335086684256,0.026881076502986878,-0.0016857414163026219
2017-11-20,1.7427123356418457,1.7198623928855614,1.6748033915198217,63.383392320142086,0.024181511211160744,0.026341163444621653,-0.0021596522334609083
2017-11-21,1.7670535807972236,1.724356791734291,1.6784210460012885,69.14558286071464,0.025053383728929735,0.026083607501483273,-0.0010302237725535388
2017-11-22,1.7641723649034717,1.7281487510837368,1.681783842820982,67.78581115403176,0.025221125502279174,0.025911111101642455,-0.0006899855993632818
2017-11-24,1.778118731125493,1.7329077968019992,1.6855616815780217,70.7810790950815,0.02617765752472545,0.025964420386259058,0.00021323713846639267
2017-11-27,1.7830505099927398,1.7376832932963555,1.6893847728884028,71.78031460466582,0.02702217457417455,0.02617597122384216,0.0008462033503323918
2017-11-28,1.779662740504775,1.7416813358876335,1.692925085343947,70.00917185002808,0.02710563880391481,0.026361904739856692,0.0007437340640581193
2017-11-29,1.7291300575980484,1.7404859760505302,1.6943448881774412,50.136855588523595,0.022831037626064532,0.025655731317098262,-0.00282469369103373
2017-11-30,1.7522088018814839,1.741602435653478,1.6966140612638745,56.24544978839864,0.02106284778425005,0.02473715461052862,-0.003674306826278572
2017-12-01,1.737473834503358,1.7412092355439428,1.6982164053124817,51.875786299300366,0.018262042416091973,0.023442132171641292,-0.00518008975554932
2017-12-04,1.7056082021231074,1.7378186609324346,1.6985062796972121,43.927784679160155,0.01331757702419778,0.021417221142152592,-0.008099644117954812
2017-12-05,1.7077945922261148,1.734959225817547,1.6988705272473652,44.55546969002169,0.009466353753589285,0.019027047664439932,-0.009560693910850647
2017-12-06,1.7253386655680347,1.7340429819842602,1.699908493456019,49.44580571128735,0.007740662127213804,0.016769770556994707,-0.009029108429780903
2017-12-07,1.7324858759331123,1.7338946861698652,1.7011860378668855,51.32919182554915,0.006870559689777789,0.014789928383551323,-0.007919368693773535
2017-12-08,1.74004143604138,1.7344800909195333,1.7027097789717678,53.309468063039915,0.006713281268061477,0.013174598960453355,-0.006461317692391878
2017-12-11,1.7562545785161399,1.7365538516430197,1.7048095750323313,57.3222364119772,0.007806908898400522,0.012101060948042789,-0.004294152049642267
2017-12-12,1.7540354050361513,1.7382187614899847,1.7067399997383637,56.60513620924682,0.008397743956263692,0.011360397549686969,-0.0029626535934232767
2017-12-13,1.7547086757148085,1.7397892295113964,1.7086211242864597,56.781783382425054,0.008818656332587604,0.010852049306267096,-0.0020333929736794914
2017-12-14,1.75376996427091,1.7411207280599215,1.710391667030948,56.436831846339764,0.008973050514153424,0.010476249547844362,-0.0015031990336909374
2017-12-15,1.7832649952993989,1.7451344677970146,1.713249444610103,63.86495482149447,0.01134463759868809,0.010649927158013108,0.000694710440674982
2017-12-18,1.793046068581434,1.7496974773955307,1.7163787239815278,65.9390952065814,0.013853691586577677,0.011290680043726022,0.0025630115428516547
2017-12-19,1.7742218204090419,1.7520331291111033,1.7186470807041754,58.928559855979024,0.014159948371467834,0.011864533709274386,0.0022954146621934485
2017-12-20,1.771034841111587,1.7538428159682922,1.7207015026809367,57.8079813448275,0.013984294246197404,0.012288485816658989,0.0016958084295384153
2017-12-21,1.7673740844097277,1.7551315082008099,1.7225318000036345,56.47941585910203,0.013395282140538534,0.012509845081434897,0.0008854370591036363
2017-12-22,1.7634827910855126,1.7559268684755436,1.7241377212225317,55.03159428852076,0.012470736070178567,0.012502023279183632,-3.1287209005064626e-05
2017-12-26,1.7510630452516804,1.755463647216128,1.7251936162824983,50.57536720634192,0.010613511007566023,0.01212432082486011,-0.0015108098172940867
2017-12-27,1.7489237816543377,1.75484080287691,1.7261242110029626,49.82692956556371,0.008866814947810386,0.011472819649450166,-0.0026060047016397796
2017-12-28,1.7591438160123867,1.7552506136517174,1.7274190974739205,53.376639665290305,0.008212547955791294,0.010820765310718392,-0.0026082173549270976
2017-12-29,1.7432911669559363,1.7541116187283097,1.7280415315712547,47.73513984002435,0.006341756536392351,0.009924963555853185,-0.0035832070194608337
2018-01-02,1.7859442175421407,1.7571432948058174,1.7303122251387406,59.988627865385965,0.008206288587484956,0.00958122856217954,-0.001374939974694584
2018-01-03,1.8128301256039459,1.7624468025008775,1.7335482212354152,65.48217282047649,0.01171833014141943,0.010008648878027519,0.0017096812633919118
2018-01-04,1.8150677927275056,1.767458325379604,1.7367450671762816,65.90179287652452,0.014514890785937817,0.010909897259609579,0.0036049935263282387
2018-01-05,1.833503463084949,1.7737483384943986,1.740539514074661,69.2215593645244,0.01801116823353688,0.01233015145439504,0.005681016779141838
2018-01-08,1.8577579696199282,1.7817492557444492,1.7451363162529068,72.9525224612884,0.022479993897739137,0.01436011994306386,0.008119873954675276
2018-01-09,1.8491540148921275,1.7881687566156566,1.749215441689739,69.72369319912535,0.025038672956674057,0.016495830545785902,0.008542842410888155
2018-01-10,1.8481761930281224,1.7938837505597007,1.7530962554677147,69.34804156796625,0.026679992150942633,0.01853266286681725,0.008147329284125385
2018-01-11,1.8639078314399817,1.800552710643537,1.7574418074666271,71.96504148451754,0.02891682601234491,0.02060949549592278,0.008307330516422129
2018-01-12,1.8725262173257797,1.8074073303275602,1.7619549215787509,73.30947479385557,0.031027301262027684,0.022693056649143763,0.008334244612883922
2018-01-16,1.8668416262126963,1.8130677394594779,1.766068125682043,70.89451469469944,0.031873748377264643,0.02452919499476794,0.007344553382496705
2018-01-17,1.8798246195408925,1.8194255375624697,1.7705291646569,73.0759880441837,0.03320936597376245,0.026265229190566845,0.006944136783195606
2018-01-18,1.884345911142275,1.8256084302843558,1.7749925664798558,73.81210698390915,0.03423800853780956,0.02785978506001539,0.006378223477794171
2018-01-19,1.8925277439268526,1.8319816982503079,1.7796017891248361,75.13686590963431,0.03530643015869228,0.029349114079750768,0.005957316078941514
2018-01-22,1.9157337232228455,1.8399580815810257,1.784940296344366,78.4644314787296,0.03759234937634415,0.030997761139069446,0.006594588237274702
2018-01-23,1.9512555806405816,1.8505578433962215,1.7914624643559822,82.35690723989917,0.04178856132804065,0.03315592117686369,0.008632640151176964
2018-01-24,1.942133736429819,1.859279357018469,1.7973711416922111,78.4362569731164,0.04387230036935974,0.035299197015362896,0.008573103353996844
2018-01-25,1.9439744107676513,1.8673455526136291,1.8031202894990912,78.65705309884058,0.045151724632449985,0.037269702538780314,0.007882022093669672
2018-01-26,1.9709424397785993,1.8772119228198167,1.809701550294366,81.62556166193076,0.04779086875246841,0.03937393578151793,0.008416932970950475
2018-01-29,1.9735135027330508,1.8863835018591724,1.8161255484292165,81.88425679922636,0.0495190480137786,0.04140295822797007,0.00811608978580853
2018-01-30,1.9589391946845027,1.8932935678425373,1.8217260835764826,75.40350150082902,0.04914609211476395,0.04295158500532885,0.006194507109435102
2018-01-31,1.9706652633481743,1.900662300747836,1.8275668357243922,76.98199250332718,0.04922923365862375,0.04420711473598783,0.005022118922635918
2018-02-01,1.9480500464654797,1.9051754193876116,1.8322916675181604,67.92780630703265,0.04692929325181883,0.044751550439154034,0.002177742812664793
2018-02-02,1.9147654200143716,1.9060887527806365,1.8355259323219335,57.254530231956764,0.04193735500250351,0.04418871135182393,-0.0022513563493204228
2018-02-05,1.8321114518162103,1.899043295545929,1.8353920311256307,40.31444630056408,0.030954894751448636,0.041541948031748877,-0.01058705328030024
2018-02-06,1.8925736337540917,1.8984271372800399,1.8376344469149821,51.5964809559959,0.026820834769154533,0.03859772537923001,-0.011776890610075474
2018-02-07,1.875137795719212,1.8962091047504372,1.8391051664759321,48.73554756918348,0.02188535528429969,0.03525525136024395,-0.013369896075944257
2018-02-08,1.7876237894741143,1.8858676461526922,1.8370862889464492,37.497130988621066,0.010787946582490493,0.030361790404693258,-0.019573843822202765
2018-02-09,1.8221105140316773,1.8797955383316431,1.8364990036556739,43.06860568938569,0.00472153378557949,0.025233739080870503,-0.020512205295291012
2018-02-12,1.8528692873130763,1.877231133472732,1.8371409755638073,47.55860421449383,0.002368530929700352,0.020660697450636475,-0.018292166520936123
2018-02-13,1.8693530245152552,1.8764808373815438,1.8384041931697463,49.84162160622849,0.0018129603672369932,0.01689115003395658,-0.015078189666719588
2018-02-14,1.9072198462476768,1.8794083620354611,1.841102846231626,54.71851735959143,0.004377738892483274,0.014388467805661921,-0.010010728913178647
2018-02-15,1.9518429983165524,1.8863068988241365,1.84544559729378,59.69217025560902,0.00989697364120512,0.01349016897277056,-0.0035931953315654405
2018-02-16,1.9413037946433518,1.8915446984259665,1.849204742287881,58.06984569481693,0.013267640189592589,0.013445663216134968,-0.00017802302654237878
2018-02-20,1.945619800369765,1.8966947081348997,1.8529857249577588,58.566473657886355,0.01610157437873161,0.013976845448654296,0.002124728930077313
2018-02-21,1.9397190140476774,1.9007922610789738,1.8563870304122654,57.56264859029386,0.01766768146556852,0.01471501265203714,0.002952668813531378
2018-02-22,1.950242826113085,1.90550183870127,1.8600676498515132,58.9151524701966,0.019532853718700505,0.015678580865369815,0.0038542728533306897
2018-02-23,1.9869892983267012,1.9132625491417874,1.8650449693995599,63.31200118847095,0.02370291690023274,0.017283448072342403,0.006419468827890337
2018-02-26,2.0130465385998844,1.9227657862330347,1.870848952505455,66.08381638021466,0.028778581957126015,0.019582474849299127,0.009196107107826888
2018-02-27,1.9899026488407412,1.9291597731480543,1.8755177249107604,61.63006958148322,0.030581045346188773,0.021782188948677058,0.008798856397511715
2018-02-28,1.9722493496002949,1.933263542333982,1.8793111219574088,58.397140319096955,0.030236489425605084,0.023473049044062666,0.006763440381542418
2018-03-01,1.9358666640104456,1.933511458684121,1.8815289863516456,52.307130488510964,0.026719640330508998,0.02412236730135193,0.0025972730291570663
2018-03-02,1.961041534635255,1.9361333706794672,1.8846471255000226,55.746150075233714,0.025668028692392708,0.02443149957956009,0.0012365291128326183
2018-03-05,1.9786346292015426,1.9401811095863315,1.888332909958906,58.024083646128304,0.02595504103599522,0.024736207870847116,0.0012188331651481026
2018-03-06,1.9920390706815843,1.9451199630239746,1.8923998182225406,59.725126860051894,0.02695342448838245,0.025179651194354183,0.0017737732940282663
2018-03-07,1.9915782560272,1.949544562357615,1.8962891687246841,59.63565563142168,0.027391712069949836,0.025622063369473317,0.0017696487004765192
2018-03-08,1.9900245636621965,1.953399800577099,1.899965066565371,59.31302926370138,0.02729900224211823,0.025957451144002303,0.0013415510981159284
2018-03-09,2.0299771843844456,1.9606928847492273,1.9050635809896486,64.61436997898099,0.030102370243830334,0.02678643496396791,0.003315935279862424
2018-03-12,2.0522375321323474,1.9694114225952388,1.9108351084854407,67.18025350342654,0.03373144846729659,0.028175437664633648,0.00555601080266294
2018-03-13,2.025505235333269,1.9747536904750513,1.9153319762049634,61.42039731207992,0.03405784848783755,0.02935191982927443,0.004705928658563119
2018-03-14,2.01902884572166,1.9789703719271092,1.9193985201075792,60.07653051986434,0.033408816301433886,0.030163299123706324,0.0032455171777275617
2018-03-15,2.024894603238488,1.9833441082424788,1.9235356214068304,60.91074329226773,0.03298751172594816,0.030728141644154692,0.002259370081793468
2018-03-16,2.0094901662388365,1.9858342090040366,1.9269063878708306,57.51203639826604,0.031052659756852563,0.030793045266694265,0.00025961449015829766
2018-03-19,1.9543854388665505,1.9828390880385616,1.9279839977138,47.336763120202214,0.0247870549222291,0.02959184719780123,-0.00480479227557213
2018-03-20,1.9632481017244876,1.9809732798181736,1.929366903753435,48.90259886381499,0.020302624753602005,0.027734002708961387,-0.007431377955359381
2018-03-21,1.9648545911165156,1.979438166608492,1.9307585777676732,49.197463282120296,0.01668596637066755,0.02552439544130262,-0.008838429070635073
2018-03-22,1.9176669308741248,1.9735551917766474,1.9302451798502793,41.60320134688646,0.009897990850506133,0.022399114523143325,-0.012501123672637192
2018-03-23,1.8722040630649737,1.9639027033279164,1.9279690576234048,35.859861249278836,0.0008403112775643429,0.018087353874027528,-0.017247042596463185
2018-03-26,1.9422465160621516,1.9618402093026055,1.928528957954336,47.81316476968621,-0.0006783053712910991,0.014334222024963802,-0.015012527396254902
2018-03-27,1.8529955713084085,1.9514740533031583,1.925566864360378,38.07576772100317,-0.008980108248940688,0.009671355970182904,-0.018651464219123594
2018-03-28,1.8111309270872853,1.9381080412825988,1.921079180545747,34.52406520724081,-0.018721662085263047,0.0039927523590937136,-0.022714414444356762
2018-03-29,1.856410613436739,1.9303273338687075,1.918543158306178,40.940827615497966,-0.022528526583448283,-0.0013115034294146856,-0.021217023154033596
2018-04-02,1.7911255371675847,1.917070019897172,1.9135463888497626,35.53366485135162,-0.030462303695139026,-0.007141663482559553,-0.02332064021257947
2018-04-03,1.8232323438116782,1.9081330983652203,1.9100046615933672,39.74820953184306,-0.033769850432745496,-0.012467300872596742,-0.021302549560148754
2018-04-04,1.8556662343543606,1.9031362541737098,1.9078737428781123,43.74890314999152,-0.03338907270031122,-0.016651655238139638,-0.01673741746217158
2018-04-05,1.879658833327459,1.9009003093312098,1.9067672758369103,46.57491197896018,-0.03079630079584561,-0.019480584349680835,-0.011315716446164775
2018-04-06,1.8362946772945228,1.8947473919943825,1.9040036445215227,42.42618559431972,-0.03187322071610432,-0.021959111622965533,-0.00991410909313879
2018-04-09,1.842947558851099,1.889814074552165,1.9016092882207218,43.26122369587169,-0.03182301960961609,-0.023931893220295646,-0.007891126389320442
2018-04-10,1.8944235535055123,1.890253072547722,1.9013274947024783,49.37897555258716,-0.02731468561233319,-0.024608451698703158,-0.0027062339136300316
2018-04-11,1.8910389459188641,1.890327917630688,1.90092402220116,49.00483132344745,-0.023741233819523977,-0.02443500812286732,0.0006937743033433447
2018-04-12,1.90848527465884,1.8920571897286071,1.9012205419053827,51.06315356148701,-0.019279235577301934,-0.023403853613754244,0.00412461803645231
2018-04-13,1.9154048967635584,1.894280780874793,1.9017767911155075,51.89254533222034,-0.01501166897373385,-0.021725416685750166,0.0067137477120163165
2018-04-16,1.9219216481430892,1.8969132444241545,1.902566785508746,52.70550277991354,-0.010977205923867972,-0.019575774533373728,0.008598568609505756
2018-04-17,1.9709196873821653,1.9039614770868223,1.9052472914645664,58.397989037951724,-0.003782529966310122,-0.016417125619961007,0.012634595653650885
2018-04-18,1.9718036453619052,1.9104226359701635,1.9078573445585798,58.49504649592033,0.0019679453374683575,-0.012740111428475134,0.014708056765943492
2018-04-19,1.9645075480329945,1.9155735799761473,1.9100789211654197,57.30664482932143,0.00586885189581543,-0.009018318763617023,0.014887170659432453
2018-04-20,1.9303633525204593,1.9169821297422722,1.9108743890616957,51.98402982409623,0.006134482726616319,-0.005987758465570355,0.012122241192186675
2018-04-23,1.9109682012037106,1.9164093746433617,1.9108780679692257,49.18922780953527,0.0047254978568012085,-0.003845107201096043,0.008570605057897251
2018-04-24,1.8661762942921647,1.9116252717527715,1.909125057236792,43.38774220906632,-5.40306670204771e-06,-0.003077166374217244,0.0030717633075151964
2018-04-25,1.8609340683686237,1.9067975380971383,1.9072352145360796,42.752222857603584,-0.004130071065436169,-0.0032877473124610294,-0.00084232375297514
2018-04-26,1.9113599590709973,1.907232054380363,1.9073969692237234,50.294292160555436,-0.003292004044705754,-0.0032885986589099745,-3.405385795779599e-06
2018-04-27,1.9249943315776343,1.9089236998277221,1.9080870618650532,52.130643354434525,-0.0015102408621832097,-0.002932927099564622,0.001422686237381412
2018-04-30,1.915788372379236,1.9095774781659616,1.90838907404208,50.76685091789104,-0.0008314403462650333,-0.0025126297489047045,0.0016811894026396712
2018-05-01,1.938042726514553,1.9122884541991607,1.9095519623743338,53.906123717461,0.0014851346367874552,-0.0017130768717662727,0.003198211508553728
2018-05-02,1.937979313932305,1.9147352027451745,1.9106667604746463,53.895578156072595,0.0032781318717998165,-0.0007148351230530549,0.003992966994852872
2018-05-03,1.9275729196954257,1.9159578424547221,1.9113297471107553,52.09449825635081,0.0038154044458984515,0.00019121279073724647,0.003624191655161205
2018-05-04,1.969400638448627,1.9210476325493797,1.9136070369671425,58.14846247475848,0.007529548221348881,0.0016588798768595733,0.005870668344489308
2018-05-07,1.998552389327554,1.928429037956825,1.916938227255786,61.77419867747334,0.012679178905034227,0.0038629396824945046,0.008816239222539723
2018-05-08,2.0037455892796943,1.9356020428447174,1.9203424375312332,62.39913774270711,0.01698357013310603,0.006487065772616809,0.01049650436048922
2018-05-09,2.0299887293944074,1.944591251087545,1.9246422921141029,65.471186917432,0.0222558813308249,0.009640828884258427,0.012615052446566473
2018-05-10,2.0477761385989774,1.954418383231491,1.9294710704076272,67.4144727815041,0.02755191982591687,0.013223047072590116,0.014328872753326755
2018-05-11,2.0381948873385403,1.9623970979083527,1.933734749502957,65.28314461766473,0.030622939402994875,0.01670302553867107,0.013919913864323806
2018-05-14,2.0355304721432206,1.9693621811688165,1.9377267386261048,64.67083650198481,0.03246748356429263,0.019855917143795383,0.01261156642049725
2018-05-15,2.0046579862963494,1.9727236864190578,1.9403514934367028,57.89497944144748,0.031079877029783542,0.022100709120993014,0.008979167908790529
2018-05-16,2.012783818549459,1.9765389370981437,1.9431919767744579,59.10937573757798,0.030286748818894482,0.02373791706057331,0.006548831758321171
2018-05-17,2.007111835317594,1.9794506416904722,1.9456986378937966,57.855023826036955,0.028867738038945046,0.02476388125624766,0.0041038567826973855
2018-05-18,1.9914179225392077,1.9805903827236853,1.947491551017146,54.414246090246735,0.026175064322601083,0.025046117869518346,0.0011289464530827367
2018-05-21,2.013519904090307,1.9837265276157445,1.9500808981964857,58.18582928069114,0.02553024937714765,0.025142944171044207,0.0003873052061034443
2018-05-22,2.0006967046791724,1.9853427349551187,1.952065831784042,55.32578973013563,0.023711176183358162,0.024856590573506997,-0.0011454143901488342
2018-05-23,2.028179171402334,1.9894223955691392,1.9550506686318183,59.877614690511066,0.024208097081429347,0.02472689187509147,-0.0005187947936621216
2018-05-24,2.0314356964486127,1.9934236623195651,1.9580461599187515,60.392592459434674,0.024581326596927244,0.024697778819458626,-0.00011645222253138174
2018-05-25,2.0396196095570414,1.997823276342182,1.9612451187280961,61.72224884080314,0.025246461575303636,0.02480751537062763,0.0004389462046760044
2018-05-29,2.0365732323036996,2.001513748338517,1.9641991623977277,60.90264028447113,0.025236853910514112,0.02489338307860493,0.0003434708319091824
2018-05-30,2.0578209314347276,2.006876337204823,1.9678706043207475,64.44860415995358,0.026636700213105158,0.025242046505504975,0.0013946537076001825
2018-05-31,2.060358533559351,2.011969879714778,1.9714975819379477,64.85852795724489,0.027632323551708193,0.025720101914745618,0.001912221636962575
2018-06-01,2.095360690697281,2.0199118617131115,1.9763549587520393,69.99733460282783,0.030889666924275083,0.02675401491665151,0.004135652007623572
2018-06-04,2.1182847927683865,2.0292807122898044,1.9819208345958177,72.8024709958759,0.03491840087797815,0.02838689210891684,0.0065315087690613095
2018-06-05,2.122617383110725,2.038169919034654,1.9874383463022847,73.31036921170622,0.03802250561684373,0.03031401481050222,0.007708490806341506
2018-06-06,2.1463908592080143,2.048476675241641,1.9936717781809408,75.96289240491323,0.04191765123349578,0.032634742095100935,0.009282909138394843
2018-06-07,2.1343682360571186,2.056656823890734,1.999189286332948,72.06242437318687,0.043532639813040674,0.03481432163868889,0.008718318174351786
2018-06-08,2.129973519726376,2.0636393663512713,2.004318079799357,70.63468305718949,0.04395127013458433,0.03664171133786798,0.007309558796716353
2018-06-11,2.1451621015923488,2.071403436374231,2.0098413747716313,72.65140810041993,0.044990012442656546,0.03831137155882569,0.006678640883830855
2018-06-12,2.1612589213721582,2.079961101612129,2.0157793177755736,74.63924910843693,0.04657521198335157,0.03996413964373087,0.006611072339620702
2018-06-13,2.1701929169041327,2.088554607830415,2.021834753035517,75.69516583546175,0.04799908919318874,0.041571129553622445,0.006427959639566293
2018-06-14,2.206284758306041,2.0997670031138083,2.029068086575538,79.42257146144881,0.05144678558973004,0.04354626076084396,0.007900524828886077
2018-06-15,2.2012011708822063,2.1094274000441318,2.035818403607172,77.61699144795153,0.053156155728825816,0.04546823975444033,0.0076879159743854855
2018-06-18,2.2119794301455027,2.1191942600537863,2.0427266791576946,78.72151869937147,0.05474944183910546,0.047324480171373355,0.0074249616677321065
2018-06-19,2.2026119414242817,2.1271388011366907,2.048996689442659,75.24614533683831,0.05462655360200186,0.04878489485749906,0.005841658744502799
2018-06-20,2.228721971428786,2.136813388783557,2.056044739716625,78.14265090800446,0.055990600213154273,0.050226035928630106,0.005764564284524168
2018-06-21,2.206654708256753,2.1434649430190995,2.0619510129927083,70.62134421610591,0.05466087670431463,0.05111300408376701,0.0035478726205476208
2018-06-22,2.187636565146009,2.147671764174043,2.0668798581751906,64.82992506894647,0.051479037733235256,0.05118621081366066,0.00029282691957459306
2018-06-25,2.1314789353015313,2.1461295899957085,2.0694131553174,51.42048781462381,0.04391967732404689,0.049732904115737914,-0.005813226791691023
2018-06-26,2.1549936119430724,2.146973782562124,2.0727692516556617,55.56501502163323,0.03937240702245148,0.04766080469708063,-0.008288397674629147
2018-06-27,2.1283051351538553,2.1451958161422886,2.074947129439905,50.31797408370568,0.03323204716169181,0.04477505319000287,-0.011543006028311056
2018-06-28,2.147275064781132,2.1453938398221784,2.07778351906113,53.66708302634038,0.02955578186029051,0.041731198924060395,-0.012175417063769886
2018-06-29,2.1332572150180904,2.1442379707932178,2.0799589581182656,50.934684974908954,0.02522046596658223,0.038429052332564766,-0.013208586365982537
2018-07-02,2.148260429676883,2.1446210621154718,2.0826374471989957,53.65445140401873,0.022733275869174285,0.03528989703988667,-0.012556621170712386
2018-07-03,2.10228218378573,2.1405887879888295,2.0834078290259264,45.35684849607677,0.01685777368907182,0.031603472369723704,-0.014745698680651884
2018-07-05,2.1328797818066345,2.1398545969238585,2.085347905605562,50.80882193766211,0.014503182664288072,0.028183414428636578,-0.013680231764348506
2018-07-06,2.15952461089084,2.1417279315873805,2.0882567960089067,55.017731849356664,0.014618652612678584,0.025470462065444982,-0.010851809452766398
2018-07-09,2.1866725448510165,2.146008370945822,2.0921162371399697,58.878387540433025,0.016708173342711685,0.023718004320898323,-0.0070098309781866375
2018-07-10,2.1942285783217104,2.150600771648288,2.0961206426765084,59.909724389930005,0.0187576162047276,0.02272592669766418,-0.00396831049293658
2018-07-11,2.1795538635244944,2.1533582089698315,2.0993925336901547,56.92376108383184,0.018978910529267257,0.021976523463984796,-0.0029976129347175397
2018-07-12,2.175611964737644,2.1554776142810517,2.102381530986135,56.11469456183239,0.018621551928411417,0.02130552915687012,-0.002683977228458704
2018-07-13,2.166810230999847,2.156556911111413,2.1049081466729476,54.26022514209914,0.017427226094771875,0.020529868544450474,-0.003102642449678599
2018-07-16,2.159662904839722,2.156852720037919,2.1070553920912523,52.73613235952399,0.015722742786756783,0.019568443392911736,-0.003845700606154953
2018-07-17,2.1785703417538578,2.158921064963246,2.109859899921158,56.238007406286215,0.015716430401413906,0.018798040794612173,-0.0030816103931982676
2018-07-18,2.1719036733048087,2.160157503852919,2.1122929890734583,54.699100139647115,0.015000566173070773,0.018038545870303895,-0.0030379796972331216
2018-07-19,2.1605808509145725,2.1601978226206953,2.1141866307142863,52.09184926224228,0.013365512171893634,0.017103939130621842,-0.0037384269587282075
2018-07-20,2.159494222468833,2.160130813082423,2.115963399018386,51.8364913631639,0.011845490817215865,0.016052249467940646,-0.004206758650724781
2018-07-23,2.164360226055785,2.160533614317981,2.1178613138041666,52.948802388170556,0.010907770773424641,0.015023353729037446,-0.0041155829556128055
2018-07-24,2.1733148299160363,2.1617508729463673,2.1200359614948283,55.0080182926442,0.010763112120862672,0.014171305407402492,-0.00340819328653982
2018-07-25,2.216923862079667,2.167005443340015,2.1238354870079594,63.407272678105485,0.014005902213864552,0.014138224768694906,-0.00013232255483035422
2018-07-26,2.166355405356633,2.1669435349606454,2.125502934786339,51.41988281964554,0.01235298733772483,0.013781177282500891,-0.001428189944776061
2018-07-27,2.1349707737935644,2.16389851008759,2.125874222590544,45.651399152519495,0.008413576442980908,0.012707657114596895,-0.004294080671615987
2018-07-30,2.0957378227735806,2.1574070160576846,2.1246924029898784,39.66151396974472,0.0021015680943023973,0.010586439310537996,-0.008484871216235599
2018-07-31,2.1031168318295075,2.152236522321668,2.12384630216006,41.223579642191034,-0.002279048186887511,0.008013341811052893,-0.010292389997940405
2018-08-01,2.115727221644525,2.148759446066702,2.1235279068457253,43.896640809854325,-0.004679225878509108,0.005474828273140494,-0.010154054151649602
2018-08-02,2.181156110983073,2.1518448427254038,2.125787836419739,55.26460632063279,-0.0012869838847842097,0.004122465841555553,-0.005409449726339763
2018-08-03,2.1845591510616384,2.1549604911383784,2.1280925938566764,55.76663217945571,0.0016568896366209174,0.003629350600568626,-0.0019724609639477086
2018-08-06,2.201036170423524,2.1593486510702973,2.1309531262710624,58.21188557636769,0.005258867420018909,0.003955253964458683,0.0013036134555602262
2018-08-07,2.2350795353598363,2.1665611162407297,2.135036514862779,62.78892443037561,0.010736709696290259,0.005311545110824998,0.005425164585465261
2018-08-08,2.23503006319965,2.1730819683320557,2.138957830483833,62.77816340867498,0.014902164302285303,0.007229668949117059,0.007672495353168244
2018-08-09,2.2159998604768294,2.177169386631558,2.1419790865619897,58.61658393785977,0.016477793029351595,0.009079293765163967,0.007398499264187628
2018-08-10,2.2029456817071384,2.1796242718768513,2.144369933430427,55.88007187536099,0.0164831198734392,0.010560058986819014,0.005923060886620186
2018-08-13,2.19986242885445,2.1815517153985273,2.1465461097215655,55.2243021424811,0.016053494012342018,0.011658745991923616,0.004394748020418402
2018-08-14,2.204413994213371,2.1837290752856555,2.1488154385251654,56.04436157607074,0.015897034588407077,0.01250640371122031,0.003390630877186768
2018-08-15,2.17522888242363,2.1829195331083198,2.149851259854517,49.752191640047215,0.013265132565476456,0.01265814948207154,0.0006069830834049168
2018-08-16,2.169149469985249,2.18160809852517,2.1506080524086633,48.52993293755422,0.01056696409014135,0.012239912403685502,-0.0016729483135441512
2018-08-17,2.1395085593762473,2.177598618606225,2.150172778172098,42.98515637910285,0.005968076101167785,0.01098554514318196,-0.005017469042014175
2018-08-20,2.1459286315711794,2.174582429364792,2.150006341050493,44.46519372263775,0.00280908897890475,0.00935025391032652,-0.00654116493142177
2018-08-21,2.169747231580099,2.1741219343376788,2.1507804936202817,49.68378956083155,0.0022021459182548497,0.007920632311912186,-0.005718486393657336
2018-08-22,2.186156210869828,2.175268055912169,2.1521677766496756,52.96306175086638,0.0030105034531855424,0.006938606540166857,-0.003928103086981315
2018-08-23,2.1835420532145267,2.1760560556552506,2.1533981404365328,52.37739798875347,0.0034009874815179586,0.006231082728437078,-0.002830095246919119
2018-08-24,2.215423690944887,2.1798053542542637,2.155830514966272,58.41671218155697,0.006211429117744416,0.0062271520062985464,-1.572288855413058e-05
2018-08-27,2.23647920364698,2.1852028637202365,2.1589932086400254,61.857032373886724,0.010022198602501753,0.006986161325539188,0.003036037276962565
2018-08-28,2.2345953862458128,2.189906913484577,2.1619579999186835,61.367841267017226,0.012743355088729036,0.008137600078177157,0.004605755010551878
2018-08-29,2.2507652031719623,2.1957029410738516,2.1654406353403806,63.999609646004515,0.016019991804653966,0.00971407842347252,0.006305913381181446
2018-08-30,2.2563850583040885,2.2014821903338744,2.169007083299742,64.89471849115166,0.018852900845566456,0.011541842907891307,0.007311057937675149
2018-08-31,2.258365493407166,2.206899647769426,2.1725113346765035,65.22287610099373,0.02101555203005301,0.013436584732323648,0.007578967297729361
2018-09-04,2.243543137886872,2.2103895039710872,2.175296895586714,60.6530080776005,0.0212880332638008,0.015006874438619078,0.00628115882518172
2018-09-05,2.2017575808448613,2.2095674160543037,2.176334569518406,50.014246096753766,0.017925596252545084,0.01559061880140428,0.0023349774511408038
2018-09-06,2.1803229314732158,2.206782227046581,2.1764909758695747,45.5960884647904,0.013377041422027336,0.015147903325528891,-0.0017708619035015551
2018-09-07,2.184449637216543,2.2046553137294347,2.1768030802361222,46.574602466431394,0.009990109845767758,0.014116344629576665,-0.004126234783808906
2018-09-10,2.213183546736715,2.2054675263967947,2.17822976519693,52.923740483077886,0.009514847292235284,0.01319604516210839,-0.0036811978698731047
2018-09-11,2.225269807694494,2.2073534579489564,2.180074472745854,55.32854108587705,0.00999820545584651,0.012556477220856014,-0.0025582717650095045
2018-09-12,2.224737206028221,2.209009053004124,2.1818259524824173,55.1947367990165,0.010220478465857497,0.012089277469856313,-0.001868799003998816
2018-09-13,2.238582141143311,2.2118255375888087,2.18405168537108,58.03575067486469,0.011382590565892414,0.011947940089063535,-0.0005653495231711207
2018-09-14,2.2371485151867767,2.214237249740996,2.1861339139913034,57.62826766927109,0.012048997797980743,0.011968151630846979,8.084616713376416e-05
2018-09-17,2.2002033834046415,2.2129006910422957,2.186685657889866,48.230192076055914,0.009486611210324458,0.011471843546742477,-0.0019852323364180184
2018-09-18,2.2171315867394923,2.2133036334896476,2.187879615883969,52.08590744882586,0.008721331828355883,0.010921741203065159,-0.002200409374709276
2018-09-19,2.2305537126866337,2.214946498175075,2.1895531098762304,54.950814167398875,0.009093076469852246,0.010556008256422576,-0.0014629317865703304
2018-09-20,2.2421906954265522,2.2175411836275964,2.1916173289174194,57.33283091799768,0.010209010906461202,0.010486608786430303,-0.0002775978799691003
2018-09-21,2.229270743402818,2.21865828455857,2.1930939334070434,53.92370691518917,0.009936325065370344,0.010376552042218313,-0.000440226976847969
2018-09-24,2.2477347796076916,2.221427474563248,2.195236711689422,57.786823958053105,0.01108236240774918,0.010517714115324487,0.000564648292424693
2018-09-25,2.256598929703856,2.224777136957592,2.1976430731801844,59.5406030228875,0.012561071872751572,0.010926385666809904,0.001634686205941668
2018-09-26,2.2659110568793555,2.228694653140617,2.200320249011525,61.35693368065897,0.014319306563060685,0.011604969846060062,0.0027143367170006233
2018-09-27,2.2826094132118486,2.23382939219502,2.2035472750585963,64.43976419662647,0.01686572049722823,0.012657119976293697,0.004208600520934535
2018-09-28,2.2532923069182003,2.235683003121037,2.2054980606217183,55.9937858852056,0.016329885664421617,0.013391673113919282,0.0029382125505023355
2018-10-01,2.3073988105437717,2.2425130800184405,2.209494168461799,65.08830942567373,0.020040164809254968,0.01472137145298642,0.005318793356268548
2018-10-02,2.2884267149362194,2.2468858071534674,2.212589562441188,60.37653343081686,0.02120525719837385,0.01601814860206391,0.005187108596309942
2018-10-03,2.287871432065342,2.2507892000022176,2.2155417926225276,60.239083774902156,0.021832127448600858,0.0171809443713713,0.004651183077229559
2018-10-04,2.2357227363380456,2.249354298700868,2.2163332021799986,48.965129945943076,0.01791445602026398,0.017327646701149835,0.0005868093191141455
2018-10-05,2.1777359341380285,2.2425335020758355,2.214819583825412,40.00047741916209,0.010015174172758545,0.015865152195471577,-0.005849978022713032
2018-10-08,2.157876823915129,2.2344709612986255,2.2125865344171656,37.4703106179855,0.0021279425744791247,0.013117710271273087,-0.010989767696793962
2018-10-09,2.1808279060877207,2.229362098897587,2.2113410980120896,42.03370093280369,-0.0022449068813394923,0.010045186840750573,-0.012290093722090065
2018-10-10,2.072354429639207,2.214408987539646,2.2058906404288394,30.648978933625386,-0.014298500366761058,0.005176449399248247,-0.019474949766009303
2018-10-11,2.0506250637470638,2.1988105186070195,2.1998017942844563,28.95703094779168,-0.02531264980267034,-0.0009213704411354705,-0.02439127936153487
2018-10-12,2.1148552854074447,2.190814782111822,2.1964705586422206,39.57548353299424,-0.02852972754960348,-0.006443041862829073,-0.022086685686774406
2018-10-15,2.083915477674042,2.1806338959748905,2.1920566338983702,36.72776231473259,-0.03319323776824534,-0.011793081043912327,-0.021400156724333014
2018-10-16,2.1543941919589025,2.1781348765447968,2.19057967539094,46.22090069118038,-0.030846480956500777,-0.015603761026430019,-0.015242719930070758
2018-10-17,2.1590525240048053,2.176317509636226,2.1893433165130523,46.789169484463144,-0.028284722140713647,-0.018139953249286744,-0.010144768891426903
2018-10-18,2.102445014240763,2.1692820338842775,2.1859355399533547,41.105043597680975,-0.030471011914186885,-0.020606164982266775,-0.00986484693192011
2018-10-19,2.0858944398970034,2.161340358266442,2.182012359558988,39.59066369932234,-0.033156942745165896,-0.0231163205348466,-0.010040622210319296
2018-10-22,2.094597921512655,2.154983935718462,2.1785843423807005,40.825303832553644,-0.0341891527802094,-0.02533088698391916,-0.00885826579629024
2018-10-23,2.1112256696248877,2.150816481804788,2.1759428258020415,43.21316511034584,-0.03328181432258415,-0.026921072451652157,-0.006360741870931989
2018-10-24,1.9991452664952158,2.136371604156257,2.169009588182166,33.42283610880082,-0.04113254353766571,-0.029763366668854867,-0.011369176868810844
2018-10-25,2.0845022116232883,2.13143166201026,2.1656955734151513,43.85523816183279,-0.04000555178954812,-0.03181180369299352,-0.008193748096554598
2018-10-26,2.027118900352191,2.1214971132809204,2.160261194079349,39.38693494888468,-0.04324426340692744,-0.034098295635780304,-0.009145967771147137
2018-10-29,1.972546044402918,2.107311297197301,2.1528998156606654,35.665229910114235,-0.04964229362838424,-0.037207095234301095,-0.012435198394083143
2018-10-30,2.0107421593220645,2.0981142364472785,2.147325005608171,39.94266119442449,-0.05104228769861496,-0.039974133727163866,-0.011068153971451097
2018-10-31,2.0727584280758635,2.0956993975547626,2.1444008260971,46.19743223203862,-0.04661030391916343,-0.04130136776556378,-0.005308936153599654
2018-11-01,2.1109972414540312,2.097156335068979,2.1430908816012932,49.67752470863093,-0.03955639072937833,-0.04095237235832669,0.0013959816289483562
2018-11-02,2.077569394246349,2.0952909121334904,2.1405214115089426,46.826084243128044,-0.03624564438096467,-0.040011026762854285,0.003765382381889615
2018-11-05,2.065687732232301,2.0924715616667102,2.1375867574196628,45.81936834406128,-0.034186523905339605,-0.03884612619135135,0.004659602286011748
2018-11-06,2.0804277362473593,2.0913245306743913,2.1353452271776114,47.3321280473816,-0.03100782208528363,-0.03727846537013781,0.006270643284854181
2018-11-07,2.1459182443870133,2.0965239319803555,2.1357598553034705,53.53908941562193,-0.02293970665289935,-0.03441071362669012,0.011471006973790769
2018-11-08,2.129139164169292,2.099630144569778,2.135500220357032,51.85299612434508,-0.017695614560531592,-0.031067693813458416,0.013372079252926824
2018-11-09,2.0955911125509625,2.0992454748537,2.133935157305814,48.560128424091026,-0.01606153382454867,-0.028066461815676468,0.0120049279911278
2018-11-12,2.0095450111150095,2.0907025735452534,2.129057112357155,41.3134289973494,-0.021462310184984457,-0.02674563148953807,0.005283321304553612
2018-11-13,2.02346133980157,2.0842986465220457,2.124916101668701,42.80016333925556,-0.02433896846178296,-0.02626429888398705,0.001925330422204087
2018-11-14,2.0113349291056006,2.0773497210538125,2.1204619380387753,41.80629557733655,-0.0272827423984201,-0.02646798758687366,-0.000814754811546442
2018-11-15,2.0422669062283947,2.074008500594249,2.1173954662030745,45.29580140667798,-0.026810695399968054,-0.02653652914949254,-0.00027416625047551463
2018-11-16,2.000987706288147,2.0670541392317627,2.1128304560103324,41.702007554965576,-0.029428250648266374,-0.02711487344924731,-0.0023133771990190635
2018-11-19,1.9124793372817244,2.0523327295222353,2.104973549393524,35.24501025805968,-0.038204173790342466,-0.029332733517466344,-0.008871440272876122
2018-11-20,1.88866276855811,2.0367451141923185,2.096490773674488,33.73148844199554,-0.046544419070031484,-0.03277507062797937,-0.013769348442052111
2018-11-21,1.8867629953856218,2.022461102877395,2.0882661549180623,33.60751328570508,-0.05269992740183782,-0.03676004198275107,-0.015939885419086752
2018-11-23,1.8656420467921258,2.0075259546787976,2.079535797736653,32.19097085951759,-0.0586069121376136,-0.04112941601372358,-0.01747749612389002
2018-11-26,1.9230916797418314,1.9994845951609912,2.073400734285876,39.643073776049945,-0.05798412989030921,-0.04450035878904071,-0.013483771101268499
2018-11-27,1.9283500275951235,1.9927098744404323,2.0677124712783956,40.289897399007025,-0.05641593793172728,-0.04688347461757803,-0.009532463314149246
2018-11-28,1.9920221319859763,1.9926443751590557,2.064744222678693,47.61110276856673,-0.049465124646026926,-0.047399804623267816,-0.0020653200227591095
2018-11-29,1.9899649420151215,1.9923891910501097,2.061811701868357,47.408845550189504,-0.04361973195950952,-0.04664379009051616,0.003024058131006639
2018-11-30,2.010554660466523,1.9941192357564348,2.0598016218133828,49.711481718586356,-0.036900432719425114,-0.04469511861629795,0.0077946858968728355
2018-12-03,2.051733539829457,1.9996063123348178,2.0594852264414643,54.0451235937402,-0.02793058188163844,-0.04134221126936605,0.013411629387727608
2018-12-04,1.9705831466781476,1.9968422013198968,2.0559988703723144,45.689133943784604,-0.027058159375424218,-0.038485400890577684,0.011427241515153466
2018-12-06,1.9891750719898635,1.99611199852656,2.053378329259277,47.68479920155851,-0.024583165827166242,-0.0357049538778954,0.011121788050729157
2018-12-07,1.9223159648807873,1.9890838048460102,2.048238628695415,41.74434670836655,-0.02769740830572598,-0.03410344476346151,0.006406036457735534
2018-12-10,1.95728243865135,1.9860551033036618,2.044671719281922,45.56381738285993,-0.027032353555883404,-0.03268922652194589,0.005656872966062487
2018-12-11,1.9626762121048638,1.9838285422371096,2.0414562091965474,46.15032510682555,-0.025772965729305986,-0.03130597436341791,0.005533008634111922
2018-12-12,1.9876351143788953,1.9841910729172798,2.039345578027228,48.89425649080092,-0.022501533310790744,-0.029545086152892478,0.007043552842101734
2018-12-13,1.9983319649204438,1.9855378245366289,2.037737201042648,50.068557422438076,-0.018828707488858232,-0.02740181042008563,0.0085731029312274
2018-12-14,1.9366698923443502,1.9808837357564117,2.0337737771721267,43.818121297645696,-0.02065547700778647,-0.0260525437376258,0.00539706672983933
2018-12-17,1.889560112048137,1.9721862477841952,2.028118339324127,39.73667223374151,-0.025609361788322405,-0.025963907347765124,0.0003545455594427191
2018-12-18,1.9091932400429774,1.966186913713603,2.023454609940553,42.15486313676451,-0.027632590516637245,-0.02629764398153955,-0.0013349465350976954
2018-12-19,1.8583837491189021,1.955919945656965,2.0169812428495075,37.914677518436,-0.03295601867644948,-0.02762931892052154,-0.0053266997559279425
2018-12-20,1.8194430556540409,1.9429221466090674,2.0092346472732148,35.00830183782671,-0.03985760866579047,-0.030074976869575325,-0.009782631796215142
2018-12-21,1.7638706320803323,1.9258696214158546,1.9996125290303566,31.31863198819876,-0.049243747333794774,-0.03390873096241921,-0.015335016371375562
2018-12-24,1.7073259551337436,1.9050559389127966,1.9881503104461757,28.076193386906226,-0.06054706385479336,-0.039236397540894044,-0.021310666313899315
2018-12-26,1.8305350316386715,1.8979587096485941,1.9819693191203913,42.134274336692485,-0.05888429931267769,-0.04316597789525077,-0.01571832141742692
2018-12-27,1.8280518761622773,1.8913009159832306,1.9759333409651711,41.95628405688567,-0.057108603891043996,-0.04595450309440942,-0.011154100796634578
2018-12-28,1.8428419456696212,1.886685775953363,1.9707140705614241,43.48756807480376,-0.05388674462403786,-0.04754095140033511,-0.006345793223702753
2018-12-31,1.8561140036797252,1.883774178593969,1.9662199502915536,44.892527474155855,-0.04968966228442051,-0.047970693577152196,-0.0017189687072683146
2019-01-02,1.8598484027295246,1.8814955332735457,1.962048517053827,45.304566151841605,-0.04553718517351779,-0.04748399189642531,0.0019468067229075209
2019-01-03,1.784119000082262,1.8722215777315188,1.9550708889372952,38.9452492161459,-0.047805969583577745,-0.047548387433855796,-0.00025758214972194937
2019-01-04,1.8725329682820142,1.872251233974423,1.9518341077351273,48.1041285704952,-0.04198574372841857,-0.04643585869276835,0.004450114964349786
2019-01-07,1.9143285325444932,1.8762585957430014,1.9503633008649064,51.78616866143584,-0.033613148616077115,-0.04387131667743011,0.010258168061352997
2019-01-08,1.9287868128329537,1.8812612830849016,1.9495171640793398,53.02773056349402,-0.02551700018748715,-0.040200453379441524,0.014683453191954375
2019-01-09,1.9518165783975367,1.8879808350194383,1.9496073371898575,55.01484778954036,-0.017045939633582474,-0.03556955063026972,0.018523610996687243
2019-01-10,1.9637240164287721,1.8951944713441369,1.9501609324541287,56.050116689047805,-0.009264932010412341,-0.030308626906298243,0.021043694895885902
2019-01-11,1.9699615272011368,1.9023151433305179,1.9509374263657762,56.613387668886126,-0.002565538488931818,-0.02476000922282496,0.02219447073389314
2019-01-14,1.9534829523821293,1.9071882680021,1.9510372509154372,54.621714817005156,0.0013979808199873212,-0.019528411214262503,0.020926392034249824
2019-01-15,2.005485315474883,1.9165498915709365,1.9531724691334547,59.46776120927982,0.008635707467480103,-0.013895587477913984,0.022531294945394086
2019-01-16,2.001575456403988,1.9246475644121794,1.9550706254970052,58.95795559863319,0.013895980812794972,-0.008337273819772192,0.022233254632567166
2019-01-17,2.017820917293206,1.9335212170675153,1.957531421253719,60.47416670348936,0.01915485303959996,-0.002838848447897761,0.021993701487497724
2019-01-18,2.0053883994242265,1.9403657106252974,1.9594081654956996,58.68732236331411,0.02206499534695494,0.0021419203110727794,0.01992307503588216
2019-01-22,1.9570937215334427,1.9419588545213113,1.959317402987376,52.23120074168796,0.020241001535538317,0.005761736555965887,0.014479264979572429
2019-01-23,1.9479351193676362,1.9425280226019137,1.9588710389238566,51.083515520169854,0.01785067912834659,0.008179525070442029,0.009671154057904563
2019-01-24,1.9687915662412647,1.9450293124723281,1.959260079210814,53.58472201502751,0.01743825500860452,0.010031271058074527,0.007406983950529992
2019-01-25,2.0020411573606367,1.9504590119855003,1.9609377685500227,57.33050396364775,0.0195687931806241,0.011938775482584443,0.007630017698039657
2019-01-28,1.9582149155477702,1.9511976694676214,1.9608309900009149,51.43802030099723,0.017518901596073277,0.013054800705282211,0.004464100890791066
2019-01-29,1.927099012250257,1.9489025592564437,1.9595081673440264,47.6902329804799,0.013231035258562951,0.01309004761593836,0.0001409876426245911
2019-01-30,1.9962250157953927,1.953409459879201,1.960948043753884,55.45507529659659,0.01523513986088254,0.013519066064927197,0.0017160737959553436
2019-01-31,2.035073079520863,1.961186947464121,1.9638549079016085,59.127040456962035,0.019730678295377002,0.01476138851101716,0.004969289784359843
2019-02-01,2.0183031673850427,1.9666265874565898,1.965990133763704,56.94481023582179,0.021690201989113422,0.016147151206636415,0.0055430507824770076
2019-02-04,2.0575120159015037,1.9752823425465817,1.9695792271808727,60.60569340594192,0.026106030952879777,0.01813892715588509,0.007967103796994689
2019-02-05,2.079388972838276,1.9851972597172192,1.9738854917164572,62.520570233017686,0.0310133917376485,0.020713820072237772,0.010299571665410727
2019-02-06,2.0729962231645405,1.9935590657598212,1.9777721870673626,61.57863100747039,0.03399479817068629,0.023370015691927475,0.010624782478758817
2019-02-07,2.0305830253857966,1.9970851571527712,1.9798432003347521,55.59414308113285,0.032559863807716916,0.025207985315085363,0.007351878492631553
2019-02-08,2.0328914653644334,2.000495281744358,1.9819235244535633,55.84566311629408,0.031248723962572722,0.026416133044582835,0.004832590917989887
2019-02-11,2.0327758303526453,2.003569619707052,1.9839177325280373,55.82860447067068,0.029856142385378925,0.027104134912742057,0.002752007472636868
2019-02-12,2.0675353238890306,2.009661591533907,1.9871968537578801,59.803386648076795,0.031197684595490216,0.02792284484929169,0.0032748397461985247
2019-02-13,2.0632718773048855,2.014767333035905,1.9901801880146255,59.100899515097225,0.031553117259429,0.028648899331319155,0.002904217928109843
2019-02-14,2.0666710043347902,2.019710539826275,1.9931798278703183,59.5092747555503,0.031743165892998526,0.029267752643655033,0.002475413249343493
2019-02-15,2.0714570792330034,2.024638781674535,1.9962495240021882,60.11318416138575,0.03191211406339578,0.029796624927603182,0.0021154891357925976
2019-02-19,2.0773984554011378,2.02966351250564,1.9994318350374412,60.89294882472843,0.032154765981667666,0.03026825313841608,0.0018865128432515865
2019-02-20,2.0758318275122702,2.034060494887224,2.002427913173709,60.556777684632145,0.03185346863896088,0.03058529623852504,0.0012681724004358387
2019-02-21,2.0557242302491017,2.0361237077788314,2.0045179648237244,56.26340636035886,0.029650382122810015,0.030398313415382038,-0.0007479312925720225
2019-02-22,2.075382332335857,2.0398626244033102,2.007296959628122,59.30136351376632,0.029154588783768087,0.030149568489059246,-0.0009949797052911588
2019-02-25,2.0869013669617793,2.044342504646974,2.010418701092187,61.01037479786147,0.029352798032070915,0.029990214397661582,-0.0006374163655906671
2019-02-26,2.0848717077557564,2.0482024287525724,2.0133384268436996,60.528078772889906,0.029011675221205735,0.029794506562370416,-0.000782831341164681
2019-02-27,2.090382443457053,2.052219573010142,2.016359760828537,61.419833118437076,0.028853399226230536,0.029606285095142442,-0.000752885868911906
2019-02-28,2.08981434715429,2.055800027690537,2.0192403328413118,61.26616819231328,0.028355261927083486,0.029356080461530654,-0.0010008185344471676
2019-03-01,2.0869669835786677,2.0587683092036926,2.0218962799290514,60.4498360582148,0.027414706414003565,0.02896780565202524,-0.001553099238021674
2019-03-04,2.0887574215525864,2.0616244151416825,2.0245182854829156,60.80350300075242,0.026508212600661274,0.028475887041752447,-0.001967674441091173
2019-03-05,2.0926819399798426,2.064582274650079,2.027191369972991,61.613779620779965,0.025808975754197494,0.027942504784241456,-0.0021335290300439624
2019-03-06,2.081530313201349,2.0661963735597237,2.0293223089231227,57.9480421707809,0.024077432775302388,0.027169490382453643,-0.003092057607151255
2019-03-07,2.050219006728754,2.0646747195758217,2.0301417872684415,49.11267260283853,0.019948656047296787,0.025725323515422276,-0.005776667468125489
2019-03-08,2.0658522637506986,2.0647868666400955,2.031542198110883,52.96841925876637,0.017733621780127606,0.024126983168363345,-0.006393361388235739
2019-03-11,2.122270865516761,2.070261533199778,2.0351001850679764,63.66759895523735,0.020296732717044463,0.02336093307809957,-0.0030642003610551055
2019-03-12,2.12775081426312,2.0757367028248583,2.038733543075629,64.51206177989363,0.022510713177676944,0.023190889098015043,-0.000680175920338099
2019-03-13,2.1542201134434054,2.0832113133599583,2.0432624281880907,68.33986676709746,0.026100291955486465,0.02377276966950933,0.0023275222859771363
2019-03-14,2.141755308200064,2.088786931916159,2.047124894070913,64.79547707237157,0.027620857337999905,0.024542387203207446,0.0030784701347924583
2019-03-15,2.1584164819498093,2.0954183176336496,2.051489270066164,67.24116251468804,0.029826512368860136,0.025599212236337987,0.004227300132522149
2019-03-18,2.1608201089401615,2.101647059662841,2.055776753943576,67.59095823176243,0.03140642872139887,0.026760655533350164,0.004645773188048707
2019-03-19,2.1744065447382384,2.1085765344319265,2.0604289026021902,69.56895691110014,0.033370165144215314,0.028082557455523197,0.005287607688692117
2019-03-20,2.1991154538672966,2.1171992886638664,2.0658675908870965,72.81812335061113,0.03649949936447561,0.029765945837313682,0.006733553527161925
2019-03-21,2.238203938933158,2.1287235410704657,2.0726258790457655,77.00156205165273,0.04165347798258878,0.0321434522663687,0.009510025716220082
2019-03-22,2.182907847998005,2.133883951254041,2.076950662141932,62.37629451622272,0.040805727731496155,0.03387590735939419,0.0069298203721019636
2019-03-25,2.1775959835426466,2.138047001948194,2.0808975374909795,61.17427816742864,0.039252774926008094,0.034951280872716976,0.0043014940532911175
2019-03-26,2.189279024783055,2.1429262422181807,2.0851477918945904,62.86908446540669,0.03852072943745544,0.03566517058566467,0.002855558851790764
2019-03-27,2.1832054765545883,2.146762359774029,2.0889931912930217,61.36931986428359,0.037023707279339124,0.03593687792439956,0.0010868293549395613
2019-03-28,2.1919054026895326,2.151061697194553,2.0930289642889632,62.74045808863368,0.03612291528269873,0.035974085396059396,0.0001488298866393345
2019-03-29,2.2055818398440983,2.156254091732605,2.0974428025460274,64.85242147940522,0.036096507248854603,0.035998569766618436,9.7937482236167e-05
2019-04-01,2.242753288118901,2.1644921104360617,2.10314125296065,69.8539275947967,0.038629704722906055,0.03652479675787596,0.0021049079650300936
2019-04-02,2.248239123447906,2.1724680164371897,2.108831365528778,70.52064431916914,0.04061179553682237,0.03734219651366524,0.003269599023157127
2019-04-03,2.267728587389958,2.1815404517660246,2.115062629131177,72.82046729079434,0.04325661827772631,0.03852508086647746,0.004731537411248848
2019-04-04,2.2515015323683993,2.1882034118233937,2.120413174356166,68.05955660706891,0.04354135400431858,0.03952833549404569,0.004013018510272887
2019-04-05,2.265273258647195,2.1955433972351845,2.126093961975422,69.86052312763252,0.04436683903167449,0.04049603620157145,0.0038708028301030345
2019-04-08,2.2666188383088466,2.202312486861248,2.1316047414394776,70.03828437610159,0.04461532124512857,0.041319893210282885,0.003295428034845685
2019-04-09,2.261472035498735,2.2079467295886275,2.1366975765006253,68.37707378441513,0.04389099316830869,0.041834113201888054,0.0020568799664206355
2019-04-10,2.2765851511910182,2.2144837221221887,2.1421833637433862,70.58346192239571,0.04402892207310982,0.04227307497613241,0.00175584709697741
2019-04-11,2.267474376177491,2.2195304510798364,2.147096736780018,67.52481557907186,0.042908446460999006,0.04240014927310573,0.0005082971878932752
2019-04-12,2.2665711645376354,2.224010519028198,2.151782008456787,67.21385595184474,0.0414695447370943,0.04221402836590345,-0.0007444836288091478
2019-04-15,2.2635276542370795,2.2277740557147583,2.1561641906442497,66.10908641773011,0.039626825530719056,0.04169658779886657,-0.002069762268147514
2019-04-16,2.282962576051213,2.233030105270611,2.1611366763464837,69.5508480233198,0.039281876034764185,0.041213645446046096,-0.0019317694112819112
2019-04-17,2.2866941396432776,2.2381409656870557,2.166060498436554,70.17708729573071,0.03886163433975298,0.04074324322478747,-0.00188160888503449
2019-04-18,2.2927316576941954,2.243340079211545,2.17102799487803,71.20884211734946,0.03857114289228436,0.04030882315828685,-0.0017376802660024893
2019-04-22,2.3035268483981017,2.249072152467408,2.1762240283494054,73.00702462380437,0.038765147507915376,0.04000008802821255,-0.0012349405202971772
2019-04-23,2.329476053136366,2.2567296668168324,2.1822339116743845,76.76382183041959,0.04054539939377921,0.04010915030132589,0.00043624909245332244
2019-04-24,2.3148021392955895,2.262260378481476,2.1874326656987457,70.76594045741453,0.04030755917581841,0.0401488320762244,0.000158727099594011
2019-04-25,2.312577682081148,2.2670525026338257,2.1923403134000163,69.87464098752832,0.0394844221426367,0.040015950089506855,-0.0005315279468701556
2019-04-26,2.2971966498251772,2.269923373794907,2.19645232659316,63.883189262727356,0.03716257235385356,0.0394452745423762,-0.0022827021885226395
2019-04-29,2.311296109022737,2.2738636342927956,2.2009560043354965,66.70179871881496,0.036044697357275,0.03876515910535597,-0.0027204617480809656
2019-04-30,2.291997113716288,2.2755906323331283,2.204526243919057,59.82018640890117,0.033218582593546486,0.037655843802994075,-0.004437261209447589
2019-05-01,2.2879819408118673,2.276770756950151,2.2077990163462258,58.468643283342054,0.030305532075815655,0.036185781457558394,-0.005880249381742739
2019-05-02,2.292600268029578,2.2782783294339057,2.2111245556279258,59.59931367728644,0.028046278917459144,0.034557880949538544,-0.0065116020320794
2019-05-03,2.3311944250219767,2.2833179575851505,2.215833177957104,67.5498753909265,0.029035329235320262,0.03345337060669489,-0.00441804137137463
2019-05-06,2.3126721716489036,2.286113597019794,2.219630785552861,61.31363198229493,0.028001780591515146,0.032363052603658946,-0.004361272012143799
2019-05-07,2.262263941657981,2.2838422012710495,2.2213026740275716,48.25652739845783,0.022851742303314992,0.030460790543590157,-0.0076090482402751645
2019-05-08,2.2536135867368845,2.2809632856011293,2.2225697686436234,46.42927352862851,0.017866336502007307,0.027941899735273588,-0.01007556323326628
2019-05-09,2.2421047680818766,2.2772624744088192,2.223335847052967,44.039969908698616,0.012838704411671564,0.024921260670553183,-0.012082556258881619
2019-05-10,2.238366093221681,2.273558057152901,2.2239252684713477,43.261128680790016,0.008455124529693325,0.021628033442381213,-0.013172908912687888
2019-05-13,2.1490607845990457,2.2617011740525337,2.2209894063587083,29.73413066837236,-0.002199729051779009,0.016862480943549172,-0.01906220999532818
2019-05-14,2.170884919951534,2.2530520069952957,2.2190245245388196,35.07668242966518,-0.008781524005705421,0.011733679953698254,-0.020515203959403677
2019-05-15,2.201422490419444,2.248134910178548,2.218334248691001,41.7505593505943,-0.011402081108854656,0.007106527741187672,-0.018508608850042328
2019-05-16,2.210705227838993,2.2445701785271615,2.2180350714026873,43.64692202239328,-0.012584782622196755,0.0031682656685107866,-0.01575304829070754
2019-05-17,2.169091867470948,2.237381767950379,2.2161157300720307,37.718661078883066,-0.016687568593666047,-0.00080290118392458,-0.015884667409741468
2019-05-20,2.121719582103226,2.2263663216792215,2.212413920347764,32.33452096745974,-0.02349081605257064,-0.005340484157653792,-0.018150331894916848
2019-05-21,2.1421197313545566,2.2183428368863964,2.209657285485285,36.5358096152734,-0.02692593174473945,-0.009657573675070925,-0.017268358069668525
2019-05-22,2.1214613442755414,2.209116028066315,2.206198621124119,34.2187997581223,-0.030958375980009833,-0.013917734136058707,-0.017040641843951126
2019-05-23,2.087072150819731,2.197492801661878,2.2015269948376726,30.725626289943605,-0.03650819386474513,-0.018435826081795992,-0.01807236778294914
2019-05-24,2.074925351972619,2.185819711215282,2.196562224529239,29.577113843138576,-0.04140926939341272,-0.023030514744119338,-0.01837875464929338
2019-05-28,2.0730056255851386,2.17507551258384,2.1917168677079015,29.390132324873576,-0.04493038344372424,-0.02741048848404032,-0.017519894959683924
2019-05-29,2.0506122236055715,2.163221866014481,2.1861833522529084,27.227807264438624,-0.048963432120330275,-0.03172107721129831,-0.017242354909031962
2019-05-30,2.0548080278811325,2.15289673857321,2.181031378748133,28.292354004733454,-0.05123053222822094,-0.03562296821468284,-0.015607564013538099
2019-05-31,2.0147244018972823,2.1397374684135975,2.1745095365186877,24.5913607204011,-0.05562048074190962,-0.0396224707201282,-0.015998010021781417
2019-06-03,1.9589717645274873,2.122521687091111,2.166057074871974,20.562298519591266,-0.06287355129647088,-0.04427268683539674,-0.018600864461074132
2019-06-04,2.035451052878186,2.114229245737499,2.160935270087904,36.04248242036105,-0.06173873683350495,-0.04776589683501838,-0.013972839998486565
2019-06-05,2.0471149490114606,2.107837407954067,2.1564717280849064,38.02603278943973,-0.05921560858170638,-0.05005583918435599,-0.009159769397350394
2019-06-06,2.0783363760256535,2.1050277858656465,2.1534075966316024,43.11191973065369,-0.05407337878122531,-0.05085934710372986,-0.0032140316774954547
2019-06-07,2.1146152242195138,2.1059408752326814,2.1518863271252457,48.409887402146666,-0.04653430624650934,-0.04999433893228576,0.0034600326857764235
2019-06-10,2.1430584595835778,2.1094758832661,2.151540136241259,52.170784663004454,-0.03782834396096302,-0.04756113993802122,0.0097327959770582
2019-06-11,2.1586310585069217,2.114157328527131,2.151818211624226,54.14188172533659,-0.02933408249594116,-0.043915728449605215,0.014581645953664055
2019-06-12,2.1313061258782766,2.115790547322478,2.151013816104777,50.23020972918794,-0.02452450950658891,-0.04003748466100195,0.015512975154413043
2019-06-13,2.1495520089375515,2.119005924619152,2.150956490333513,52.68824770948161,-0.019021331911836636,-0.03583425411116889,0.016812922199332253
2019-06-14,2.1337233019102366,2.1204075795992554,2.1502806790227966,50.36437945670387,-0.015755647098619097,-0.031818532708658934,0.016062885610039837
2019-06-17,2.166569778609308,2.124803979504975,2.1509194672418754,54.8177948406562,-0.010397278837641188,-0.027534281934455385,0.017137003096814197
2019-06-18,2.205213753403094,2.1324620532095575,2.153048654934472,59.429750372404655,-0.0029979293181381372,-0.022627011411191937,0.0196290820930538
2019-06-19,2.211275011044087,2.1399680491937985,2.155332041448575,60.117399340713895,0.003316965408596051,-0.01743821604723434,0.020755181455830392
2019-06-20,2.2204826680632443,2.1476361081337454,2.1578869679824835,61.19345603900195,0.008961246276840917,-0.012158323582419289,0.021119569859260206
2019-06-21,2.2216497374520885,2.1546850252116827,2.1603874687459976,61.33585026428481,0.013374380739939795,-0.007051782717947473,0.020426163457887267
2019-06-24,2.2319876812913404,2.162047182933555,2.163195320218364,62.64345442376367,0.017504229406296812,-0.0021405802930986157,0.019644809699395426
2019-06-25,2.19267310913368,2.164963937809757,2.164351311940533,55.02245603104702,0.017404182241648414,0.0017683722138507904,0.015635810027797622
2019-06-26,2.2119200310299743,2.169435946687873,2.166216751904825,57.73343142618518,0.018662826440655422,0.005147263059211717,0.013515563381443704
2019-06-27,2.2326073546589194,2.1754522712565443,2.1688203049540054,60.48997493850556,0.02108653273858918,0.00833511699508721,0.01275141574350197
2019-06-28,2.2353415285677656,2.181156010048089,2.171428980389839,60.85336148651881,0.02296325630105356,0.01126074485628048,0.011702511444773078
2019-07-01,2.269113855527286,2.1895329477127743,2.175259759806994,65.12062768708313,0.026866022994330052,0.014381800483890397,0.012484222510439656
2019-07-02,2.2686949348827996,2.19707218458611,2.1789238843197705,65.02593916131934,0.02958416251178919,0.017422272889470156,0.012161889622319035
2019-07-03,2.2873666444118825,2.2056716569504693,2.183176541578285,67.30765645423507,0.032866098648736575,0.02051103804132344,0.012355060607413135
2019-07-05,2.2794620663515746,2.2126993149886696,2.186952444510571,65.36350367829806,0.03443230906861405,0.023295292246781563,0.01113701682183249
2019-07-08,2.256905221286774,2.2169094013027744,2.1896956906586573,60.03444200801666,0.03346759957396239,0.02532975371221773,0.008137845861744663
2019-07-09,2.270186783493428,2.221983437701884,2.192852204103158,61.99900465386568,0.03338987374051916,0.026941777717878018,0.006448096022641143
2019-07-10,2.299156663092925,2.229333268691507,2.1970210064164823,65.93269356197132,0.03525945359700566,0.02860531289370355,0.006654140703302114
2019-07-11,2.308840320523956,2.236905368866026,2.201406077557952,67.15655202041282,0.03709489249790243,0.03030322881454333,0.006791663683359102
2019-07-12,2.3315636823402115,2.245920446339758,2.2065102973533346,69.89006456054997,0.03992287044266085,0.032227157140166836,0.007695713302494016
2019-07-15,2.3416170413486666,2.255034407769178,2.211808601039426,71.0385256476517,0.04248553854885628,0.03427883342190473,0.008206705126951555
2019-07-16,2.3319231043747313,2.2623571407792307,2.216518973719242,68.33204718133096,0.04323585575608746,0.03607023788874128,0.00716561786734618
2019-07-17,2.328704197696937,2.2686759081047265,2.220918394267387,67.4136065757724,0.04307421593268579,0.037471033497530185,0.005603182435155604
2019-07-18,2.3093526799876303,2.272549886379289,2.2243864054721025,62.016908901003774,0.04091298997534398,0.03815942479309294,0.00275356518225104
2019-07-19,2.292458222163665,2.274445918358753,2.2270558884796148,57.675917274840586,0.037405770837904306,0.03800869400205522,-0.0006029231641509133
2019-07-22,2.311537262391815,2.2779784273142827,2.2303688835349953,60.99625379398329,0.035753647704686475,0.03755768474258147,-0.001804037037894994
2019-07-23,2.3286516766699576,2.2828044510624426,2.2342231107167585,63.74392953784625,0.03541705268284767,0.037129558330634714,-0.0017125056477870423
2019-07-24,2.351727382180884,2.2893685397403893,2.2388311213624106,67.10843562594562,0.03659052251922601,0.037021751168352976,-0.00043122864912696623
2019-07-25,2.3043453197155053,2.290794899738019,2.2414003056115517,55.682255602446034,0.03331315604029861,0.03628003214274211,-0.0029668761024434984
2019-07-26,2.334249786465152,2.2949334603786986,2.2450414617234578,60.27900522097074,0.03275132317170559,0.03557429034853481,-0.0028229671768292136
2019-07-29,2.3322012892979433,2.2984827774186267,2.248459494177359,59.821271582889956,0.031774493393267544,0.034814330957481356,-0.003039837564213811
2019-07-30,2.32739329670638,2.3012361602079365,2.2515549374137915,58.694700119511445,0.030263524859913904,0.033904169737967865,-0.0036406448780539613
2019-07-31,2.2939983723506345,2.3005468470786696,2.253219385842687,51.4475221526523,0.02607085156056055,0.0323375061024864,-0.006266654541925855
2019-08-01,2.2680850919831235,2.297455251355284,2.25380235471094,46.63564391674783,0.02042173357237065,0.02995435159646325,-0.009532618024092603
2019-08-02,2.2379461122003272,2.2917877142929073,2.2531805412791517,41.74520739745364,0.013358811022627037,0.02663524348169601,-0.013276432459068972
2019-08-05,2.152162581717044,2.2784900826190158,2.249219052668873,31.59087535724126,0.0008298144448435352,0.021474157674325516,-0.02064434322948198
2019-08-06,2.178059157611067,2.2689252326182587,2.246428468548959,36.60422682109417,-0.00692998382192922,0.01579332937507457,-0.02272331319700379
2019-08-07,2.1912289218179666,2.2615255839706117,2.2442637804418615,39.05049810836793,-0.011880044193101291,0.010258654661439399,-0.02213869885454069
2019-08-08,2.238624078163985,2.2593444881795044,2.244042615646651,46.97966289973803,-0.011842101308803255,0.005838503467390869,-0.017680604776194125
2019-08-09,2.2152799343846947,2.2551478640085705,2.2429146673618683,43.9470584554263,-0.013539632156104986,0.0019628763426916976,-0.015502508498796683
2019-08-12,2.1928294248230653,2.2492127745623316,2.240950540203484,41.19306493569472,-0.016506232503994855,-0.001730945426645613,-0.014775287077349243
2019-08-13,2.2431219390852033,2.248632694993081,2.2410356931008066,48.915960517303894,-0.014630448362438653,-0.004310846013804221,-0.010319602348634431
2019-08-14,2.1567317944390725,2.239880228273652,2.23772965785917,39.35507887912043,-0.01988560966646702,-0.0074257987443367805,-0.012459810922130238
2019-08-15,2.15337914865814,2.2316420302150317,2.2344217947532474,39.036201974485,-0.024043732178740562,-0.010749385431217538,-0.013294346747523025
2019-08-16,2.1987355201014696,2.228508076870883,2.2330223330021974,45.472990933571175,-0.023409345744971777,-0.013281377493968387,-0.01012796825100339
2019-08-19,2.248674602085582,2.230428698319902,2.2336361474760555,51.53991253680071,-0.018661801734083827,-0.014357462341991476,-0.004304339392092351
2019-08-20,2.225757260688297,2.2299837994978446,2.2333271715235945,48.853570078958484,-0.01655770985144489,-0.014797511843882161,-0.0017601980075627292
2019-08-21,2.241077607108467,2.2310403526036184,2.2336311101739814,50.70336674906758,-0.013498377068263956,-0.01453768488875852,0.0010393078204945644
2019-08-22,2.2396267132536996,2.2318581012369596,2.233866231863382,50.51703012704266,-0.011063377080474446,-0.013842823327101707,0.0027794462466272617
2019-08-23,2.1593233139767087,2.2249500262597928,2.2309429801815517,41.439650887816725,-0.01543550435908303,-0.014161359533497972,-0.0012741448255850583
2019-08-26,2.1934483251276577,2.2219498642472084,2.2294726015519872,45.88933419873611,-0.015962833908810925,-0.014521654408560564,-0.001441179500250361
2019-08-27,2.1925903784862895,2.2191537227461686,2.2280262398631363,45.79511990301604,-0.016262511391711865,-0.014869825805190825,-0.0013926855865210395
2019-08-28,2.1986837318623906,2.2172041998048564,2.226875553274872,46.63314576820975,-0.015825894205672153,-0.015061039485287092,-0.0007648547203850612
2019-08-29,2.243530472844909,2.219711463903909,2.2275286873756577,52.45884393506201,-0.011725945343865618,-0.014394020657002798,0.00266807531313718
2019-08-30,2.2413662893341266,2.2217738282305963,2.2280713384328528,52.162915896622806,-0.00855274711004661,-0.01322576594761156,0.004673018837564951
2019-09-03,2.211602549512414,2.220805135019341,2.2274255035732278,48.1407639181738,-0.008343471361521804,-0.01224930703039361,0.0039058356688718068
2019-09-04,2.2413901056363508,2.222765608411437,2.2279731350266836,52.119857117247626,-0.005708211282431375,-0.010941087880801163,0.005232876598369789
2019-09-05,2.296812533240491,2.229817696490395,2.2306727192703626,58.50014061102295,0.0008426643295216252,-0.008584337438736607,0.009427001768258232
2019-09-06,2.289136189164061,2.2354670767450298,2.2329654043642333,57.3600287337865,0.0053531557877239955,-0.005796838793444487,0.011149994581168481
2019-09-09,2.295584210240504,2.2411925180303127,2.2354210438103617,58.09873936325417,0.009340384044120409,-0.0027693942259315076,0.012109778270051916
2019-09-10,2.2935408201738037,2.2461780706154073,2.2377002507265753,57.75725290480143,0.012194832227781394,0.00022345106481107269,0.011971381162970321
2019-09-11,2.3176135363594375,2.252981448305315,2.2408341050651193,60.68870391781281,0.016212581443716623,0.0034212771405921828,0.01279130430312444
2019-09-12,2.3242884941042,2.259772595524257,2.2441068262039066,61.486787438286036,0.01970810715728044,0.006678643143929835,0.013029464013350606
2019-09-13,2.3138653120879975,2.264924282816042,2.246842453101322,59.456910074868816,0.021390694183340386,0.009621053351811945,0.011769640831528441
2019-09-16,2.2984715683223174,2.2681192623880677,2.248867124286459,56.49075409757265,0.02123720082150049,0.011944282845749655,0.009292917975750836
2019-09-17,2.3135724661333823,2.2724481389352404,2.2514045886726133,58.66901836981864,0.02207955313180765,0.013971336902961255,0.008108216228846395
2019-09-18,2.3094549331744827,2.275972595529454,2.2536810727707257,57.81901875689947,0.02215943276131771,0.015608956074632547,0.006550476686685163
2019-09-19,2.309756011302172,2.2791900636982843,2.2558800899680373,57.86708699442967,0.021993504996774327,0.016885865859060902,0.005107639137713425
2019-09-20,2.2702335514729777,2.278337062533969,2.2564429708113685,49.838232371092765,0.018460077559583343,0.01720070819916539,0.0012593693604179522
2019-09-23,2.2681037687949264,2.2773624631302507,2.2569002570068024,49.440145621680045,0.015311454281944581,0.01682285741572123,-0.0015114031337766475
2019-09-24,2.2170367018331825,2.27161715253053,2.255336980333327,40.98646458432411,0.008596368545741306,0.015177559641725244,-0.006581191095983938
2019-09-25,2.250879982286336,2.269642183935845,2.2551621960961903,47.404879549276835,0.005937046041609051,0.013329456921702006,-0.007392410880092955
2019-09-26,2.2544399718270762,2.2681943542112006,2.255133873575833,48.045004015221714,0.0040698603844520065,0.011477537614252008,-0.007407677229800002
2019-09-27,2.230069030019555,2.2645633709548534,2.2541509385344103,44.08899355255093,0.0006164647495046083,0.00930532304130253,-0.008688858291797922
2019-09-30,2.248075192112331,2.2629930682079467,2.2539126739688387,47.52679146868019,-0.0006598233416950094,0.007312293764703022,-0.007972117106398032
2019-10-01,2.2407079247149735,2.2608706735895683,2.253394840664766,46.27312552020791,-0.002239947042091295,0.00540184560334416,-0.007641792645435455
2019-10-02,2.2145624761786835,2.256460369074246,2.2518720028417825,42.035399631604385,-0.0055380860405431775,0.0032138592745666926,-0.00875194531510987
2019-10-03,2.2368779392318006,2.2545953757559176,2.2512840003472734,46.53589976216238,-0.0062788350859128705,0.00131532040247078,-0.00759415548838365
2019-10-04,2.2644485036345805,2.255533768887219,2.251800255378148,51.54187791022754,-0.004588279085500524,0.0001346005048765192,-0.004722879590377043
2019-10-07,2.26799991725948,2.2567210211131483,2.2524355362362396,52.16321736623879,-0.002928177666832177,-0.00047795512946522,-0.0024502225373669567
2019-10-08,2.2380512956045533,2.254942952017092,2.2518714483683304,46.72258386374315,-0.003983222696851918,-0.0011790086429425597,-0.002804214053909358
2019-10-09,2.264138302073839,2.2558186996415444,2.252352501454821,51.470698855148655,-0.0026834173160201757,-0.001479890377558083,-0.0012035269384620927
2019-10-10,2.285250323545124,2.258621711441885,2.2536426121250286,54.96842248983712,4.9678838364375366e-05,-0.0011739765343735914,0.0012236553727379667
2019-10-11,2.3146561801680114,2.26395832751104,2.256035301067891,59.361855643389504,0.004536193688914114,-3.1942489716050237e-05,0.004568136178630164
2019-10-14,2.325782873629889,2.269846379522359,2.2587704999918907,60.915695377623166,0.00888717438999187,0.0017518808862255339,0.007135293503766336
2019-10-15,2.364444331300943,2.2788557082631766,2.262914571807932,65.8078044081984,0.015278888948470293,0.004457282498674486,0.010821606449795806
2019-10-16,2.363471501319567,2.2869143552209277,2.266857980808388,65.58534848492208,0.02003491945647351,0.0075728098902342915,0.012462109566239218
2019-10-17,2.379020375665164,2.295686357167998,2.2712565060968894,67.47766995276459,0.02477320205918465,0.011012888324024365,0.013760313735160287
2019-10-18,2.33931759082595,2.2998417127544695,2.2739255682431274,58.6149568767128,0.025036042321323837,0.01381751912348426,0.011218523197839577
2019-10-21,2.360671894113601,2.3056350633601013,2.2773273849439306,61.54083093519795,0.02666013746336704,0.016386042791460817,0.010274094671906223
2019-10-22,2.3333892903983107,2.308278323078026,2.279525891040181,56.08519315857787,0.025452367406900933,0.01819930771454884,0.0072530596923520915
2019-10-23,2.3402111246236896,2.311319542272851,2.2819057041218875,57.10906987391544,0.02476024525064613,0.019511495221768302,0.005248750028877827
2019-10-24,2.3933562016732512,2.319132557453842,2.286276311869,64.12621493144653,0.028175309590860564,0.021244258095586756,0.006931051495273809
2019-10-25,2.4406383255880804,2.3307045353713884,2.292329724171709,68.9874931999885,0.03430163701197353,0.023855733878864114,0.010445903133109415
2019-10-28,2.4682732379086185,2.3438063165654106,2.2992294698084508,71.42479046411617,0.04091505877189716,0.027267598857470723,0.013647459914426438
2019-10-29,2.4334445947622214,2.3523432954412975,2.3044928080419322,64.5403866109276,0.04285189279124868,0.030384457644226315,0.012467435147022365
2019-10-30,2.4505339347056956,2.3616947848950494,2.3102199110483546,66.25888907191805,0.045244266872655814,0.03335641948991222,0.011887847382743594
2019-10-31,2.4522142633897386,2.370315687608829,2.3157883170225264,66.43115768676529,0.04673707316339515,0.03603255022460881,0.010704522938786341
2019-11-01,2.4693928942273526,2.3797516120486883,2.3218120259325197,68.2176913902257,0.04874440963277715,0.03857492210624248,0.010169487526534675
2019-11-04,2.504775754826993,2.39165867326567,2.32898707412446,71.5734318167273,0.05258418167647694,0.04137677402028937,0.011207407656187565
2019-11-05,2.507719547468494,2.402712089856415,2.335996190726187,71.83983357929067,0.055228132614578485,0.0441470457391472,0.011081086875431287
2019-11-06,2.5094660995676317,2.4128791384003403,2.342798932249381,72.00744906953051,0.05680954981200159,0.046679546553718074,0.010130003258283518
2019-11-07,2.5237551630679023,2.423438759797251,2.349895255026578,73.40230648754677,0.058541017926106775,0.04905184082819582,0.009489177097910959
2019-11-08,2.5295253696965556,2.4335422464543273,2.35693957324893,73.96645434484482,0.05969074853943068,0.051179622370442795,0.008511126168987887
2019-11-11,2.5327666584671364,2.442992190455547,2.3638347530614086,74.29625867265713,0.06016986252827028,0.0529776704020083,0.00719219212626198
2019-11-12,2.5467789287636875,2.4528766417229892,2.371009034461498,75.72781165991553,0.060977328240866324,0.05457760196977991,0.006399726271086412
2019-11-13,2.532917771035027,2.460499606419374,2.3773583966800675,71.48640212895418,0.05980932636507719,0.055623946848839374,0.004185379516237812
2019-11-14,2.542446970886309,2.468304117320987,2.3838324584136457,72.62168260230715,0.0589728015061981,0.05629371778031112,0.0026790837258869812
2019-11-15,2.5563417664982593,2.47668865533787,2.3905975293189248,74.23270084472645,0.058753766562944953,0.056785727536837895,0.0019680390261070588
2019-11-18,2.574881695194285,2.486040373419433,2.397824359353253,76.24157158677527,0.059391568066769374,0.05730689564282419,0.0020846724239451803
2019-11-19,2.5806912232029466,2.4950547400654823,2.404995608915986,76.8506037609614,0.05967788124490925,0.05778109276324121,0.0018967884816680353
2019-11-20,2.5662943092186676,2.5018394609372145,2.411321048143542,71.9297090366016,0.05807363910088892,0.05783960203077076,0.00023403707011816072
2019-11-21,2.5723890471210904,2.508558469145203,2.417637440260309,72.72590050238436,0.056641136295358496,0.05759990888368831,-0.000958772588329812
2019-11-22,2.556843649554101,2.513157057755574,2.4230965072914383,67.4692627343115,0.05363323330795655,0.05680657376854196,-0.003173340460585407
2019-11-25,2.594676375617968,2.520920802313898,2.4298251295787536,72.65035295975355,0.053683404461862594,0.05618193990720609,-0.0024985354453434944
2019-11-26,2.5838014923799517,2.526909439463046,2.4358634183160555,69.23680568012098,0.05224342360377765,0.055394236646520406,-0.003150813042742756
2019-11-27,2.602365486608663,2.5340957296673903,2.4423929111902756,71.68277181456045,0.052000755250545705,0.05471554036732547,-0.0027147851167797638
2019-11-29,2.5890538849404745,2.5393298396933983,2.4481443219255774,67.53610993006689,0.050156135122767065,0.05380365931841379,-0.003647524195646727
2019-12-02,2.5591495419755086,2.5412174303869324,2.4524974678098888,59.24480740805839,0.0457538084029685,0.05219368913532474,-0.00643988073235624
2019-12-03,2.543514233150299,2.541436173507253,2.4560667527251994,55.41422453931299,0.04053602000222156,0.0498621553087041,-0.00932613530648254
2019-12-04,2.551575758343734,2.5424018482535846,2.4598122039259263,56.959436131452534,0.03662914483185675,0.047215553213334635,-0.010586408381477883
2019-12-05,2.549090198958135,2.5430388340349706,2.463313301770327,56.311428988553686,0.032952498353295834,0.04436294224132688,-0.011410443888031044
2019-12-06,2.5811024562047136,2.5466639409082794,2.4679324842971657,62.26568400680177,0.032250092164940014,0.0419403722260495,-0.009690280061109488
2019-12-09,2.5751278048432247,2.5493747850925597,2.4721362223577956,60.60551355303735,0.030855641143346713,0.03972342600950895,-0.008867784866162236
2019-12-10,2.5764759205979715,2.5519558456168845,2.4762279752299596,60.85910463270274,0.02951903329611394,0.037682547466829946,-0.008163514170716007
2019-12-11,2.5984939744186897,2.5563880483599135,2.4810227202961843,64.84002520596557,0.029891860121773473,0.03612440999781866,-0.006232549876045185
2019-12-12,2.618385010415797,2.5622925209366643,2.4864094767714633,68.00584744505656,0.03143006224282274,0.03518554044681948,-0.0037554782039967358
2019-12-13,2.6047254640426805,2.566333753613428,2.49104931940955,63.76013336338309,0.031187378584333292,0.03438590807432224,-0.0031985294899889508
2019-12-16,2.6508293110558396,2.5743809495603243,2.497315201434895,70.46294796863889,0.03431962985483583,0.03437265243042496,-5.3022575589131704e-05
2019-12-17,2.666804603728461,2.583183202338242,2.503961844662094,72.36993961993404,0.03765694830156541,0.03502951160465305,0.002627436696912358
2019-12-18,2.6851298983788303,2.592892411484965,2.511066474219613,74.41085172200782,0.04130436434103801,0.036284482151930045,0.005019882189107969
2019-12-19,2.717502682536573,2.6047600563470232,2.5191620118006703,77.56372801989684,0.046273765793765964,0.03828233888029723,0.007991426913468734
2019-12-20,2.727153724327838,2.61641659615472,2.527318549546834,78.41748067481075,0.050409718803681614,0.04070781486497411,0.009701903938707505
2019-12-23,2.7368277062653763,2.6278843209271634,2.535534594908346,79.26904307946667,0.05384738175742321,0.04333572824346393,0.01051165351395928
2019-12-24,2.7392727675249775,2.6384927444126696,2.543524327167822,79.489317269907,0.0561221096791269,0.045893004530596526,0.01022910514853037
2019-12-26,2.769468451619189,2.6509666212894807,2.5523848810678755,82.02888141324775,0.05967350823864237,0.048649105272205694,0.011024402966436676
2019-12-27,2.7600702175075504,2.661357439976916,2.5605294040655098,78.76020465424752,0.06102618634629575,0.051124521487023705,0.009901664859272047
2019-12-30,2.7260961747921097,2.6675230337688394,2.567022218603808,68.18308355667666,0.05868034172574621,0.05263568553476821,0.006044656190978
2019-12-31,2.736675356159986,2.674108969234663,2.5736752828216978,69.55420969509485,0.05701763073072197,0.05351207457395896,0.0035055561567630053
2020-01-02,2.789139003254388,2.685064210569875,2.582124840485725,75.25033725787661,0.05925029760277001,0.05465971917972118,0.00459057842304883
2020-01-03,2.770263735231725,2.6931784510138606,2.5895028363581174,70.16420776390166,0.058818601576466456,0.05549149565907024,0.0033271059173962184
2020-01-06,2.8045102744927046,2.7037814818213697,2.5979345005986896,73.6448026820599,0.060541998402016795,0.05650159620765955,0.004040402194357244
2020-01-07,2.809912965832495,2.7138892422033813,2.6062473815882505,74.15699963469687,0.06163328470096907,0.05752793390632146,0.004105350794647612
2020-01-08,2.8428623803566357,2.726172398217977,2.6155264011477954,77.0822612433911,0.06441435079807478,0.05890521728467213,0.005509133513402653
2020-01-09,2.857015896316324,2.7386336837511527,2.6249965774289143,78.222588126763,0.0669882374658326,0.06052182132090422,0.0064664161449283775
2020-01-10,2.84054336498747,2.748339367678421,2.633449392627289,73.63064112358472,0.06692736853865888,0.06180293076445516,0.0051244377742037245
2020-01-13,2.908020439091104,2.763547088765343,2.644216884645478,79.05477400562484,0.07149976069186259,0.06374229674993664,0.007757463941925946
2020-01-14,2.9013001354599437,2.776666426545781,2.654298580755849,77.34830314650648,0.07373121453143794,0.0657400803062369,0.007991134225201035
2020-01-15,2.8894340721794696,2.787406202320418,2.6635195804195204,74.29862505532701,0.07369268226905668,0.06733060069880085,0.00636208157025582
2020-01-16,2.910456417373249,2.7991252704206877,2.6732033779471176,76.0967480106219,0.07449968672545193,0.06876441790413107,0.00573526882132086
2020-01-17,2.9224878188621015,2.810874084557965,2.6829792383751565,77.08485806708002,0.07524272581461089,0.07006007948622703,0.005182646328383861
2020-01-21,2.9489970621563555,2.8240286538530497,2.693411309895988,79.13177249462527,0.07708210945705929,0.07146448548039348,0.005617623976665806
2020-01-22,2.955557096828156,2.8365551722316313,2.7036915368345045,79.61699270590898,0.07816810100878424,0.07280520858607165,0.005362892422712595
2020-01-23,2.9896912085437917,2.8511395566423134,2.714907210234869,81.96661344138414,0.08085109360344811,0.07441438558954694,0.006436708013901171
2020-01-24,2.9741508208864276,2.862854915141753,2.7250736263388515,77.58183666258103,0.08079208430063511,0.07568992533176458,0.005102158968870535
2020-01-27,2.9047346061552997,2.866843457143043,2.7321191549591046,61.70352752323581,0.07428766860847658,0.07540947398710698,-0.0011218053786304083
2020-01-28,2.95919044255733,2.8756384081348796,2.7410239113355055,67.34909506011115,0.0726890886354834,0.07486539691678228,-0.002176308281298875
2020-01-29,2.9773650064248067,2.8853266555910633,2.7502921895743015,68.99205174462136,0.07205809701489718,0.07430393693640526,-0.0022458399215080777
2020-01-30,3.001275415907083,2.8963693946687794,2.760134669038332,71.05554905039192,0.07264993855843827,0.07397313726081187,-0.0013231987023736014
2020-01-31,2.967780440782509,2.903170446679611,2.7682776404792806,64.57281881291547,0.06961374872012449,0.0731012595526744,-0.0034875108325499032
2020-02-03,3.058893953969477,2.9180012568976936,2.7796743586553667,72.04445517951197,0.07370996287630183,0.07322300021739989,0.00048696265890194046
2020-02-04,3.156145956189815,2.9406817044493243,2.7944379507155412,77.49923125494108,0.08383724237377566,0.07534584864867504,0.008491393725100618
2020-02-05,3.1184237458028745,2.957609517911567,2.807143276013084,71.65859052043582,0.08780713126686912,0.07783810517231386,0.009969026094555258
2020-02-06,3.1503756901496573,2.9759682009818613,2.8206033706851064,73.48162486272795,0.09246566506243337,0.08076361715033777,0.0117020479120956
2020-02-07,3.1487278038169593,2.992421496489966,2.8334709955138067,73.22003675772493,0.09493031838498345,0.08359695739726691,0.011333360987716534
2020-02-10,3.2009407290414855,3.0122804710186823,2.847881573299206,76.12069391120554,0.09994462122386638,0.08686649016258681,0.013078131061279571
2020-02-11,3.198229684520963,3.0299899199236613,2.8616207149157455,75.66243591668265,0.10251797036695098,0.08999678620345965,0.012521184163491336
2020-02-12,3.232125060963489,3.049240885736978,2.8761502971136963,77.48727227686781,0.10606973581786594,0.09321137612634091,0.012858359691525031
2020-02-13,3.246083331738704,3.0679877853561903,2.8906574749421283,78.21178224560146,0.1087571664088518,0.09632053418284309,0.012436632226008715
2020-02-14,3.26376065380475,3.0866328204465296,2.905288972152427,79.12790127804912,0.11103346203487785,0.09926311975325006,0.011770342281627794
2020-02-18,3.3043485052258834,3.107367647568373,2.9209383656062884,81.09354406211474,0.11478932325655711,0.10236836045391148,0.012420962802645624
2020-02-19,3.360878884457081,3.131511574891107,2.9381909349729862,83.43365146584856,0.12093335505544323,0.10608135937421784,0.014851995681225388
2020-02-20,3.324478695889293,3.1498893959385534,2.9533394746167634,76.83869319610886,0.12146517854425776,0.10915812320822582,0.012307055336031936
2020-02-21,3.255902438978147,3.1599858762280384,2.965204688905445,66.21907849397566,0.11502716017313208,0.11033193060120708,0.0046952295719250026
2020-02-24,3.1050567624731595,3.154754532060907,2.9706890839473163,49.88647605627786,0.09663900451816954,0.10759334538459958,-0.010954340866430046
2020-02-25,3.019532659260296,3.141876258460849,2.9726045182733154,43.35708501226494,0.07430859507900323,0.10093639532348032,-0.0266278002444771
2020-02-26,3.049480197380464,3.1330766335960503,2.975619250787321,46.02130167828009,0.058355415851874426,0.09242019942915916,-0.034064783577284735
2020-02-27,2.8779348754258187,3.108777418532219,2.971788490969223,35.67120951158749,0.03150694016641031,0.08023754757660939,-0.04873060741019908
2020-02-28,2.8940882456379597,3.0883308306375277,2.96874142252486,37.10559629060539,0.0114013441315719,0.0664703068876019,-0.05506896275603
2020-03-02,3.058158815118533,3.0854573053500043,2.9722479869402982,49.4377630687276,0.008607417235130477,0.054897728957107615,-0.04629031172197714
2020-03-03,2.961026064447861,3.0736067109783716,2.971807911548438,43.94426163110996,-0.0014281285889170547,0.04363255744790268,-0.04506068603681974
2020-03-04,3.079151665256405,3.0741348018619936,2.976017470517378,51.06568735980106,0.00014866410447833545,0.034935778779217816,-0.03478711467473948
2020-03-05,2.979566076945853,3.065128256631885,2.976156631553789,45.784817058604176,-0.006561800677371998,0.02663626288789985,-0.03319806356527185
2020-03-06,2.92398722906096,3.051686254006083,2.9741107726325016,43.105600905873935,-0.01617814926163552,0.01807338045799278,-0.034251529719628304
2020-03-09,2.716321357865816,3.019746740087962,2.9640013838181214,34.890181031064316,-0.04009389757243298,0.006439924851907627,-0.04653382242434061
2020-03-10,2.8665474008794085,3.0051563268300043,2.9601796589969953,43.30771377981574,-0.0463905528168751,-0.004126170681848917,-0.04226438213502618
2020-03-11,2.7439087607656045,2.9802756062524427,2.9516984473016468,38.88775718238818,-0.06057830183152024,-0.015416596911783183,-0.04516170491973706
2020-03-12,2.4819307332044502,2.9328141897716815,2.9332761840037174,31.493481407060628,-0.09190224070164454,-0.030713725669755457,-0.06118851503188909
2020-03-13,2.6872851064121783,2.9094304675469673,2.9236294750785587,40.96869301532469,-0.0990149238260356,-0.04437396530101149,-0.05464095852502412
2020-03-16,2.329183409557347,2.8541688429765273,2.900317864665962,32.521464843714284,-0.1320256807372564,-0.06190430838826048,-0.07012137234899593
2020-03-17,2.4578532695972704,2.8164245026546935,2.8829663119181705,37.50739167223147,-0.1461199808697895,-0.07874744288456628,-0.06737253798522322
2020-03-18,2.3369322906272147,2.7707585776996955,2.8615532130440156,34.89771470966036,-0.16514345672200825,-0.09602664565205468,-0.06911681106995357
2020-03-19,2.461890659739511,2.7413425855130114,2.8458801717379565,39.576410283909695,-0.16819772366596242,-0.11046086125483624,-0.057736862411126175
2020-03-20,2.398923057258484,2.708731201869723,2.828352441758369,38.09086504269986,-0.17369694128531377,-0.12310807726093176,-0.05058886402438201
2020-03-23,2.4222169567266216,2.681444130903713,2.8124255599924184,39.00301775665457,-0.174167789989224,-0.13332001980659022,-0.040847770182633775
2020-03-24,2.614441914976743,2.675062967482097,2.8046614954819997,46.065131454187814,-0.15721768572316996,-0.13809955298990617,-0.019118132733263793
2020-03-25,2.594086819079594,2.6673509533485253,2.7964036650348465,45.464856475110366,-0.1437698032988468,-0.1392336030516943,-0.004536200247152511
2020-03-26,2.7234805706316827,2.672696631185017,2.7935439358425653,49.9313682676915,-0.12127330209274234,-0.13564154285990393,0.014368240767161589
2020-03-27,2.632355011974883,2.668854572212623,2.7872228015732445,47.011218569452446,-0.10953508158659053,-0.13042025060524126,0.02088516901865073
2020-03-30,2.7255273922836487,2.674251983647959,2.784803373757966,50.217072638723785,-0.09165765248635216,-0.12266773098146344,0.031010078495111282
2020-03-31,2.7279639529480253,2.679367409295584,2.7825743768634585,50.30175161923566,-0.07641221855155633,-0.11341662849548204,0.037004409943925703
2020-04-01,2.6066612811775003,2.672443016141481,2.7756758240914605,46.09783990740086,-0.07327356215070013,-0.10538801522652566,0.03211445307582553
2020-04-02,2.6420140605943025,2.6695450203750832,2.7704341863072584,47.475587194108726,-0.06715930977888052,-0.09774227413699664,0.030582964358116124
2020-04-03,2.6129137271487033,2.6641515638773328,2.76425691339908,46.423716428982246,-0.06392498697292881,-0.09097881670418308,0.027053829731254267
2020-04-06,2.8028074061693533,2.6773568821908587,2.765768697429287,53.641712639963295,-0.04551426978743933,-0.08188590732083433,0.03637163753339499
2020-04-07,2.8038735765121676,2.6894060911738404,2.7672630064129295,53.67944540126545,-0.030486186953370353,-0.07160596324734153,0.04111977629397118
2020-04-08,2.8533565230012554,2.7050204180145467,2.7706392227497267,55.49020356032402,-0.014417269492183138,-0.060168224496309854,0.045750955004126716
2020-04-09,2.8517756543499058,2.7189971071893426,2.7738210435967923,55.41567131278426,-0.0017894716074042805,-0.04849247391852874,0.04670300231112446
2020-04-13,2.948084457341646,2.74081495006099,2.7806549029593355,59.02633923896961,0.01580724858778826,-0.03563252941726534,0.0514397780050536
2020-04-14,3.0898069792720433,2.7740522861763286,2.792778513795128,63.6867862321413,0.04071921346920693,-0.020362180839970892,0.06108139430917782
2020-04-15,3.082614370775815,2.8034391513762795,2.8041446258335867,63.293315093874966,0.059199328713135824,-0.00444987892934955,0.06364920764248537
2020-04-16,3.149437553514945,2.8363913801513907,2.8176855249583457,65.43022178782593,0.07833403952203444,0.012106904760927248,0.06622713476110718
2020-04-17,3.149533975846989,2.8662144845033524,2.830699189699077,65.43334882367562,0.0924406182674935,0.0281736474622405,0.06426697080525301
2020-04-20,3.1202767433545415,2.8904108901082277,2.8420551721953697,63.55478978388053,0.10010541647872673,0.042560001265537745,0.05754541521318898
2020-04-21,2.9938442154583678,2.9002616829987176,2.8480076836958794,56.06411512506917,0.09488401209434327,0.05302480343129885,0.04185920866304442
2020-04-22,3.101370516884995,2.919414905273601,2.8579434810758446,60.34480092866035,0.09828946561531948,0.06207773586810299,0.036211729747216495
2020-04-23,3.094206340973979,2.936061708673637,2.8672086912679284,59.925867974022644,0.09926594689822155,0.0695153780741267,0.029750568824094853
2020-04-24,3.1453996661386237,2.9559986570036356,2.8781181412628576,61.958212635591075,0.10298355849313667,0.07620901415792869,0.026774544335207984
2020-04-27,3.1745066694806146,2.976808943906205,2.889741220800809,63.10394200165126,0.10704454153645582,0.08237611963363412,0.024668421902821702
2020-04-28,3.0965776853094034,2.9882154907065095,2.8978524547031066,58.06198419703822,0.10278978545090833,0.08645885279708897,0.016330932653819366
2020-04-29,3.216861210141475,3.0099912735098395,2.9103626019751996,62.97881084038451,0.10788016046506499,0.09074311433068417,0.017137046134380815
2020-04-30,3.242499936753804,3.03213495572355,2.9233875954959294,63.949028071576656,0.11268419702397692,0.09513133086934272,0.017552866154634195
2020-05-01,3.1304405656293746,3.0414973947622,2.931507319814888,56.92684501276336,0.10622468384483374,0.09735000146444092,0.008874682380392823
2020-05-04,3.204186210958522,3.056991567733278,2.942200609663658,60.03691450740852,0.10583611749033928,0.0990472246696206,0.006788892820718678
2020-05-05,3.2316891537912924,3.0736294330721368,2.953553101590232,61.16316428123287,0.10651954250991258,0.100541688237679,0.005977854272233574
2020-05-06,3.262162812165503,3.0915849929857906,2.9656554431814195,62.42669333790869,0.10827203864900348,0.1020877583199439,0.006184280329059572
2020-05-07,3.288551208728195,3.110343680199353,2.97831802222247,63.53309641572136,0.11051626482395882,0.1037734596207469,0.006742805203211924
2020-05-08,3.339342255581606,3.132153068330996,2.992475835295377,65.63088242865305,0.11506682451259787,0.10603213259911709,0.009034691913480775
2020-05-11,3.3749471945421967,3.1552763184463486,3.0074747121285856,67.06134318188168,0.12016105501750385,0.10885791708279445,0.011303137934709398
2020-05-12,3.311506356580404,3.1701553696972113,3.0193975217149314,62.10165801629855,0.11772209691450941,0.11063075304913746,0.007091343865371955
2020-05-13,3.276667101087149,3.1802993441153005,3.0294865248275675,59.49923505682124,0.11169047007749322,0.11084269645480861,0.0008477736226846083
2020-05-14,3.307921897283994,3.192453872988509,3.040405559041545,61.075154706594546,0.1081852707413744,0.11031121131212178,-0.0021259405707473727
2020-05-15,3.3422846511819806,3.206723470911697,3.052243954811758,62.78947745246019,0.10694733971215875,0.10963843699212918,-0.0026910972799704252
2020-05-18,3.398132228139099,3.2249528763619257,3.065808200824595,65.4525485679565,0.10921375499112296,0.10955350059192794,-0.0003397456008049776
2020-05-19,3.3990627539265628,3.24153476946332,3.0788770068285936,65.49685679956396,0.1098190652583586,0.10960661352521407,0.00021245173314453358
2020-05-20,3.4619562688472243,3.262527293214168,3.093899722986187,68.44282873977201,0.11405895836444113,0.11049708249305949,0.0035618758713816395
2020-05-21,3.4302717245674117,3.2785029533430485,3.107090781871725,65.41271852441716,0.11355345275441264,0.11110835654533012,0.002445096209082523
2020-05-22,3.4407995222940215,3.2939597694336173,3.120177399143188,65.95209942428293,0.11270316922897017,0.11142731908205813,0.0012758501469120331
2020-05-26,3.4175128871698854,3.3057267330275475,3.131837614359921,63.58987583663205,0.10889500276205188,0.11092085581805688,-0.0020258530560050003
2020-05-27,3.4184154171220102,3.3164589886555915,3.1430759595662776,63.64422656068199,0.10474242455466953,0.10968516956537941,-0.004942745010709876
2020-05-28,3.396378349286292,3.324070356334706,3.153009386614121,61.24042699452097,0.09853739149299168,0.10745561395090188,-0.0089182224579102
2020-05-29,3.4500245658912587,3.336065995340092,3.1646570407034207,64.73250419611156,0.09683243538759445,0.1053309782382404,-0.008498542850645954
2020-06-01,3.495054839542149,3.3512077900260024,3.177613817128469,67.38849102909819,0.09798529861178418,0.10386184231294918,-0.005876543701164999
2020-06-02,3.5076995260105246,3.3661117648816714,3.190558354731687,68.11464826438856,0.09878059038762288,0.10284559192788392,-0.004065001540261043
2020-06-03,3.513673326153819,3.3801652469075902,3.2032295300815745,68.47182723648133,0.09875451996260143,0.10202737753482743,-0.0032728575722260067
2020-06-04,3.4817668922643246,3.3898415940844218,3.2141525638926627,64.32705561795842,0.09506344419155477,0.10063459086617291,-0.005571146674618138
2020-06-05,3.5459986685202964,3.404713696411648,3.227166136623158,68.46544830401184,0.09621213399600848,0.09975009949214003,-0.0035379654961315565
2020-06-08,3.5751434402810647,3.420945100589688,3.2408123053940563,70.1571671869574,0.09834060912290976,0.09946820141829399,-0.0011275922953842277
2020-06-09,3.626601173055054,3.440531393205437,3.2559412805964483,72.91948201527543,0.1029924175020489,0.10017304463504498,0.0028193728670039275
2020-06-10,3.7036241274890767,3.4655878440895935,3.273497470670669,76.43546110906347,0.11160757521830966,0.10245995075169792,0.009147624466611742
2020-06-11,3.5364259780930842,3.4723343330423067,3.283808392530372,58.637799111437126,0.10374771734939525,0.10271750407123739,0.00103021327815786
2020-06-12,3.5407213719547217,3.478847384367299,3.293883411331327,58.9025510439434,0.09675005138009762,0.10152401353300945,-0.004773962152911829
2020-06-15,3.598881717687705,3.4902792256359088,3.3058441292276557,62.4109244842383,0.0948045566035911,0.1001801221471258,-0.005375565543534688
2020-06-16,3.6491753007172543,3.505412185167465,3.3193080967370516,65.17914487181397,0.09621193846932874,0.09938648541156639,-0.0031745469422376493
2020-06-17,3.67600768096772,3.52165937524368,3.3332963157264897,66.59269672490515,0.09835863050982319,0.09918091443121776,-0.0008222839213945787
2020-06-18,3.6895281100337742,3.5376468737951177,3.34726619001305,67.31275328357839,0.09999816840995424,0.09934436522696508,0.00065380318298916
2020-06-19,3.679490897790125,3.551155828461309,3.3602946099258766,66.1724774955641,0.09934243708822832,0.09934397959921773,-1.542510989410717e-06
2020-06-22,3.745564195880033,3.569670911072616,3.375403221139765,69.79930608801371,0.10296738433805741,0.10006866054698567,0.0028987237910717417
2020-06-23,3.767950745481175,3.588554704825812,3.3907972417021734,70.93628856581364,0.10641984685994554,0.10133889780957765,0.005080949050367892
2020-06-24,3.6887029297331413,3.5980926310074626,3.402479817703388,62.03310742540907,0.10159024277200945,0.10138916680206402,0.00020107596994543842
2020-06-25,3.7374343376420565,3.6113632697345666,3.415615289073532,64.94659579890507,0.10053604712009845,0.10121854286567092,-0.0006824957455724701
2020-06-26,3.61076456402308,3.6113062501429964,3.4232682018166516,53.4622951380405,0.08845968913124569,0.09866677211878588,-0.010207082987540195
2020-06-29,3.670563044031789,3.6169497543228815,3.4329660387662653,57.300861947114925,0.08276031658647165,0.09548548101232304,-0.012725164425851393
2020-06-30,3.7627131689163926,3.6308319842841685,3.445897298772153,62.44197710180017,0.08470286581897879,0.09332895797365419,-0.0086260921546754
2020-07-01,3.843206930404136,3.6510581696289273,3.4614780686400737,66.26312662615976,0.09168068603926516,0.09299930358677638,-0.001318617547511225
2020-07-02,3.880015077145288,3.6728635893923904,3.4778912846598864,67.87277472485412,0.09903910747850775,0.09420726436512267,0.0048318431133850814
2020-07-06,4.026987451906426,3.7065896715365843,3.4994244676891624,73.34204498070628,0.11539989368702486,0.09844579022950312,0.01695410345752174
2020-07-07,4.017049552668723,3.7361572792634545,3.5197234906295374,72.44399171089384,0.1261103080857091,0.10397869380074433,0.022131614284964782
2020-07-08,4.077611398525853,3.768676719193207,3.541601447801942,74.4936724223602,0.13789564828882916,0.11076208469836131,0.027133563590467855
2020-07-09,4.139839108056531,3.804025518132571,3.565061748204083,76.43338140247216,0.1505217503673526,0.11871401783215958,0.03180773253519302
2020-07-10,4.223183330114147,3.8439453097498637,3.5908704376907528,78.76287118267783,0.16534718993355701,0.12804065225243907,0.03730653768111794
2020-07-13,4.114580355778903,3.8697200760383437,3.611408081537347,69.16837809841664,0.16641477922012404,0.13571547764597608,0.030699301574147964
2020-07-14,4.154574674983488,3.896849085461691,3.632708732260725,70.58922796890175,0.16854517487440912,0.1422814170916627,0.026263757782746422
2020-07-15,4.14392082283798,3.9203797271165755,3.6527562652245393,69.66818611846682,0.1674436656019198,0.14731386679371414,0.020129798808205673
2020-07-16,4.1135594164179015,3.938777792764321,3.670826977036044,66.98578639446383,0.1622504773053266,0.15030118889603664,0.011949288409289965
2020-07-17,4.083708256531128,3.9525806940754453,3.6870183997613415,64.36191840433443,0.15395144263975835,0.151031239644781,0.002920202994977361
2020-07-20,4.227417438382133,3.9787556221046536,3.7082105189229413,70.37763121885648,0.15715889787690385,0.15225677129120557,0.004902126585698274
2020-07-21,4.1606645214249545,3.996080279182778,3.7259538131387067,64.89773036860267,0.15255585777407266,0.152316588587779,0.00023926918629366134
2020-07-22,4.17243521371815,4.012875987233766,3.743462887671234,65.40919448876639,0.1481499316340007,0.15148325719702332,-0.0033333255630226266
2020-07-23,4.042746247843194,4.015720773958473,3.7551994900309187,55.76762324482613,0.13266411835891656,0.14771942942940197,-0.015055311070485411
2020-07-24,4.01060530976162,4.015233586892106,3.765215404530162,53.65669656257609,0.11645556738920781,0.14146665702136316,-0.025011089632155342
2020-07-27,4.109451357104996,4.024206707864762,3.7787148536507438,58.81931494379064,0.11031458601994215,0.13523624282107896,-0.02492165680113681
2020-07-28,4.0408235331498155,4.025789262653815,3.788993625395806,54.296772464724214,0.09877154530378007,0.1279433033176192,-0.029171758013839116
2020-07-29,4.080978454836865,4.031045376195058,3.8004440108640827,56.40873125774884,0.09180549239516944,0.12071574113312925,-0.028910248737959804
2020-07-30,4.1014186311540595,4.0377475909530585,3.8122469371499643,57.485702519064695,0.08693209757304032,0.11395901242111146,-0.02702691484807114
2020-07-31,4.175828521121009,4.050898155730959,3.826505038482162,61.23992433499916,0.08805906325024004,0.10877902258693718,-0.02071995933669714
2020-08-03,4.2490753070192815,4.0697721701393705,3.843076421562049,64.5577167332062,0.09378153992653804,0.10577952605485737,-0.01199798612831933
2020-08-04,4.284248227085267,4.090198461277075,3.8603772766806066,66.06009651536996,0.10000204331150453,0.10462402950618681,-0.004621986194682279
2020-08-05,4.291677955730568,4.10938698455836,3.8772910288002134,66.38424952658045,0.10432871755563067,0.10456496711607559,-0.00023624956044492051
2020-08-06,4.364391375125788,4.133673116993353,3.8963930031659224,69.45860850391753,0.11233013148719184,0.10611799999029885,0.006212131496892995
2020-08-07,4.306490391643891,4.150131905055309,3.9124752536944705,64.40731055757757,0.11270004820439272,0.10743440963311762,0.0052656385712751
2020-08-10,4.2717924936757905,4.1617186277810685,3.926566125850601,61.51998956355462,0.10893761447592087,0.10773505060167829,0.0012025638742425848
2020-08-11,4.170385858942183,4.162544078367842,3.9361276840110553,53.913176972842464,0.09665896631132043,0.10551983374360673,-0.008860867432286298
2020-08-12,4.323690635408214,4.177891369514544,3.9513262311246695,61.636122301543075,0.09816685699661587,0.10404923839420857,-0.005882381397592701
2020-08-13,4.352232001268774,4.194495239205423,3.9670480260322813,62.883163753623776,0.10050634632586153,0.10334065998053917,-0.0028343136546776365
2020-08-14,4.3593597657614565,4.210196622686951,3.982432800139308,63.20483513031594,0.10176250469063142,0.10302502892255762,-0.0012625242319262014
2020-08-17,4.454869483939281,4.233498799949078,4.0009597289157774,67.29494735694144,0.109205996543988,0.1042612224468437,0.004944774097144292
2020-08-18,4.51027899021531,4.259858818069671,4.020933033280465,69.41878176979735,0.11821341092924698,0.10705166014332437,0.011161750785922603
2020-08-19,4.485925722846524,4.28138899947699,4.0391680407144275,67.34867615131591,0.12198062980646451,0.11003745407595242,0.011943175730512096
2020-08-20,4.57290884928042,4.309152794696364,4.060099052815055,70.70852137499645,0.13048088682116,0.11412614062499395,0.016354746196166045
2020-08-21,4.620768853600657,4.3388305145920105,4.082086103826255,72.3918838938028,0.13947156275484396,0.11919522505096396,0.02027633770388
2020-08-24,4.63625465660588,4.367156623355236,4.103818203935259,72.9338945285083,0.14616145482005738,0.12458847100478265,0.021572983815274727
2020-08-25,4.674736880471254,4.3964499811758095,4.1262071716425535,74.2849391895212,0.15280697267442722,0.13023217133871157,0.022574801335715655
2020-08-26,4.843521911916833,4.439028260294002,4.1543371614572315,79.19118895152792,0.16973651797280453,0.13813304066553017,0.031603477307274364
2020-08-27,4.819239289723524,4.475238834525385,4.180411754722576,76.91748706684311,0.1791290121715221,0.14633223496672856,0.03279677720479354
2020-08-28,4.850678245714354,4.510994968924334,4.206696715153626,77.80597187574163,0.18695439856384244,0.15445666768615135,0.03249773087769109
2020-08-31,4.940158797052435,4.551867714460343,4.235459934051618,80.14811721084602,0.1980929145213901,0.16318391705319912,0.03490899746819098
2020-09-01,5.023734663660382,4.596807423907966,4.266372668546079,82.05315161352345,0.2112292236247013,0.17279297836749957,0.03843624525720174
2020-09-02,5.077358333666746,4.642574177218326,4.298176027962577,83.16915947574955,0.22339170473322056,0.18291272364064376,0.040478981092576805
2020-09-03,4.772898548077675,4.654986022062073,4.316792597378855,60.257816846105094,0.2060875494324117,0.18754768879899736,0.01853986063341434
2020-09-04,4.730621906254773,4.6621894396042345,4.33302119772693,57.87371492850007,0.18680909109482258,0.18739996925816244,-0.0005908781633398585
2020-09-08,4.454606369777544,4.642419623430264,4.3377892436897,45.27814600007996,0.147557673919386,0.17943151019040715,-0.03187383627102114
2020-09-09,4.613913134367125,4.6397047197099655,4.348617631559404,51.7986478415025,0.12783180209484257,0.16911156857129422,-0.04127976647645165
2020-09-10,4.5176842455767545,4.628083722173469,4.355247694854202,48.07239822647048,0.10324390794595661,0.15593803644622672,-0.05269412850027011
2020-09-11,4.495222226805528,4.6154302464241415,4.360736892185627,47.21852395739633,0.08101147760885663,0.1409527246787527,-0.059941247069896064
2020-09-14,4.592491418667197,4.613245596161575,4.369825304988826,51.25617643427679,0.07042906484244327,0.12684799271149083,-0.056418927869047564
2020-09-15,4.690977689336909,4.620648652654464,4.3824195161397315,55.00899978015413,0.0691918449239779,0.11531676315398826,-0.04612491823001036
2020-09-16,4.597690001515975,4.618462114450798,4.390861495958408,51.00337073718944,0.05999224915115775,0.10425186035342215,-0.044259611202264404
2020-09-17,4.51057326984045,4.6081869863926705,4.395556075326331,47.52316989037614,0.04515143342168404,0.09243177496707454,-0.0472803415453905
2020-09-18,4.465906281956364,4.594636443113022,4.398314906958881,45.79765601228445,0.029446288920127905,0.07983467775768521,-0.05038838883755731
2020-09-21,4.505666605814755,4.5861631252750925,4.402524777502249,47.62079544249064,0.01997788200966255,0.06786331860808069,-0.04788543659841814
2020-09-22,4.572255690711651,4.584838607697622,4.409180891745756,50.61664645485048,0.017643896108512358,0.05781943410816703,-0.04017553799965467
2020-09-23,4.395649465475364,4.566820594152646,4.408650247578289,43.508968460136245,0.0015259587470701774,0.04656073903594766,-0.04503478028887748
2020-09-24,4.4370918964182655,4.554465480082706,4.409765606356328,45.444915647701634,-0.007813495791345382,0.03568589207048905,-0.04349938786183443
2020-09-25,4.539565637851553,4.553046447489262,4.414855803669866,50.007114959581706,-0.0068671460898253045,0.027175284438426178,-0.03404243052825148
2020-09-28,4.626385227692368,4.560031093222891,4.42315107520016,53.55119399051271,0.0008783333056729958,0.021915894211875543,-0.021037560906202547
2020-09-29,4.631708867476241,4.566857547913687,4.431329812152163,53.767623775889106,0.007361397164612704,0.019004994802422976,-0.011643597637810272
2020-09-30,4.677825206743143,4.577425896373635,4.4409962982145545,55.693552670825824,0.01603562642963663,0.018411121127865707,-0.0023754946982290776
2020-10-01,4.772409398569208,4.595995753725594,4.453992890385325,59.42676022616468,0.030194110513090955,0.020767719004910756,0.009426391508180199
2020-10-02,4.609797305112031,4.59731018719097,4.460102867433431,51.407079052053156,0.027970942604535587,0.02220836372483572,0.005762578879699866
2020-10-05,4.726248974706769,4.609590071716284,4.470539969679445,55.98772216575066,0.035199979081406596,0.024806686796149897,0.010393292285256699
2020-10-06,4.640969750371863,4.612578612540625,4.477223490490912,52.1134885695825,0.03365971364960174,0.026577292166840266,0.007082421482761475
2020-10-07,4.729995687953423,4.6237611911513685,4.487136125685521,55.56992111988406,0.039171150697860035,0.029096063873044222,0.010075086824815813
2020-10-08,4.753787142858574,4.6361446151234835,4.497593028319758,56.47409473073358,0.04494072711616237,0.03226499652166785,0.01267573059449452
2020-10-09,4.821311564684012,4.653779562700676,4.510287872883062,59.02292134507743,0.05433546904687514,0.03667909102670931,0.017656378020165828
2020-10-12,4.9675074315603185,4.683658407353976,4.5282180516547195,63.94568148890882,0.07273916257193314,0.04389110533575408,0.02884805723617906
2020-10-13,4.982320647421825,4.7121024302175805,4.546025996586763,64.41219881543728,0.08751075548710485,0.05261503536602423,0.03489572012108062
2020-10-14,4.952717534051283,4.735018154392218,4.561974684330469,62.66708912710116,0.09572516533140352,0.06123706135910009,0.034488103972303424
2020-10-15,4.912484558274895,4.751919716666759,4.5757201695831915,60.276885718295574,0.09786060329185275,0.06856176974565062,0.029298833546202135
2020-10-16,4.877367569817907,4.763867131252582,4.587549479396318,58.19062698254718,0.09561709146609942,0.07397283408974038,0.02164425737635904
2020-10-19,4.790711419495728,4.766423730132882,4.595516614302178,53.28919136170327,0.08585695948043703,0.07634965916787972,0.00950730031255731
2020-10-20,4.813000391989811,4.770859602690685,4.604045389897772,54.354183941382836,0.07900974322931198,0.07688167598016618,0.0021280672491457986
2020-10-21,4.793136397312004,4.77298120217843,4.611460723521859,53.19026542063716,0.07116012701006635,0.07573736618614621,-0.004577239176079856
2020-10-22,4.785756131619689,4.774197862125217,4.618295837564912,52.73840254686199,0.06361046203081333,0.07331198535507964,-0.009701523324266312
2020-10-23,4.812462683015274,4.777842130781412,4.6259102236610055,54.25290007297738,0.05910101394437106,0.07046979107293794,-0.011368777128566876
2020-10-26,4.738050957074123,4.774052495190242,4.630307899481128,49.49385615012669,0.04895847660562058,0.06616752817947447,-0.017209051573853884
2020-10-27,4.791149537864743,4.775680784968766,4.636615414711859,52.683454540327766,0.044689897082994534,0.06187200196017848,-0.017182104877183947
2020-10-28,4.596689340638489,4.7586339807468345,4.635049686316824,42.178088724219876,0.025323787455105773,0.05456235905916394,-0.02923857160405817
2020-10-29,4.709945410226325,4.753996974030596,4.637986773528962,48.60593329290585,0.018896991588921885,0.04742928556511553,-0.028532293976193647
2020-10-30,4.554009351274948,4.734950533768153,4.634693541283707,41.72783296752777,0.0012070585969139458,0.038184840171475214,-0.03697778157456127
2020-11-02,4.582938638097261,4.720473210370925,4.63266393723718,43.330001787076874,-0.010358581791020782,0.02847615577897602,-0.0388347375699968
2020-11-03,4.677370333119879,4.716368174442254,4.63441712923258,48.324549005963576,-0.011768921730863191,0.020427140277008177,-0.03219606200787137
2020-11-04,4.869637259439889,4.730965230156314,4.64364144806424,56.6934429453362,0.002597762429898509,0.016861264707586244,-0.014263502277687735
2020-11-05,5.014201548441567,4.757940117612052,4.658173216706488,61.714132872916274,0.02535630142288081,0.018560272050645157,0.006796029372235654
2020-11-06,5.016139627566924,4.782530547131564,4.672211115171604,61.77810887195091,0.04305270949378759,0.023458759539273642,0.019593949954513946
2020-11-09,4.825346449567558,4.786608252125467,4.6782164224028175,52.480840051661325,0.04120681888849553,0.02700837140911802,0.014198447479377513
2020-11-10,4.72666296111554,4.780899176791189,4.6801162866660615,48.42175941601752,0.03141882780967453,0.027890462689229324,0.003528365120445208
2020-11-11,4.8458829651752895,4.787088109018246,4.686616940725247,53.1374188090247,0.03290255218505589,0.028892880588394638,0.004009671596661251
2020-11-12,4.8218721302289955,4.790400872943079,4.691921065803825,52.10420198896489,0.03177466220212999,0.02946923691114171,0.0023054252909882784
2020-11-13,4.83364565257267,4.794519423383993,4.697478892735937,52.590985406096976,0.03146808166512027,0.029869005861937425,0.0015990758031828485
2020-11-16,4.8581834687284955,4.800582665797755,4.703781032970939,53.648333278997626,0.032826705249238586,0.03046054573939766,0.002366159509840926
2020-11-17,4.879313174939006,4.808080809525493,4.710664646381451,54.5875676245289,0.03520262102852545,0.03140896079722322,0.0037936602313022316
2020-11-18,4.903013791266556,4.817122045881785,4.718207750102436,55.67257326372519,0.03855357149109295,0.03283788293599717,0.005715688555095785
2020-11-19,4.939819785716306,4.828807544913644,4.726898418165725,57.37574194885933,0.043675693815408145,0.03500544511187936,0.008670248703528782
2020-11-20,4.8915196912002195,4.834780130274271,4.733354154363156,54.42070178259985,0.0433380249193247,0.03667196107336843,0.00666606384595627
2020-11-23,4.8993337152882255,4.84092809075179,4.739863156752374,54.82605584781283,0.04320292984343865,0.03797815482738248,0.005224775016056171
2020-11-24,4.98363260892236,4.854518997244225,4.749422743111982,59.05647978354856,0.04932944310985743,0.04024841248387747,0.00908103062597996
2020-11-25,5.028108307446048,4.871051312501541,4.760351588772141,61.12496426772858,0.05711517796595089,0.043621765580292154,0.013493412385658737
2020-11-27,5.069960686170976,4.889995062374821,4.7724931220034685,63.01833475576858,0.0659028787575755,0.048077988215748824,0.017824890541826677
2020-11-30,5.064692088310803,4.906632874368724,4.783951904995914,62.60497022995812,0.07161651255410462,0.05278569308341999,0.01883081947068463
2020-12-01,5.163686065208545,4.931114130639183,4.798843440690527,66.98677154823594,0.08317381909816746,0.05886331828636948,0.024310500811797975
2020-12-02,5.15497761243554,4.952434462238836,4.812809486641312,66.25132639753298,0.09058614771805473,0.06520788417270654,0.025378263545348195
2020-12-03,5.130968019714512,4.969437658188901,4.825286291859869,64.15984958513022,0.09344591177334838,0.07085548969283491,0.02259042208051347
2020-12-04,5.147433724704904,4.986389664523759,4.8379195245204585,64.976430274835,0.09593506051364198,0.07587140385699633,0.020063656656645654
2020-12-07,5.229731278011158,5.009565056284463,4.853284691324016,68.80240169109454,0.10335701821763443,0.08136852672912395,0.02198849148851048
2020-12-08,5.236851368283049,5.0312113717128994,4.868326521792998,69.11673311948086,0.10856206899638021,0.08680723518257522,0.021754833813804997
2020-12-09,5.097864614796573,5.03755929962563,4.877328015636276,57.036114582508915,0.1003156632714477,0.08950892080034971,0.010806742471097988
2020-12-10,5.114866264829238,5.044921867740259,4.8866432410948235,58.00311223809612,0.09406786262607003,0.09042070916549379,0.003647153460576244
2020-12-11,5.1037848559200825,5.050527866614528,4.895158598538952,57.101013081131505,0.08721687665045863,0.08977994266248676,-0.0025630660120281312
2020-12-14,5.167331584384174,5.061652030211638,4.905832048964255,60.860283404276124,0.08592462521769306,0.08900887917352804,-0.0030842539558349757
2020-12-15,5.198032552601986,5.074640651391672,4.917290892244166,62.56697482304568,0.086382059591533,0.08848351525712904,-0.0021014556655960387
2020-12-16,5.218733788633952,5.088363807319508,4.929112182298668,63.71587647378416,0.0874074180625728,0.0882682958182178,-0.0008608777556450009
2020-12-17,5.257062097296474,5.104430311126839,4.941972963278974,65.80833218314211,0.09027219455783264,0.08866907556614076,0.001603118991691882
2020-12-18,5.280982840523282,5.121244837736024,4.955267468268947,67.08413797056022,0.09339614204591129,0.08961448886209487,0.0037816531838164164
2020-12-21,5.246393281381695,5.133163737130849,4.966684166822389,63.40021890203302,0.09202005468144847,0.0900956020259656,0.0019244526554828695
2020-12-22,5.238822866393211,5.143226511346312,4.977356272687911,62.59008810229238,0.0892893542152633,0.08993435246382514,-0.0006449982485618455
2020-12-23,5.201096838100569,5.148737971037193,4.986130412508015,58.57337582525356,0.08312289029145692,0.0885720600293515,-0.0054491697378945825
2020-12-24,5.230311180701747,5.156506848148103,4.995706128907769,60.67784324323897,0.07967483460091795,0.08679261494366479,-0.007117780342746835
2020-12-28,5.316121592196252,5.171708252343165,5.008271441193592,66.12176622466221,0.08291066613523146,0.08601622518197813,-0.00310555904674667
2020-12-29,5.322549971836921,5.186074130390189,5.020596089454115,66.49597830144975,0.08501381609914738,0.08581574336541198,-0.0008019272662646015
2020-12-30,5.325092014114899,5.199313928840162,5.032537106107479,66.6528417666519,0.08589554874719152,0.08583170444176788,6.384430542363817e-05
2020-12-31,5.353700969356198,5.214017456508357,5.04513176741135,68.4435191204371,0.08788969413174907,0.08624330237976413,0.0016463917519849436
2021-01-04,5.293492516980224,5.22158650988663,5.0548714046493455,61.01754562709548,0.083647513327473,0.08572414456930591,-0.0020766312418329103
2021-01-05,5.3250973450791195,5.231444684666867,5.065468500352473,63.270325683243,0.08189180225135662,0.08495767610571606,-0.003065873854359441
2021-01-06,5.211366949613572,5.229532519423696,5.071190008166634,51.69341598842512,0.07051049504915508,0.08206823989440387,-0.011557744845248796
2021-01-07,5.373532061491956,5.243246761525435,5.083046559277431,62.28902448078674,0.07372622630782377,0.08039983717708786,-0.006673610869264088
2021-01-08,5.436402268808536,5.261642524123825,5.0969036459257095,65.45279277892016,0.08042077615331333,0.08040402497233297,1.6751180980364988e-05
2021-01-11,5.323422204340773,5.267526303192106,5.105786726647869,56.310268718552216,0.07573666304162963,0.0794705525861923,-0.003733889544562677
2021-01-12,5.319107495695589,5.272438797716247,5.114152247002682,55.98862721093241,0.07085948469420966,0.07774833900779578,-0.006888854313586115
2021-01-13,5.368787912944882,5.281614903928498,5.124137959392572,58.89966782283405,0.07019392828014404,0.07623745686226543,-0.006043528582121399
2021-01-14,5.295993848836204,5.282984327253041,5.1308774060374205,53.33323825403621,0.06306561625156348,0.07360308874012506,-0.010537472488561572
2021-01-15,5.259104422368151,5.280710050597337,5.135905916481763,50.71739663460442,0.05381931364765613,0.06964633372163127,-0.015827020073975143
2021-01-19,5.338963945286668,5.286258040567749,5.143868976434896,55.774436303264494,0.0523322941919675,0.06618352581569853,-0.01385123162373103
2021-01-20,5.56303300946559,5.312617561415163,5.160306781651786,66.24151592130055,0.06844532630002309,0.06663588591256345,0.0018094403874596432
2021-01-21,5.624244147719622,5.34229628392035,5.178500403850525,68.43904923169092,0.08517243284027387,0.07034319529810554,0.014829237542168333
2021-01-22,5.616732937356365,5.368433108057113,5.195685993399774,67.85533446645431,0.09670790485462355,0.07561613720940914,0.021091767645214407
2021-01-25,5.660144514517016,5.39621514676758,5.213900053051431,69.4757345449286,0.10810661523931397,0.08211423281539011,0.025992382423923863
2021-01-26,5.687228528651321,5.423930706946983,5.232461954055348,70.47570023989661,0.1179657927053901,0.08928454479339011,0.028681247911999982
2021-01-27,5.511640741498276,5.432284043570916,5.243410141798208,57.35696420379869,0.11033887701326517,0.09349541123736513,0.01684346577590004
2021-01-28,5.516667680473831,5.440320580418812,5.254126123707056,57.60030187607741,0.10350695954297606,0.09549772089848732,0.008009238644488742
2021-01-29,5.407713703115522,5.437215163532784,5.2601491660368,50.83003481086748,0.08828326578646806,0.09405482987608348,-0.005771564089615419
2021-02-01,5.549927552356246,5.4479496767540665,5.271513024323838,57.802016324036856,0.08669448781653877,0.09258276146417455,-0.005888273647635778
2021-02-02,5.642319330813812,5.466461072378804,5.286054448107758,61.610442577242175,0.0918320317020509,0.09243261551174983,-0.0006005838096989347
2021-02-03,5.638893681684406,5.482883225646004,5.299891280797039,61.38921454210038,0.09453738288747715,0.0928535689868953,0.0016838139005818514
2021-02-04,5.676973287601393,5.50136799345128,5.314678810475641,62.98050891778754,0.09861730029521976,0.0940063152485602,0.004610985046659563
2021-02-05,5.682811737401479,5.5186483500179655,5.329115395845282,63.23072587367207,0.10115571818795743,0.09543619583643964,0.005719522351517792
2021-02-08,5.730284204133172,5.538804145647985,5.344847505974219,65.28533048717185,0.10577871282111584,0.09750469923337489,0.00827401358774095
2021-02-09,5.727496164884588,5.556774814146709,5.35985333573541,65.05541489683904,0.10797285405722246,0.0995983301981444,0.008374523859078054
2021-02-10,5.711309094453266,5.571492364652095,5.373635914508659,63.65379210089932,0.10717017443221888,0.10111269904495931,0.006057475387259564
2021-02-11,5.728843548312515,5.586478191667373,5.3875656256382225,64.54490959354166,0.10671874170701656,0.10223390757737078,0.004484834129645787
2021-02-12,5.73728883435134,5.600841110018227,5.401280261274031,64.99012807892169,0.1058225851338781,0.10295164308867225,0.0028709420452058543
2021-02-16,5.741438491809589,5.6142313368555,5.414619799726406,65.2212235625116,0.10424553958026639,0.10321042238699109,0.0010351171932753006
2021-02-17,5.720227988129556,5.624326256024458,5.426604434565745,62.93450268279257,0.10012997323096329,0.10259433255578554,-0.0024643593248222517
2021-02-18,5.690740317619126,5.630651404747759,5.4369627044894075,59.79567032589311,0.0934121515407238,0.1007578963527732,-0.007345744812049401
2021-02-19,5.645836249301498,5.6320975804195434,5.445153823893804,55.27466187369371,0.08350228406530391,0.09730677389527935,-0.013804489829975439
2021-02-22,5.490350625252159,5.618597870403603,5.446926247476485,43.118019969845946,0.06238313829498132,0.09032204677521975,-0.02793890848023843
2021-02-23,5.477180863892289,5.605129584069193,5.448112703022203,42.27002671177487,0.04407530080753119,0.08107269758168205,-0.036997396774150856
2021-02-24,5.538127517872127,5.598748434907567,5.451642695761416,47.423304159129806,0.03409111220114003,0.07167638050557365,-0.03758526830443362
2021-02-25,5.314370999226119,5.571664869604572,5.446259491975718,35.05221056286641,0.008030716652278613,0.058947247734914644,-0.05091653108263603
2021-02-26,5.350874861864822,5.550637249819833,5.44251891824588,37.89841929196058,-0.009566501264139049,0.04524449793510391,-0.05481099919924296
2021-03-01,5.501543410570835,5.5459616460818335,5.444833604219408,48.02309759392765,-0.011225331914252124,0.03395053196523271,-0.045175863879484836
2021-03-02,5.399939927301805,5.532054815721831,5.443073067869698,42.939132920251794,-0.02050218271954307,0.023059989028277557,-0.04356217174782063
2021-03-03,5.230992026541221,5.503382169133201,5.434756164288189,36.09619414141198,-0.04101405298129013,0.010245180626364021,-0.05125923360765415
2021-03-04,5.143948896797497,5.469150428910753,5.423351957719927,33.16381420536493,-0.06356082147952247,-0.0045160197948132755,-0.05904480168470919
2021-03-05,5.188005667231397,5.442374737322243,5.414122691426259,35.997918119732205,-0.07698682854204808,-0.01901018154426024,-0.057976646997787845
2021-03-08,4.9762177642118255,5.397978835121251,5.396949949182557,29.518064868159172,-0.1035231986633427,-0.03591278496807673,-0.06761041369526596
2021-03-09,5.246700175501778,5.383571343728921,5.391057801195076,43.504943220990434,-0.101557105992641,-0.04904164917298959,-0.05251545681965142
2021-03-10,5.227971075942246,5.368752270606381,5.384662243342024,42.870541288092205,-0.10035343328396173,-0.05930400599518402,-0.041049427288777716
2021-03-11,5.383916781394886,5.370196509729095,5.384633009540177,49.476831857855416,-0.08582664274066687,-0.0646085333442806,-0.02121810939638627
2021-03-12,5.334470377426005,5.366794020938325,5.382665847496484,47.597399229693714,-0.07741161522146456,-0.0671691497197174,-0.010242465501747164
2021-03-15,5.405123548248864,5.370444452110758,5.383546541643636,50.49132766720431,-0.0643003109146072,-0.06659538195869535,0.0022950710440881594
2021-03-16,5.426625937800912,5.375795069795534,5.385235929728235,51.37149573606496,-0.05157986408981774,-0.06359227838491983,0.012012414295102095
2021-03-17,5.469860861872329,5.384753716659991,5.388554554518199,53.17411089774398,-0.037576957516666454,-0.058389214211269164,0.02081225669460271
2021-03-18,5.275476220129764,5.374346336038064,5.384120110032379,45.0825467572514,-0.04168425902979589,-0.055048223174974514,0.013363964145178625
2021-03-19,5.343506112646671,5.37140917190555,5.3825274042525475,48.0613733722509,-0.03900030999708459,-0.05183864053939653,0.01283833054231194
2021-03-22,5.433173580344031,5.377291496518739,5.384513528805154,51.774433468323686,-0.02930009256258259,-0.04733093094403375,0.018030838381451156
2021-03-23,5.433205430139787,5.382616633054077,5.386423015132003,51.77575222116616,-0.02136376219500491,-0.04213749719422798,0.020773734999223067
2021-03-24,5.320479107862531,5.376698773512025,5.383836979552808,46.88859144031501,-0.023894791038022944,-0.03848895596298697,0.014594164924964029
2021-03-25,5.306070056261648,5.36997222901199,5.380787296286488,46.2871608763324,-0.026754925546577546,-0.03614214987970509,0.009387224333127546
2021-03-26,5.357845780924656,5.368817329194148,5.379887629017397,48.827158520078854,-0.024560614997010788,-0.03382584290316623,0.009265227906155443
2021-03-29,5.380492674158503,5.369929266809801,5.379911356277833,49.94220771101907,-0.020754942997960768,-0.03121166292212514,0.010456719924164373
2021-03-30,5.346763222953493,5.367722976918723,5.3786114294808005,48.255699592404724,-0.020227436052119074,-0.02901481754812393,0.008787381496004856
2021-03-31,5.457490505423535,5.376272265347753,5.3817047265765945,53.77436013113853,-0.01075068943252866,-0.02536199192500488,0.01461130249247622
2021-04-01,5.564528768834315,5.394201456155997,5.3888742968612116,58.39388608553223,0.005335291916813922,-0.01922253515664112,0.02455782707345504
2021-04-05,5.70392201541293,5.423698652275705,5.4012291093534355,63.50830067150527,0.02899715689574034,-0.009578596746164828,0.038575753641905165
2021-04-06,5.6875695621091875,5.448829215116989,5.412458146716406,62.53711451599201,0.04590073395875205,0.0015172693948185476,0.0443834645639335
2021-04-07,5.723450682681804,5.474983640599352,5.424653932440539,63.84365907811643,0.061483503567089315,0.013510516229272702,0.04797298733781662
2021-04-08,5.781726336728882,5.504197230706927,5.438656771824396,65.92238862895192,0.0776403296107997,0.026336478905578102,0.051303850705221594
2021-04-09,5.817412785189253,5.534027283514767,5.4535099488190975,67.16725177323922,0.09226080368620693,0.03952134386170387,0.05273945982450306
2021-04-12,5.855043751597514,5.5646002804750285,5.469256372457467,68.47502933255694,0.10566608635123043,0.05275029235960918,0.052915793991621246
2021-04-13,5.949613624329618,5.601268217984989,5.488093911746572,71.54272371554505,0.12250866419731476,0.0667019667271503,0.055806697470164465
2021-04-14,5.837749807891977,5.623790274166607,5.501805907673843,63.65241822203823,0.12538469664925156,0.07843851271157055,0.046946183937681005
2021-04-15,5.947046825143014,5.654576612354837,5.519266335809888,67.43183665728544,0.13492796337493385,0.08973640284424322,0.04519156053069062
2021-04-16,5.9393084021612035,5.6816939256697285,5.535738573706019,66.9014242722022,0.14024993104608008,0.0998391084846106,0.04041082256146948
2021-04-19,5.87228629823143,5.699845580199414,5.548936523687408,62.32858231427841,0.1374747814031947,0.10736624306832743,0.030108538334867263
2021-04-20,5.843785090662379,5.713554105005411,5.560499212588388,60.43675346977114,0.1314602540831391,0.11218504527128977,0.01927520881184934
2021-04-21,5.844500919371371,5.726025230183121,5.571636534423015,60.46920690365631,0.12530699817004454,0.11480943585104073,0.010497562319003811
2021-04-22,5.755480012394315,5.728830447536568,5.578846082578752,54.48367545455082,0.11195668830070371,0.11423888634097333,-0.00228219804026962
2021-04-23,5.83863231559128,5.739287768303684,5.589033777991008,58.605401052289686,0.10685441628430237,0.11276199232963914,-0.005907576045336774
2021-04-26,5.879798923047261,5.752669783041167,5.600436332699096,60.511887589749136,0.10492314146698067,0.11119422215710745,-0.0062710806901267735
2021-04-27,5.837024168476472,5.760703534035006,5.609714287043307,57.54614515037895,0.09880209796665795,0.10871579731901755,-0.009913699352359598
2021-04-28,5.826782623190134,5.766996780621208,5.61822677081377,56.82799098930652,0.09206346941260435,0.10538533173773491,-0.013321862325130565
2021-04-29,5.8812298306886825,5.777876118722873,5.628540616299061,59.70689375827965,0.09007812776002311,0.10232389094219255,-0.012245763182169439
2021-04-30,5.859583001299775,5.78565772658734,5.637601101985363,58.04949669803619,0.08576931668198995,0.09901297609015203,-0.013243659408162078
2021-05-03,5.814490133200366,5.788403670074295,5.644537926738893,54.64649145365458,0.07781888756526545,0.09477415838517471,-0.01695527081990926
2021-05-04,5.706301700224943,5.780584434850547,5.646960035503052,47.45809364235161,0.062072677648821184,0.08823386223790401,-0.026161184589082828
2021-05-05,5.682039963288028,5.771199247082688,5.6483357189456,45.996846678727096,0.04709311334155242,0.0800057124586337,-0.032912599117081276
2021-05-06,5.739589723079868,5.768188816225276,5.651914307343023,49.934674189187085,0.03941117783245307,0.07188680553339757,-0.032475627700944504
2021-05-07,5.779709550689475,5.76928602903139,5.6569258855134725,52.53320405586815,0.03614387924765872,0.06473822027624981,-0.028594341028591097
2021-05-10,5.592855099007353,5.752483083314814,5.654413305650488,41.68219112729333,0.018266365643930804,0.055443849349786016,-0.03717748370585521
2021-05-11,5.589104998349131,5.736923265699034,5.651852195560238,41.49693330555874,0.0037524496267486995,0.045105569405178556,-0.041353119778429856
2021-05-12,5.432996380229261,5.707977848035246,5.643269614566866,34.60245296750227,-0.020114724192592526,0.03206151068562434,-0.05217623487821687
2021-05-13,5.468221372349031,5.685143897969892,5.636404977617147,37.140306209960094,-0.035774878392577314,0.01849423286998401,-0.05426911126256133
2021-05-14,5.601417047893382,5.67716991224832,5.635032901941705,45.71824306749913,-0.03701124299708969,0.007393137696569271,-0.04440438069365896
2021-05-17,5.576380229257857,5.667570894820656,5.632732797130574,44.48927771057219,-0.03955536327072817,-0.0019965624968902177,-0.037558800773837955
2021-05-18,5.525216126992518,5.654013297884644,5.62851645712516,42.00434180866634,-0.0451793133721452,-0.010633112671941215,-0.03454620070020399
2021-05-19,5.529894182573845,5.642192429759806,5.624648916946677,42.32155997051582,-0.04869749989101546,-0.018245990115756068,-0.030451509775259393
2021-05-20,5.651913017416364,5.643118200012811,5.625718097357253,50.00315398828244,-0.04116526033983359,-0.022829844160571572,-0.018335416179262015
2021-05-21,5.621281045544037,5.641038471015785,5.625544095325362,48.26532961023547,-0.037238389383967174,-0.025711553205250693,-0.011526836178716481
2021-05-24,5.747892356526648,5.651215031540628,5.630342066352864,55.19644592572648,-0.023637364375670877,-0.025296715439334733,0.0016593510636638553
2021-05-25,5.75887883635012,5.6614687272367705,5.6353827239998155,55.75043505893229,-0.01183550463253269,-0.022604473277974328,0.010768968645441638
2021-05-26,5.781623786375624,5.672912066202375,5.641117667622396,56.9375655658846,-0.0006397438102894171,-0.018211527384437348,0.01757178357414793
2021-05-27,5.784659089736713,5.6835546398723125,5.646746742999428,57.1029591256001,0.00838128666113036,-0.012892964575323808,0.02127425123645417
2021-05-28,5.786606709119853,5.693369122657793,5.65223144755317,57.21650802101545,0.015508897987979609,-0.007212592062663125,0.022721490050642733
2021-06-01,5.775886050751556,5.7012278777143415,5.6570806476785975,56.332579255032414,0.0200612600638177,-0.0017578216373669601,0.02181908170118466
2021-06-02,5.790829054392394,5.709761323112251,5.662325683236001,57.32226743895772,0.024591341638016573,0.0035120110177097466,0.021079330620306827
2021-06-03,5.718977179884514,5.710639023757229,5.664547310555551,51.30145112001434,0.022128534174004955,0.007235315648968788,0.014893218525036167
2021-06-04,5.834757270659965,5.722459809176536,5.671222210951803,58.80924346340382,0.029182825776322474,0.011624817674439526,0.017558008101882946
2021-06-07,5.836145116719736,5.7332869813235074,5.677689775883879,58.89105690032951,0.03448783596779137,0.016197421333109897,0.018290414634681472
2021-06-08,5.832366244201891,5.742723101597639,5.683755519739488,58.5500542157036,0.03794971069224484,0.02054787920493689,0.017401831487307954
2021-06-09,5.821170602301262,5.750194292140842,5.689144346506616,57.48797501988372,0.03933643072995974,0.02430558950994146,0.015030841220018278
2021-06-10,5.87313277147069,5.761902718743684,5.696359578858149,61.02201860489247,0.04411974418920739,0.028268420445794647,0.01585132374341274
2021-06-11,5.892399699605401,5.774331002635276,5.7040474267305905,62.27431500331549,0.04890152826985794,0.032395042010607306,0.016506486259250636
2021-06-14,5.969048916274261,5.7928755658389885,5.7144396420068135,66.8388569865825,0.05820512535198841,0.03755705867888353,0.020648066673104877
2021-06-15,5.915491555161725,5.804553279107821,5.722324030757986,61.261318870435026,0.060558580010184215,0.04215736294514367,0.018401217065040547
2021-06-16,5.901648902635642,5.813800481348566,5.7293563786747566,59.87068566562805,0.060608071292898025,0.04584750461469454,0.014760566678203482
2021-06-17,6.0061590575957124,5.832120345753056,5.740211385691264,66.12317319321703,0.06829314866171998,0.05033663342409963,0.017956515237620353
2021-06-18,5.969081454578767,5.845164260879314,5.749186682510382,62.408079630118955,0.0705781936682861,0.05438494547293693,0.016193248195349175
2021-06-21,5.994191050515128,5.859357288463677,5.7587946969419415,63.887810214713504,0.07356720588581034,0.05822139755551162,0.015345808330298721
2021-06-22,6.0721314679715785,5.879621496035858,5.771082413452908,68.08698251795369,0.08128812105691097,0.0628347422557915,0.01845337880111947
2021-06-23,6.116531848406266,5.902184386737801,5.784629450117746,70.21198792483335,0.08995282145576144,0.06825835809578548,0.021694463359975963
2021-06-24,6.152819573736288,5.92605440454718,5.799068278494944,71.8611245760463,0.09861104833069323,0.07432889614276704,0.02428215218792619
2021-06-25,6.127340989468676,5.945224555492085,5.8119417181409725,68.97377512124964,0.10223830712781723,0.07991077833977708,0.022327528788040146
2021-06-28,6.247194357514561,5.97398358425613,5.8290104490968,74.22101368693163,0.113476020079335,0.08662382668768867,0.026852193391646323
2021-06-29,6.257377593729857,6.000973489920295,5.845809160651037,74.61385654527005,0.12179965995220687,0.09365899334059233,0.028140666611614545
2021-06-30,6.236060197226424,6.023362700139925,5.86111312286968,72.13565824897532,0.1252324668557252,0.09997368804361892,0.02525877881210628
2021-07-01,6.2515512326710985,6.04509494133337,5.876424421293265,72.84157282449951,0.12773058942978643,0.10552506832085243,0.022205521108934007
2021-07-02,6.321798820262779,6.071447691707599,5.8938900839979524,75.83167215001576,0.13383598487911552,0.11118725163250506,0.02264873324661046
2021-07-06,6.3664547524238095,6.099543602252,5.912422031779359,77.5256240330724,0.14065651453597727,0.1170811042131995,0.023575410322777768
2021-07-07,6.357121618273821,6.124074841873126,5.92986123124973,76.32160052115808,0.14365278758809374,0.12239544088817836,0.021257346699915386
2021-07-08,6.328020153970964,6.143498204930063,5.945475306650564,72.53864567839558,0.14204174182883378,0.12632470107630944,0.015717040752524336
2021-07-09,6.382613109339448,6.166271052969052,5.96261796557954,75.03821807114923,0.14351581077244013,0.1297629230155356,0.01375288775690453
2021-07-12,6.435455122036668,6.191907630975493,5.981160599166094,77.20133781039901,0.14725051753005847,0.13326044191844016,0.013990075611618302
2021-07-13,6.417899168345011,6.213430634534495,5.998287601878992,74.8796773818722,0.14709802631882862,0.13602795879851787,0.011070067520310756
2021-07-14,6.416475871187304,6.232768276120477,6.0146871418518675,74.68358763582583,0.14518868298897392,0.13786010363660908,0.0073285793523648335
2021-07-15,6.349793912973788,6.243913574868411,6.027828583856649,65.96755666772592,0.13671882835180948,0.13763184857964916,-0.0009130202278396782
2021-07-16,6.261361802781138,6.245575310860099,6.036986749304668,56.54304025059862,0.12147043967938398,0.13439956679959614,-0.012929127120212158
2021-07-19,6.2405937680687575,6.245100878213305,6.0449713382758095,54.5712414145134,0.10648270858086217,0.12881619515584936,-0.022333486574987182
2021-07-20,6.29688881773562,6.250033062929716,6.0548504551173705,58.768555675634246,0.09801747924825577,0.12265645197433064,-0.024638972726074876
2021-07-21,6.32909955281559,6.257563204823608,6.065605321693772,60.989497946341,0.09283768608238496,0.11669269879594152,-0.023855012713556556
2021-07-22,6.366764916843676,6.267963367873138,6.077415501895729,63.46756769773756,0.09072610866883046,0.11149938077051931,-0.020773272101688847
2021-07-23,6.457692204769479,6.286032780910885,6.092328313773131,68.64562535621741,0.09529128199794723,0.1082577610160049,-0.01296647901805767
2021-07-26,6.4808277581605385,6.304584683506089,6.107563586102049,69.81784469303466,0.0996276154237723,0.10653173189755838,-0.006904116473786082
2021-07-27,6.414214437661932,6.3150256124733115,6.119589109692633,62.565004746647396,0.09657578709455805,0.10454054293695832,-0.007964755842400265
2021-07-28,6.448711931755996,6.327757642881186,6.132495887028452,64.61508544524446,0.09583611158379313,0.10279965666632529,-0.006963545082532163
2021-07-29,6.463404411544037,6.340676382753838,6.145472691911417,65.48210659967704,0.09533649398342092,0.10130702412974442,-0.005970530146323497
2021-07-30,6.419935194132779,6.348224840980404,6.156235927292647,60.740137532896696,0.09039097004168006,0.09912381331213156,-0.008732843270451499
2021-08-02,6.435865449446254,6.356571565596199,6.167201790906514,61.831005994537676,0.0867569648696902,0.0966504436236433,-0.009893478753953105
2021-08-03,6.467119614369952,6.367099951193699,6.17896327417959,63.94755432482936,0.08541433619757655,0.09440322213842996,-0.008988885940853411
2021-08-04,6.499088222688041,6.37967026276459,6.191517193728941,66.02296239641201,0.08593923877103826,0.09271042546495162,-0.006771186693913356
2021-08-05,6.559774266334676,6.39682302500936,6.205958647556617,69.60050575891493,0.09021217459646103,0.0922107752912535,-0.0019986006947924767
2021-08-06,6.512408630345424,6.407831177898509,6.217976293940492,63.941484304166266,0.08875340207767479,0.09151930064853776,-0.0027658985708629708
2021-08-09,6.522175513129209,6.4187211145871474,6.229905675085147,64.58098744278554,0.0873781789066479,0.0906910763001598,-0.003312897393511899
2021-08-10,6.490578024672526,6.4255646298333735,6.240128120167006,60.82276676086347,0.08278436476292583,0.089109733992713,-0.006325369229787173
2021-08-11,6.472269685770337,6.430012730398798,6.249231710974979,58.691518672317045,0.07678131679188205,0.08664405055254681,-0.009862733760664766
2021-08-12,6.5239221439832,6.438956484073503,6.260003884818439,62.66615411392715,0.07532349733534449,0.08437993990910635,-0.009056442573761855
2021-08-13,6.550786489416111,6.449606960772799,6.271407124214426,64.57527951373444,0.07546596836734576,0.08259714560075423,-0.0071311772334084755
2021-08-16,6.549979914964645,6.459166289743451,6.2823315473811014,64.46868535137898,0.07465323781375588,0.08100836404335457,-0.00635512622959869
2021-08-17,6.461086803319327,6.459349195798296,6.289341557417895,53.90725631311734,0.0660745455642946,0.07802160034754257,-0.011947054783247979
2021-08-18,6.411922381088006,6.454832356302078,6.294148648542214,49.11484420725419,0.05467841344652857,0.07335296296733977,-0.0186745495208112
2021-08-19,6.48025183621676,6.457253259151095,6.301446812764745,55.090515492261126,0.05057748682952834,0.06879786773977749,-0.018220380910249148
2021-08-20,6.574622782782735,6.468431309020775,6.312159595902705,61.76832404925406,0.05431629519663339,0.06590155323114867,-0.01158525803451528
2021-08-23,6.688562689697608,6.489396202418568,6.326920501541721,67.96241882693252,0.06571579523590465,0.06586440163209988,-0.00014860639619522498
2021-08-24,6.692794231858454,6.5087674433176055,6.3412684909659065,68.1686796085444,0.07423568842781236,0.06753865899124238,0.006697029436569982
2021-08-25,6.703950279362236,6.527356284845666,6.355491306197135,68.74008081942918,0.08095476878157104,0.07022188094930812,0.010732887832262922
2021-08-26,6.676519263845125,6.541562282845614,6.368080637869605,65.6208701910364,0.08310821490031195,0.07279914773950888,0.01030906716080307
2021-08-27,6.770371201716459,6.563353608452362,6.383856738412619,70.5454880588154,0.09133504989589536,0.07650632817078618,0.014828721725109184
2021-08-30,6.872435436275905,6.592789973006984,6.403016687348434,74.77694866691053,0.10488159688126952,0.08218138191288285,0.022700214968386673
2021-08-31,6.86699851063163,6.6189050718283795,6.421212052967384,74.16571655492197,0.11386604165452674,0.08851831386121163,0.02534772779331511
2021-09-01,6.890570369225066,6.64477795729473,6.439618261448078,75.11543230481807,0.12148789403812721,0.09511222989659475,0.02637566414153246
2021-09-02,6.879312006995503,6.667114533456709,6.45686115343033,73.72145030946618,0.1251768504110906,0.10112515399949393,0.024051696411596685
2021-09-03,6.9167289748727665,6.6908873374010955,6.474895185643758,75.35818661010379,0.12962537092813875,0.1068251973852229,0.022800173542915844
2021-09-07,6.970725349272378,6.717538576626932,6.494339505786058,77.53291371417578,0.1359408699072402,0.11264833188962638,0.023292538017613815
2021-09-08,6.952064429447929,6.739874372133694,6.512289502792406,75.06723958057343,0.13785110633043018,0.11768888677778715,0.020162219552643038
2021-09-09,6.917679112707907,6.756808156950286,6.528187134553798,70.6112116592552,0.13503378930004484,0.1211578672822387,0.013875922017806144
2021-09-10,6.8757288499231475,6.768133937233416,6.541816221431028,65.50260604644964,0.12794118332132776,0.1225145304900565,0.00542665283127125
2021-09-13,6.860630238340705,6.776943108767444,6.554318731898074,63.71585822946947,0.11972183146451609,0.12195599068494843,-0.0022341592204323385
2021-09-14,6.853048943960427,6.784191283547728,6.56603364217503,62.78970224799923,0.11131304135303743,0.11982740081856623,-0.008514359465528795
2021-09-15,6.9119570762767815,6.796359454283829,6.579599267041765,66.8249049106007,0.10815565747494471,0.11749305214984193,-0.00933739467489722
2021-09-16,6.9116474151858185,6.807339260084018,6.592620763047414,66.7839062099602,0.10442467825294344,0.11487937737046224,-0.010454699117518798
2021-09-17,6.840285175634844,6.810476966326954,6.6023330929528035,57.95884051428594,0.0946188072942844,0.11082726335522668,-0.016208456060942275
2021-09-20,6.6701294492308705,6.797110536127327,6.604991773591159,43.274840223608436,0.07228419167570976,0.1031186490193233,-0.030834457343613536
2021-09-21,6.68707231629276,6.786630705666893,6.608210618402987,44.77516116151425,0.05531337747605747,0.09355759471067014,-0.038244217234612674
2021-09-22,6.760597514071205,6.784151354086351,6.614186575095859,50.85038823916304,0.04725206158713391,0.0842964880859629,-0.037044426498829
2021-09-23,6.811329643358247,6.786739762588436,6.621917675812031,54.56449979916698,0.0444447382373756,0.07632613811624545,-0.03188139987886984
2021-09-24,6.860730634765058,6.793786512319543,6.63128288988862,57.90066356287751,0.045679595460330624,0.07019682958506249,-0.024517234124731863
2021-09-27,6.824964821249412,6.796755875074769,6.638878259745907,54.7653905591311,0.04327339767125249,0.0648121432023005,-0.02153874553104801
2021-09-28,6.625112370245373,6.780408874614826,6.638338420941964,41.305868593553065,0.024952410176110718,0.05684019659706254,-0.03188778642095182
2021-09-29,6.63746718646204,6.766795380505037,6.638304254883928,42.25075853214087,0.011299571578384793,0.04773207159332699,-0.0364325000149422
2021-09-30,6.623643410626849,6.7531618595642575,6.637729319815024,41.44676553606661,-0.0006286182337902346,0.03805993362790355,-0.03868855186169379
2021-10-01,6.672268595406059,6.745457739168239,6.6390838012107505,45.3837093898154,-0.006087970232637296,0.029230352855795387,-0.035318323088432683
2021-10-04,6.510778562856339,6.723107341424249,6.6340522232360675,36.58562782836065,-0.02317825749800484,0.01874863078503534,-0.041926888283040184
2021-10-05,6.643175191039295,6.7154947556733005,6.634409986679332,45.85339494534436,-0.025742389631513873,0.0098504267017255,-0.03559281633323937
2021-10-06,6.698347648062234,6.71386169780558,6.636917345949249,49.186122663603484,-0.023056742855293244,0.0032689927903217517,-0.026325735645614995
2021-10-07,6.742054011340574,6.716546680047008,6.6410403524351835,51.72120491005355,-0.01720330124083347,-0.0008254660159092921,-0.016377835224924177
2021-10-08,6.7249946041940865,6.717351244251492,6.644332676033573,50.658851526829984,-0.013782086856679143,-0.0034167901840632627,-0.010365296672615881
2021-10-11,6.692199105470017,6.71495580246278,6.646209790913433,48.59249818321286,-0.013560752558117173,-0.005445582658874045,-0.008115169899243128
2021-10-12,6.662738342269246,6.709982711015777,6.646857969397975,46.74780187204067,-0.015582950356649583,-0.007473056198429153,-0.00810989415822043
2021-10-13,6.697912860245496,6.708833201418607,6.64886012198023,49.22616241578323,-0.014183765427404182,-0.008815198044224159,-0.005368567383180024
2021-10-14,6.816342219273501,6.719072155500026,6.65542804736428,56.55713092688466,-0.003478543290547087,-0.007747867093488745,0.004269323802941658
2021-10-15,6.869174027041306,6.733367571837291,6.663810242645733,59.37508921817833,0.00916288371314522,-0.004365716932161952,0.013528600645307172
2021-10-18,6.979694760282447,6.756827304070162,6.676197870788349,64.55480989964157,0.027779184060479523,0.002063263266366343,0.02571592079411318
2021-10-19,7.019830279320535,6.781875206474959,6.689673651515101,66.23829065780745,0.04524972648880432,0.01070055591085394,0.03454917057795038
2021-10-20,6.99162478164976,6.801851356491607,6.701514872304696,63.939958653117166,0.05617179579664455,0.019794803888012063,0.036376991908632486
2021-10-21,7.097570413373932,6.830015076194686,6.717046462150548,68.37831911898058,0.0725403415651531,0.030343911423440274,0.04219643014171283
2021-10-22,7.047110804052105,6.850690859800154,6.729990161832962,64.31787489306402,0.0805127622462587,0.040377681588003964,0.04013508065825473
2021-10-25,7.180692475410293,6.8821195850963575,6.747664762365407,69.484055834713,0.09649752417317803,0.051601650105038775,0.04489587406813925
2021-10-26,7.2319723070965,6.915438891953514,6.7666572150999595,71.20744556015413,0.11201220998635097,0.06368376208130122,0.048328447905049754
2021-10-27,7.282029601755089,6.950352292886997,6.786867896929572,72.82104210585271,0.12688427269038893,0.07632386420311876,0.05056040848727017
2021-10-28,7.3902201739271405,6.992244472033677,6.81052877053732,75.95725499706212,0.14572078600567817,0.09020324856363066,0.055517537442047515
2021-10-29,7.47029855599878,7.0377734324113055,6.836402095457377,77.98238780118822,0.1652061213780076,0.10520382312650604,0.060002298251501565
2021-11-01,7.497404825344431,7.081547850785888,6.862323771139223,78.6382981020159,0.18075204241378184,0.12031346698396121,0.06043857542982063
2021-11-02,7.526661367763295,7.123939614307546,6.888376225908794,79.35322938263019,0.19320589797763077,0.13489195318269515,0.058313944794935624
2021-11-03,7.6260967144931,7.171764100039504,6.917306441147394,81.60641656645512,0.20869358001917693,0.14965227854999152,0.0590413014691854
2021-11-04,7.777215338091915,7.229426122711162,6.95102835867463,84.39384069734717,0.2305045763214988,0.165822738104293,0.0646818382172058
2021-11-05,7.782025262939961,7.282054612256762,6.983616472567389,84.4744875896012,0.24534982866793253,0.1817281562170209,0.06362167245091163
2021-11-08,7.751110012024847,7.326726555091819,7.0137142584284655,81.55724000341971,0.2517185410752667,0.19572623318867008,0.05599230788659662
2021-11-09,7.676691745391836,7.36005657321563,7.0397133755642844,74.85584952384556,0.24790318575330428,0.20616162370159694,0.04174156205170734
2021-11-10,7.57216658357208,7.380257526582911,7.0605938935253745,66.58068486741489,0.23375065017636487,0.21167942899655054,0.022071221179814332
2021-11-11,7.6255478528584915,7.403618510037727,7.082748950754124,68.49612094414319,0.2242569910756682,0.21419494141237408,0.010062049663294131
2021-11-12,7.729327311482445,7.434638395889605,7.108104964900333,71.87150921197622,0.2225420070998183,0.2158643545498629,0.006677652549955393
2021-11-15,7.725923621309894,7.462379845929632,7.13233314750463,71.60055283051852,0.21839074799272495,0.21636963323843533,0.0020211147542896213
2021-11-16,7.784195522018819,7.493028957938127,7.157896377877735,73.4462574780099,0.2172980242702991,0.2165553114448081,0.0007427128254909876
2021-11-17,7.8017489695689,7.522430863807724,7.183145499120527,73.99454047400863,0.21536584595307318,0.21631741834646112,-0.000951572393387945
2021-11-18,7.936348016211153,7.561851544989003,7.212682852731924,77.78274693581123,0.2221349652833684,0.2174809277338426,0.0046540375495258135
2021-11-19,8.017314421895497,7.60522896183724,7.2442370319148095,79.69852122869878,0.23136581233140152,0.22025790465335437,0.011107907678047146
2021-11-22,7.918072019590862,7.6350235387661565,7.270661933392302,71.55400962953792,0.22804453718711049,0.22181523116010562,0.006229306027004861
2021-11-23,7.871834412865676,7.6575769553470625,7.2942373247441985,68.06408876615107,0.21915513034456335,0.2212832109969972,-0.0021280806524338336
2021-11-24,7.930376651643916,7.683557878803906,7.319183965014775,70.05548443814064,0.21436303713291682,0.21989917622418112,-0.005536139091264297
2021-11-26,7.763100605639025,7.691133376597726,7.336592460725531,58.77734799568514,0.1948217064495239,0.2148836822692497,-0.020061975819725797
2021-11-29,7.960012927646124,7.716740952888049,7.361040322173397,65.76444000624818,0.19299946215455854,0.2105068382463115,-0.017507376091752958
2021-11-30,7.832025452260418,7.727720429018751,7.37951032727485,58.78951311103698,0.17916252671144406,0.20423797593933804,-0.02507544922789398
2021-12-01,7.670569630767572,7.722277495851972,7.390924417607898,51.385606381609946,0.15340021800630943,0.19407042435273233,-0.040670206346422905
2021-12-02,7.6714721773505365,7.717438894089931,7.401926290538982,51.42243601613249,0.13153992039487417,0.1815643235611607,-0.050024403166286535
2021-12-03,7.534376417060272,7.700004372468058,7.40712041314766,45.75240371162957,0.10197746223860005,0.16564695129664858,-0.06366948905804853
2021-12-06,7.607581300102374,7.691202175099897,7.414981624400786,48.98696062139166,0.08349356162107746,0.14921627336153437,-0.06572271174045691
2021-12-07,7.865461527740315,7.707798303922793,7.432647502963121,58.39753335253497,0.08863202161412431,0.13709942301205236,-0.048467401397928045
2021-12-08,7.88895263667285,7.725051097518037,7.450541821932131,59.13702787998732,0.09352176367037046,0.12838389114371598,-0.03486212747334552
2021-12-09,7.750474399769103,7.727472364399091,7.46230388380809,53.14044599578133,0.08524028611333634,0.11975517013764006,-0.03451488402430372
2021-12-10,7.905897224878936,7.744465208254314,7.479699701104986,58.25666760140161,0.0901789517271192,0.1138399264555359,-0.02366097472841669
2021-12-13,7.753250966429681,7.745301947128159,7.4904272017059546,52.22564374113464,0.08084368677071652,0.10724067851857202,-0.02639699174785551
2021-12-14,7.67277812390004,7.738394916344529,7.497578218262586,49.32647589985939,0.06618895115554935,0.09903033304596749,-0.032841381890418145
2021-12-15,7.900246224730762,7.753809326667027,7.513369120477024,56.65165028499263,0.07209863413123863,0.09364399326302172,-0.0215453591317831
2021-12-16,7.646202098281984,7.743561019201785,7.518578256861532,48.26082066694555,0.055641462453814405,0.08604348710118027,-0.03040202464736587
2021-12-17,7.620821988363145,7.731871587693343,7.522587814959635,47.50383092371669,0.040088952086763996,0.07685258009829703,-0.03676362801153303
2021-12-20,7.566230163481678,7.716096213958898,7.5242992796075585,45.838337408083234,0.023092179277742098,0.06610049993418604,-0.043008320656443944
2021-12-21,7.7292096205948795,7.717345109828992,7.53233497925412,51.325022212403105,0.022513670900470295,0.05738313412744289,-0.0348694632269726
2021-12-22,7.860198502294177,7.7309501948256765,7.545192372314515,55.24883784882123,0.032253113066364136,0.052357129915227146,-0.02010401684886301
2021-12-23,7.944840066837553,7.751320658826808,7.560864830923262,57.62588296465911,0.04626820694263056,0.05113934532070783,-0.004871138378077268
2021-12-27,8.090320890427398,7.783606395169722,7.5816278136489155,61.41913595017206,0.06832672844895171,0.054576821946356616,0.013749906502595097
2021-12-28,8.052802130022634,7.809244084203332,7.600105237820435,59.92916839564326,0.08183744414441918,0.06002894638596913,0.02180849775845005
2021-12-29,8.03853805486595,7.831081605218819,7.617298681626141,59.33978365429334,0.09035226732187951,0.0660936105731512,0.024258656748728305
2021-12-30,7.989987852755743,7.846215533555669,7.631913943239067,57.27507668680933,0.0921208190182563,0.07129905226217223,0.020821766756084076
2021-12-31,7.92333315502975,7.853560068934153,7.643342147623016,54.47276591112842,0.08713944267666918,0.07446713034507163,0.012672312331597546
2022-01-03,8.078698282851578,7.875001803592956,7.660414937239822,59.452663539382584,0.09463741223327204,0.07850118672271172,0.01613622551056032
2022-01-04,7.974057273707891,7.884435657889616,7.672714636709158,55.082517169804404,0.09108596984897055,0.08101814334796349,0.010067826501007057
2022-01-05,7.667480136730084,7.863773227302994,7.6725093622001745,44.7125644892684,0.06280918816675385,0.07737635231172156,-0.014567164144967712
2022-01-06,7.635860323345599,7.8420672364499096,7.671072144990192,43.79674671209751,0.03741686198429761,0.06938445424623678,-0.03196759226193917
2022-01-07,7.5186203236554805,7.811262768564726,7.665093642192752,40.4855800176059,0.007743707740891281,0.05705630494516768,-0.0493125972042764
2022-01-10,7.518379261589043,7.783369101233709,7.6593401370710374,40.478803530591655,-0.015611967432215934,0.04252265046969096,-0.058134617901906896
2022-01-11,7.594003847429047,7.765334315157074,7.656777929634097,43.664505702376744,-0.027699928683941444,0.02847813463896448,-0.056178063322905925
2022-01-12,7.6450084689591655,7.753874710757273,7.656316382156649,45.772569494233764,-0.03278614015586534,0.016225279679998518,-0.04901141983586386
2022-01-13,7.389118707689752,7.7191360437984615,7.645838041981477,38.07476415270485,-0.05681029089574885,0.0016181655648490438,-0.0584284564605979
2022-01-14,7.43875063477863,7.692432671510859,7.637716967189209,40.17625798294324,-0.07102597844958414,-0.012910663238037594,-0.058115315211546545
2022-01-18,7.233890980770809,7.648762034297521,7.621880653996331,34.91012487297027,-0.09769629319524142,-0.029867789229478362,-0.06782850396576307
2022-01-19,7.152116644380195,7.601462473353013,7.603458535972169,33.04798373940011,-0.12400179975140002,-0.0486945913338627,-0.07530720841753732
2022-01-20,7.035500079619412,7.547561292997432,7.581185655330884,30.545686055217487,-0.15250114709396367,-0.0694559024858829,-0.08304524460808077
2022-01-21,6.693030955850672,7.466177451364407,7.546356059272837,24.644274472882458,-0.20041126503229556,-0.09564697499516545,-0.10476429003713011
2022-01-24,6.707289499952467,7.393902408372794,7.513451488319097,25.291439194793895,-0.23452635944272693,-0.12342285188467775,-0.11110350755804918
2022-01-25,6.522774881925658,7.310937882044495,7.474601425323276,22.58799982634561,-0.2733011595277661,-0.15339851341329544,-0.11990264611447068
2022-01-26,6.58671294837109,7.241964078837504,7.439782269364367,25.557461131379426,-0.2954652607380286,-0.18181186287824208,-0.11365339785978651
2022-01-27,6.524795659666109,7.173662324630705,7.403900441533063,24.57438063996129,-0.3144024427141243,-0.20832997884541854,-0.10607246386870578
2022-01-28,6.717639645497156,7.130231593284653,7.376988253453224,33.1936062677502,-0.3102727665582856,-0.22871853638799197,-0.08155423017029365
2022-01-31,7.045929752241184,7.122202846518608,7.3640055671311835,44.76531790162179,-0.27731300872944953,-0.2384374308562835,-0.038875577873166034
2022-02-01,7.135475850131846,7.123466942100821,7.3550436174449345,47.43962679030598,-0.24118629596937513,-0.23898720387890185,-0.0021990920904732814
2022-02-02,7.197974610999722,7.130562910567383,7.348884048564731,49.28525155682227,-0.20514767347023444,-0.23221929779716838,0.02707162432693394
2022-02-03,6.773180056221123,7.096526448248691,7.3263074214140005,39.20781953614368,-0.20846116535814208,-0.22746767130936313,0.019006505951221053
2022-02-04,6.924164077863277,7.080110984402462,7.310537094215933,43.6203904216832,-0.19663727077626714,-0.22130159120274395,0.024664320426476816
2022-02-07,6.833795437078092,7.05665236084776,7.291841342955626,41.67078338419424,-0.19234154954796168,-0.2155095828717875,0.023168033323825832
2022-02-08,6.9018436654153,7.041908675568478,7.276547316385418,43.71094806708809,-0.18135568080318176,-0.20867880245806636,0.027323121654884597
2022-02-09,7.05994165649846,7.043626102323714,7.268052976782008,48.24057790101143,-0.15806998171954767,-0.19855703831036264,0.040487056590814974
2022-02-10,6.8946024772912935,7.029433376130149,7.253407859154922,44.23183804071913,-0.151214283266337,-0.18908848730155753,0.037874204035220516
2022-02-11,6.64980233924442,6.993278039283889,7.229737054452549,39.056810013719705,-0.16364798599458208,-0.18400038704016244,0.020352401045580365
2022-02-14,6.69122111897125,6.964510713539829,7.208618782472891,40.32888352096032,-0.16822049446733978,-0.1808444085255979,0.012623914058258134
2022-02-15,6.893563999128968,6.957753883595937,7.196263692929993,46.2332844954692,-0.15374458907623634,-0.1754244446357256,0.02167985555948926
2022-02-16,6.867460000406395,6.949154466149314,7.183369430478087,45.60632347855238,-0.14273336293769923,-0.16888622829612032,0.026152865358421096
2022-02-17,6.639818516495198,6.919693899515588,7.162053708361111,40.45428211485558,-0.1506391774951501,-0.1652368181359263,0.014597640640776205
2022-02-18,6.5706903450614345,6.88645546575805,7.138862988231713,39.01299048597547,-0.16063100397225494,-0.16431565530319206,0.003684651330937122
2022-02-22,6.458328742078032,6.845681492074238,7.112175370735491,36.72280453064049,-0.17559212405444846,-0.16657094905344336,-0.009021175001005105
2022-02-23,6.266648082706276,6.790535453086813,7.079017437871601,33.14791390477981,-0.20060351433591617,-0.17337746210993793,-0.027226052225978237
2022-02-24,6.527529904592554,6.7654873056111695,7.057390475782227,41.495592357803034,-0.19710216749045717,-0.17812240318604178,-0.018979764304415392
2022-02-25,6.61459853320571,6.7511169463344585,7.040026085877265,44.008493864873614,-0.18516712289321635,-0.1795313471274767,-0.005635775765739648
2022-02-28,6.686282622528119,6.744942248829093,7.026153793196906,46.06259890684238,-0.16798774894210045,-0.17722262749040146,0.009234878548301018
2022-03-01,6.571995161897695,6.728471097692769,7.008343650793016,43.33311284603801,-0.16173068360115117,-0.17412423871255142,0.01239355511140025
2022-03-02,6.665153104111651,6.722440812589806,6.994885197981982,46.13496598923026,-0.14755393691979357,-0.16881017835399986,0.02125624143420629
2022-03-03,6.5489028986678495,6.705913392216286,6.977395696048094,43.26044477678857,-0.14403879352199933,-0.16385590138759976,0.019817107865600425
2022-03-04,6.471164423423078,6.683556347569314,6.957543489278486,41.402679938184214,-0.14584465591052265,-0.16025365229218436,0.01440899638166171
2022-03-07,6.212172692497017,6.6386626661338575,6.928313261953723,35.87518370179505,-0.16625776701915917,-0.16145447523757933,-0.004803291781579844
2022-03-08,6.2091061159824,6.597752518500385,6.900109060150926,35.81421484843355,-0.18060089701690174,-0.16528375959344382,-0.015317137423457916
2022-03-09,6.4599261965663395,6.584626202125714,6.882846987069177,44.17146340534565,-0.1697718226720628,-0.16618137220916762,-0.0035904504628951894
2022-03-10,6.422290114132856,6.569165622316871,6.8647859332285375,43.26123544907564,-0.16235509210972232,-0.16541611618927857,0.003061024079556246
2022-03-11,6.255934434808445,6.539334080649402,6.84090940387873,39.39679046081118,-0.16796460136328673,-0.1659258132240802,-0.002038788139206521
2022-03-14,6.118947467450761,6.499297260344769,6.812597171077634,36.50499971572111,-0.18137312479716794,-0.16901527553869777,-0.012357849258470166
2022-03-15,6.363062608160385,6.486322531565303,6.794968364688723,44.3449094603011,-0.17033787552440227,-0.1692797955358387,-0.0010580799885635817
2022-03-16,6.595672229076138,6.496736788471097,6.787152829958818,50.60361271796564,-0.14119509934847851,-0.16366285629836666,0.022467756949888146
2022-03-17,6.700059568652031,6.516100862774042,6.783737407946788,53.14983008921129,-0.108426183810308,-0.15261552180075494,0.04418933799044694
2022-03-18,6.889514195912041,6.551664037358614,6.7878855172787596,57.43793185550112,-0.06640371637008347,-0.13537316071462063,0.06896944434453717
2022-03-21,6.873072179441025,6.5822743366045575,6.791226170696888,56.95075355782329,-0.03403500710981788,-0.1151055299936601,0.08107052288384221
2022-03-22,7.029395018991449,6.624857258736642,6.800566125531969,60.3906028223792,0.004183154093670538,-0.09124779317619397,0.09543094726986451
2022-03-23,6.943978631216256,6.655249770401367,6.806190145362725,57.67858878094754,0.02726464371440951,-0.06754530579807327,0.09480994951248278
2022-03-24,7.1250473420385205,6.699992396271573,6.818694349153933,61.61393589318404,0.059481951332268856,-0.04213985437200485,0.1016218057042737
2022-03-25,7.121713734053901,6.740156333203223,6.830577462287265,61.500550344108895,0.08377964582233499,-0.01695595433313688,0.10073560015547187
2022-03-28,7.260945115777965,6.789755264877008,6.847454625169253,64.44363903793621,0.11296832414071822,0.009028901361634142,0.10393942277908408
2022-03-29,7.370891530282328,6.84510157586799,6.867981562624668,66.61404631478982,0.1433202125940367,0.035887163608114656,0.10743304898592206
2022-03-30,7.288275516877767,6.887308617868921,6.884463678477731,63.47846413446229,0.15887645219221014,0.06048502132493376,0.09839143086727638
2022-03-31,7.178542212585708,6.9150451506990915,6.895996170011378,59.47405166936444,0.1605001774359449,0.080488052547136,0.08001212488880892
2022-04-01,7.179980769300681,6.940277114375434,6.907132820963899,59.51011220575893,0.16005802165333094,0.09640204636837499,0.06365597528495595
2022-04-04,7.3750355489858475,6.981682679576425,6.925481947552996,64.16605760798456,0.17344750571131495,0.11181113823696298,0.06163636747435197
2022-04-05,7.195315742492728,7.002028685568454,6.936063665001613,57.59452679078675,0.16762460973209414,0.12297383253598922,0.04465077719610493
2022-04-06,6.988284175265087,7.000719684587181,6.9381115281492,51.10185873248988,0.14463692108369486,0.12730645024553033,0.017330470838164524
2022-04-07,7.004400422743411,7.00107023107825,6.940711092643091,51.55964352070596,0.1262639662881062,0.1270979534540455,-0.0008339871659392983
2022-04-08,6.863168317547967,6.987936715503937,6.937670199502106,47.373991033035246,0.09916391677411251,0.12151114611805891,-0.022347229343946395
2022-04-11,6.653554696032058,6.956090808887568,6.926528415052301,41.932978505109496,0.06008029658639025,0.10922497621172518,-0.04914467962533493
2022-04-12,6.628289295143446,6.924871617102413,6.9148327632911695,41.31700789499676,0.026759077319011837,0.09273179643318252,-0.06597271911417069
2022-04-13,6.764107960748596,6.909560792687763,6.908921986720872,45.916276876974536,0.011182299624251435,0.07642189707139631,-0.06523959744714487
2022-04-14,6.583616969721584,6.878518523833841,6.896164927230704,41.28549035257328,-0.01554730383247982,0.058028056890621085,-0.0735753607231009
2022-04-18,6.623942694715816,6.854273206774981,6.885489545563454,42.676506222401635,-0.03309525663997892,0.03980339418450109,-0.07289865082448001
2022-04-19,6.776195245107247,6.846837210425673,6.881203494565171,47.71320252029757,-0.03432099619708051,0.02497851610818477,-0.059299512305265284
2022-04-20,6.414694048533014,6.805680718816848,6.862909006485479,38.96008343490659,-0.0637279132839561,0.007237230229756595,-0.0709651435137127
2022-04-21,6.261167976078803,6.7538223623656055,6.839311319018551,35.94422803702247,-0.09828837076108599,-0.013867889968411921,-0.08442048079267406
2022-04-22,6.114713355915276,6.692954837941765,6.810895712622344,33.29637876288918,-0.13592854650964803,-0.038280021276659144,-0.09764852523298889
2022-04-25,6.157372269984064,6.641946974326746,6.785267342322804,34.80292889308511,-0.16046667913326562,-0.06271735284798044,-0.09774932628528518
2022-04-26,5.853127244609022,6.5668212857822015,6.74871282868697,29.65805014246928,-0.20213329014598092,-0.09060054030758054,-0.11153274983840038
2022-04-27,5.796868474183921,6.493492446582366,6.711385599098615,28.809938329778404,-0.2369624366981613,-0.1198729195856967,-0.11708951711246461
2022-04-28,6.090072935908361,6.455071540803889,6.687020396620566,38.65570850329777,-0.23816027324167433,-0.14353039031689224,-0.09462988292478208
2022-04-29,5.789205659009406,6.391655742537748,6.651811975537776,33.5310335019321,-0.26038548039173115,-0.16690140833186004,-0.09348407205987111
2022-05-02,5.94895556287157,6.349493820664779,6.624248978962631,38.21472225985201,-0.26208745400015854,-0.18593861746551976,-0.07614883653463878
2022-05-03,5.965722687987837,6.31294418898126,6.598424418532247,38.70293762785534,-0.2590966090516158,-0.20057021578273898,-0.05852639326887682
2022-05-04,6.1773070274622235,6.300026364074685,6.581910011039305,44.64692394887401,-0.23692216374580877,-0.20784060537535295,-0.029081558370455812
2022-05-05,5.799159428051774,6.252324751120122,6.551213909745677,37.62471334234528,-0.24701467562447554,-0.21567541942517748,-0.03133925619929806
2022-05-06,5.723503577995618,6.201960829870169,6.518754681049596,36.39147280666121,-0.25814215672335905,-0.22416876688481382,-0.033973389838545226
2022-05-09,5.46450124924994,6.131726584096814,6.477411409214315,32.467957129094245,-0.2845796321654621,-0.2362509399409435,-0.048328692224518605
2022-05-10,5.561956463958181,6.07746276313123,6.441511215282702,35.29479608272014,-0.29427547605744486,-0.2478558471642438,-0.04641962889320106
2022-05-11,5.3287548874042034,6.006157251157227,6.397873712228643,31.8582356681231,-0.3171213430362956,-0.26170894633865416,-0.05541239669764142
2022-05-12,5.322697805091232,5.941065875341418,6.355709951164431,31.771704911105672,-0.3318897941810315,-0.27574511590712963,-0.05614467827390185
2022-05-13,5.5670221443202825,5.905442662863215,6.3247810175626995,38.97223083266447,-0.3201880374564299,-0.2846337002169897,-0.03555433723944018
2022-05-16,5.488817639599823,5.865764089219082,6.291998139995528,37.60423073546537,-0.31360966390395717,-0.29042889295438323,-0.023180770949573937
2022-05-17,5.641981617369284,5.844451472852435,6.2665072959709684,41.90530450965651,-0.2926635591743523,-0.29087582619837704,-0.0017877329759752314
2022-05-18,5.271499653688575,5.7898846329320675,6.227487388430482,35.526126479448834,-0.3024717128658665,-0.29319500353187494,-0.00927670933399155
2022-05-19,5.241594741099065,5.737666547995591,6.188824931672388,35.06215163357126,-0.30909476974965244,-0.29637495677543046,-0.012719812974221978
2022-05-20,5.19224472327005,5.685721612307444,6.149743354872296,34.26681716264247,-0.3146980804711772,-0.3000395815145798,-0.014658498956597377
2022-05-23,5.267229054906939,5.6458651782693,6.115134950952085,36.619350684659565,-0.3095201797324352,-0.3019357011581509,-0.007584478574284292
2022-05-24,5.100209462706616,5.593897967263331,6.0753339514130476,33.72418023003749,-0.31525962463136814,-0.30460048585279437,-0.010659138778573773
2022-05-25,5.207979875547718,5.557143863290415,6.041320066084995,37.17568193981742,-0.3075665684750444,-0.3051937023772444,-0.002372866097799964
2022-05-26,5.40317235947907,5.5424799105464775,6.016294665825939,42.968816258482455,-0.282463302757189,-0.30064762245323334,0.018184319696044338
2022-05-27,5.610539177616462,5.548961745505523,6.000382685896156,48.41134664939859,-0.24303446460537703,-0.2891249908836621,0.04609052627828508
2022-05-31,5.625201698033688,5.556222693365348,5.985669705979981,48.78352593930069,-0.20820364146619674,-0.27294072100016903,0.06473707953397229
2022-06-01,5.564634679868317,5.557023834937059,5.969158528485406,47.266599174704815,-0.18337340095192634,-0.2550272569905205,0.07165385603859414
2022-06-02,5.784387603873021,5.578677527216675,5.961912609873155,52.979560268591506,-0.1442996356602917,-0.23288173272447474,0.08858209706418305
2022-06-03,5.576012348864168,5.578423700706912,5.946779266304175,47.7022731163129,-0.1286643739577471,-0.21203826097112924,0.08337388701338214
2022-06-06,5.607926947234475,5.581233533709537,5.933490940066148,48.547621554250135,-0.11240237048652446,-0.19211108287420828,0.07970871238768382
2022-06-07,5.643911574271056,5.587202870905872,5.922134886505557,49.53806380332967,-0.09550997734248856,-0.17279086176786435,0.07728088442537578
2022-06-08,5.630265728076817,5.591304095398343,5.91068903715541,49.15167002018864,-0.08227532113012082,-0.15468775364031565,0.07241243251019483
2022-06-09,5.472141187002731,5.579955246979713,5.893491082247462,44.791803979894354,-0.08358260149238017,-0.14046672321072856,0.05688412171834839
2022-06-10,5.251040678263493,5.548630049959121,5.868296948757895,39.51391687675103,-0.10129196314010258,-0.13263177119660338,0.0313398080565008
2022-06-13,4.971817195979177,5.493695492437221,5.8331408800214755,34.056269233413914,-0.1362867326686601,-0.13336276349101472,-0.002923969177645369
2022-06-14,4.989929168351696,5.445717747286219,5.800073754073641,34.686438572145505,-0.1607063322790543,-0.13883147724862263,-0.021874855030431656
2022-06-15,5.169548867768941,5.419415949236954,5.7753472879440455,40.73503601106896,-0.16367844903136053,-0.14380087160517022,-0.019877577426190313
2022-06-16,4.94297380114395,5.37404050656143,5.742705190422473,36.18306486268918,-0.18221611335118393,-0.15148391995437296,-0.030732193396810964
2022-06-17,4.999684997920626,5.338387600976591,5.713567143657695,38.04910241193225,-0.19013941741044338,-0.15921501944558705,-0.030924397964856326
2022-06-21,5.123007800271228,5.3178752390046515,5.690407953720971,42.01942855096715,-0.18434258687152028,-0.1642405329307737,-0.020102053940746573
2022-06-22,5.121126480307678,5.299137261985892,5.668083190057705,41.97523329425486,-0.1778502171088121,-0.1669624697663814,-0.010887747342430698
2022-06-23,5.192049076396719,5.2889383871678755,5.649415185600412,44.351449845726684,-0.16507917652854687,-0.1665858111188145,0.0015066345902676193
2022-06-24,5.406672544304909,5.30015116403807,5.639895866333922,50.903808814035656,-0.13607117092422616,-0.16048288307989683,0.024411712155670673
2022-06-27,5.352809497934352,5.305166243456764,5.628637577377076,49.33385362368652,-0.11609019962362943,-0.15160434638864334,0.03551414676501391
2022-06-28,5.142632241078444,5.289686814658829,5.609578544581051,43.67360497285265,-0.11587890414159752,-0.1444592579392342,0.02858035379763668
2022-06-29,5.139337440568755,5.275367826650251,5.591137716972726,43.58917489192266,-0.11465563502520482,-0.1384985333564283,0.023842898331223494
2022-06-30,5.063229357792495,5.255164162949512,5.570435428377423,41.589109803162586,-0.11846191642300052,-0.13449120996974276,0.016029293546742235
2022-07-01,5.086224780085192,5.239074697914815,5.5514467755032175,42.44835773007045,-0.11825965971219254,-0.1312448999182327,0.012985240206040166
2022-07-05,5.21382690841628,5.236670146534002,5.538206780715495,47.098771911006615,-0.10657442088714575,-0.12631080411201534,0.01973638322486959
2022-07-06,5.24952819404235,5.237894722487178,5.526886051826352,48.35614224720843,-0.09335683012370843,-0.11972000931435396,0.026363179190645528
2022-07-07,5.391321331887862,5.252506780525339,5.521569788299353,53.121815685372184,-0.07062613884133118,-0.10990123521974941,0.03927509637841824
2022-07-08,5.401053553746959,5.266654092260731,5.516843661454161,53.43940479185261,-0.051235976818329476,-0.09816818353946544,0.04693220672113596
2022-07-11,5.220490896209223,5.2622575973986825,5.505221984385733,47.06818112038486,-0.049864227380887804,-0.08850739230774991,0.03864316492686211
2022-07-12,5.160537903609641,5.252570007514012,5.4917049616102,45.14364752226813,-0.05300381652039743,-0.08140667715027941,0.028402860629881982
2022-07-13,5.171455803901643,5.244844845265215,5.479146171111825,45.580032010162604,-0.05398863287113098,-0.07592306829444974,0.021934435423318757
2022-07-14,5.192622340501154,5.239871273382923,5.467909942460427,46.469114719990024,-0.052456458911533055,-0.0712297464178664,0.01877328750633335
2022-07-15,5.327407843382865,5.248208089573394,5.462400056222091,51.86232169632015,-0.039906123426566076,-0.06496502181960634,0.025058898393040263
2022-07-18,5.314542577796109,5.254525659880319,5.4566017237347975,51.33072737078545,-0.03064475785493226,-0.05810096902667153,0.02745621117173927
2022-07-19,5.504735037038088,5.278355124371536,5.458489304648652,58.15871352993009,-0.007867426167199376,-0.048054260454777106,0.04018683428757773
2022-07-20,5.64099489985416,5.312892245846071,5.4656463868135745,62.2453632052773,0.02093745154688964,-0.03425591805444376,0.0551933696013334
2022-07-21,5.76044381528134,5.3555162048399065,5.4772070702828985,65.432692138207,0.052795460655572946,-0.016845642312440418,0.06964110296801336
2022-07-22,5.623152907167854,5.381005414585426,5.48293043643525,59.242111722039255,0.06620180035667733,-0.00023615377861686826,0.0664379541352942
2022-07-25,5.576733362017547,5.399646171483723,5.486608982536517,57.26922709556661,0.072247922727529,0.014260661522612307,0.05798726120491669
2022-07-26,5.4216794035577704,5.4017445745383945,5.484062724537351,51.142610401664214,0.06379259829505113,0.02416704887710007,0.03962554941795106
2022-07-27,5.71851344344088,5.431913038243393,5.493256870376705,59.971136013007076,0.08012014389224653,0.03535766788012937,0.044762476012117164
2022-07-28,5.758610617194112,5.463027093381557,5.503662899663662,60.99642681260083,0.09519796534167657,0.047325727372438814,0.04787223796923776
2022-07-29,5.894674884265061,5.5041364067990335,5.518996702981364,64.33479003889408,0.11678032578387931,0.061216647054726916,0.055563678729152396
2022-08-01,5.902601369245745,5.5420854508415776,5.534040023227027,64.52527882788962,0.13299106480931844,0.07557153060564523,0.05741953420367321
2022-08-02,5.874830395307513,5.573775445552619,5.547404351543909,63.250646992504414,0.14196087022951343,0.08884939853041887,0.05311147169909455
2022-08-03,6.043803798976607,5.618540050640618,5.56687099654127,67.46230913314848,0.16085006770065302,0.1032495323644657,0.05760053533618732
2022-08-04,6.089063700751689,5.663351826841673,5.587349141804424,68.50353646324083,0.177426723778896,0.11808497064735177,0.059341753131544245
2022-08-05,6.002761947844366,5.695676600270501,5.6036398400805005,64.27955152006025,0.18150770510367042,0.1307695175386155,0.05073818756505494
2022-08-08,5.979587383783916,5.722715722509873,5.618382881010046,63.15343587458585,0.18078790809570933,0.14077319565003427,0.04001471244567506
2022-08-09,5.899647638707673,5.739566381195377,5.629412871507992,59.294559459266935,0.17178674378885272,0.14697590527779797,0.024810838511054756
2022-08-10,6.118233373113256,5.775629904235175,5.648582302943493,65.50186645856563,0.18021390448348296,0.15362350511893497,0.02659039936454799
2022-08-11,6.055885963106746,5.802320957461039,5.664554995498914,62.57094123101981,0.1797890785373495,0.15885661980261787,0.020932458734731624
2022-08-12,6.207032081658075,5.840864874051233,5.685828606720842,66.48601863572537,0.18946459953478811,0.16497821574905192,0.0244863837857362
2022-08-15,6.2562032228208535,5.880420907267387,5.7081962387247644,67.67076358503097,0.19880847938867507,0.17174426847697655,0.027064210911698527
2022-08-16,6.235095729257667,5.914199461742652,5.7288589638437015,66.58265801884787,0.20217977062085524,0.1778313689057523,0.02434840171510294
2022-08-17,6.154573136207706,5.937092192644085,5.745553637269741,62.456789527383,0.1960935979740377,0.1814838147194094,0.014609783254628306
2022-08-18,6.204631277077727,5.96257210544729,5.763556681968094,63.95224710448586,0.19308378622073175,0.18380380901967386,0.009279977201057887
2022-08-19,6.058194364516224,5.971678987263379,5.77511110089155,56.821778919958085,0.17684370950060568,0.18241178911586026,-0.005568079615254573
2022-08-22,5.8616231290532665,5.961197476957654,5.7785037294469115,48.93443305462198,0.14642379346356993,0.1752141899854022,-0.028790396521832268
2022-08-23,5.861125931620002,5.9516668535921635,5.7817438158066405,48.915937811796354,0.12088221622091755,0.16434779523250526,-0.04346557901158771
2022-08-24,5.886829731292625,5.945491889563636,5.785864832100208,49.96872402461423,0.1015438794238257,0.15178701207076936,-0.05024313264694366
2022-08-25,6.015050742476829,5.9521165422220355,5.794852514860076,54.95574014639374,0.09546402237613894,0.14052241413184327,-0.045058391755704336
2022-08-26,5.731142835567066,5.9310714273025145,5.792354096064272,44.402033327711784,0.06696476832744569,0.12581088497096377,-0.058846116643518076
2022-08-29,5.671408724992833,5.906341646130164,5.78761114033598,42.55052167385192,0.039108047436336335,0.10847031746403828,-0.06936227002770194
2022-08-30,5.591602119322813,5.876366453100893,5.779924512060954,40.142140415841055,0.010470966543000948,0.08887044727983082,-0.07839948073682987
2022-08-31,5.570217139480723,5.847209375613257,5.7717006935283965,39.49702207168736,-0.013790744418303191,0.06833820894020402,-0.08212895335850721
2022-09-01,5.5675043068642625,5.820570797637163,5.763692992090587,39.4104954799902,-0.03285845624151307,0.04809887590386061,-0.08095733214537368
2022-09-02,5.486387772419926,5.7887438428545686,5.752818277593699,36.81354338373065,-0.0538939260160376,0.027700315519880975,-0.08159424153591857
2022-09-06,5.438515890379843,5.755388799761738,5.740492693781391,35.33376147411086,-0.07357937097629996,0.007444378220644789,-0.08102374919694474
2022-09-07,5.56202088067288,5.736972807467561,5.733493799149685,41.83021369075603,-0.07831167910154768,-0.009706833243793707,-0.06860484585775398
2022-09-08,5.584755671655988,5.722475937390268,5.727660931404834,42.966069218926215,-0.07931328557023765,-0.023628123709082495,-0.05568516186115515
2022-09-09,5.729394834946659,5.723134880014686,5.727728927622161,49.695961302610435,-0.06765599800462496,-0.03243369856819099,-0.03522229943643397
2022-09-12,5.8017825282699915,5.730625132229477,5.730632990392665,52.703865265697985,-0.051977270125378894,-0.036342412879628576,-0.015634857245750318
2022-09-13,5.423509760777961,5.701376049234094,5.71858894217248,39.434218261393966,-0.06927663833757958,-0.04292925797121878,-0.0263473803663608
2022-09-14,5.473668500768702,5.679689616046914,5.708984218980175,41.5362057416482,-0.07803953003348862,-0.049951312383672744,-0.02808821764981588
2022-09-15,5.426009328632744,5.655529588674136,5.697887164456747,40.11171830360664,-0.087817575378355,-0.057524564982609196,-0.0302930103957458
2022-09-16,5.419197607347526,5.633021780928744,5.686958162217169,39.90109246510172,-0.09502105219975299,-0.06502386242603796,-0.02999718977371503
2022-09-19,5.472665057390544,5.617749712020344,5.678554511047498,42.45533837822799,-0.09531673116237638,-0.07108243617330565,-0.02423429498907073
2022-09-20,5.420408535741171,5.59895531427947,5.668431139466858,40.637485762614226,-0.09863076932834414,-0.07659210280431335,-0.02203866652403079
2022-09-21,5.3223753425107345,5.57261436458721,5.654860323899951,37.40200665366902,-0.10792355231632111,-0.08285839270671491,-0.025065159609606202
2022-09-22,5.2645488776578855,5.543274794403464,5.639553992674772,35.60140721029313,-0.11858726208358039,-0.09000416658208801,-0.028583095501492378
2022-09-23,5.135822830062335,5.504469845418595,5.619799829435069,31.917751954197783,-0.13585934319565318,-0.09917520190480106,-0.036684141290852124
2022-09-26,5.116825032949264,5.4675512918500875,5.600075327612096,31.401357310609015,-0.14935883964067642,-0.10921192945197614,-0.040146910188700285
2022-09-27,5.1256480620386355,5.434989079487092,5.581470336805294,31.951992542135997,-0.15752944177548134,-0.11887543191667718,-0.038654009858804156
2022-09-28,5.268107731048779,5.419095617731062,5.569181607167784,40.286499392113996,-0.15077139929025485,-0.1252546253913927,-0.025516773898862144
2022-09-29,5.089950263255891,5.387748441114379,5.550388221132024,34.582069377315605,-0.15797043580763948,-0.13179778747464205,-0.026172648332997428
2022-09-30,5.012740405286969,5.352033390083197,5.529303993059669,32.438364113533254,-0.1679696646457609,-0.13903216290886583,-0.028937501736895077
2022-10-03,5.084398082508666,5.326544313171337,5.511856702449825,36.38005054695679,-0.16817335213776285,-0.14486040075464524,-0.02331295138311762
2022-10-04,5.2386957915050205,5.318177787298355,5.501144509863755,43.961463228942655,-0.15410778176696827,-0.14670987695710985,-0.007397904809858413
2022-10-05,5.207854447494115,5.307670802555094,5.4896429387904355,42.861982618885754,-0.14379181211816316,-0.14612626398932052,0.002334451871157356
2022-10-06,5.191841353589636,5.296639426463146,5.47796444525315,42.27085250997743,-0.13534824439004822,-0.14397066006946607,0.00862241567941785
2022-10-07,4.943028650935998,5.2629622097462745,5.456986570966203,34.34484666928324,-0.14703879017782473,-0.14458428609113783,-0.002454504086686904
2022-10-10,4.895218872538104,5.227939034774068,5.434956465145493,33.062009618546384,-0.15833627942588357,-0.14733468475808698,-0.0110015946677966
2022-10-11,4.800230059322856,5.187204846635857,5.410065233544605,30.61526652160984,-0.17296064180633763,-0.1524598761677371,-0.020500765638600538
2022-10-12,4.806558490649303,5.150952812732375,5.386398302450672,30.98173066043131,-0.18194258200650548,-0.15835641733549077,-0.02358616467101471
2022-10-13,4.921513461600535,5.129101445957914,5.368167524378118,37.44491501659539,-0.17773609779108046,-0.16223235342660872,-0.015503744364471744
2022-10-14,4.7444802238252395,5.092470853373849,5.34370919886624,32.41119292751438,-0.1865372462449315,-0.16709333199027326,-0.019443914254658246
2022-10-17,4.962939891192956,5.080134571261383,5.3287770691535625,42.65563422610261,-0.17387997032907254,-0.16845065965803313,-0.005429310671039411
2022-10-18,4.985953420227795,5.071164937829613,5.315333004489807,43.6250197634847,-0.16014592596681343,-0.16678971291978922,0.006643786952975794
2022-10-19,5.044095748218101,5.0685869197713735,5.304696249341896,46.10390794704886,-0.14292247557588134,-0.16201626545100767,0.019093789875126332
2022-10-20,4.9893782832998665,5.061043240107421,5.2923308389088755,44.136967285860585,-0.13216449910266448,-0.15604591218133904,0.023881413078674557
2022-10-21,5.138426150697702,5.0684130411160195,5.28629536093981,50.35068171844724,-0.11033987855085492,-0.14690470545524223,0.03656482690438731
2022-10-24,5.178142318356977,5.078863448472301,5.282054065152248,51.88643198020634,-0.08881514105680743,-0.1352867925755553,0.04647165151874785
2022-10-25,5.316167257623998,5.101463811248653,5.283391837406041,56.87845453062726,-0.05992835565918231,-0.1202151051922807,0.060286749533098385
2022-10-26,5.170872406300803,5.108074153634572,5.278979310696032,50.89241750513623,-0.048203787083870964,-0.10581284157059875,0.05760905448672779
2022-10-27,4.982936262947674,5.096156259283439,5.267369779411783,44.38547130497412,-0.05346059764609645,-0.0953423927856983,0.04188179513960184
2022-10-28,5.099081356083682,5.0964348399310815,5.260770233398915,48.74681426262914,-0.047704808205128124,-0.08581487586958426,0.03811006766445614
2022-10-31,5.004302782406951,5.0876603582621165,5.250712686301191,45.60393104587322,-0.05021232596541658,-0.07869436588875073,0.028482039923334146
2022-11-01,4.938578621722654,5.073462097639311,5.238472134749092,43.50904170704558,-0.056847638157377034,-0.07432502034247598,0.01747738218509895
2022-11-02,4.743472776153609,5.042034543212101,5.219060395196328,37.937700845203274,-0.07696240732003456,-0.0748524977379877,-0.002109909582046862
2022-11-03,4.659852121369449,5.0056362173223246,5.197130658967823,35.820602355173946,-0.09851537092233364,-0.0795850723748569,-0.018930298547476743
2022-11-04,4.727254219699975,4.979123646120197,5.178704131937711,38.785885459462186,-0.10890210811232937,-0.0854484795223514,-0.02345362858997796
2022-11-07,4.771258779543144,4.959326992160477,5.1627258828241995,40.711846074664756,-0.11228848024677607,-0.09081647966723634,-0.021472000579539727
2022-11-08,4.7894684902806,4.943149991981441,5.148088338018568,41.53164390096428,-0.11220935350984451,-0.09509505443575798,-0.017114299074086528
2022-11-09,4.667635653256213,4.916910531150466,5.129247056263182,37.768785717781476,-0.12058747935026393,-0.10019353941865917,-0.02039393993160475
2022-11-10,5.085203109277144,4.932938395733959,5.127519842655886,53.36442104018662,-0.09246709735632752,-0.09864825100619286,0.006181153649865337
2022-11-11,5.218682985815374,4.960152166217904,5.131094867877827,57.068220957581325,-0.058733735587585656,-0.09066534792247143,0.03193161233488577
2022-11-14,5.183061547425805,4.981381631094847,5.133132776879709,55.79470764100381,-0.03447672945127156,-0.07942762422823145,0.04495089477695989
2022-11-15,5.288834691730306,5.010662874964891,5.13923873432483,58.73910517067812,-0.006641311656919058,-0.06487036171396897,0.05822905005704991
2022-11-16,5.193786503848406,5.028103220572845,5.141377862541441,55.18218452256832,0.007660556945308095,-0.05036417798211356,0.058024734927421655
2022-11-17,5.138904060436703,5.038655681512259,5.141280850694197,53.179709573086065,0.01440033820543185,-0.03741127474460448,0.05181161295003633
2022-11-18,5.109457609573246,5.045398722279972,5.14003288045416,52.087549411828675,0.01716768256308221,-0.02649548328306714,0.04366316584614935
2022-11-21,5.0302213909203495,5.043953262150485,5.135726547531265,49.16175875607891,0.012819348790490181,-0.018632516868355677,0.03145186565884586
2022-11-22,5.1158697058543705,5.0508024472651405,5.134947847857661,52.281886353585826,0.01609878934755038,-0.011686255625174467,0.027785044972724847
2022-11-23,5.210284722925027,5.065991235423225,5.137902235115204,55.52251311318018,0.026016371893931023,-0.00414573012135337,0.030162102015284395
2022-11-25,5.162831976947421,5.075214163187434,5.1388798720498015,53.553981177477006,0.029704670541526923,0.0026243500112226883,0.027080320530304236
2022-11-28,5.088704404689822,5.076498948092423,5.136912206663136,50.539533897264846,0.02634253784269447,0.007367987577517045,0.018974550265177425
2022-11-29,5.050353758136051,5.07400893000134,5.13351775770129,49.00274595253131,0.02034887759467452,0.00996416558094854,0.01038471201372598
2022-11-30,5.3622095162761685,5.101456604884657,5.1424860619591275,59.726909555577855,0.04029847631074013,0.016031027726906857,0.02426744858383327
2022-12-01,5.358422641756059,5.1259295607771715,5.1509541631276345,59.563112589190816,0.05516717504325275,0.023858257190176035,0.03130891785307671
2022-12-02,5.338862275149721,5.14620886690789,5.158323108697128,58.66812141762328,0.0646273835512039,0.03201208246238161,0.03261530108882229
2022-12-05,5.225314064889128,5.153742695287056,5.160950205018383,53.63033381446521,0.06224475653748662,0.03805861727740262,0.024186139260084005
2022-12-06,5.0853540908966615,5.147229494868923,5.157985651523414,48.142799428091955,0.0485037858061137,0.040147650983144836,0.008356134822968861
2022-12-07,5.052875582902208,5.138243408014951,5.153863688048073,46.94244537124718,0.03459444017022584,0.03903700882056104,-0.004442568650335203
2022-12-08,5.121566444507848,5.136655125776179,5.152597129477868,49.79362430110705,0.02878217895771229,0.03698604284799129,-0.008203863890279002
2022-12-09,5.148792768446581,5.137811091744789,5.15244793884919,50.9194252485875,0.026072311496210254,0.03480329657763509,-0.008730985081424836
2022-12-12,5.170252755367823,5.140900773994602,5.15314616694796,51.836170931550406,0.02536398339335122,0.03291543394077832,-0.007551450547427098
2022-12-13,5.248309383048605,5.151130165333078,5.156878057775436,55.119834807027054,0.030746716764299187,0.0324816905054825,-0.00173497374118331
2022-12-14,5.2077121338277035,5.156518924237329,5.158871550953956,53.09242403390958,0.03137504107133182,0.03226036061865237,-0.0008853195473205455
2022-12-15,5.003192288450329,5.1419163874957095,5.152766481836166,44.260188652379696,0.015194794204042239,0.028847247335730342,-0.013652453131688103
2022-12-16,4.955842203647928,5.124195036653063,5.145043961122902,42.497516200238536,-0.001432412177118536,0.022791315433160566,-0.024223727610279102
2022-12-19,4.872938042899883,5.10026579915276,5.134373140800432,39.52915887554406,-0.021056539262748863,0.014021744493978682,-0.035078283756727544
2022-12-20,4.840939397024216,5.0755680465690896,5.122865935162149,38.4138867718462,-0.038744205576184854,0.003468554479945975,-0.04221276005613083
2022-12-21,4.92871402296697,5.061581949083174,5.115252134683907,43.151950571957265,-0.04515856992801748,-0.006256870401646717,-0.038901699526370764
2022-12-22,4.777051256442616,5.034483787879311,5.101989355145033,37.74805054406477,-0.06176789579617559,-0.017359075480552492,-0.0444088203156231
2022-12-23,4.783406286632589,5.0105716449034325,5.0894959014778784,38.09786346012474,-0.07357003877406587,-0.02860126813925517,-0.0449687706348107
2022-12-27,4.636723965044198,4.974967103964458,5.071740139264794,33.42862326148507,-0.09367948084899069,-0.041616910681202275,-0.05206257016778842
2022-12-28,4.586500218414976,4.93797025772165,5.052711122760879,31.98323666752195,-0.11237362202513523,-0.05576825294998887,-0.056605369075146364
2022-12-29,4.750402513523793,4.92010666303614,5.040855883182954,40.955564209007896,-0.11266459089206382,-0.06714752053840387,-0.045517070353659955
2022-12-30,4.760238037508423,4.904881079652548,5.0298512617839535,41.45465399844429,-0.11082403078741354,-0.0758828225882058,-0.034941208199207735
2023-01-03,4.698406333765064,4.885216818139455,5.016853421469488,39.210754985275784,-0.113051488203042,-0.08331655571117305,-0.029734932491868954
2023-01-04,4.753895978181464,4.872710071476789,5.006541364869958,42.232772314671784,-0.10908178675810198,-0.08846960192055883,-0.02061218483754315
2023-01-05,4.671712762054699,4.8535674705794465,4.993410831426222,39.13009257015444,-0.11128445059616077,-0.09303257165567923,-0.01825187894048154
2023-01-06,4.830386430909161,4.85135975251561,4.987017717680454,47.19611862221667,-0.0990842569356376,-0.0942429087116709,-0.004841348223966702
2023-01-09,4.885454882841053,4.8546069077847,4.983034861412243,49.68791189489281,-0.08400361038726434,-0.0921950490467896,0.008191438659525263
2023-01-10,4.946143597374876,4.86332468774567,4.9815881451754835,52.356255790912385,-0.06638971793911974,-0.08703398282525562,0.020644264886135882
2023-01-11,5.043615850809385,4.880495274704119,4.98402060421995,56.35954089401886,-0.04405751739449748,-0.078438689739104,0.034381172344606525
2023-01-12,5.085726395435147,4.900041095726122,4.988009066620545,58.001414913450326,-0.022699453380620405,-0.06729084246740728,0.04459138908678688
2023-01-13,5.125875374108989,4.921549122238776,4.993415588482837,59.563457470352766,-0.002504476684876522,-0.05433356931090113,0.05182909262602461
2023-01-17,5.16534638933603,4.944767909581372,5.000157972830022,61.09541751861833,0.01649502452431406,-0.040167850543858095,0.05666287506817216
2023-01-18,5.107636293094908,4.960279184201709,5.00437280891884,57.65606561993967,0.026589041731376994,-0.026816472088811077,0.05340551382018807
2023-01-19,5.051407735207751,4.968958093821332,5.0062173158321315,54.4403424529149,0.02970898174327541,-0.01551138132239378,0.04522036306566919
2023-01-20,5.255486553335142,4.996246518536934,5.015992580047936,62.59474180487381,0.048094607053434046,-0.0027901836472282136,0.050884790700662264
2023-01-23,5.425803488192116,5.037156706123142,5.0320635960535895,67.77805923454382,0.07553774867188245,0.01287540281659392,0.06266234585528853
2023-01-24,5.426438277771034,5.0742311415181796,5.0475292698464305,67.79597114854977,0.09622859499266756,0.029546041251808652,0.06668255374085891
2023-01-25,5.4146116469042,5.106648332507325,5.06192465718203,67.04815801461197,0.11039931491851984,0.04571669598515089,0.06468261893336895
2023-01-26,5.574265945529847,5.151183343271374,5.082016472411357,71.60202944132709,0.13297957440983854,0.06316927167008843,0.06981030273975011
2023-01-27,5.696013598103555,5.203071938969677,5.106094791065953,74.49647833656476,0.15886728761364743,0.08230887485880023,0.0765584127548472
2023-01-30,5.540219758823228,5.235181255146205,5.123119299605454,65.32142497770104,0.16491123200323177,0.09882934628768654,0.06608188571554523
2023-01-31,5.63499949123263,5.273259182392532,5.143193032610442,67.91072647558603,0.17532796216444613,0.11412906946303847,0.06119889270140766
2023-02-01,5.791178213933765,5.3225848044440776,5.168604216191748,71.665074477628,0.19394988005990932,0.13009323158241265,0.06385664847749667
2023-02-02,6.120528896610338,5.398579479888483,5.205934595816006,77.6132857065818,0.23260243566092598,0.15059507239811531,0.08200736326281066
2023-02-03,6.013734940892988,5.457165714269864,5.237613040720986,72.31238372537442,0.25171586098158194,0.17081923011480865,0.08089663086677329
2023-02-06,5.992110746751051,5.508112860220454,5.267201186055499,71.25121625518241,0.2620972030991888,0.1890748247116847,0.07302237838750411
2023-02-07,6.127661001247537,5.567117445080176,5.300944708219893,73.84248698447156,0.2780569962497479,0.20687125901929737,0.07118573723045052
2023-02-08,6.0229001238388475,5.610525319247668,5.3292566853029895,68.68941064105414,0.27903537392485234,0.22130408200040838,0.057731291924443956
2023-02-09,5.96471053064068,5.644257244142241,5.354176443943683,65.93695683974138,0.271980113968743,0.23143928839407532,0.04054082557466768
2023-02-10,5.855334713758386,5.66435986029616,5.373829709426613,60.98987954801243,0.25462786377925717,0.2360770034711117,0.018550860308145456
2023-02-13,5.956157121782749,5.692150075675834,5.396666078538619,63.69395715493109,0.2461738671053446,0.23809637619795831,0.008077490907386298
2023-02-14,6.0338077363961755,5.724688900506343,5.421652025905582,65.66781477428827,0.24293931626610998,0.23906496421158868,0.0038743520545213017
2023-02-15,6.07926539597276,5.758458090550763,5.44744078551606,66.80557035714193,0.2412628368424361,0.23950453873775818,0.0017582981046779245
2023-02-16,5.92481474310541,5.774301581270254,5.466161332872504,59.58084197276387,0.22487907197301826,0.2365794453848102,-0.011700373411791948
2023-02-17,5.895976635469487,5.785889681670181,5.483016834935131,58.312797691482885,0.20717958866592934,0.23069947404103405,-0.023519885375104715
2023-02-21,5.7438407822551,5.78188502458303,5.49324522502611,52.022534853406846,0.1788152577425226,0.2203226307813318,-0.04150737303880919
2023-02-22,5.744302110447994,5.778305699427312,5.50309059308187,52.03942962633325,0.15459151174392982,0.20717640697385142,-0.0525848952299216
2023-02-23,5.819582109941523,5.782236786142952,5.515502025115582,54.834399577311586,0.1398563088642426,0.1937123873519297,-0.05385607848768709
2023-02-24,5.718177496788847,5.7761359014425615,5.523450082828259,50.56011307903861,0.1186285732641128,0.17869562453436633,-0.060067051270253524
2023-02-27,5.781410401894671,5.776638234818953,5.53356617377204,53.01934619588643,0.1056894842608953,0.16409439647967214,-0.05840491221877683
2023-02-28,5.791620164933432,5.7780650853060465,5.54368593813131,53.42221006422852,0.09516203683114366,0.15030792454996647,-0.05514588771882281
2023-03-01,5.716246432682558,5.7721775945800005,5.550453016349006,50.01257778779959,0.0798168496700864,0.13620970957399045,-0.05639285990390405
2023-03-02,5.736035086044818,5.7687354509099835,5.557730744572371,50.8986317879279,0.06846325544265675,0.12266041874772371,-0.054197163305066964
2023-03-03,5.889785216994867,5.780264000060925,5.57075248858894,57.24048462900504,0.0710527489819377,0.11233888479456651,-0.04128613581262881
2023-03-06,5.8892260609047815,5.7906413391889116,5.583241648287601,57.211543965547904,0.07222723148009269,0.10431655413167176,-0.03208932265157907
2023-03-07,5.827578709495885,5.794159183980052,5.59282349382518,53.97160688876663,0.0674065702881359,0.09693455736296461,-0.029527987074828704
2023-03-08,5.856196432870798,5.800067493398218,5.603151844375988,55.23884871357465,0.06514442825268585,0.09057653154090886,-0.025432103288223012
2023-03-09,5.721036181400835,5.792540701779419,5.607774759553433,48.45370201412654,0.0518476937400969,0.08283076398074647,-0.03098307024064957
2023-03-10,5.641387904630259,5.778145197289024,5.609092922105464,44.949781208301346,0.03448545865320707,0.0731617029152386,-0.038676244262031534
2023-03-13,5.6862808847862345,5.769396215145901,5.612119901034122,47.26459641881539,0.024070777630015527,0.06334351785819399,-0.03927274022817846
2023-03-14,5.869084888931571,5.778890374554059,5.622196959383042,55.4748188697331,0.030219472000873715,0.056718708686729936,-0.02649923668585622
2023-03-15,5.925136071744033,5.7928185361912,5.6340769245736695,57.651879628756994,0.03916376311976766,0.05320771957333748,-0.014043956453569824
2023-03-16,6.099624335883398,5.822038136161886,5.652333685801502,63.61594126337115,0.05964437964717195,0.05449505158810438,0.005149328059067572
2023-03-17,6.049624755703478,5.843713052308705,5.667913727758443,60.96632594032845,0.07102216819819684,0.05780047491012288,0.013221693288073967
2023-03-20,6.073085589327109,5.865558055834267,5.683802820368979,61.77091212404215,0.08099854005062035,0.06244008793822238,0.01855845211239797
2023-03-21,6.192885982182612,5.8967321440579195,5.703766865930298,65.66309930285581,0.09744845201406349,0.0694417607533906,0.028006691260672886
2023-03-22,6.108026942390369,5.91685545818482,5.719620202262066,60.930911103400796,0.10245665391636383,0.07604473938598526,0.02641191453037857
2023-03-23,6.234694316723457,5.94712582566469,5.7398191871429045,64.98711573954849,0.11531738151976434,0.08389926781274107,0.03141811370702327
2023-03-24,6.253983799907187,5.976350394640166,5.759982505290523,65.57328450270236,0.12561805415224558,0.09224302508064197,0.03337502907160361
2023-03-27,6.194739130182381,5.997149321834662,5.777031784698047,62.13272886348293,0.12753076641728445,0.09930057334797046,0.028230193069313986
2023-03-28,6.140068812354841,6.0107607018842035,5.791268530880667,59.053551748345576,0.12321482313536247,0.10408342330544887,0.019131399829913603
2023-03-29,6.250157219322877,6.033560370211696,5.809264165721538,63.02704992874248,0.1272112097451492,0.10870898059338895,0.018502229151760266
2023-03-30,6.31445566238718,6.060312302799837,5.829075596963327,65.15398140813795,0.1340218020087125,0.11377154487645366,0.020250257132258837
2023-03-31,6.448310024698829,6.097264466790217,5.853359300011779,69.13466083381766,0.14850826300350395,0.12071888850186373,0.02778937450164022
2023-04-03,6.424033368693208,6.128385314590502,5.875738675254188,67.62577183035458,0.15622905318411995,0.12782092143831497,0.028408131745804976
2023-04-04,6.409723406014758,6.15517941853567,5.896679252931073,66.7016434424851,0.15935618176513433,0.13412797350367883,0.025228208261455498
2023-04-05,6.316157301179237,6.1705106454541045,5.913129372470217,60.84671064940739,0.15252622363785218,0.1378076235305135,0.014718600107338664
2023-04-06,6.355397473777385,6.188118914818226,5.930473219580302,62.33973137153618,0.1485671964389752,0.13995953811220585,0.008607658326769352
2023-04-10,6.3508668309572105,6.2036187163552725,5.946959243555867,62.04554551561389,0.1434109022383705,0.14064981093743878,0.0027610913009317173
2023-04-11,6.305750782107503,6.213345579760246,5.961029499969656,59.056840927459,0.1341377572756599,0.13934740020508302,-0.005209642929423108
2023-04-12,6.220650426265957,6.214041279427457,5.971210712765589,53.79321645993029,0.11855520497534222,0.13518896115913487,-0.016633756183792647
2023-04-13,6.384569414561946,6.230282054202171,5.987420857934074,61.00308728460401,0.11807175474685039,0.13176551987667798,-0.01369376512982759
2023-04-14,6.364442539604005,6.24305924328806,6.002206021921131,59.76988051517388,0.11474187346296105,0.1283607905939346,-0.013618917130973546
2023-04-17,6.36052119297025,6.254246095638744,6.0162575972563905,59.517432568269804,0.11051257844111984,0.12479114816337165,-0.014278569722251819
2023-04-18,6.367075865253499,6.264991787983007,6.030015176393532,59.822902485118846,0.10646250544727387,0.12112541962015211,-0.014662914172878239
2023-04-19,6.3499059768692945,6.273078853591225,6.042559913667092,58.576031507761115,0.10070644570409826,0.11704162483694135,-0.01633517913284309
2023-04-20,6.271522787149072,6.272930656787211,6.051538849882072,53.13166213364973,0.08879627042103344,0.11139255395375977,-0.02259628353272633
2023-04-21,6.298131461801832,6.27533073345527,6.061209148388729,54.67187376210667,0.08057564251718752,0.10522917166644533,-0.024653529149257808
2023-04-24,6.287649278555665,6.276503928226736,6.070089153493314,53.92013831192826,0.07238055313109282,0.09865944795937483,-0.02627889482828201
2023-04-25,6.157125173817783,6.265134523044932,6.073502330760941,45.52586774125884,0.054722870150007985,0.08987213239750147,-0.035149262247493485
2023-04-26,6.192213056628773,6.258189621481487,6.078157653343993,47.87511226329146,0.043063914076814314,0.08051048873336404,-0.03744657465654973
2023-04-27,6.41927956166398,6.273531520546486,6.091534983082032,59.9209266897305,0.05155221483051875,0.074718833952795,-0.023166619122276244
2023-04-28,6.454711833131339,6.290786788411711,6.10577721249573,61.419206056985814,0.06044160927220865,0.07186338901667773,-0.011421779744469077
2023-05-01,6.442167956623053,6.305204042527077,6.118969006383076,60.55612680649832,0.065716790161507,0.07063406924564358,-0.004917279084136583
2023-05-02,6.367124630950167,6.311101241424514,6.128700599503354,55.528878190385115,0.06311449519019696,0.06913015443455427,-0.006015659244357305
2023-05-03,6.345959861328967,6.314421109986843,6.137220570555339,54.16315591952045,0.058668048901693304,0.06703773332798207,-0.00836968442628877
2023-05-04,6.328521197401364,6.315763975454892,6.14472255592185,53.006362420379816,0.053124665668308424,0.06425511979604735,-0.011130454127738929
2023-05-05,6.4788090621678425,6.331292078951364,6.15782398753934,60.7804566442805,0.0601649253879879,0.06343708091443546,-0.003272155526447565
2023-05-08,6.523386707345828,6.3495868054651226,6.172159780472928,62.74892070215021,0.06855120967956374,0.06445990666746113,0.004091303012102615
2023-05-09,6.486150279347165,6.362592850596746,6.1844731333699565,60.03817956884366,0.0713700226639018,0.06584192986674926,0.005528092797152537
2023-05-10,6.569494064700462,6.382297728130434,6.199571993422133,63.806927805204104,0.07941366787737714,0.06855627746887484,0.010857390408502296
2023-05-11,6.642933464823598,6.407120179244068,6.216958717790818,66.77991591440787,0.09066908373391147,0.07297883872188217,0.0176902450120293
2023-05-12,6.601126284841574,6.425596951205736,6.232024112577122,63.57820285465434,0.0951191178823878,0.07740689455398331,0.017712223328404497
2023-05-15,6.621021401908278,6.444208803653597,6.247278908237167,64.45164934347618,0.09910870818771222,0.0817472572807291,0.017361450906983128
2023-05-16,6.652269401748637,6.464024098710268,6.263160888374872,65.83740356692849,0.10359772954595581,0.08611735173377444,0.01748037781218137
2023-05-17,6.769656017189772,6.49313190047022,6.283023442446045,70.49112560558231,0.11529834261628302,0.09195354991027617,0.023344792706006853
2023-05-18,6.960614256479218,6.537654029613934,6.309595631231661,76.17650602128015,0.1383846842800427,0.10123977678422948,0.037144907495813215
2023-05-19,6.940489454465145,6.576019308171192,6.334336565476112,74.54641613494593,0.1532898431518932,0.11164979005776224,0.04164005309413096
2023-05-22,6.972764215317934,6.613804537423263,6.359372943901281,75.4535981736485,0.16579540617476862,0.12247891328116353,0.04331649289360509
2023-05-23,6.893492885296382,6.640441522934989,6.380318823955991,68.95323057177632,0.16738016676162992,0.13145916397725682,0.0359210027843731
2023-05-24,6.892788366863912,6.6644745556901235,6.40041566877591,68.89642178326821,0.16665812111556377,0.13849895540491822,0.028159165710645556
2023-05-25,7.156139818656513,6.711299818829779,6.430051909947698,76.64294775904759,0.1852012710103299,0.14783941852600058,0.03736185248432933
2023-05-26,7.450813618650852,6.781729704527025,6.4700817808772335,82.03462039876852,0.2211255659871414,0.16249664801822875,0.05862891796891265
2023-05-30,7.533712255707963,6.853347090353781,6.511792779890203,83.20890926238812,0.2533644283582914,0.1806702040862413,0.07269422427205013
2023-05-31,7.503325334068593,6.915249780231382,6.550676409465827,81.11591229029263,0.2733114244629373,0.1991984481615805,0.07411297630135683
2023-06-01,7.617505415180268,6.9821312692741335,6.592512841062471,82.86047241970958,0.294933135294996,0.2183453855882636,0.07658774970673238
2023-06-02,7.6740471388173095,7.048028018754436,6.634925950778348,83.66523222743221,0.3130226116467716,0.2372808307999652,0.07574178084680638
2023-06-05,7.69597175617132,7.109736946127472,6.676535590205523,83.97935192713753,0.3253770413791468,0.2549000729158015,0.07047696846334528
2023-06-06,7.684497383379274,7.164476035389549,6.716063503663317,83.07891224250895,0.33043310283985683,0.2700066789006126,0.060426423939244245
2023-06-07,7.555768390321416,7.201741973954489,6.748993107061674,73.55090207723177,0.32035980564531563,0.28007730424955324,0.04028250139576239
2023-06-08,7.689014056437995,7.248148838952918,6.785856673703883,76.54892879589464,0.31944608114441575,0.28795105962852574,0.03149502151589001
2023-06-09,7.743533930259659,7.2953283714583215,6.823412644549207,77.66452312261058,0.31943895266772415,0.29424863823636543,0.025190314431358718
2023-06-12,7.907155949291326,7.3535976645852745,6.865912381990075,80.64097390524901,0.32884550648859534,0.3011680118868114,0.027677494601783925
2023-06-13,7.992024166267216,7.414400188554983,6.910073628432316,81.98217487209273,0.3392379006484525,0.3087819896391396,0.030455911009312886
2023-06-14,8.088346914001892,7.478585590978498,6.956280423944849,83.38880434969212,0.35119799673944296,0.31726519105920026,0.033932805680242706
2023-06-15,8.161341325102738,7.5436099466093784,7.003537714186335,84.38375036967791,0.3623891020069321,0.32628997324874665,0.03609912875818544
2023-06-16,8.088514558605356,7.595505623942328,7.046085825732179,79.28155717520436,0.3612177290115053,0.33327552440129843,0.027942204610206856
2023-06-20,8.150717203964472,7.64838291727777,7.089404703309916,80.37312742121603,0.3611455796675349,0.33884953545454577,0.02229604421298914
2023-06-21,8.011569096121208,7.682972077167621,7.125568012831928,71.3207322353884,0.3458732993032241,0.34025428822428144,0.005619011078942637
2023-06-22,8.114148626928568,7.724036510478188,7.1643358800514045,73.67466786807185,0.3381492439334455,0.33983327936611424,-0.0016840354326687623
2023-06-23,8.045919100781626,7.754691995268991,7.1989077710604334,69.58366170814318,0.32280126976097456,0.33642687744508637,-0.013625607684111807
2023-06-26,7.860858306635496,7.764803072541992,7.224866615592789,59.872598062399135,0.2923351722892793,0.32760853641392496,-0.035273364124645656
2023-06-27,8.01463501021889,7.788596590415983,7.255837925185969,64.32764342818041,0.27740135521367204,0.31756710017387435,-0.04016574496020231
2023-06-28,8.062127006824692,7.814647106264432,7.287457104858077,65.59795403679543,0.26632833751656637,0.3073193476424128,-0.04099101012584644
2023-06-29,8.04407167889025,7.8364970655621295,7.317128264624045,64.65530094107294,0.25317750447116705,0.2964909790081637,-0.04331347453699663
2023-06-30,8.191099481957949,7.870268724266493,7.3514016456959626,68.61095640442626,0.25171764515642714,0.2875363122378164,-0.035818667081389255
2023-07-03,8.24928984486524,7.906365973847326,7.38661294762417,70.04008411514047,0.2523472698550737,0.2804985037612679,-0.028151233906194173
2023-07-05,8.28338511964215,7.942272559161119,7.421780483781737,70.87676600583455,0.25268466417547586,0.2749357358441095,-0.02225107166863366
2023-07-06,8.208618209802264,7.967638811603133,7.452636865194307,66.49159579250636,0.24410509524639412,0.2687696077245665,-0.024664512478172362
2023-07-07,8.174833264226304,7.987371616614864,7.480958292607327,64.54818298955212,0.2319062909369629,0.26139694436704575,-0.029490653430082836
2023-07-10,8.144640375957245,8.00234959369509,7.506985040973991,62.78214289958924,0.21729746694728913,0.25257704888309446,-0.035279581935805326
2023-07-11,8.181118427298857,8.01937519689545,7.533421644359279,64.06148962607733,0.2062854127382172,0.243318721654119,-0.037033308915901786
2023-07-12,8.318679191350997,8.04788033922455,7.564216057966798,68.46391771494473,0.20628041226816674,0.23591105977692856,-0.02963064750876182
2023-07-13,8.478299200880924,8.088872611763252,7.6000624557281355,72.65049494034578,0.2166589407254369,0.23206063596663024,-0.015401695241193336
2023-07-14,8.478058272252161,8.125937912762195,7.634493664219274,72.63482086261855,0.2223019993044737,0.23010890863419892,-0.00780690932972522
2023-07-17,8.578191041136407,8.169009639274025,7.6715014044905345,75.04461626318735,0.23217764215568693,0.23052265533849653,0.0016549868171903959
2023-07-18,8.673766210288031,8.217081693656311,7.710805906678672,77.11602967907561,0.2448933001377558,0.2333967842983484,0.01149651583940739
2023-07-19,8.674830843142379,8.260676850750222,7.748610806147838,77.13879329006184,0.252149831375478,0.23714739371377433,0.015002437661703644
2023-07-20,8.360057173609624,8.270141643403498,7.772589095067907,58.583484210089125,0.2298514952442936,0.2356882140198782,-0.005836718775584587
2023-07-21,8.289523925186149,8.271987575001846,7.792861049190192,55.36948330192057,0.20413531469469248,0.22937763415484108,-0.0252423194601486
2023-07-24,8.341235073175392,8.278582574827897,7.814365912875886,57.22242574094584,0.18578608744050307,0.22065932481197348,-0.03487323737147041
2023-07-25,8.398136343474357,8.289968648032323,7.837258870938572,59.228333431847936,0.17383182454507917,0.21129382475859462,-0.03746200021351545
2023-07-26,8.385861543068762,8.29910130470246,7.858772701218188,58.590075809561576,0.16150577324656545,0.20133621445618882,-0.03983044120962337
2023-07-27,8.357237662594912,8.304638100692218,7.878320346762373,57.04627057570758,0.1477247024393158,0.19061391205281422,-0.04288920961349843
2023-07-28,8.555241708383475,8.328505110948528,7.90486628251222,64.09422371052959,0.15103928933483957,0.1826989875092193,-0.03165969817437975
2023-07-31,8.56827585241537,8.351340419659657,7.93088234407705,64.5070782057134,0.1529547032146752,0.1767501306503105,-0.023795427435635313
2023-08-01,8.543707275094217,8.369661072558186,7.954914694313017,63.03577569955925,0.15075242355400142,0.17155058923104868,-0.02079816567704726
2023-08-02,8.330825203732973,8.365962418384356,7.969656282917722,51.97400715328869,0.13032696885595207,0.16330586515602935,-0.032978896300077276
2023-08-03,8.350072912450244,8.364449132104918,7.984574582115076,52.78083412954249,0.11437434186647977,0.15351956049811943,-0.03914521863163967
2023-08-04,8.348194691847187,8.36290109017561,7.998834194261434,52.6878162354191,0.10042260407031023,0.1429001692125576,-0.042477565142247375
2023-08-07,8.441312196720263,8.370368814608433,8.01618627278923,56.756727507101516,0.0957755152561166,0.1334752384212694,-0.0376997231651528
2023-08-08,8.369471005736965,8.370283309001627,8.030040576042083,52.971643281872154,0.08531225362517603,0.12384264146205073,-0.03853038783687471
2023-08-09,8.200692398292622,8.354131793696007,8.036732804365634,45.324190315608355,0.06267850156975996,0.11160981348359258,-0.048931311913832626
2023-08-10,8.211905805127438,8.340586461451382,8.043602333807273,45.883188544960014,0.045125736811517214,0.09831299814917752,-0.0531872613376603
2023-08-11,8.129331791814359,8.320466969104999,8.046964273336963,42.442050727811065,0.02427221650231637,0.0835048418198053,-0.059232625317488935
2023-08-14,8.262171644546475,8.314915033432758,8.055403778090277,49.060723688513754,0.01825429321302785,0.07045473209844982,-0.052200438885421974
2023-08-15,8.165782630088941,8.300711947400014,8.059732360521597,45.015765064004114,0.0056422177651160865,0.05749222923178308,-0.05185001146666699
2023-08-16,8.058235220713915,8.277618925810863,8.05967364915659,40.95809288668921,-0.012882617225587367,0.04341725994030899,-0.05629987716589636
2023-08-17,7.9411202385348565,8.245571431784576,8.055024495798875,37.04239997495864,-0.03659207208186821,0.027415393535873554,-0.06400746561774176
2023-08-18,7.902007688911367,8.212851075320462,8.049023836705247,35.811069731823736,-0.05787094155938277,0.010358126516822289,-0.06822906807620506
2023-08-21,8.121740331433928,8.204173861616981,8.05187546394951,46.55875894388379,-0.056354392697409494,-0.0029843773260240687,-0.05337001537138543
2023-08-22,8.103016743045204,8.194539850324432,8.053881004306204,45.85420648681741,-0.05601761767476532,-0.013591025395772319,-0.042426592278993
2023-08-23,8.26931646541335,8.201661432713852,8.062329453761386,52.70050132785389,-0.04184931047181806,-0.019242682410981468,-0.02260662806083659
2023-08-24,8.074025006207243,8.189505582570366,8.06278810287691,45.435112048296595,-0.045850675529008456,-0.02456428103458687,-0.021286394494421587
2023-08-25,8.127087824148227,8.18356103414921,8.065309660573824,47.5509083612376,-0.04423020198560046,-0.02849746522478959,-0.01573273676081087
2023-08-28,8.187308481773414,8.183917933922944,8.070093928071847,49.92408126801533,-0.037652625216697544,-0.030328497223171182,-0.007324127993526362
2023-08-29,8.429869388636007,8.207341881990853,8.084202769662598,58.13991297499282,-0.012720575346417462,-0.026806912847820438,0.014086337501402976
2023-08-30,8.466022761813043,8.231978156259633,8.099176102688107,59.21401675476345,0.009842075550075435,-0.019477115168241264,0.0293191907183167
2023-08-31,8.530391305031053,8.260398456142624,8.116086502779988,61.12654895194068,0.03254201829776626,-0.00907328847503976,0.04161530677280602
2023-09-01,8.43885392683313,8.277394215256006,8.128744048821288,57.03094583174888,0.04265389747976833,0.001272148715921859,0.041381748763846475
2023-09-05,8.516211208802517,8.300138690831865,8.143938839408788,59.500534884621565,0.05626117691074839,0.012269954354887166,0.04399122255586122
2023-09-06,8.417600403611996,8.311325520620448,8.154670665455972,55.14925950761332,0.05841460879263316,0.021498885242436365,0.036915723550196795
2023-09-07,8.371768592028726,8.317082003611713,8.163184309635296,53.201883092025966,0.055779978046240686,0.02835510380319723,0.027424874243043455
2023-09-08,8.374530797775616,8.322553317341608,8.171472407209427,53.30889154581734,0.0533004862897446,0.033344180300506704,0.019956305989237894
2023-09-11,8.544483146114962,8.3436894915105,8.18610027932337,59.45232915286356,0.06430790388321128,0.03953692501704762,0.02477097886616366
2023-09-12,8.41701658310999,8.350673024043784,8.195155820648335,53.74100463254322,0.06203082256848447,0.04403570452733499,0.017995118041149477
2023-09-13,8.447433268900166,8.359888285458679,8.205049053913113,54.855487084875534,0.06196628282575389,0.04762182018701877,0.014344462638735123
2023-09-14,8.506317174537354,8.373833893942361,8.216863490016024,57.01456239190087,0.06590684065278296,0.05127882428017161,0.014628016372611352
2023-09-15,8.344446174994623,8.371035063566387,8.221866732564205,49.94329679378384,0.05533031088818241,0.05208912160177377,0.0032411892864086383
2023-09-18,8.340438224390642,8.368121078882982,8.226516594988771,49.778672977741635,0.04609358853567791,0.050890014988554604,-0.004796426452876694
2023-09-19,8.337285281568933,8.365184336281644,8.230860465050739,49.64005290860483,0.03808004038727297,0.04832802006829828,-0.01024797968102531
2023-09-20,8.173500750665609,8.346928756699164,8.228611064486618,42.94922849563788,0.018302226234416352,0.0423228613015219,-0.02402063506710555
2023-09-21,8.011971164061517,8.315028033590817,8.220115382117006,37.570731484876035,-0.01028733565130402,0.03180082191095672,-0.04208815756226074
2023-09-22,8.010453449322378,8.286020930327156,8.211893345536826,37.52318395055403,-0.032690401715871786,0.01890257718559102,-0.051592978901462805
2023-09-25,8.074917847651953,8.26591587483428,8.206521757384477,40.94196886975299,-0.044727662136569535,0.0061765293211589085,-0.05090419145772844
2023-09-26,7.936789153275411,8.234570472781053,8.19594400820373,36.351811221067265,-0.06466766045477179,-0.007992308634027234,-0.056675351820744554
2023-09-27,7.951381443714145,8.207600089060396,8.186353319400217,37.15342419890013,-0.07838915550719783,-0.022071678008661354,-0.056317477498536474
2023-09-28,8.032608072852101,8.190934182754845,8.180324094045389,41.56516662713447,-0.08176667374516278,-0.034010677155961636,-0.04775599658920114
2023-09-29,8.04526831406007,8.177061242879152,8.175027788947926,42.24568708154927,-0.08247112977546678,-0.04370276767986267,-0.03876836209560411
2023-10-02,8.172751721440244,8.176650812265922,8.174938531398604,48.721589474741926,-0.07191359553782384,-0.049344933251454906,-0.022568662286368932
2023-10-03,8.012945894596323,8.16105986772596,8.168585878974985,42.31619201830072,-0.0755705381421734,-0.05459005422959861,-0.020980483912574795
2023-10-04,8.15298642905941,8.160290968805336,8.167974135841042,48.68313009225856,-0.06640313671385556,-0.05695267072645,-0.009450465987405558
2023-10-05,8.146055916305063,8.158935249519596,8.167114597820024,48.39841914217462,-0.059016830210946836,-0.05736550262334937,-0.0016513275875974648
2023-10-06,8.279325409377893,8.17040097902991,8.171515021802685,53.97272738538361,-0.04192609683435755,-0.05427762146555101,0.012351524631193461
2023-10-09,8.318081453564712,8.184465786128463,8.17726272500904,55.47894190822771,-0.02496648058612294,-0.048415393289665404,0.023448912703542463
2023-10-10,8.3287080548328,8.198203145052686,8.18320175755115,55.90503084586861,-0.010546807577247463,-0.040841676147181816,0.030294868569934352
2023-10-11,8.411730939686404,8.218539125493992,8.192163686262337,59.19110763019268,0.007493756763638615,-0.03117458956501773,0.038668346328656344
2023-10-12,8.40285694092848,8.23609320315442,8.200426166837481,58.68767450060139,0.020834805770666875,-0.02077271049788081,0.04160751626854768
2023-10-13,8.2542902482693,8.237826255070123,8.202538483756376,50.88471353973345,0.019198286851558777,-0.012778511027992894,0.03197679787955167
2023-10-16,8.369639319761372,8.250379880278814,8.209091457717356,55.79860785842749,0.02689896534619507,-0.004843015753155301,0.03174198109935037
2023-10-17,8.303458291416494,8.25543496705383,8.21279211786242,52.55007994255467,0.027346321274924534,0.0015948516524606658,0.025751469622463868
2023-10-18,8.150955552524614,8.245484546622476,8.21036715451584,45.91632830638337,0.015219714170445542,0.0043198241560576415,0.0108998900143879
2023-10-19,8.164757817461393,8.237796286702373,8.208578553062724,46.57368104802669,0.006646402511803373,0.004785139827206788,0.001861262684596585
2023-10-20,8.019847542972226,8.217039263489978,8.201177336980743,40.94659442647175,-0.011706116012044632,0.0014868886593565043,-0.013193004671401136
2023-10-23,8.105081513694836,8.206376620652346,8.197408873322471,45.144758363939765,-0.019152175698019747,-0.002640924212118746,-0.016511251485901
2023-10-24,8.193643902753738,8.205163980852479,8.197261227417815,49.18689909883917,-0.017702918766969944,-0.005653323123088986,-0.012049595643880959
2023-10-25,7.962176928305407,8.182022356800378,8.188042235295761,40.73772168633949,-0.03483032034374034,-0.011488722567219257,-0.023341597776521082
2023-10-26,7.757467450227517,8.14158855617439,8.17115694960681,35.00990039019388,-0.06418239880077437,-0.02202745781393028,-0.04215494098684408
2023-10-27,7.8457175535918955,8.113410365452248,8.158394620351324,38.99225260265174,-0.07940772383290629,-0.03350351101772549,-0.0459042128151808
2023-10-30,7.95321225448325,8.09815340250282,8.15034825306238,43.53122312600445,-0.08185639011081847,-0.043174086836344085,-0.03868230327447438
2023-10-31,7.959937346227447,8.084989968571833,8.142881158676696,43.81287008237778,-0.08230554993174266,-0.0510003794554238,-0.03130517047631886
2023-11-01,8.143059139460204,8.090520365799296,8.142888138315266,50.98217743708496,-0.06711149449160025,-0.05422260246265909,-0.012888892028941161
2023-11-02,8.27586924374466,8.10817263988933,8.148103083626223,55.42452095360628,-0.04384797841191279,-0.052147677652509834,0.008299699240597043
2023-11-03,8.372844451756047,8.133379479114733,8.156916470611707,58.38984234096559,-0.017385970833904807,-0.04519533628878883,0.027809365454884022
2023-11-06,8.4388860331822,8.162475341406873,8.167974100516432,60.325500384696646,0.008812776309170545,-0.034393713769196955,0.0432064900783675
2023-11-07,8.524353931936684,8.196939969076379,8.181949780179972,62.74112402023809,0.03605638179132242,-0.02030369465709308,0.0563600764484155
2023-11-08,8.562197051301384,8.231726357859712,8.196861437871007,63.79232800553926,0.06000901234014755,-0.004241153257644955,0.06425016559779251
2023-11-09,8.488027390142367,8.25613597998187,8.2082797105091,60.20700471681843,0.07217478681055667,0.01104203475599537,0.0611327520545613
2023-11-10,8.715162882598047,8.299852827850078,8.228157481963569,66.4294576419117,0.09900294242559937,0.02863421628991617,0.07036872613568321
2023-11-13,8.72142686458247,8.340002736110305,8.247501379321173,66.58464318937823,0.11939360487573758,0.046786094007080455,0.07260751086865713
2023-11-14,8.91385639649846,8.394655465671082,8.273632948622243,71.0170658977381,0.14935908820318033,0.06730069284630044,0.08205839535687989
2023-11-15,8.942426326637852,8.446824119096489,8.299860139916973,71.61899450546058,0.17341330360527785,0.08852321499809593,0.08489008860718192
2023-11-16,8.927909725059251,8.492641795854848,8.324489535412749,70.8142394886021,0.189124959380079,0.10864356387449255,0.08048139550558646
2023-11-17,8.931363074909184,8.534424774812404,8.348288497745942,70.89801525044597,0.19955487190528842,0.12682582548065174,0.07272904642463668
2023-11-20,9.04673524882046,8.583216248527457,8.375678566415532,73.62216910888478,0.21465580445892485,0.14439182127630637,0.07026398318261848
2023-11-21,9.021793398212283,8.624985500878392,8.401016402956582,72.05192598922767,0.22205113613238936,0.15992368424752296,0.0621274518848664
2023-11-22,9.032614415771711,8.663807302296803,8.425784952478743,72.32768385708681,0.22617791720742275,0.1731745308395029,0.05300338636791985
2023-11-24,9.005286647559235,8.696329144702748,8.448510509148567,70.43751416334976,0.22465363121555626,0.1834703509147136,0.04118328030084267
2023-11-27,8.991594236933553,8.72444962967711,8.469807910238176,69.45807066841262,0.21980696263964816,0.1907376732597005,0.029069289379947655
2023-11-28,9.043986512141814,8.754881713721367,8.492324718155965,71.11325368010169,0.21768423328608222,0.19612698526497685,0.02155724802110537
2023-11-29,8.97147992009546,8.775510114328423,8.511115118232023,65.79875678246646,0.20775639259470502,0.1984528667309225,0.009303525863782525
2023-11-30,8.889515744787555,8.786367793419767,8.525954358489102,60.31164223635119,0.19107212288208686,0.1969767179611554,-0.005904595079068542
2023-12-01,8.869329899352941,8.794268946365783,8.539420065973959,59.00657084917121,0.17421267463517154,0.19242390929595865,-0.018211234660787112
2023-12-04,8.744519251984208,8.789530880234205,8.547463171307694,51.57528261889751,0.14906197066717475,0.1837515215702019,-0.03468955090302714
2023-12-05,8.823485501169046,8.79276465365657,8.558287576400296,55.40222139608235,0.13395759318371958,0.17379273589290545,-0.03983514270918587
2023-12-06,8.74642535098179,8.788351386735163,8.565665528344669,51.15372992733897,0.11444984849446627,0.1619241584132176,-0.047474309918751345
2023-12-07,8.912707850529717,8.800194859477502,8.579275031175454,58.54163229553747,0.11112643198113048,0.15176461312680017,-0.040638181145669694
2023-12-08,8.980991289391048,8.817413567088316,8.595028609929006,61.14081581074041,0.1127033294712323,0.1439523563956866,-0.031249026924454304
2023-12-11,9.001988378957579,8.834992120599674,8.610987816557579,61.93117162977452,0.11432940354461074,0.13802776582547144,-0.023698362280860696
2023-12-12,9.107441324756557,8.86093966385271,8.63045658158499,65.70391936208654,0.12271269482202207,0.13496475162478158,-0.012252056802759509
2023-12-13,9.216048094957786,8.894759514434146,8.653420954658435,69.10036361353076,0.1365461531913521,0.13528103193809568,0.0012651212532564238
2023-12-14,9.207401283103462,8.92453492097408,8.675145673420985,68.51856583706295,0.14513847714257366,0.1372525209789913,0.00788595616358237
2023-12-15,9.326253940083895,8.962793875175015,8.700679330937177,72.00734432352013,0.15969747877638696,0.14174151253847045,0.01795596623791651
2023-12-18,9.489350788739184,9.012942152657317,8.7316076234,75.94661986682334,0.18229476452151872,0.1498521629350801,0.03244260158643861
2023-12-19,9.537091212532422,9.06286111074066,8.763195215130683,76.96831956996365,0.20173011035637778,0.16022775241933965,0.04150235793703813
2023-12-20,9.393475613479964,9.09434820623964,8.78791209349732,67.65796706794637,0.20320179950079975,0.16882256183563168,0.034379237665168066
2023-12-21,9.507679968657817,9.133713135993753,8.816138284680084,70.69380947619055,0.21114946121502243,0.17728794171150986,0.03386151950351257
2023-12-22,9.49274170610449,9.167906333147156,8.842671752186924,69.77125808498302,0.21377834376504623,0.18458602212221714,0.02919232164282909
2023-12-26,9.53957533102382,9.20330338056398,8.870001304298174,71.04695019348046,0.21713780480190614,0.19109637865815493,0.026041426143751212
2023-12-27,9.565800594692424,9.23782692476669,8.897287550980302,71.76549321375258,0.21938740009720448,0.19675458294596485,0.02263281715123963
2023-12-28,9.532448638989584,9.265886135645061,8.92219582894145,69.40640525030406,0.2159892073511589,0.20060150782700367,0.015387699524155224
2023-12-29,9.470665988092591,9.285388978735302,8.94370446263365,65.13498137570573,0.20593685960277597,0.20166857818215814,0.004268281420617831
2024-01-02,9.278800822938326,9.284761535326066,8.95684549637109,54.017171664078916,0.1804087465157771,0.19741661184888193,-0.017007865333104832
2024-01-03,9.185599197507656,9.275317503152884,8.965816229748993,49.589207017070315,0.15091726048430765,0.18811674157596708,-0.037199481091659437
2024-01-04,9.145355072341477,9.262940128789893,8.972856968674188,47.76834843266596,0.12288118297648865,0.1750696298560714,-0.05218844687958277
2024-01-05,9.182864286330801,9.255313858079504,8.981092549758761,49.62497468780202,0.10250742783445155,0.16055718945174746,-0.058049761617295914
2024-01-08,9.4073981490824,9.269798076270256,8.997810416398904,59.01636291299688,0.10328844145737648,0.14910343985287328,-0.0458149983954968
2024-01-09,9.436703916996919,9.285693870625176,9.015021926226277,60.062882060892264,0.10506105251743847,0.14029496238578631,-0.035233909868347846
2024-01-10,9.533877425943807,9.309330399703141,9.035369200725004,63.400180802057235,0.11300430631219527,0.1348368311710681,-0.021832524858872826
2024-01-11,9.567917478974941,9.33395774058617,9.056253446930883,64.51870367208744,0.12065530076570319,0.13200052508999513,-0.011345224324291941
2024-01-12,9.575283973836596,9.356941191371925,9.076607585240911,64.7696255522971,0.12586232107276452,0.130772884286549,-0.004910563213784497
2024-01-16,9.556156862065647,9.375914112390376,9.095413439234038,63.51365530620677,0.1269817574561376,0.13001465892046674,-0.003032901464329135
2024-01-17,9.503512524337967,9.38806634209967,9.111417324924387,60.061494229589805,0.12221217488983349,0.1284541621143401,-0.006241987224506612
2024-01-18,9.640464183072977,9.412104231716176,9.132164260538058,65.33938630453531,0.12800750975960007,0.1283648316433921,-0.00035732188379203333
2024-01-19,9.821411702703667,9.451085895619746,9.159193571995532,70.82525897732722,0.14552379921773984,0.13179662515826165,0.013727174059478181
2024-01-22,9.814279410565176,9.485675754185976,9.184883212723753,70.35259687654342,0.1570200391728349,0.13684130796117633,0.020178731211658585
2024-01-23,9.866431326901358,9.52193818968268,9.211610589750327,71.83283497860197,0.16839792945310172,0.1431526322595614,0.025245297193540323
2024-01-24,10.0472318687646,9.571966159119054,9.244380051672454,76.25840273076618,0.1898160014799739,0.15248530610364391,0.03733069537632999
2024-01-25,9.969860869774967,9.609860893467236,9.272830279833336,71.10947840769022,0.19826135142231038,0.1616405151673772,0.036620836254933176
2024-01-26,9.970468020958439,9.644204429418778,9.300188622622557,71.12595395209165,0.20266712367755346,0.16984583686941246,0.032821286808141004
2024-01-29,10.116261116777254,9.689162209167206,9.332191465530585,74.83681577895952,0.2154395611658977,0.17896458172870952,0.036474979437188165
2024-01-30,10.051486063075059,9.723669242872715,9.36039909680684,70.50149749011926,0.21782406418860312,0.18673647822068826,0.03108758596791486
2024-01-31,9.808497742011758,9.731748147552624,9.377971592697229,57.13119338773495,0.19782625531315112,0.18895443363918085,0.00887182167397027
2024-02-01,9.951442934803307,9.752671460624118,9.400460664936682,61.72929197105443,0.19130706139908327,0.18942495919116137,0.0018821022079218985
2024-02-02,10.320143340948382,9.806716401607382,9.436526652231258,70.514220657886,0.21343129159878949,0.194226225672687,0.019205065926102494
2024-02-05,10.308288733397303,9.854485195111184,9.47071340051228,69.9581775281656,0.22738715805774667,0.20085841214969896,0.026528745908047713
2024-02-06,10.27993255881631,9.895003991654528,9.502447485151652,68.56539944848977,0.2334679038005234,0.20738031047986386,0.026087593320659547
2024-02-07,10.4448064057001,9.947366126325536,9.539402736937866,72.04972220557082,0.2487237476090911,0.21564899790570932,0.033074749703381784
2024-02-08,10.462113652945817,9.996389700289372,9.575587478742099,72.3956212160864,0.25922250823530213,0.2243636999716279,0.03485880826367424
2024-02-09,10.599834547866928,10.0538606381539,9.615754030472486,75.04242693207996,0.27548021250042254,0.23458700247738684,0.0408932100230357
2024-02-12,10.504138010113962,10.096744197388192,9.650592617909407,70.01855777967997,0.27744444260248713,0.24315849050240693,0.0342859521000802
2024-02-13,10.356530584518625,10.121485758067282,9.67827645973722,63.01132239640862,0.264046657961428,0.24733612399421115,0.016710533967216862
2024-02-14,10.529678740388341,10.160361280193097,9.711664784468635,67.16272627212106,0.2643531279221527,0.2507395247797995,0.013613603142353214
2024-02-15,10.593532003710173,10.201615634813772,9.746247812674186,68.56393943601827,0.2666743760717889,0.2539264950381974,0.01274788103359148
2024-02-16,10.498703575675274,10.22990972441963,9.775755881811483,64.18366080687429,0.25788933262986724,0.2547190625565314,0.003170270073335868
2024-02-20,10.369481020528701,10.243202228810969,9.799039220584707,58.68198232467604,0.23775920208527523,0.2513270904622802,-0.013567888377004955
2024-02-21,10.354624570659743,10.253813880415613,9.820826881371964,58.06573920593447,0.21809309580483394,0.24468029153079096,-0.026587195725957025
2024-02-22,10.771469248704815,10.303114391681252,9.858106974208546,68.16687984249559,0.23345235328324243,0.24243470388128127,-0.00898235059803884
2024-02-23,10.717430935543815,10.342573110144354,9.89180595308444,65.94907987570264,0.23851478526307623,0.24165072015764028,-0.003135934894564041
2024-02-26,10.721954457628685,10.378704667047623,9.9243607963999,66.04865836015571,0.2401238116783979,0.24134533846179182,-0.0012215267833939059
2024-02-27,10.755790333663205,10.414617587677679,9.95696587629258,66.83004667829607,0.24134714941761892,0.24134570065295724,1.4487646616823113e-06
2024-02-28,10.708908419556627,10.442645285951864,9.98645381916568,64.611184786699,0.235815342254174,0.24023962897320061,-0.0044242867190266155
2024-02-29,10.806678602321522,10.477315125606118,10.018619496936497,67.06689418304441,0.2365932817939278,0.23951035953734606,-0.0029170777434182615
2024-03-01,10.99730092036239,10.526837582249573,10.056999160600258,71.25506412704576,0.2497128976098839,0.24155086715185364,0.008162030458030267
2024-03-04,10.89584717248983,10.561981352748646,10.089895161066515,66.41410970645498,0.24905289139483244,0.2430512720004494,0.00600161939438304
2024-03-05,10.679111282111908,10.573136584116575,10.113001675617316,57.43668007141265,0.22840811018314966,0.24012263963698946,-0.0117145294538398
2024-03-06,10.702341353560339,10.585441800254078,10.13611303553665,58.09057467750211,0.2114835937347479,0.23439483045654114,-0.022911236721793238
2024-03-07,10.942112495605915,10.619410437906632,10.167720857500152,64.20343729583935,0.21494061817641885,0.2305039880005167,-0.015563369824097839
2024-03-08,10.683800112203201,10.625542787839638,10.18795925964537,54.91107975847804,0.1945935313202316,0.22332189666445967,-0.02872836534422807
2024-03-11,10.59881581155305,10.62299736152663,10.204071281288808,52.23260546084425,0.16965511699277513,0.2125885407301228,-0.042933423737347653
2024-03-12,10.818114326476778,10.64157992961712,10.228151400707944,57.93468549888463,0.16567698026868172,0.2032062286378346,-0.03752924836915289
2024-03-13,10.71629905146294,10.648696036459578,10.24729444583559,54.67162114536831,0.15255013348637902,0.1930750096075435,-0.04052487612116448
2024-03-14,10.712592215844976,10.654781386877236,10.265541417208508,54.55115472505838,0.1402314018727573,0.18250628806058627,-0.042274886187828986
2024-03-15,10.592231180506953,10.64882422436578,10.278352780475114,50.64868536797567,0.11938044520409008,0.16988111948928702,-0.050500674285196945
2024-03-18,10.784270874085577,10.661723905291476,10.29819270571474,56.05093852089094,0.11700317043343844,0.1593055296781173,-0.04230235924467887
2024-03-19,10.8137218554426,10.676199900543965,10.318409535115833,56.83137554773995,0.11615662979051322,0.1506757497005965,-0.034519119910083274
2024-03-20,10.987902513346476,10.705885863668012,10.344664161713114,61.217753610277136,0.12806441675730262,0.14615348311193774,-0.018089066354635114
2024-03-21,11.001325783704054,10.73402299890954,10.370415597869622,61.54206848378511,0.13700525812154574,0.14432383811385935,-0.007318579992313612
2024-03-22,11.061572336860145,10.765218173952453,10.397519783712388,63.03613466557807,0.14725487017582317,0.1449100445262521,0.0023448256495710584
2024-03-25,11.03476587578314,10.790889383650613,10.422509826538693,61.884127585057904,0.15146866768028922,0.14622176915705953,0.005246898523229682
2024-03-26,10.994979463889658,10.81032653414957,10.44495961623873,60.127739724727064,0.14987009249507288,0.14695143382466222,0.002918658670410662
2024-03-27,10.973704831468284,10.825886371989448,10.465694722718322,59.16082680574442,0.1452126045927553,0.14660366797828084,-0.001391063385525526
2024-03-28,10.917592637192332,10.83462030200877,10.48341620956044,56.57660812302096,0.1354325446747069,0.14436944331756604,-0.008936898642859153
2024-04-01,10.980469109950521,10.848510664669888,10.502908480163974,58.75093454074225,0.1312425007461222,0.1417440548032773,-0.010501554057155082
2024-04-02,10.880310712584183,10.851539240661726,10.517708567709866,54.10352998284511,0.11847421809768299,0.13709008746215845,-0.018615869364475457
2024-04-03,10.961257249693707,10.861988574855248,10.535102633670016,57.05987168248202,0.1135777179220554,0.13238761355413786,-0.018809895632082463
2024-04-04,10.832251507730021,10.859156473224274,10.546755530691978,51.379689442834064,0.09815603930390893,0.12554129870409209,-0.02738525940018316
2024-04-05,10.988671845225326,10.871491270557708,10.564085582242306,56.972686272157496,0.09743291586420355,0.11991962213611439,-0.022486706271910836
2024-04-08,11.003561067431807,10.884069346450481,10.581319914994836,57.47415433530756,0.09694376376279301,0.11532445046145012,-0.01838068669865711
2024-04-09,11.019499974773863,10.896967501528898,10.598503446750875,58.037956698430314,0.09672723248825932,0.11160500686681198,-0.014877774378552658
2024-04-10,10.991068862325946,10.905929535890522,10.613898168930291,56.59655858974127,0.09318727186435183,0.10792145986631996,-0.01473418800196813
2024-04-11,11.24540993398534,10.938261002375743,10.638663336187351,64.97646454610567,0.10964115148666487,0.10826539819038894,0.0013757532962759278
2024-04-12,11.089354437328687,10.952650853323641,10.656337497016423,57.62501040062428,0.10883402437499257,0.10837912342730968,0.0004549009476828847
2024-04-15,10.818249130594067,10.939850689254158,10.662686972842998,47.55830852091443,0.08533475189129014,0.10377024912010578,-0.018435497228815642
2024-04-16,10.812645722784914,10.927735930542802,10.668567708134837,47.374097319858706,0.06550416967123418,0.09611703323033147,-0.030612863559097286
2024-04-17,10.681165953522157,10.904253075588455,10.669061756973557,43.1506386579982,0.03873248782349137,0.08464012414896346,-0.045907636325472095
2024-04-18,10.602630510660612,10.875527117023898,10.666456610059324,40.81024991056483,0.011051191927348825,0.06992233770464054,-0.05887114577729172
2024-04-19,10.221010963951539,10.813192245302721,10.648988153349215,31.78802066729861,-0.041204957494311856,0.04769687866485006,-0.08890183615916192
2024-04-22,10.296342195149883,10.763968431002452,10.635158900086497,34.849905092992785,-0.07566748395421463,0.023024006141037126,-0.09869149009525176
2024-04-23,10.50791966584128,10.739582834320435,10.630169126194527,42.63800364300138,-0.08492775649352247,0.001433653614125209,-0.08636141010764767
2024-04-24,10.566860165999637,10.723133056385121,10.62768642187316,44.62394967127844,-0.08651331181518174,-0.01615573947173618,-0.07035757234344556
2024-04-25,10.536981432775747,10.705404330327084,10.624129363477184,43.796174476024085,-0.08915313801593427,-0.0307552191805758,-0.05839791883535847
2024-04-26,10.798749972723837,10.714294391507726,10.630977230506465,52.16771662237058,-0.06932356688942853,-0.03846888872234635,-0.030854678167082185
2024-04-29,10.913980249371026,10.733312092256613,10.642075388108998,55.322450794994374,-0.043805407135959484,-0.039536192405068976,-0.004269214730890508
2024-04-30,10.663610538981874,10.72667384908759,10.642919903829503,47.92615737066463,-0.043285852520996926,-0.04028612442825456,-0.0029997280927423625
2024-05-01,10.619700600058481,10.716485920608626,10.642009342897307,46.74578003660898,-0.0458882951439481,-0.041406558571393276,-0.004481736572554823
2024-05-02,10.781590706649142,10.72268637642201,10.647483121867968,51.4895708328397,-0.034489991885251925,-0.040023245234165006,0.005533253348913081
2024-05-03,11.030552969154156,10.752007004301262,10.662505468820367,57.72608441700368,-0.005306411503989139,-0.033079878488129835,0.027773466984140696
2024-05-06,11.236406901112433,10.79814032780709,10.685011407341625,62.068371855429795,0.03404008520739232,-0.019655885749025402,0.053695970956417725
2024-05-07,11.228138586575751,10.839092542927915,10.706310512409631,61.79381417257455,0.06381961069962472,-0.0029607864592953795,0.06678039715892009
2024-05-08,11.220033522583831,10.875372636228478,10.72645651280862,61.506597864712425,0.08577730094404323,0.014786831021372343,0.07099046992267088
2024-05-09,11.228419089463419,10.90899610796514,10.746141319736259,61.70491843097978,0.10267203452258222,0.03236387172161432,0.07030816280096791
2024-05-10,11.232787835351079,10.93983341533523,10.765225496819193,61.815295772237874,0.11508710141962908,0.048908517661217274,0.0661785837584118
2024-05-13,11.254960451481281,10.969845514015805,10.784430789158883,62.407515400759316,0.12527122746707775,0.06418105962238937,0.061090167844688376
2024-05-14,11.373270562040236,11.00826694716099,10.80752254495815,65.48366626871857,0.14126049484266545,0.0795969466664446,0.061663548176220856
2024-05-15,11.5156554582426,11.056589662502095,10.83529246312617,68.79330867330572,0.1635362317161171,0.0963848036763791,0.06715142803973799
2024-05-16,11.473602057454086,11.096305128687998,10.860324211923343,66.75731166882497,0.17577038411285884,0.11226191976367506,0.06350846434918378
2024-05-17,11.492025073484298,11.13399274247812,10.885096794729655,67.21508375469449,0.18482210725103165,0.12677395726114637,0.05804814998988528
2024-05-20,11.564259346318892,11.17497051427248,10.911730620282174,69.01664437121119,0.19556995646288833,0.14053315710149478,0.05503679936139355
2024-05-21,11.67699028826403,11.222781921319294,10.941740803340286,71.63617848507528,0.21075470028588938,0.1545774657383737,0.05617723454751569
2024-05-22,11.601750928480485,11.258874207715598,10.967623553345785,67.53230629093582,0.2142478161726178,0.16651153582522252,0.04773628034739527
2024-05-23,11.582367528307772,11.289683095391043,10.991731160207038,66.47574622392608,0.2129967631792411,0.17580858129602622,0.03718818188321488
2024-05-24,11.766994821665701,11.335141355036248,11.022133656734828,71.11184831613716,0.2243173830884313,0.18551034165450725,0.03880704143392405
2024-05-28,11.869010750845279,11.385986059399013,11.055344523170533,73.30832440260352,0.238768514027754,0.19616197612915662,0.04260653789859739
2024-05-29,11.837888728750613,11.42902440886107,11.086032531232496,71.52171689212992,0.24488694802647792,0.2059069705086209,0.038979977517857034
2024-05-30,11.693411115676014,11.454204095224396,11.10985129924989,63.75388287123644,0.2353645787713603,0.21179849216116878,0.023566086610191522
2024-05-31,11.62089770070345,11.470079676698592,11.12989233460101,60.2188231615582,0.21943726971302802,0.21332624767154063,0.006111022041487391
2024-06-03,11.703815121040705,11.492340195207365,11.152399110539822,62.76151771603591,0.21107239421317026,0.21287547697986656,-0.0018030827666963012
2024-06-04,11.748138962919453,11.516701982608517,11.175761457691964,64.08309266729825,0.20564913846756383,0.21143020927740602,-0.005781070809842193
2024-06-05,12.027152438518787,11.565316311742828,11.209149339293017,71.04845918354816,0.2213140542307226,0.21340697826806937,0.00790707596265322
2024-06-06,12.055403753055783,11.611991306153586,11.242335786891557,71.64801101762424,0.23331870501414542,0.21738932361728458,0.015929381396860842
2024-06-07,12.037949679371795,11.652558770269605,11.273536331694704,70.674235168918,0.23867280781253086,0.22164602045633386,0.017026787356197004
2024-06-10,12.095587080715323,11.694751942693006,11.305773615970022,72.02629859607751,0.2447455550373867,0.22626592737254445,0.018479627664842263
2024-06-11,12.216826795913075,11.744473357285393,11.341501191654064,74.67163039167606,0.2563858265252019,0.23228990720307596,0.024095919322125958
2024-06-12,12.404900023854735,11.807371135053902,11.383203106642325,78.1270743116375,0.2775869140904881,0.2413493085805584,0.03623760550992969
2024-06-13,12.598488634370144,11.882715658798306,11.430861362631651,81.00036393043047,0.3064770352258819,0.2543748539096231,0.05210218131625877
2024-06-14,12.681859780882073,11.958824622806283,11.479920124131668,82.0914371977322,0.3322698194813327,0.2699538470239651,0.06231597245736764
2024-06-17,12.893101013702996,12.047803326701208,11.53533898254623,84.51747723084394,0.36554244316027784,0.28907156625122765,0.07647087690905019
2024-06-18,12.862483365183671,12.125391901794778,11.587383860296718,82.7673323194339,0.38500257871733545,0.3082577687444492,0.07674480997288624
2024-06-20,12.729041031670514,12.182882295116277,11.632154729762357,75.43554290290221,0.3852166574209068,0.32364954647974076,0.06156711094116607
2024-06-21,12.660100912612872,12.22833168725881,11.672466344776103,71.89233451016779,0.37549495280604894,0.3340186277450024,0.04147632506104654
2024-06-24,12.476093198046527,12.251928021619545,11.703981123335728,63.34064641544758,0.3489204098198151,0.33699898415996493,0.01192142565985016
2024-06-25,12.683775489844269,12.293056351926662,11.742404431826259,67.97143418826778,0.34069084631509483,0.3377373565909909,0.0029534897241039193
2024-06-26,12.852360525749525,12.346323416100269,11.785932121784034,71.15652550506084,0.34380904476605956,0.3389516942260047,0.004857350540054872
2024-06-27,12.895753271965697,12.398650069039833,11.829454519830374,71.93028362121939,0.345795555560942,0.3403204664929922,0.005475089067949801
2024-06-28,12.762139325100412,12.433268093426555,11.866030394546845,66.0543310499061,0.33275258614248315,0.3388068904228904,-0.006054304280407263
2024-07-01,12.96460715659412,12.483871813728229,11.909111836195757,70.04726328570666,0.3348929631999713,0.33802410497830665,-0.0031311417783353446
2024-07-02,13.200490679561344,12.552121229521859,11.959754143778722,73.8992657052711,0.3515703719780099,0.3407333583782473,0.01083701359976258
2024-07-03,13.41649034469967,12.63444209763403,12.01688105361876,76.83683487277646,0.3778609604393246,0.34815887879046276,0.029702081648861844
2024-07-05,13.628934529805166,12.729155662602711,12.08009883699862,79.30400013930142,0.41110000650216705,0.36074710433280366,0.05035290216936339
2024-07-08,13.641490114832333,12.816044658053151,12.141329867501902,79.44335730816502,0.4334586789296129,0.3752894192521655,0.05816925967744735
2024-07-09,13.712751570009099,12.90144531633467,12.202954247992382,80.25596554227117,0.45172113176943895,0.3905757617556202,0.061145370013818756
2024-07-10,13.820357007411811,12.988960715484874,12.2663818071853,81.44850345624747,0.46946541168724565,0.4063536917419453,0.06311171994530035
2024-07-11,13.289793235081865,13.017611431636968,12.306515588671441,61.66983191449428,0.4356934165459627,0.4122216367027488,0.023471779843213914
2024-07-12,13.299032525712287,13.044413440596523,12.345437821496574,61.843598847098505,0.40500574648218723,0.4107784586586365,-0.005772712176449257
2024-07-15,13.367013454611122,13.075137251455056,12.385499611030479,63.16672100706918,0.3817702301166612,0.40497681295024146,-0.023206582833580236
2024-07-16,13.308685055048464,13.097379899416334,12.421702961776282,61.20561332699597,0.3545621300917574,0.3948938763785447,-0.04033174628678726
2024-07-17,12.865392656297608,13.075285876262168,12.439102557639863,48.80433591847545,0.29384229193722966,0.3746835594902817,-0.08084126755305204
2024-07-18,12.871890810171891,13.055914917586902,12.456074645974452,48.967568114304214,0.24343951030827427,0.3484347496538802,-0.10499523934560595
2024-07-19,12.72896022331955,13.024776375275726,12.466776041164456,45.528977980507484,0.18977404187219982,0.3167026080975442,-0.12692856622534437
2024-07-22,12.995616330444758,13.021999228148967,12.487514876038192,52.263863045062664,0.16683749204911358,0.2867295848878581,-0.11989209283874452
2024-07-23,13.022135408002365,13.022012197658814,12.508480387095611,52.88772755401712,0.1490814607159745,0.2591999600534814,-0.11011849933750689
2024-07-24,12.366035222514881,12.959538200026058,12.502894302210093,39.22815003722007,0.08113262979538405,0.22358649400186192,-0.14245386420647788
2024-07-25,12.223967716007564,12.889483868214773,12.491956004711954,36.99976319474124,0.015638757417754334,0.18199694668504043,-0.1663581892672861
2024-07-26,12.320155708233683,12.835262138692766,12.485218738183393,39.50541125973767,-0.028179208824948176,0.1399617155830427,-0.1681409244079909
2024-07-29,12.379173719924339,12.791825146429106,12.481060110016372,41.054502245314126,-0.0574804041357897,0.10047329163927624,-0.15795369577506593
2024-07-30,12.150069682005762,12.730705578388788,12.468080093231642,37.084541892897185,-0.09805823933709412,0.060766985444002164,-0.15882522478109629
2024-07-31,12.611575184513226,12.719359826591116,12.473707351713273,47.99409290901286,-0.09191726398895028,0.030230135557411678,-0.12214739954636196
2024-08-01,12.33329107687055,12.682591374236777,12.468200831131204,43.13680652608702,-0.10825777036302142,0.0025325543733250577,-0.11079032473634648
2024-08-02,12.039221572049595,12.621318059742759,12.451378115088788,38.681703219519235,-0.14328499060919064,-0.026630954623178084,-0.11665403598601257
2024-08-05,11.607120103358262,12.52472777818233,12.418269957766023,33.248001766683785,-0.20356472487875266,-0.062017708674293,-0.14154701620445964
2024-08-06,11.765633041105998,12.452433041317917,12.39267635319112,36.757636598981286,-0.2358277042738468,-0.09677970779420378,-0.13904799647964303
2024-08-07,11.594817390397518,12.37075536027788,12.361387766414902,34.64380275849028,-0.2720437918419183,-0.13183252460374667,-0.14021126723817162
2024-08-08,11.991630214849089,12.334648203570376,12.346887470275066,42.86389383480692,-0.26566342098496065,-0.15859870387998948,-0.10706471710497117
2024-08-09,12.111743324881042,12.313419167504726,12.337666131240006,45.11418824985054,-0.2480553789607498,-0.17649003889614154,-0.07156534006460827
2024-08-12,12.15507474220444,12.298338746047556,12.330505684611161,45.94135116458589,-0.22797642523551964,-0.18678731616401717,-0.04118910907150247
2024-08-13,12.501164118207203,12.317655448158,12.337198172203163,52.144761443744144,-0.18203875998350227,-0.1858376049279142,0.003798844944411933
2024-08-14,12.495920993833854,12.334633119174748,12.343422596580838,52.047318531792314,-0.14439145086160998,-0.17754837411465335,0.03315692325304337
2024-08-15,12.835704696774512,12.382354221803299,12.362727776980591,57.57968033537169,-0.0861449565758381,-0.1592676906068903,0.07312273403105221
2024-08-16,12.858982257458223,12.42774736805615,12.382188736999321,57.93770279375664,-0.03767163049596611,-0.13494847858470546,0.09727684808873935
2024-08-19,13.050549261102564,12.487061834060569,12.408398953630822,60.8650174064874,0.016017051258991444,-0.10475537261596608,0.12077242387495753
2024-08-20,13.040731252979395,12.539792254909981,12.433196298703315,60.63211899656884,0.05711509983485463,-0.07238127812580195,0.12949637796065658
2024-08-21,13.086926629856135,12.591900290619138,12.458832782277936,61.38091000344229,0.09234864260286457,-0.03943529398006864,0.13178393658293322
2024-08-22,12.82602194692939,12.614197591220115,12.473232357362306,55.01621848091664,0.09808795476480903,-0.011930644231093104,0.11001859899590213
2024-08-23,13.001639227491435,12.651096794674526,12.493954195406586,58.1610330749922,0.11547611112154144,0.013550706839433806,0.10192540428210763
2024-08-26,12.868308097054506,12.671783585377382,12.50863474056925,55.01632963789502,0.11714724189470616,0.03427001385048828,0.08287722804421788
2024-08-27,12.886400579991628,12.692223299150168,12.523449087213264,55.36897303562383,0.1185647960749936,0.05112897029538935,0.06743582577960425
2024-08-28,12.704733953855547,12.69341479007449,12.530558297669824,51.04212834449868,0.10383232508772622,0.061669641253856725,0.042162683833869494
2024-08-29,12.662189189345048,12.690440923338352,12.535720293421793,50.055591982701436,0.0877126321300512,0.06687823942909563,0.02083439270095558
2024-08-30,12.876351675108989,12.70814670922127,12.549078386821291,54.79232051402107,0.0911678558038691,0.07173616270405032,0.019431693099818778
2024-09-03,12.43949513051022,12.682560844582122,12.544781004220857,45.34513478888858,0.05798703483041834,0.06898633712932392,-0.010999302298905583
2024-09-04,12.468204824496473,12.662145985526346,12.541778016780684,46.00403323229257,0.033620076211027694,0.06191308494566468,-0.028293008734636985
2024-09-05,12.588338631431903,12.655116713707827,12.543603923237596,48.78629026782024,0.023729343074320397,0.05427633657139583,-0.03054699349707543
2024-09-06,12.087739354114008,12.601080774698891,12.525726881311181,39.62400242543561,-0.024224072167251975,0.03857625482366627,-0.06280032699091825
2024-09-09,12.276517731265269,12.570170008657595,12.515953973466244,43.902546376575174,-0.04645911018015525,0.02156918182290197,-0.06802829200305721
2024-09-10,12.459497819231128,12.559629800140788,12.513740006633494,47.76637712519654,-0.04875357328495156,0.007504630801331265,-0.05625820408628282
2024-09-11,12.793285400530527,12.581882714463621,12.524702571100043,53.991703503688115,-0.023368703724541362,0.00132996389615674,-0.0246986676206981
2024-09-12,13.0029530082811,12.621984647208143,12.543457490205181,57.424277086907466,0.013511657987788084,0.003766302714483009,0.009745355273305075
2024-09-13,13.077437898377077,12.66536114731947,12.564397898368785,58.60580680452723,0.04819436386136822,0.012651914943860051,0.035542448917508164
2024-09-16,12.97332649238546,12.694691180182897,12.58043431382042,56.25582276312979,0.06651301711499613,0.02342413537808727,0.04308888173690886
2024-09-17,13.004303805170883,12.72417809684842,12.597056646814556,56.81074242792324,0.08257837989072137,0.03525498428061409,0.047323395610107274
2024-09-18,12.94721867621307,12.745420056787909,12.610788491104694,55.41563984197549,0.08967033895893195,0.04613805521627767,0.04353228374265428
2024-09-19,13.347585505141272,12.802769147107277,12.639682491655147,62.39127928751924,0.1261429275569732,0.06213902968441677,0.06400389787255643
2024-09-20,13.342890201541273,12.854209247529562,12.66725926459186,62.2682358876799,0.15290623711091378,0.08029247116971618,0.0726137659411976
2024-09-23,13.442601821726246,12.910246635548294,12.697664855067718,63.896592071592075,0.18008632413105552,0.10025124176198405,0.07983508236907147
2024-09-24,13.536564349528883,12.969895941641683,12.730562874458352,65.41143780640502,0.20682458456549568,0.12156591032268639,0.0852586742428093
2024-09-25,13.593686810745293,13.029304595842026,12.7644108719598,66.33617965863192,0.2299731663183966,0.14324736152182843,0.08672580479656816
2024-09-26,13.57911594295155,13.081667581281028,12.796360090430065,65.85253798943711,0.24432639429147152,0.16346316807575706,0.08086322621571446
2024-09-27,13.488378699593397,13.120401973501254,12.823498075103137,62.782817027731774,0.24554915583392578,0.17988036562739082,0.06566879020653496
2024-09-30,13.552406474142215,13.161545259276584,12.852082718202709,64.05608345745594,0.248816507652176,0.19366759403234787,0.05514891361982813
2024-10-01,13.365034401075745,13.180925177543172,12.87219847047224,57.82177418952835,0.23359382296143316,0.20165283981816495,0.03194098314326821
2024-10-02,13.34800357319844,13.196837405700816,12.890857494108563,57.27612044936948,0.21764659571822875,0.2048515909981777,0.012795004720051045
2024-10-03,13.33989790217274,13.210462214888619,12.908466921875785,57.0004173452572,0.20202542003881696,0.20428635680630558,-0.0022609367674886194
2024-10-04,13.565433135550933,13.24426896923741,12.934230302804222,62.42075367478155,0.2054757378239902,0.20452423300984252,0.0009515048141476856
2024-10-07,13.333659539295086,13.25278235686195,12.949894194431316,54.77873277151457,0.18734831259454054,0.20108904892678214,-0.013740736332241599
2024-10-08,13.599833856610369,13.285834880647514,12.975382024320691,60.725450187471026,0.1922441692793022,0.19932007299728619,-0.007075903717983972
2024-10-09,13.680337054477631,13.323406516250381,13.003027319620964,62.338557252366236,0.20031104520943188,0.19951826743971532,0.0007927777697165628
2024-10-10,13.658889177718253,13.355357245913988,13.028747392487526,61.612490420535266,0.2026375584592479,0.20014212564362185,0.0024954328156260586
2024-10-11,13.519466876135208,13.370986734506484,13.047991293807042,56.96755127584969,0.19102905836106032,0.19831951218710955,-0.007290453826049231
2024-10-14,13.587280725590002,13.391586162228725,13.069139898975001,58.602326449602245,0.18516676213396366,0.19568896217648038,-0.010522200042516722
2024-10-15,13.482342394047087,13.400229612878093,13.085343918389594,55.11318992720324,0.17009248351804018,0.19056966644479237,-0.020477182926752185
2024-10-16,13.47293452825249,13.407153890532797,13.100543550148924,54.79818963381177,0.15559329036789826,0.18357439122941357,-0.027981100861515312
2024-10-17,13.478284661791344,13.413928249700279,13.115356927076078,54.95586066030182,0.14288717202409984,0.17543694738835083,-0.032549775364250993
2024-10-18,13.666093003048399,13.437943940495337,13.136954420251465,60.20362707975057,0.14628575413964562,0.1696067087386098,-0.02332095459896419
2024-10-21,13.735832738203548,13.466314302181832,13.16043984448488,61.975177426572536,0.15284467052016026,0.1662543010949199,-0.013409630574759634
2024-10-22,13.77591284953266,13.495799878120007,13.184576040761264,62.99472375920631,0.1594388769012891,0.16489121625619377,-0.005452339354904662
2024-10-23,13.508223896201367,13.49698311793728,13.197268113523622,52.81013962835772,0.1414342061147611,0.16019981422790724,-0.01876560811314615
2024-10-24,13.81738497895132,13.527497580890998,13.221586421971766,60.710617799855605,0.1503786192949459,0.15823557524131499,-0.007856955946369093
2024-10-25,13.946722882949372,13.567423800134653,13.250023145931673,63.46626987856757,0.1659901875551082,0.15978649770407366,0.006203689851034533
2024-10-28,13.918732316428471,13.600881754067398,13.276247034970764,62.44551609929901,0.17409698145464958,0.16264859445418886,0.011448387000460719
2024-10-29,14.079739854634425,13.646487287454734,13.307756557310515,65.84812318635876,0.19130835315357153,0.1683805461940654,0.022927806959506136
2024-10-30,14.037031330450278,13.683681958216216,13.33635556802188,64.18681998405546,0.19920594610922215,0.17454562617709676,0.02466031993212539
2024-10-31,13.629580422435211,13.678529430998978,13.34785458192044,50.973900781198104,0.17062015936832609,0.17376053281534265,-0.0031403734470165645
2024-11-01,13.732053588352485,13.68362696979455,13.362921209623659,53.5629318330393,0.1544539959907283,0.1698992254504198,-0.015445229459691512
2024-11-04,13.655438546053562,13.680942358009695,13.37439247771895,51.37830015846677,0.13391629770818803,0.16270263990197345,-0.028786342193785425
2024-11-05,13.884871233313737,13.700364155657699,13.394411252448156,57.03029994987753,0.13460171943113153,0.15708245580780505,-0.022480736376673527
2024-11-06,14.367329432916309,13.763884658253758,13.432564906584163,65.98468196372252,0.17209150200935674,0.1600842650481154,0.012007236961241341
2024-11-07,14.681993437360974,13.851323589597301,13.48156210386953,70.32774301826274,0.22460408413307675,0.1729882288651077,0.05161585526796905
2024-11-08,14.78359992467442,13.940111811985599,13.532622410567761,71.58917628410967,0.27129219066375043,0.19264902122483624,0.0786431694389142
2024-11-11,14.814431361810998,14.023380340540397,13.582889428263574,71.97845688386637,0.30723903047316625,0.21556702307450226,0.09167200739866399
2024-11-12,14.804319889822864,14.097755535710156,13.630788662050213,71.63180773020505,0.33109459631370264,0.23867253772234237,0.09242205859136027
2024-11-13,14.807535381829616,14.165353616292963,13.676935592237642,71.67851896067272,0.346268203142996,0.2601916708064731,0.0860765323365229
2024-11-14,14.669825564268072,14.213398563719165,13.715872453885895,66.61920919269292,0.34322488170071885,0.27679831298532226,0.0664265687153966
2024-11-15,14.361742565073934,14.22752656384819,13.741200693540328,56.93681173781796,0.3123526967979675,0.28390918974785134,0.028443507050116168
2024-11-18,14.530780781008554,14.256407917863465,13.772164618539083,60.34254133527192,0.29809004269746,0.2867453603377731,0.011344682359686886
2024-11-19,14.75931585106565,14.30430391150177,13.810876431579342,64.4374947755119,0.30174927891731507,0.2897461440536815,0.01200313486363358
2024-11-20,14.708303301517681,14.342780043884238,13.84606964216516,62.87678106162028,0.2971080864883895,0.29121853254062313,0.005889553947766357
2024-11-21,14.660315782894799,14.373021542837623,13.878000863370245,61.37092583193109,0.2862579133107577,0.29022640869465005,-0.003968495383892379
2024-11-22,14.663460456900053,14.40068239179595,13.908803200371414,61.436104553600345,0.2747457241228819,0.28713027178029643,-0.012384547657414535
2024-11-25,14.591048927689759,14.41881253807155,13.935557934776055,58.96875724389107,0.2568187789916969,0.28106797322257654,-0.024249194230879623
2024-11-26,14.753135011425291,14.45065277362905,13.967619780919163,62.590451431573484,0.25277668587931323,0.27540971575392387,-0.022633029874610633
2024-11-27,14.617016064028515,14.466496896524237,13.993086301825413,57.96335888877936,0.23587066628805076,0.26750190586074923,-0.03163123957269848
2024-11-29,14.798425737022889,14.498109167047918,14.024668240460608,61.99571777482439,0.23440865144785938,0.2608832549781713,-0.02647460353031189
2024-12-02,15.047467562551367,14.550429014238722,14.0647780177975,66.71595481048885,0.25045845893490615,0.2587982957695183,-0.008339836834612147
2024-12-03,15.16556051952036,14.609012967122688,14.107945959041535,68.7011191783881,0.2695993877620566,0.26095851416802596,0.008640873594030651
2024-12-04,15.38144410581463,14.682577837474302,14.15788706283656,71.99003829848016,0.298744966943417,0.26851580472310416,0.030229162220312855
2024-12-05,15.435534563624666,14.754288001869575,14.207990886396878,72.76232773013218,0.3224902296949299,0.2793106897174693,0.0431795399774606
2024-12-06,15.7202665727091,14.846285960997148,14.267295815271869,76.44417826642737,0.3601326302426564,0.29547507782250676,0.06465755242014964
2024-12-09,15.64394296585467,14.922253294793101,14.321281978039822,73.57324337912422,0.3794319710908898,0.3122664564761834,0.06716551461470638
2024-12-10,15.684448022814378,14.994843268890367,14.374739469991765,74.12855236521038,0.3934596988509238,0.3285051049511315,0.0649545938997923
2024-12-11,16.141358014451367,15.104035149419985,14.444018628598023,79.3897072589269,0.436414872937652,0.35008705854843564,0.08632781438921638
2024-12-12,16.011002309422857,15.190412974182163,14.505468969022527,74.7210965147894,0.4546970770439227,0.37100906224753305,0.08368801479638965
2024-12-13,16.363632293323523,15.302148147433721,14.578338118995115,78.41837006408645,0.49196903536377334,0.39520105687078116,0.09676797849299218
2024-12-16,16.7747953013993,15.442400257335205,14.66447369477567,81.76695967358879,0.5483635556561541,0.42583355662785577,0.12252999902829836
2024-12-17,16.718678491949287,15.56395056539369,14.745030745645225,79.94379431366295,0.5818215846965504,0.45703116224159474,0.1247904224549557
2024-12-18,16.066752790374085,15.611836491582299,14.796862982693417,62.50699882872574,0.5493992257313565,0.4755047749395471,0.07389445079180934
2024-12-19,16.068990697534012,15.655374987387223,14.846750344059716,62.537206046497246,0.5179146553100598,0.4839867510136497,0.03392790429641007
2024-12-20,16.129455339317065,15.700525497094828,14.897052500736475,63.39531280581327,0.49216848574547,0.4856230979600138,0.006545387785456214
2024-12-23,16.38006752239597,15.765243785218747,14.955209952566259,66.79067838828217,0.486380082762464,0.48577449492050384,0.0006055878419601868
2024-12-24,16.70843741365871,15.855071749832076,15.023963970648317,70.63426404835901,0.5024969653948848,0.4891189890153801,0.013377976379504664
2024-12-26,16.665781800863932,15.932282230882729,15.08834898359795,69.50884522814289,0.5059949645518156,0.4924941841226672,0.013500780429148374
2024-12-27,16.35634739386268,15.972669389261771,15.138074411451468,61.814585993735385,0.47828501160000236,0.48965234961813425,-0.01136733801813189
2024-12-30,16.12553529654866,15.987228047098618,15.17679836772979,56.766854777476915,0.43271203201897457,0.47826428609830235,-0.04555225407932778
2024-12-31,15.91335364540955,15.980192389794897,15.205682888423114,52.520936249770216,0.3751493432874806,0.457641297536138,-0.0824919542486574
2025-01-02,15.837413204030863,15.966594372103085,15.230456626290085,51.04924692501011,0.3197172374957038,0.4300564855280512,-0.1103392480323474
2025-01-03,16.12098620713572,15.981298356391907,15.2653793549507,56.006577482924605,0.2952652319236666,0.4030982348071743,-0.10783300288350772
2025-01-06,16.38109246006777,16.01937398531342,15.30913281005333,60.00731163841429,0.29349204851082433,0.38117699754790435,-0.08768494903708002
2025-01-07,16.02899125344065,16.02028991561125,15.337362552931264,52.983198180585205,0.26067031797482976,0.35707566163328947,-0.09640534365845971
2025-01-08,16.018972347774334,16.020164432960115,15.364092348807464,52.79382957945291,0.2311854560718256,0.33189762052099675,-0.10071216444917114
2025-01-10,15.798361969177911,15.999040388790382,15.381122529998462,48.66894264970564,0.18785163997976362,0.30308842441275013,-0.11523678443298652
2025-01-13,15.73844415002892,15.974221699384529,15.395135142548677,47.58156024261908,0.14698011598714977,0.2718667627276301,-0.12488664674048033
2025-01-14,15.589004214657654,15.93753431988673,15.402737851258832,44.88782849920255,0.10136214518283815,0.23776583921867173,-0.13640369403583358
2025-01-15,16.05724101999949,15.948934957992707,15.428404642189838,53.72726183787079,0.1018186693926797,0.21057640525347332,-0.10875773586079363
2025-01-16,15.836487669670362,15.938225692438198,15.444407898169466,49.681519581784485,0.0834060644665282,0.18514233709608433,-0.10173627262955612
2025-01-17,16.155062134742316,15.958876782181449,15.472276691760559,54.953272994272595,0.09344308557609082,0.16680248679208562,-0.0733594012159948
2025-01-21,16.23873900732375,15.985530327433096,15.50233403746892,56.24981509734918,0.10691704824020754,0.15482539908171,-0.04790835084150247
2025-01-22,16.559858625616858,16.040228260593455,15.54380558994531,60.90072732588958,0.14187152360168476,0.15223462398570495,-0.01036310038402019
2025-01-23,16.6301231071259,16.096408722167975,15.586406276893568,61.8562378328354,0.17324588289585208,0.15643687576773438,0.016809007128117698
2025-01-24,16.59585283463977,16.14397482811767,15.625992416413027,61.07230742237349,0.19311881065853242,0.163773262745894,0.029345547912638437
2025-01-27,16.00592114413635,16.13082685821469,15.640891582206098,49.45353590916584,0.15942790626538894,0.162904191449793,-0.003476285184404071
2025-01-28,16.370762643150535,16.15367788535144,15.66951397675294,55.13790909031678,0.16031922147685052,0.16238719745520452,-0.0020679759783540086
2025-01-29,16.26693520999081,16.164464297221855,15.692942260409328,53.30086889297382,0.15090801540497623,0.16009136104515886,-0.009183345640182639
2025-01-30,16.358165863881514,16.182912065475158,15.719029460545492,54.728151417636596,0.14909247289088157,0.1578915834143034,-0.008799110523421833
2025-01-31,16.40700427060131,16.204254180249077,15.746008864861407,55.51203057117109,0.14986692105388855,0.15628665094222044,-0.006419729888331893
2025-02-03,16.22000661575218,16.205754412201753,15.764597011955164,51.812753064059216,0.13384860545512822,0.151799041844802,-0.01795043638967378
2025-02-04,16.499652672814342,16.233744722736283,15.79342272414572,56.483059489042965,0.142081250430234,0.1498554835618884,-0.007774233131654401
2025-02-05,16.500857902991644,16.259184073236792,15.821165280178896,56.50262640035922,0.1470083125709678,0.1492860493637043,-0.00227773679273649
2025-02-06,16.60369485849693,16.29199462421395,15.85185271462274,58.2284958197782,0.15739675585463075,0.1509081906618896,0.006488565192741158
2025-02-07,16.3236922572249,16.295013446405466,15.870356226097336,52.16001298030121,0.14140576452691533,0.14900770543489475,-0.007601940907979415
2025-02-10,16.502317023106553,16.314756644186524,15.89513900245064,55.356459730607114,0.14151501743704742,0.1475091678353253,-0.0059941503982778865
2025-02-11,16.376856465770132,16.32067091290877,15.91402988336513,52.69338856809925,0.12997965810690104,0.14400326588964046,-0.014023607782739422
2025-02-12,16.43818206720449,16.331862451413127,15.934584870966674,53.86179632948736,0.12435280452269737,0.14007317361625185,-0.01572036909355448
2025-02-13,16.704182047793736,16.367321460592233,15.964765152410873,58.63421301959478,0.13974654669577902,0.14000784823215728,-0.0002613015363782667
2025-02-14,16.75502813586679,16.404245905856477,15.99575585764444,59.49665364065963,0.1542707158606227,0.14286042175785035,0.011410294102772334
2025-02-18,16.590179085025248,16.421953827682074,16.019066572443688,55.45948116444173,0.15074162820628345,0.144436663047537,0.006304965158746456
2025-02-19,16.64973921916093,16.443647674489586,16.043798833099267,56.60519563517386,0.15101005594996053,0.14575134162802172,0.005258714321938807
2025-02-20,16.504204765346216,16.449415016475932,16.06185396769719,53.016574372787076,0.13788986420893323,0.14417904614420401,-0.006289181935270782
2025-02-21,16.11646274015991,16.417705275874404,16.063995488185924,44.85706696732784,0.09510812947720737,0.1343648628108047,-0.03925673333359733
2025-02-24,15.854960377435551,16.364110523642132,16.05579803286238,40.3470190339342,0.03964523567260869,0.1154209373831655,-0.07577570171055681
2025-02-25,15.566367197750328,16.288134968795294,16.036604666779557,36.040412749526155,-0.027282074213836438,0.08688033506376511,-0.11416240927760155
2025-02-26,15.618146535573072,16.224326546583654,16.020194543987145,37.33287713598225,-0.07527654846705545,0.054448958357601,-0.12972550682465644
2025-02-27,15.106076423735157,16.117826534883797,15.9843467745655,30.72123646040633,-0.1528701021913541,0.012985146247809984,-0.1658552484391641
2025-02-28,15.415294871242088,16.05091875739411,15.962031013650856,37.87603779607229,-0.1872536643999645,-0.02706261588174491,-0.16019104851821958
2025-03-03,14.960909035942091,15.947108307732014,15.922771328250512,32.55539089629768,-0.24830571094745224,-0.07131123489488639,-0.17699447605256585
2025-03-04,14.883855053959497,15.845846093087014,15.882029513572434,31.74110497822251,-0.299455572634864,-0.11694010244288192,-0.18251547019198208
2025-03-05,15.15175024936294,15.779741727018054,15.853391111054414,37.58617022301806,-0.31474709457846295,-0.15650150086999814,-0.1582455937084648
2025-03-06,14.578387350605091,15.665327024502535,15.803390963585814,31.39062634874952,-0.3688791211351443,-0.19897702492302738,-0.16990209621211694
2025-03-07,14.622002221698551,15.565962757568823,15.757061993315725,32.304738163911765,-0.40360725340844894,-0.2399030706201117,-0.16370418278833723
2025-03-10,13.873505055175906,15.404776309721878,15.683197015349458,25.921792488615978,-0.48592556686759103,-0.2891075698696076,-0.1968179969979834
2025-03-11,14.009116283920362,15.27185630726459,15.617546790587534,28.671632220531762,-0.5340643689443691,-0.3380989296845599,-0.19596543925980925
2025-03-12,14.329929928620222,15.182149033107983,15.567052011686856,34.834417841412545,-0.540101779325397,-0.37849949961272733,-0.16160227971266972
2025-03-13,13.9563839892877,15.0654095051251,15.503888559828066,31.42934804298835,-0.5684754745926082,-0.41649469460870353,-0.15198077998390463
2025-03-14,14.334228163265472,14.995773186852755,15.45801952466875,38.0281530491236,-0.5540858091474092,-0.4440129175164447,-0.11007289163096451
2025-03-17,14.274050237939246,14.92703766790861,15.41158935656171,37.410660730664354,-0.5412980048030072,-0.46346993497375727,-0.07782806982924989
2025-03-18,13.9134314142337,14.83050373898719,15.35283806470571,33.86221953906991,-0.5538777451159209,-0.48155149700219,-0.0723262481137309
2025-03-19,14.191955233187823,14.769689595577727,15.30731324778344,38.69850504862593,-0.5352032456141327,-0.49228184672457853,-0.04292139888955415
2025-03-20,14.127758153504832,14.708553267761262,15.261056185262712,38.00861173299892,-0.5195941797613557,-0.497744313331934,-0.021849866429421716
2025-03-21,14.324355587606174,14.671963012508396,15.224322828491868,41.45095982944024,-0.4857605672730472,-0.4953475641201566,0.009586996847109452
2025-03-24,14.742073135652223,14.678640167093523,15.20541107583149,48.0515878431933,-0.42039482069565004,-0.48035701543525533,0.05996219473960529
2025-03-25,14.895820443506256,14.699324002942355,15.193270266720697,50.273676158348884,-0.352126774509097,-0.4547109672500237,0.10258419274092667
2025-03-26,14.463434303167801,14.67685831724954,15.164649248542153,44.50769675626735,-0.32911991448100153,-0.4295927566962193,0.1004728422152178
2025-03-27,14.378277824186588,14.648422079814974,15.133811153469386,43.45073283376703,-0.3141370519334892,-0.4065016157436733,0.0923645638101841
2025-03-28,13.929075400690014,14.579912872279264,15.086566614144706,38.2857248715422,-0.3346522440976045,-0.39213174141445956,0.05747949731685503
2025-03-31,13.89635461419667,14.514812085795207,15.039891633754587,37.9320158475819,-0.34952190475445555,-0.3836097740824588,0.03408786932800323
2025-04-01,14.075278022988945,14.472951698861277,15.00206364901868,41.13457851459565,-0.3429156757385936,-0.3754709544136858,0.03255527867509217
2025-04-02,14.237210979677492,14.450500201796155,14.972069426691576,43.953180380075686,-0.32091425559729636,-0.3645596146504079,0.043645359053111565
2025-04-03,13.395438301136025,14.350018116019,14.910240755101164,34.66199212356166,-0.3671694904631515,-0.36508158981295663,-0.002087900650194874
2025-04-04,12.616512532431923,14.184922346153563,14.82029062872198,28.630832076332595,-0.4613616076995388,-0.38433759339027307,-0.07702401430926575
2025-04-07,12.719461275033654,14.045354625094525,14.737905163871458,30.355648548175495,-0.521688733102275,-0.4118078213326735,-0.10988091176960152
2025-04-08,12.519379775112359,13.900023687000985,14.650904168233847,28.894103989967334,-0.5789693215670599,-0.4452401213795508,-0.1337292001875091
2025-04-09,14.231888615105627,13.93162987063,14.63447218575823,50.750722736378,-0.48063894271160734,-0.45231988564596215,-0.028319057065645192
2025-04-10,13.591601974398467,13.899246261465091,14.593575314724514,45.161264003747405,-0.44919910220934156,-0.4516957289586381,0.0024966267492965155
2025-04-11,13.843605722723188,13.893947162537291,14.564164742489169,47.607045503213484,-0.3993448073373944,-0.4412255446343894,0.041880737296994985
2025-04-14,13.850153742094074,13.889776360590318,14.536164311101127,47.6723509013842,-0.3552118875040069,-0.4240228132083129,0.06881092570430603
2025-04-15,13.867311411902818,13.887636841667698,14.50993478564237,47.85575776597242,-0.3152181118377868,-0.4022618729342077,0.08704376109642087
2025-04-16,13.413134024612724,13.842446097186272,14.466922991092188,43.50854580552812,-0.3165224026883884,-0.38511397888504384,0.06859157619665546
2025-04-17,13.36924647136874,13.79737946615603,14.423876853063817,43.101104027570024,-0.31743819147469665,-0.3715788214029744,0.05414062992827773
2025-04-21,12.991696263895356,13.720647732607395,14.367712908390544,39.66026300433342,-0.34465612583250405,-0.3661942822888803,0.021538156456376245
2025-04-22,13.395344801645237,13.689666501087189,14.329580825773082,44.73956318581117,-0.32985312978712145,-0.35892605178852854,0.029072922001407098
2025-04-23,13.789613358456464,13.699185249408071,14.308405630976353,49.23468053235814,-0.28304470807104387,-0.3437497830450316,0.06070507497398775
2025-04-24,14.224344974919756,13.749200461361566,14.305109134660409,53.70627691162743,-0.2084664172870614,-0.31669310989343763,0.10822669260637624
2025-04-25,14.568152697257318,13.827195912399256,14.315424568487739,56.936855400786065,-0.12023418976513867,-0.2774013258677779,0.15716713610263922
2025-04-28,14.545869741865879,13.895641039015125,14.324461634110412,56.660871793529296,-0.05151374367787831,-0.23222380942979798,0.18071006575191967
2025-04-29,14.634843794626113,13.966041301454267,14.3366334835424,57.545755486358786,0.010011758105585855,-0.18377669592272122,0.19378845402830708
2025-04-30,14.569515223818552,14.023515008346104,14.345766100808131,56.63145653863305,0.05289000874780214,-0.13644335498861657,0.1893333637364187
2025-05-01,14.88963782047708,14.106002895215722,14.367094403540246,59.98636580040592,0.11141818993885089,-0.08687104600312308,0.19828923594197395
2025-05-02,15.124301603683982,14.202983724593652,14.396788803545883,62.28931712709734,0.17472349762424955,-0.034552137277648554,0.2092756349018981
2025-05-05,14.971561062975706,14.276181566344325,14.419328892150975,59.87381923674274,0.21014609159335684,0.014387508496552529,0.19575858309680433
2025-05-06,14.873007804354659,14.333022160440548,14.437120222041315,58.30279172051187,0.2276422104929079,0.05703844889582361,0.1706037615970843
2025-05-07,14.906169450295497,14.38760761661721,14.455514309423833,58.695521421385,0.2414011561958933,0.09391099035583755,0.14749016584005575
2025-05-08,15.048903576825438,14.45058818425609,14.478784476772915,60.423355992197024,0.2608161447610655,0.12729202123688316,0.13352412352418236
2025-05-09,15.097541745360228,14.512202809123151,14.503049467697908,61.02171497754016,0.27693502224070166,0.15722062143764687,0.11971440080305479
2025-05-12,15.780108950412671,14.632955774960248,14.55313023172594,68.27150207965337,0.3408576232646503,0.19394802180304754,0.14690960146160276
2025-05-13,16.12569353001956,14.775121275442087,14.614799380678631,71.19293036270156,0.4146230164769573,0.23808302073782953,0.1765399957391278
2025-05-14,16.329910851043394,14.923196473118402,14.68205865402627,72.78747770327261,0.48398220752010346,0.2872628580942843,0.19671934942581915
2025-05-15,16.27925690259167,15.05234508544919,14.744693879460208,71.72694014799994,0.5287672164948507,0.3355637297743976,0.19320348672045312
2025-05-16,16.35456661189633,15.17636618320606,14.80782614347731,72.37147938932348,0.5638369614025631,0.38121837610003073,0.1826185853025324
2025-05-19,16.353489526261473,15.288473168258955,14.868440393782572,72.34607694648341,0.5848018434716078,0.4219350695743462,0.16286677389726162
2025-05-20,16.29153863353271,15.384003212570741,14.924248167890422,70.806632603813,0.5896209608468066,0.45547224782883833,0.13414871301796827
2025-05-21,16.14880214570738,15.456841206202801,14.972269892510695,67.25563946672797,0.5752909089256768,0.4794359800482061,0.09585492887747071
2025-05-22,16.22081870346579,15.529600967846896,15.021232590979523,68.12423685550274,0.5632525491057958,0.49619929385972406,0.06705325524607175
2025-05-23,16.03270935465097,15.577516052304427,15.060898346417618,63.39389886571545,0.5323960792661797,0.5034386509410151,0.02895742832516457
2025-05-27,16.493432309350524,15.664746172023102,15.117076148885575,69.06044842713408,0.5389064188919015,0.5105322045311924,0.028374214360709082
2025-05-28,16.450103769753557,15.739542133711716,15.16935174186079,67.99444757970059,0.5344093209226468,0.5153076278094834,0.019101693113163454
2025-05-29,16.4964140182892,15.811625170338143,15.221393399759943,68.55316579544761,0.528490083696898,0.5179441189869664,0.010545964709931632
2025-05-30,16.489469256248654,15.87618174994867,15.271121864720286,68.36044112984962,0.5172758275458893,0.5178104606987509,-0.0005346331528616188
2025-06-02,16.64622236878453,15.949518951742562,15.325047374683589,70.38427840826738,0.5150993699940187,0.5172682425578046,-0.0021688725637858397
2025-06-03,16.72237503566734,16.023124293068733,15.379844537859423,71.34329271554081,0.5135989465352662,0.5165343833532969,-0.0029354368180307677
2025-06-04,16.806124524063915,16.097695743639704,15.43577708633803,72.40173287734557,0.5132512925119244,0.5158777651850225,-0.0026264726730981236
2025-06-05,16.480246723967994,16.134129170337637,15.476736679970578,62.69776444059246,0.4811339465599218,0.5089290014600023,-0.027795054900080496
2025-06-06,16.639935936614158,16.182301243316353,15.522352337093857,65.16187756923074,0.46322651644895707,0.49978850445779327,-0.0365619880088362
2025-06-09,16.70260036386857,16.231853540511803,15.568636573437963,66.10801233387073,0.4489164156421559,0.48961408669466583,-0.04069767105250993
2025-06-10,16.841104873871473,16.289877477022248,15.618537291102022,68.16588529143124,0.44363773443316035,0.48041881624236477,-0.03678108180920442
2025-06-11,16.80000582014089,16.33846112874783,15.664869390280018,66.86842168760228,0.431167757867172,0.4705686045673262,-0.0394008467001542
2025-06-12,16.820726313912516,16.384391146382562,15.710197112775411,67.20731117245596,0.4181371574070276,0.46008231513526654,-0.041945157728238924
2025-06-13,16.66363242683745,16.41098555404493,15.747586732934707,62.027167704547736,0.3906311955999904,0.44619209122821135,-0.055560895628220974
2025-06-16,16.877337217821964,16.455399998214173,15.79189067351852,65.87995090059599,0.3816769787003622,0.4332890687226415,-0.05161209002227929
2025-06-17,16.711945809224165,16.479832932596075,15.827971267075604,60.74326421159357,0.35711835476037024,0.4180549259301872,-0.06093657116981699
2025-06-18,16.73723978813715,16.504347871219036,15.863628856136842,61.24099139396519,0.33582529609092404,0.4016089999623346,-0.06578370387141058
2025-06-20,16.644916954733844,16.51773540298235,15.89426760510143,58.33379697602776,0.30795084693492925,0.38287736935685357,-0.07492652242192432
2025-06-23,16.93122060156706,16.557114945704704,15.934932428492239,64.03554233606937,0.30544151703661626,0.3673901988928061,-0.06194868185618985
2025-06-24,17.120585646491616,16.610778821970126,15.981428633119666,67.2297373874302,0.31510074628933893,0.3569323083721127,-0.04183156208277378
2025-06-25,17.147799771599093,16.66192367431574,16.027168677765918,67.67408009247126,0.32124855415928266,0.3497955575295467,-0.028547003370264057
2025-06-26,17.34376625242274,16.726861062706885,16.07879995520344,70.74975058740327,0.3380369143036148,0.3474438288843604,-0.009406914580745551
2025-06-27,17.49604232564705,16.800116421082137,16.134378087377698,72.90690895110346,0.3594852944539184,0.349852121998272,0.009633172455646433
2025-06-30,17.53528123979487,16.870132118102397,16.189315465903864,73.45026271352599,0.3753230521737372,0.354946308033365,0.02037674414037216
2025-07-01,17.217181387408026,16.90318442946484,16.22962393341383,62.506203933651726,0.35807887923192894,0.3555728222730778,0.002506056958851144
2025-07-02,17.40731136225135,16.95119651830165,16.275807754152556,65.78747423303778,0.35565487985781985,0.3555892337900262,6.564606779363436e-05
2025-07-03,17.573928964573135,17.010504370327507,16.3267144682867,68.39757890188201,0.3629941206489846,0.3570702111618179,0.005923909487166701
2025-07-07,17.37350722716972,17.045076070979146,16.367765164713482,62.24591929080504,0.3486194941181502,0.3553800677530844,-0.006760573634934208
2025-07-08,17.316678507654842,17.070942969710163,16.404977452671968,60.58210944452726,0.32885110546040863,0.35007427529454926,-0.02122316983414063
2025-07-09,17.496504329722857,17.111472623044705,16.447782428242594,63.872862019694175,0.3239605405464019,0.3448515283449198,-0.02089098779851789
2025-07-10,17.50212009979068,17.14867714463956,16.48912900359742,63.974010582031084,0.31688502501466687,0.3392582276788692,-0.02237320266420234
2025-07-11,17.53732654208437,17.18569137296764,16.530234789420437,64.6423650723972,0.31053879570679754,0.3335143412844549,-0.022975545577657353
2025-07-14,17.602638989924593,17.225400669820683,16.572289856106874,65.9060162505009,0.3072378848721371,0.32825905000199135,-0.021021165129854247
2025-07-15,17.64543318765258,17.265403766757053,16.614373908324353,66.744662803739,0.3045641968874193,0.32352007937907695,-0.01895588249165764
2025-07-16,17.644040643618844,17.30146442169627,16.65475299598296,66.6871781012076,0.29888752390653295,0.3185935682845682,-0.019706044378035248
2025-07-17,17.749858635005673,17.34416863248764,16.697698315160324,68.88050585386631,0.2994751837169609,0.3147698913710468,-0.01529470765408586
2025-07-18,17.728971341117553,17.380816509500015,16.73814039460963,67.9297705828231,0.2948565554666267,0.3107872241901628,-0.0159306687235361
2025-07-21,17.87748523773978,17.428118293141896,16.782820584536303,70.99527297635638,0.2997250458219405,0.3085747885165184,-0.008849742694577889
2025-07-22,17.69460126359838,17.453497623661562,16.81857668959756,63.008163206366945,0.2855346851053113,0.303966767834277,-0.018432082728965682
2025-07-23,17.766722370324707,17.483328551915193,16.855758873155487,64.69498067038916,0.27691617527865375,0.2985566493231524,-0.021640474044498648
2025-07-24,17.741559224598447,17.507921949313598,16.890496141839524,63.60519272702857,0.2650007251824107,0.2918454644950041,-0.026844739312593402
2025-07-25,17.822307591989595,17.537863439092266,16.927037767335605,65.60731673123092,0.25908677250365386,0.2852937260967341,-0.02620695359308023
2025-07-28,17.9374622363356,17.575920467401154,16.966662256315995,68.28664615427618,0.26068690345811163,0.2803723615690096,-0.019685458110897947
2025-07-29,17.86056632246195,17.60302959645456,17.001717317733483,64.66397479683775,0.2528356294130454,0.27486501513781675,-0.022029385724771366
2025-07-30,17.90030103848704,17.631341162362418,17.036955895017936,65.67724852847084,0.24697274955167003,0.2692865620205874,-0.022313812468917393
2025-07-31,18.006781892681772,17.667097422392832,17.074988287083187,68.3005427948898,0.2480590200854813,0.2650410536335662,-0.01698203354808492
2025-08-01,17.620604923576305,17.662669565362688,17.096385017926057,52.599011099398126,0.21527706333762353,0.2550882555743777,-0.03981119223675417
2025-08-04,17.94121757673392,17.689197947398043,17.12951570650676,60.68070749867083,0.21271583236725888,0.24661377093295395,-0.03389793856569506
2025-08-05,17.78874847624517,17.69867895014539,17.1553679719867,55.807720252811684,0.196122280629357,0.23651547287223457,-0.040393192242877574
2025-08-06,18.197484581347375,17.746184248355103,17.196235290000843,64.12501690131378,0.21349235211773632,0.23191084872133494,-0.018418496603598622
2025-08-07,18.287227119859818,17.797712140879362,17.239019283328645,65.65349212797892,0.23182737014959187,0.23189415300698635,-6.67828573944762e-05
2025-08-08,18.552560756132348,17.869602485189173,17.290530713634674,69.75629236750478,0.26471672141395786,0.23845866668838067,0.026258054725577185
2025-08-11,18.577083061597495,17.936981587704253,17.340983746888117,70.11164009423291,0.28942421219763403,0.24865177579023134,0.04077243640740269
2025-08-12,18.79653553801232,18.018843868685973,17.398064209285145,73.1518070994377,0.322989831731352,0.2635193869784555,0.05947044475289648
2025-08-13,18.683646542041977,18.082158409005594,17.44847920272659,69.24961599621429,0.33660149599823797,0.278135808782412,0.05846568721582596
2025-08-14,18.783806336813907,18.148982021177815,17.5008449726908,70.74093456161302,0.35141994597833914,0.29279263622159746,0.058627309756741686
2025-08-15,18.715178066581743,18.202905454073427,17.548465878333584,68.29685740698356,0.35355043712965895,0.3049441964032098,0.048606240726449146
2025-08-18,18.717992148943853,18.25196132977537,17.594329653651634,68.34515247470445,0.35141504574570703,0.31423836627170926,0.037176679473997776
2025-08-19,18.39588487705538,18.265668334278228,17.62576319182433,57.54025487405944,0.32004212145383804,0.3153991173081351,0.004643004145702956
2025-08-20,18.25057029924827,18.264230426180138,17.650265431331153,53.43594825913587,0.2802229452581706,0.3083638828981422,-0.028140937639971608
2025-08-21,18.114245008265943,18.2499461006645,17.66846070885801,49.84397867810492,0.23495720912612938,0.2936825481437396,-0.058725339017610234
2025-08-22,18.448340209050407,18.268840777653633,17.699044218669474,57.401389777673565,0.22346649502114246,0.2796393375192202,-0.056172842498077746
2025-08-25,18.48723835705405,18.289640547120342,17.729953792723773,58.19126834915026,0.2150201582266824,0.2667155016607127,-0.05169534343403026
2025-08-26,18.575481416433227,18.316863487054903,17.763111738751594,60.003138743125305,0.2129916180877487,0.2559707249461199,-0.0429791068583712
2025-08-27,18.605764516070394,18.344377870770664,17.796156945705274,60.63364556034939,0.21139079694610885,0.24705473934611769,-0.035663942400008836
2025-08-28,18.72114186840777,18.38026015625991,17.832430864242628,63.02517084901437,0.2169314717714954,0.24103008583119323,-0.02409861405969782
2025-08-29,18.43162447989718,18.385151996606318,17.855928653091826,54.137521426777624,0.19570489858516993,0.2319650483819886,-0.03626014979681866
2025-09-02,18.299316346612063,18.376977172797343,17.873316405778894,50.62412627865915,0.16628964231005838,0.21882996716760256,-0.052540324857544174
2025-09-03,18.63673526578769,18.401716038796422,17.903254400289043,58.093403671672114,0.16826507163205662,0.20871698806049338,-0.04045191642843676
2025-09-04,18.897703165982573,18.448952908052245,17.942252391100556,62.78273188306778,0.1887131741462369,0.2047162252776421,-0.01600305113140521
2025-09-05,19.04327203763354,18.50555472991713,17.985429632141066,65.12688052865025,0.21419552144265452,0.2066120845106446,0.007583436932009913
2025-09-08,19.133286039139318,18.565338664128767,18.030443608886095,66.53070701038337,0.23889995296090305,0.21306965820069632,0.025830294760206735
2025-09-09,19.229231865192858,18.628566588039632,18.07745491305499,68.00896952352171,0.26318656830327924,0.22309304022121293,0.040093528082066315
2025-09-10,19.270470080105206,18.689700253950637,18.12423982156676,68.64988768945884,0.28250492432460916,0.23497541704189218,0.04752950728271699
2025-09-11,19.315096398312182,18.74926179150888,18.17094007947835,69.36515104962577,0.2979808933227943,0.2475765122980726,0.05040438102472172
2025-09-12,19.51715147514022,18.82239414233091,18.223732683229795,72.4320199776472,0.32282850030967225,0.26262690990039256,0.06020159040927969
2025-09-15,19.797775474460103,18.91528760253369,18.285459851513334,76.02228848044578,0.36100300145243125,0.2823021282108003,0.07870087324163094
2025-09-16,19.82378480311793,19.001811145446478,18.34578632020371,76.32997587230628,0.3888726225660193,0.3036162270818441,0.08525639548417518
2025-09-17,19.753587694792763,19.073408912050887,18.40099421724642,73.58544175251637,0.40067642963972006,0.3230282675934193,0.07764816204630076
2025-09-18,19.733677661658167,19.136291650108724,18.453256313105705,72.78605101740027,0.4037700487250184,0.3391766238197391,0.0645934249052793
2025-09-19,19.927136912091974,19.211610246488082,18.511055552281636,75.56385791587425,0.4170251030432617,0.35474631966444364,0.06227878337881804
2025-09-22,19.98510000515155,19.285275937789365,18.568861217100064,76.34300039617065,0.4272815307669404,0.36925336188494307,0.058028168881997355
2025-09-23,19.751066449108425,19.32963693886737,18.615222206590587,67.0474000043484,0.41177854481747644,0.37775839847144976,0.03402014634602668
2025-09-24,19.756503377815207,19.370290885433832,18.659978330952335,67.14747766164714,0.3953734128756423,0.3812814013522883,0.014092011523354042
2025-09-25,19.62606626341633,19.394650445241687,18.697864132225433,62.26204478084335,0.36760946946061424,0.3785470149739535,-0.010937545513339253
2025-09-26,19.661701225810848,19.420083852914942,18.735661665307216,63.052929460850685,0.3445104855007024,0.3717397090793033,-0.027229223578600914
2025-09-29,19.675558857585205,19.44441480574068,18.77252037872988,63.37438221623567,0.32359239763376024,0.36211024679019477,-0.038517849156434525
2025-09-30,19.711880797907757,19.46988775737564,18.809358042227053,64.25229232092764,0.30641339642318144,0.35097087671679217,-0.04455748029361073
2025-10-01,19.73267719343182,19.494915322714323,18.845566636391947,64.77294149169967,0.2911211461555787,0.3390009306045495,-0.047879784448970786
2025-10-02,19.709229765239815,19.515326222002468,18.87943577869971,63.647379702224825,0.27395196838466873,0.32599113816057335,-0.052039169775904615
2025-10-03,19.590437565426278,19.522479683280928,18.907318201708595,58.13556031995184,0.24790207278547527,0.31037332508555376,-0.062471252300078495
2025-10-06,19.765670823390813,19.545640744243777,18.940979088833387,63.198402749541536,0.23864623700794496,0.29602790747003205,-0.05738167046208709
2025-10-07,19.678482534710067,19.558292343335804,18.969900792593258,59.35236570048334,0.22171970746402891,0.28116626746883144,-0.05944656000480253
2025-10-08,19.8886183572585,19.589751963709393,19.00592893238405,64.89705857137739,0.22269443275440892,0.26947190052594694,-0.04677746777153802
2025-10-09,19.996863736813925,19.628524513528873,19.044789120793066,67.36650582642753,0.22955523717432058,0.2614885678556217,-0.03193333068130111
2025-10-10,19.303934956719743,19.597611222404193,19.054951702594114,45.36538652287432,0.17703812727159018,0.24459847973881538,-0.0675603524672252
2025-10-13,19.817312974969344,19.61853519883897,19.08484822307942,56.65900236288638,0.17482794715379057,0.23064437322181042,-0.05581642606801984
2025-10-14,19.604095901608737,19.617160027674185,19.105210877139395,51.86388164055503,0.15409521389137737,0.21533454135572383,-0.06123932746434646
2025-10-15,19.741683811811775,19.629019435687287,19.130170600067725,54.537659904655435,0.14707122238982606,0.2016818775625443,-0.05461065517271824
2025-10-16,19.6134653478965,19.627538093992925,19.1491233352767,51.65796426780872,0.12966381628693924,0.1872782653074233,-0.05761444902048407
2025-10-17,19.75966478948361,19.640121588801563,19.17306613740246,54.60151341816479,0.12621051834106112,0.17506471591415088,-0.04885419757308976
2025-10-20,20.043112342837578,19.678501660614515,19.207185596439135,59.72215381559466,0.14467784735938238,0.1689873422031972,-0.02430949484381481
2025-10-21,19.989206140718267,19.70809256348154,19.23785306876381,58.3736552229495,0.1531975921777864,0.16582939219811504,-0.012631800020328654
2025-10-22,19.71511578332757,19.708761441562114,19.256569253648664,51.95055191970003,0.13626200656356957,0.15991591507120595,-0.02365390850763638
2025-10-23,19.84292272446051,19.721538706600057,19.279563507405992,54.46651506860933,0.13163596747968853,0.15425992555290247,-0.022623958073213934
2025-10-24,19.952114802546987,19.743498334785478,19.305938067999758,56.55934349747685,0.13522193206213018,0.15045232685474802,-0.01523039479261784
2025-10-27,20.339264615333263,19.800237980551934,19.346460677699113,63.0449314515471,0.16737420354343513,0.15383670219248544,0.013537501350949693
2025-10-28,20.59112173803352,19.87556024316923,19.395270915359287,66.54425096384102,0.21074849778500848,0.16521906131099007,0.045529436474018414
2025-10-29,20.76684178807779,19.960444199827187,19.44905800840707,68.76644877864231,0.2563470685158684,0.18344466275196575,0.07290240576390267
2025-10-30,20.27616571043101,19.99051291512279,19.48149360456487,57.31767939129653,0.2500088591221754,0.19675750202600767,0.05325135709616774
2025-10-31,20.44913059208576,20.034190789119265,19.5194401530951,59.854923388926075,0.255991690081089,0.20860433963702396,0.04738735044406506
2025-11-03,20.56377396428664,20.084627281992347,19.56039442020065,61.489008278912266,0.2669071492691266,0.2202649015634445,0.04664224770568212
2025-11-04,20.211787487522834,20.096737777757156,19.58593924637015,54.195044388786705,0.24433877699062734,0.22507967664888107,0.01925910034174627
2025-11-05,20.352561941761397,20.121101983852796,19.616002881483535,56.42153372340611,0.23510238734427702,0.22708421878796026,0.008018168556316763
2025-11-06,20.007544124263553,20.110286949606202,19.63135744002393,50.00600220620833,0.19766388138398128,0.22120015130716447,-0.023536269923183195
2025-11-07,19.878247017968707,20.08818790849787,19.64103938425706,47.811905464106,0.15576483967209498,0.20811308898015057,-0.052348249308055594
2025-11-10,20.32187566225736,20.110443885046394,19.667738846139425,55.092516272299406,0.15655203685335906,0.19780087855479228,-0.041248841701433225
2025-11-11,20.279412742258152,20.1265361571618,19.691726057751925,54.31149459341411,0.15199736254411889,0.18864017535265762,-0.03664281280853873
2025-11-12,20.167539882613834,20.13044127387152,19.710385423432786,52.21141613435631,0.13777239116161866,0.17846661851444984,-0.04069422735283118
2025-11-13,19.749724852679076,20.094182567091288,19.711928146148328,45.184325259125885,0.0917274409251263,0.16111878299658514,-0.06939134207145883
2025-11-14,19.71665837055299,20.05822788170669,19.71211364514459,44.671896954717525,0.05196922845143348,0.1392888720875548,-0.08731964363612132
2025-11-17,19.640195202852386,20.018415245625324,19.70929331407431,43.4449285706899,0.014127763950899208,0.1142566504602237,-0.10012888650932449
2025-11-18,19.40646783001158,19.960134539376394,19.69741780489538,39.84255967501074,-0.03432602588668843,0.08454011519084127,-0.1188661410775297
2025-11-19,19.492421427755822,19.915590433507766,19.689378731282066,41.75525164794953,-0.06504051980392589,0.05462398819188784,-0.11966450799581373
2025-11-20,19.153297789789224,19.842991134106,19.66835594926274,36.78573842043253,-0.1154159773853749,0.02061599507643529,-0.1360319724618102
2025-11-21,19.19351599055388,19.781136358529608,19.649734774411414,37.73222691311215,-0.15036035716870444,-0.013579275372592656,-0.1367810817961118
2025-11-24,19.867826454161314,19.78939255811358,19.658287389303567,50.98366589436512,-0.12223377605967656,-0.03531017551000944,-0.08692360054966712
2025-11-25,19.987146757273834,19.80822629136694,19.671183835106323,52.894024255649256,-0.08928587464551185,-0.04610531533710992,-0.043180559308401936
2025-11-26,20.183970132355846,19.844011419080168,19.691293101665128,55.94419510565152,-0.046753478948154736,-0.04623494805931889,-0.0005185308888358484
2025-11-28,20.350456104324497,19.892244246246293,19.717142631181183,58.39804267308974,0.0003833585096515435,-0.0369112867455248,0.03729464525517635
2025-12-01,20.28344723414657,19.929501673665367,19.739350654826886,57.021398693893445,0.0319641234722603,-0.023136204701967783,0.05510032817422808
2025-12-02,20.365407414027878,19.971016506080847,19.76390190028575,58.315745563005876,0.06288075853637665,-0.005932812054298898,0.06881357059067554
2025-12-03,20.240244208514,19.99665723964591,19.782581990804502,55.56374591413228,0.07640207436001845,0.010534165228564572,0.06586790913145388
2025-12-04,20.265044946481513,20.02221797363025,19.801502106713404,56.00676359993851,0.08810342540603244,0.02604801726405815,0.06205540814197429
2025-12-05,20.303571557280137,20.04901355302548,19.821191104774844,56.72848013840675,0.09934047081455333,0.04070650797415719,0.05863396284039614
2025-12-08,20.17690606564383,20.061193792322467,19.83514071108343,53.61430104694732,0.09690796892928333,0.05194680016518242,0.04496116876410091
2025-12-09,20.222737039694326,20.07657886350074,19.850340567107388,54.58575012235217,0.09755383040861787,0.061068206213869505,0.036485624194748364
2025-12-10,20.145463926821105,20.083139345721726,19.8619140321942,52.586069452201606,0.09078388574973317,0.06701134212104225,0.023772543628690926
2025-12-11,20.076125483751248,20.082471358867394,19.87031448127487,50.788134448423314,0.0789139520456068,0.06939186410595516,0.009522087939651647
2025-12-12,19.75816403077699,20.051584946668306,19.8659164243926,43.451554337967664,0.04335039574904087,0.0641835704345723,-0.020833174685531433
2025-12-15,19.577587569522933,20.00644233932113,19.854609410476144,39.924275478364656,0.0005882291403089823,0.05146450217571964,-0.05087627303541066
2025-12-16,19.70726809431847,19.97794955408278,19.848831319646433,43.47312635170346,-0.022576711143706518,0.03665625951183441,-0.05923297065554093
2025-12-17,19.343940081835918,19.917567699583078,19.82903166326171,36.89676291867931,-0.0694520276196009,0.015434602085547353,-0.08488662970514825
2025-12-18,19.606644704928694,19.88795598580647,19.82031060607218,43.546566385140196,-0.08442973267315068,-0.004538264866192255,-0.07989146780695842
2025-12-19,19.778215427896534,19.877504504100763,19.818659814771173,47.44200287044562,-0.0815156862798041,-0.019933749148914624,-0.061581937130889476
2025-12-22,19.822382738595607,19.872254812147894,19.818805811783896,48.42854939662243,-0.0747803295764875,-0.030903065234429202,-0.0438772643420583
2025-12-23,20.021494484463723,19.88646811427321,19.826754387183104,52.73572313203282,-0.052767585143364215,-0.0352759692162162,-0.017491615927148013
2025-12-24,20.086367768008024,19.90550617653367,19.8369353040782,54.08135357322487,-0.029744716200564625,-0.03416971861308589,0.0044250024125212645
2025-12-26,20.077155945099825,19.92185377353997,19.84635572137317,53.84692095181224,-0.012102731064832284,-0.02975632110343517,0.017653590038602885
2025-12-29,19.93466839510826,19.92307421368933,19.849818963480427,50.2205830932851,-0.009509268281860273,-0.025706910539120192,0.01619764225725992
2025-12-30,19.919000039260407,19.92268619707705,19.852531946844348,49.82323557252903,-0.008618882598945277,-0.02228930495108521,0.013670422352139933
2025-12-31,19.795674831587608,19.910589876554244,19.850302256049964,46.69180672312637,-0.017660974398495455,-0.02136363884056726,0.003702664442071804
2026-01-02,19.599163828481018,19.880930252928223,19.840453690262947,42.146229418507545,-0.040220061105802785,-0.025134923293614365,-0.01508513781218842
2026-01-05,19.750763034670612,19.86853337499893,19.836936409651482,46.47532473486591,-0.04534282699405878,-0.029176504033703247,-0.016166322960355535
2026-01-06,19.720243899752468,19.8544105678326,19.8323602327927,45.73340152335012,-0.05127423750403892,-0.03359605072777039,-0.017678186776268534
2026-01-07,19.741265919446445,19.843634887033918,19.82878790677912,46.36850332559498,-0.053660061973545226,-0.03760885297692536,-0.016051208996619867
2026-01-08,19.744589569476236,19.834201999647473,19.825486011198617,46.47516088654372,-0.05465265251595497,-0.04101761288473128,-0.013635039631223686
2026-01-09,19.91234485701823,19.841644176539926,19.828892240446446,51.696652380145,-0.04142531273796024,-0.04109915285537708,-0.0003261598825831588
2026-01-12,19.987573240980737,19.855542182677144,19.835115024781125,53.86992191547364,-0.024588804359463978,-0.03779708315619446,0.013208278796730484
2026-01-13,19.959037273017813,19.865398857947685,19.839974720790405,52.89769273643834,-0.013393966984644123,-0.0329164599218844,0.019522492937240274
2026-01-14,19.63668861123898,19.843616929689713,19.83200271649427,43.37464098385815,-0.03018486836297285,-0.03237014161010209,0.002185273247129242
2026-01-15,19.681507607229264,19.82817794659824,19.826100947503484,44.860985049055195,-0.03942084134833124,-0.033780281557747927,-0.0056405597905833105
2026-01-16,19.713878678184972,19.817292301987454,19.821700074196876,45.96422354814592,-0.04362545450736022,-0.035749316147670386,-0.007876138359689831
2026-01-20,19.165884722049373,19.755253484850495,19.79598182509305,33.67920904816165,-0.09013712850308764,-0.046626878618753836,-0.0435102498843338
2026-01-21,19.283534167679303,19.710327835596097,19.775885838527806,37.53899744161039,-0.11616555402210693,-0.060534613699424464,-0.05563094032268247
2026-01-22,19.48895414913851,19.68924462736204,19.7646336154145,43.7001059850821,-0.11884759197305783,-0.07219720935415114,-0.046650382618906694
2026-01-23,19.67897884547474,19.688266933848965,19.76127460482863,48.73745579732262,-0.10443585001068101,-0.07864493748545712,-0.02579091252522389
2026-01-26,19.757688593172126,19.69487852045117,19.76113397692053,50.7048957202008,-0.08567560677642305,-0.0800510713436503,-0.005624535432772748
2026-01-27,19.917192078003353,19.716051240218043,19.76725390245319,54.51466810937375,-0.057277125603203416,-0.07549628219556093,0.01821915659235751
2026-01-28,19.885580005781062,19.732196836938332,19.771894141799383,53.63001976266512,-0.03689663328746562,-0.06777635241394186,0.030879719126476246
2026-01-29,19.786343525540055,19.737353664424212,19.772460784299017,50.840860823100336,-0.028424837067440478,-0.05990604934464159,0.03148121227720111
2026-01-30,19.74036802739285,19.7376407466117,19.771202244812503,49.555004049789176,-0.025131021225117678,-0.05295104372073681,0.02782002249561913
2026-02-02,19.76852369747208,19.740581980026974,19.77109720374033,50.38263646675715,-0.020017966513556473,-0.04636442827930074,0.026346461765744268
2026-02-03,19.440863724472997,19.71203738425993,19.758146871220042,41.78987624129235,-0.04192200449714889,-0.04547594352287038,0.0035539390257214865
2026-02-04,19.149550129878058,19.658467169556893,19.734280332343886,35.92370229839571,-0.08184423548335218,-0.052749601914966734,-0.029094633568385445
2026-02-05,18.945971712151604,19.59061045932782,19.703366268806935,32.49123980191392,-0.1284295126218531,-0.06788558405634401,-0.06054392856550908
2026-02-06,19.225199246809407,19.555809391468923,19.684614620885466,40.840708938820526,-0.14118980376766643,-0.0825464279986085,-0.05864337576905794
2026-02-09,19.41913009269453,19.54279231539517,19.674203462917195,45.849939387967986,-0.1341079153495599,-0.09285872546879878,-0.04124918988076112
2026-02-10,19.30950219008013,19.52057420822231,19.659901452217703,43.602350631878195,-0.13577637773368068,-0.10144225592177517,-0.03433412181190551
2026-02-11,19.19728278661182,19.48978454902131,19.641759543762568,41.366912150290496,-0.14448824366476387,-0.11005145347037291,-0.03443679019439096
2026-02-12,18.78435201904996,19.422600498547848,19.608135719264034,34.38177303520665,-0.18260753610955405,-0.12456266999820914,-0.058044866111344906
2026-02-13,18.67067278575025,19.350988335424265,19.57137246696938,32.74260397890849,-0.2194605099279876,-0.14354223798416482,-0.07591827194382278
2026-02-17,18.73250660801503,19.292085313766243,19.53847576661823,34.56987459870827,-0.24090033538936595,-0.16301385746520505,-0.0778864779241609
2026-02-18,18.83593560467191,19.248642484328688,19.5109251720321,37.62262179573548,-0.24670187030084634,-0.17975146003233333,-0.066950410268513
2026-02-19,18.774382783148624,19.203474893740108,19.482041156781765,36.53028518862602,-0.2533460116743669,-0.19447037036074005,-0.058875641313626825
2026-02-20,19.000422845296427,19.18413660341214,19.463154164174497,43.06746038867098,-0.23763271563699817,-0.20310283941599167,-0.034529876221006506
2026-02-23,18.718953717458575,19.139833471416562,19.433969832930735,37.84090957324282,-0.2450670412969238,-0.21149567979217812,-0.033571361504745684
2026-02-24,18.918632602598745,19.11876672200534,19.41376052978046,43.11502405179912,-0.23217006866833856,-0.2156305575674102,-0.016539511100928356
2026-02-25,19.27250179365564,19.133408157400606,19.40822097150106,51.04288481083481,-0.19119090884746726,-0.21074262782342162,0.01955171897595437
2026-02-26,19.040892350105526,19.124597128134408,19.393815927524766,46.477289429352105,-0.17538188273143263,-0.20367047880502384,0.028288596073591216
2026-02-27,19.146073887252754,19.126642533764727,19.384100553396454,48.72051920778947,-0.15260668970306668,-0.19345772098463243,0.04085103128156575
2026-03-02,19.205701676774382,19.13417197595612,19.37710451901912,49.99990169043802,-0.12826713714403937,-0.18041960421651385,0.05215246707247448
2026-03-03,19.127980052324656,19.1335822689436,19.36733493208993,48.308080708719864,-0.11393596900239444,-0.16712287717368998,0.05318690817129554
2026-03-04,19.370258468526384,19.156122859380055,19.367449580577635,53.58086320111513,-0.08208237706903176,-0.15011477715275837,0.0680324000837266
2026-03-05,19.421583046475778,19.181404781960598,19.369572461593247,54.63651087263192,-0.052096179141582155,-0.13051105755052314,0.07841487840894099
2026-03-06,19.193761204669876,19.182581584123387,19.362677902498213,49.279273546047946,-0.04618285271409661,-0.11364541658323783,0.06746256386914122
2026-03-09,19.42629210925494,19.205792110326392,19.36517257727299,54.213974924342274,-0.02247413047250646,-0.09541115936109155,0.0729370288885851
2026-03-10,19.41293107087473,19.225519630378614,19.36704545937502,53.8895425964953,-0.004708643111591471,-0.07727065611119155,0.07256201299960008
2026-03-11,19.404498233355064,19.24256521161447,19.368514195609535,53.67123308902574,0.008591140780566775,-0.06009829673283989,0.06868943751340667
2026-03-12,19.129101565774004,19.231759150105855,19.359125465027752,46.97804912744459,-0.003055670287949397,-0.04868977144386179,0.04563410115591239
2026-03-13,18.861309017539124,19.1964781850995,19.33960325140075,41.55173599297357,-0.03350821078158717,-0.045653459311406866,0.0121452485298197
2026-03-16,19.057528996334728,19.183244929026667,19.328541515907965,46.434074705428785,-0.041332303050381825,-0.04478922805920186,0.0034569250088200346
2026-03-17,19.071458343840185,19.17259858758034,19.3184598228857,46.7739757882071,-0.045880093453700255,-0.04500740113810154,-0.0008726923155987151
2026-03-18,18.811272977280233,19.13818662469461,19.29857014266588,41.479378263948156,-0.06967585485191918,-0.049941091880865075,-0.019734762971054108
2026-03-19,18.625446989728157,19.08935427850733,19.272173156276168,38.157266868641514,-0.10234895632360264,-0.06042266476941259,-0.041926291554190045
2026-03-20,18.2975552025634,19.013944842703147,19.233952844365863,33.1171190391386,-0.152937780027397,-0.07892568782100948,-0.07401209220638752
2026-03-23,18.598404781147046,18.974369598745422,19.209029390906302,40.83871645575783,-0.16683062104760182,-0.09650667446632794,-0.07032394658127389
2026-03-24,18.36641482783016,18.91646914437254,19.175985682550376,37.26591843266165,-0.1943204429542682,-0.116069428163916,-0.07825101479035221
2026-03-25,18.496924541444354,18.87651251552224,19.149355833879554,40.4236044798089,-0.20323254344235053,-0.1335020512196029,-0.06973049222274763
2026-03-26,18.058433457638884,18.798600224295253,19.10657456422306,34.19572944368278,-0.2428782636902298,-0.1553772937137283,-0.0875009699765015
2026-03-27,17.667979803264757,18.690922088959017,19.050159083401166,29.793967054006245,-0.30231918202607844,-0.18476567137619831,-0.11755351064988012
2026-03-30,17.622757840786655,18.589192160561648,18.99418256408295,29.323173732688005,-0.349051919244431,-0.21762292094984487,-0.13142899829458615
2026-03-31,18.33808549635171,18.5652772401607,18.968453267309176,44.31298576518414,-0.3246249126981269,-0.23902331929950127,-0.08560159339862561
2026-04-01,18.52659770242516,18.561593474662075,18.951125598098038,47.474591630564234,-0.2867495046608539,-0.24856855637177183,-0.038180948289082084
2026-04-02,18.53444414798901,18.559007824502736,18.934785149074155,47.60792460624602,-0.253181311770021,-0.24949110745142167,-0.003690204318599344
2026-04-06,18.57493471935812,18.56052467163182,18.920673367516663,48.336736734356826,-0.2207661713415483,-0.243746120229447,0.0229799488878987
2026-04-07,18.65849433854766,18.569855116099998,18.91039183696886,49.88603828591029,-0.18618811538569702,-0.23223451926069702,0.046046403875
2026-04-08,19.12610205811521,18.622831015339543,18.91885106132754,57.55670505253531,-0.11967320371249812,-0.20972225615105725,0.09004905243855912
2026-04-09,19.405759680615354,18.697395650127714,18.937945516985888,61.36543418453221,-0.04388771381226064,-0.17655534768329795,0.1326676338710373
2026-04-10,19.545086189731173,18.7781280824709,18.96175495513276,63.1401013373494,0.027102892549727642,-0.13582369963669283,0.16292659218642047
2026-04-13,19.696547332932504,18.86559658251486,18.99057034249746,65.02114395540838,0.094495819014071,-0.08975979590654007,0.18425561492061107
2026-04-14,20.164898714848945,18.989339642737153,19.03662243553085,70.10205004487005,0.18358103324569086,-0.03509163007609388,0.21867266332178475
2026-04-15,20.67595420649213,19.14996960119001,19.100909955960706,74.46133015825065,0.2920530091622773,0.030337297771580354,0.26171571139069694
2026-04-16,20.711742647384238,19.298709891303744,19.164079865428295,74.739097783763,0.3765648544198008,0.09958280910122444,0.2769820453185764
2026-04-17,20.820044370710725,19.443598889342503,19.229019649949176,75.60383122312166,0.4471259549362756,0.1690914382682347,0.2780345166680409
2026-04-20,20.5892913188672,19.552712454059144,19.28236363696557,70.09784838766248,0.47890576510911487,0.23105430363641072,0.24785146147270415
2026-04-21,20.46984002466471,19.64005793697396,19.328931338443965,67.36295580239698,0.4888179830561903,0.28260703952036664,0.20621094353582364
2026-04-22,20.81903561295032,19.752341525162187,19.387366800189312,70.93318139251544,0.518869448797556,0.32985952137580454,0.1890099274217515
2026-04-23,20.581418419503983,19.831301229385215,19.434192353887926,65.66890805649065,0.5175457846015092,0.3673967740209455,0.15014901058056374
2026-04-24,20.864446702908577,19.92969603638744,19.490280759731874,68.65305919332656,0.5331885229006836,0.4005551237968931,0.13263339910379052
2026-04-27,20.88619419251833,20.020791098876096,19.5450224629784,68.87692086012675,0.5411028495381274,0.42866466894514,0.11243818059298738
2026-04-28,20.76771546332759,20.09192675263338,19.592971208090134,66.10711877993594,0.5316858239250344,0.4492688999411189,0.08241692398391548
2026-04-29,20.7407880544501,20.153723067092113,19.63798363343758,65.4627887439108,0.5161006592872255,0.46263525181034026,0.05346540747688522
2026-04-30,20.794496561540097,20.2147491141824,19.683337081598467,66.17103143792426,0.5022930105293142,0.47056680355413505,0.03172620697517914
2026-05-01,20.935355953502356,20.283378336974774,19.732435860888817,68.0231062364521,0.4969875618808821,0.4758509552194845,0.021136606661397606
2026-05-04,20.89273927735639,20.341412712249213,19.777937955652252,66.83096975839031,0.48376757453635477,0.47743427908285857,0.006333295453496202
2026-05-05,20.91056358732779,20.39561755749479,19.82235464709051,67.09074953765494,0.4693188960785477,0.47581120248199643,-0.006492306403448722
2026-05-06,21.166255337956578,20.469011631824486,19.87505663496761,70.64277627028807,0.4730474056437721,0.4752584431143516,-0.002211037470579491
2026-05-07,21.26127880353525,20.544465648177894,19.92941828863693,71.85841793287094,0.47815796844737335,0.475838348180956,0.002319620266417355
2026-05-08,21.465717715961144,20.63220394034773,19.989665325002587,74.32201104324585,0.49302139421696367,0.47927495738815756,0.013746436828806108
2026-05-11,21.36620052547017,20.702108377026057,20.04364709756994,71.0608654190079,0.4911093576814132,0.4816418374468087,0.009467520234604454
2026-05-12,21.354082883028834,20.764201187121557,20.095036736215388,70.65433200729001,0.4830479859823882,0.48192306715392463,0.0011249188284635503
2026-05-13,21.652492402198988,20.848800350462266,20.15611342899906,74.52015339366964,0.4950320240895145,0.4845448585410426,0.0104871655484719
2026-05-14,21.851635410514106,20.944308451419584,20.22260448709769,76.72382312864052,0.51466588909215,0.49056906465126415,0.0240968244408859
2026-05-15,21.614926759304126,21.008176861694302,20.277205360517552,69.07643132283795,0.5053006671134526,0.49351538514370186,0.011785281969750705
2026-05-18,21.609927704752263,21.06548646579506,20.329468981860092,68.92019283808351,0.49180604534693373,0.4931735171843482,-0.00136747183741448
2026-05-19,21.391925115453535,21.09657586100063,20.371133928275523,62.30228712997994,0.45823818874424305,0.48618645149632717,-0.02794826275208412
2026-05-20,21.559174540708035,21.14063287811562,20.417723756214052,65.07318630991094,0.44005833286506757,0.47696082777007526,-0.03690249490500769
2026-05-21,21.53338498644817,21.17803784081396,20.461475177007546,64.2884878184613,0.41874265988070647,0.4653171941922015,-0.04657453431149505
2026-05-22,21.46115375849608,21.205001261545593,20.500678258634547,62.032253758982925,0.3915083148867424,0.45055541833110974,-0.05904710344436731
2026-05-26,21.47603220318337,21.23081373217776,20.538927432930578,62.325555752685524,0.36689611636354513,0.4338235579375968,-0.06692744157405167
2026-05-27,21.61317798261054,21.26722937507612,20.581054905467045,65.00884832934696,0.3543723065761597,0.4179333076653094,-0.0635610010891497
2026-05-28,21.730859154060436,21.311384592122245,20.626145268156982,67.16960798496827,0.34990944584328787,0.40432853530090507,-0.0544190894576172
2026-05-29,21.702206854723766,21.348605759989056,20.668343761747835,66.09936426459319,0.34013967699331715,0.3914907636393875,-0.051351086646070354
2026-06-01,21.57735925205551,21.370391806852528,20.703991428034414,61.501058205180954,0.318649711134551,0.3769225531384202,-0.05827284200386923
2026-06-02,21.499949057201096,21.38273059260001,20.735205452707618,58.77103362603958,0.29200633531796427,0.35993930957432907,-0.0679329742563648
2026-06-03,21.2997341516321,21.374826169650685,20.757343833057597,52.30404396885154,0.2518326286320267,0.33831797338586866,-0.08648534475384195
2026-06-04,21.207222830837814,21.358863946906602,20.77498614669604,49.58881934187486,0.21010779434313065,0.3126759375773211,-0.10256814323419045
2026-06-05,20.498284874973834,21.27690403529396,20.764135116432428,34.715882443336696,0.11846955112088153,0.2738346602860332,-0.15536510916515167
2026-06-08,20.579262395298446,21.210461974342007,20.756885205799723,37.03876438614623,0.051782871572410016,0.2294243025433086,-0.17764143097089857
2026-06-09,20.323691567897118,21.126007649918684,20.73989721999962,33.04274811318564,-0.021442061559660885,0.17925102972271473,-0.2006930912823756
2026-06-10,19.946231764044054,21.013648041740147,20.70877308447195,28.203119651525043,-0.10867842302110375,0.12166513917395104,-0.2303435621950548
2026-06-11,20.14193286201776,20.93062754843325,20.686544056140413,33.63074706501202,-0.16017601551839533,0.06529690823548176,-0.2254729237538771
2026-06-12,20.106564559409293,20.8521453590024,20.663799762150955,33.14310265072875,-0.20151916750619492,0.011933693087146424,-0.21345286059334134
2026-06-15,20.586766903402992,20.826871220373885,20.660778865729466,44.8381126520695,-0.1933072714799735,-0.029114499826277566,-0.16419277165369595
2026-06-16,20.390188231298694,20.785282364271488,20.650167468300808,41.627887066483076,-0.20035200745088488,-0.06336200135119904,-0.13699000609968584
2026-06-17,19.987146538267492,20.70926942846158,20.62416664751519,35.94549768853756,-0.23573964781290613,-0.09783753064354048,-0.13790211716936565
2026-06-18,20.274078671589564,20.667822689711866,20.61043770728281,42.01402716929637,-0.2378893423293924,-0.12584789298071086,-0.11204144934868154
2026-06-22,19.75221931512462,20.580622368322604,20.57678208406092,35.43802068644514,-0.2784923924824838,-0.15637679288106546,-0.12211559960141835
2026-06-23,19.51041142353837,20.47869751643839,20.534963626785526,32.870708594710024,-0.32641971495138833,-0.19038537729513005,-0.13603433765625828
2026-06-24,19.388272681625324,20.374847532170477,20.489995354426306,31.624472972393022,-0.36999299014428644,-0.22630689986496133,-0.1436860902793251
2026-06-25,18.968935373401393,20.24095113609723,20.430345943405722,27.73638803798555,-0.43336656093557124,-0.2677188320790833,-0.16564772885648793
2026-06-26,19.196236161785812,20.141454471877093,20.38194948138141,32.57536103666715,-0.4599473120726003,-0.3061645280777867,-0.1537827839948136
2026-06-29,19.570094351201373,20.08703922228893,20.35011202529592,39.724665646364265,-0.4457076767756085,-0.3340731578173511,-0.11163451895825743
2026-06-30,19.689532602049677,20.04918144893281,20.3242069498745,41.84617370722874,-0.4199441399165593,-0.3512473542371927,-0.0686967856793666
2026-07-01,20.013158500837882,20.04575069197139,20.312008971480907,47.26254858145483,-0.3691570334721881,-0.3548292900841918,-0.014327743387996306
2026-07-02,19.97108705271306,20.038639869184884,20.298639484470407,46.654203399123894,-0.32851577461578785,-0.349566586990511,0.02105081237472317
2026-07-06,20.25677029151503,20.05941419512109,20.296997555334904,51.24351270155699,-0.27014101686528136,-0.33368147296546513,0.06354045610018377
2026-07-07,20.23904266308902,20.076521668260895,20.294724814462516,50.950594108786916,-0.2227414474837346,-0.3114934678691191,0.08875202038538449
2026-07-08,20.263239315878792,20.094304301367362,20.29349008902786,51.359287215460824,-0.1811364513356608,-0.2854220645624274,0.1042856132267666
2026-07-09,20.42076858078034,20.12539613750193,20.298481402429918,54.04399175479098,-0.1339092742322272,-0.25511950649638737,0.12121023226416017
2026-07-10,20.550281739773197,20.165861432956337,20.308355925462987,56.185180382831156,-0.08505035898386737,-0.22110567699388337,0.136055318010016
2026-07-13,20.362015370482276,20.18454276033976,20.310460217424527,52.36570989167354,-0.06081974704914472,-0.18904849100493565,0.12822874395579092
2026-07-14,20.468342119369073,20.211571270723503,20.316651664559608,54.257009798952005,-0.032660640954908615,-0.15777092099493026,0.12511028004002164
2026-07-15,20.814594168116827,20.269002022856203,20.33617882156185,59.8479283098368,0.01739478384472193,-0.12273778002699984,0.14013256387172177
2026-07-16,20.60726223773227,20.30121728141583,20.346809543764614,55.47554048329696,0.03987446656196525,-0.09021533070920683,0.1300897972711721
2026-07-17,20.169427453390657,20.28866586922296,20.339853383357795,47.57156245160015,0.022105352372307152,-0.06775119409290403,0.08985654646521118
2026-07-20,20.15647091676437,20.276075873750713,20.332661914079623,47.35653818325797,0.006898198990018756,-0.05282131547631948,0.05971951446633823
2026-07-21,20.240061189559107,20.272645903827705,20.329030513118035,48.95944025492097,0.0015733205346499801,-0.04194238827412559,0.04351570880877557
