outer_year,horizon,stage,config_id,variant,score,worst_score,alpha,iterations,max_depth,learning_rate,min_child_weight,subsample,colsample_bytree,reg_lambda,reg_alpha,gamma,blend_weight,scale
2018,5,linear_full_inner,ridge_har:0.001,ridge_har,0.7029741247242132,0.7042625796260389,0.001,,,,,,,,,,,
2018,5,linear_full_inner,ridge_har:0.01,ridge_har,0.7029741568137557,0.7042626548865342,0.01,,,,,,,,,,,
2018,5,linear_full_inner,ridge_har:0.1,ridge_har,0.7029744777188895,0.7042634075013738,0.1,,,,,,,,,,,
2018,5,linear_full_inner,ridge_har:1.0,ridge_har,0.7029776877397986,0.7042709346362287,1.0,,,,,,,,,,,
2018,5,linear_full_inner,ridge_har:10.0,ridge_har,0.7030098835918153,0.7043463025615824,10.0,,,,,,,,,,,
2018,5,linear_full_inner,linear_gamma:0.001,linear_gamma,0.6557666103357735,0.683512911663058,0.001,,,,,,,,,,,
2018,5,linear_full_inner,linear_gamma:0.01,linear_gamma,0.6531764682390422,0.6810386919744076,0.01,,,,,,,,,,,
2018,5,linear_full_inner,linear_gamma:0.1,linear_gamma,0.6460266351687998,0.6726679491080689,0.1,,,,,,,,,,,
2018,5,linear_full_inner,linear_gamma:1.0,linear_gamma,0.6637607029880059,0.6810332650627151,1.0,,,,,,,,,,,
2018,5,linear_full_inner,linear_gamma:10.0,linear_gamma,0.7882762875876947,0.7958623668826703,10.0,,,,,,,,,,,
2018,5,coarse,0,direct,0.6722723382721354,,,454.0,2.0,0.016810683468738295,55.119162244389045,0.8186567693229744,0.95374768677931,0.11235382553916115,0.11872960983376865,3.043918974129779,,
2018,5,coarse,1,direct,0.6818659623466483,,,40.0,3.0,0.14038131611413024,7.835976473366356,0.65400434553277,0.6303836587705103,24.771214655172628,0.0,2.486859469740904,,
2018,5,coarse,2,direct,0.6699639598919921,,,164.0,2.0,0.09305619122136746,1.632326106680591,0.889274847284669,0.6799502350332256,68.88701686179753,0.0,2.3513001418101376,,
2018,5,coarse,3,direct,0.6957767611266118,,,103.0,4.0,0.04260084045026215,2.9950184511931326,0.9557323085481404,0.7221366332723016,0.6148489658130238,0.0005609060902787453,0.921253966934894,,
2018,5,coarse,4,direct,0.6775459616574089,,,131.0,3.0,0.1484553508100239,2.1218655327116833,0.651043069410163,0.8776753763395864,21.1577902801402,0.011931237244362097,0.1939298133819678,,
2018,5,coarse,5,direct,0.6696269059210157,,,459.0,2.0,0.022690762544950487,23.585366860503754,0.7281166075620962,0.8007411144145034,1.0045234290501277,0.0,4.593158001104692,,
2018,5,coarse,6,direct,0.6705066882956459,,,247.0,2.0,0.024937877092109085,1.2195290039492932,0.8006366675284557,0.850147927064546,12.943398074700601,0.4648579107455426,1.8846037450174191,,
2018,5,coarse,7,direct,0.6744414690060273,,,118.0,3.0,0.05847891521213486,16.117729623062417,0.811820190241648,0.9545687065990864,28.33284840449706,0.03456078869009234,2.4839834971511094,,
2018,5,coarse,8,direct,0.6719305459294643,,,351.0,2.0,0.01845560216114069,28.321043386094992,0.909043670332336,0.6353745876684644,0.20556129619813737,0.0,0.11544561207638582,,
2018,5,coarse,9,direct,0.6754376054459971,,,193.0,3.0,0.02785801629701712,2.4187030192248744,0.6078214079461276,0.9635847476072645,1.248012294015271,0.0011598597583676734,0.660701337482878,,
2018,5,coarse,10,direct,0.6752470326749721,,,169.0,3.0,0.03347083163676745,4.2622413983596195,0.677952880628176,0.5213058839870837,6.461771999719673,0.872566136168424,4.86684934091484,,
2018,5,coarse,11,direct,0.6844119445427855,,,53.0,3.0,0.10112400116568608,1.7878262636323983,0.6043047438890682,0.779923519761126,0.4077513984136103,6.9378664448940155,1.1559040482212857,,
2018,5,coarse,12,direct,0.6876738457271818,,,98.0,5.0,0.04549563568893397,12.532624363309665,0.9819923104368238,0.540059473534411,1.463062809139209,0.0037866963500516014,3.1907591634567694,,
2018,5,coarse,13,direct,0.6883124636966557,,,165.0,4.0,0.031402925854985005,1.1560939832245865,0.9998943748262439,0.5182285975902221,44.220247540384115,0.0,4.226699967961472,,
2018,5,coarse,14,direct,0.6826176111476158,,,38.0,3.0,0.1364459214367544,1.6952065390452866,0.6655404783866105,0.783924794356835,0.9571032942155548,0.9483027095641382,2.446285197725712,,
2018,5,coarse,15,direct,0.6677820088492761,,,156.0,2.0,0.09330680111548337,44.90505078181925,0.7874429478499592,0.5367859076238702,2.5094164650761073,0.0,3.2603460446595793,,
2018,5,coarse,16,direct,0.688695482295987,,,137.0,5.0,0.028405814500156574,6.292310786723709,0.959703615324008,0.5473701119575725,41.676737391146595,1.2506458254395292,1.7845081175687216,,
2018,5,coarse,17,direct,0.6871932197743853,,,39.0,5.0,0.1471502221564383,59.896190402270065,0.6531652916936086,0.5503439167464454,0.1408529092458632,0.00040581736859182605,2.5522651615272314,,
2018,5,coarse,18,direct,0.6763784087238236,,,331.0,3.0,0.01311953596835786,2.5206656147567696,0.8740178623217499,0.9091082355277562,0.4787159828613117,0.0,4.498448849222058,,
2018,5,coarse,19,direct,0.685846288813505,,,71.0,4.0,0.05804048341805567,1.0455826694592603,0.8539665799628785,0.6389785287274065,3.0190600478215597,0.0018415032987270136,0.02508364218922088,,
2018,5,coarse,20,direct,0.6950728478787543,,,65.0,6.0,0.04841363977926772,8.459952771194493,0.9572739746639483,0.7637627832499377,2.460030717171174,3.4883455468391005,0.6994975263107589,,
2018,5,coarse,21,direct,0.6722012706990951,,,137.0,2.0,0.04743554958231196,32.823645594889136,0.6664128848502963,0.7388530539826339,34.72080746299189,0.0007563379321334618,3.85766417027033,,
2018,5,coarse,22,direct,0.6912080914536893,,,72.0,5.0,0.07272169724137856,1.7540005792976638,0.9094442975469155,0.5006213304687586,64.19309797735394,0.30131892607316274,3.6495771273875977,,
2018,5,coarse,23,direct,0.6732933638043888,,,102.0,2.0,0.1063614071463956,1.812508559407195,0.6290765614014403,0.6490822790866912,38.95413636138779,0.0007396274238340902,2.1540501691961476,,
2018,5,coarse,24,direct,0.6652324268473956,,,151.0,2.0,0.07407251473176883,6.412689880745559,0.8138303810314409,0.8022635343080042,5.856523716008245,0.18982367710946238,4.743320221532144,,
2018,5,coarse,25,direct,0.6816784985428685,,,191.0,4.0,0.020769042367594696,13.791668974474772,0.6598717759568685,0.5148519648975334,1.4829557124512165,0.00034478016824045953,2.1242383646847385,,
2018,5,coarse,26,direct,0.6882253421937496,,,84.0,4.0,0.04600131513205375,12.723331848536958,0.8611815670300639,0.8341507642881436,22.17471561041375,0.024530503743838028,1.2848669778866513,,
2018,5,coarse,27,direct,0.6883052978069095,,,154.0,4.0,0.027213001572269833,2.376166415606863,0.7640689249277547,0.6874730132059221,0.6008412009646449,0.0,2.8836160282795467,,
2018,5,coarse,28,direct,0.6840050791484389,,,314.0,4.0,0.017237652957384067,1.102097366386189,0.8986403921826964,0.5353665909436108,6.736505225156358,0.006818370458044081,0.1087574953532483,,
2018,5,coarse,29,direct,0.6703984800183244,,,58.0,2.0,0.1454726579694726,6.529536820413327,0.8476627047665758,0.5393197030677156,0.8689238985414293,0.5739232174600256,2.2496366103413674,,
2018,5,coarse,30,direct,0.7143098413776189,,,27.0,5.0,0.11008351078396893,1.0768716638910665,0.8134311224695298,0.7218470211206919,1.2466501430464916,0.0023165321735811057,0.3457760417308503,,
2018,5,coarse,31,direct,0.711351357881402,,,18.0,6.0,0.12450295713056359,5.964863382464574,0.7775213642143721,0.5943737290859757,0.9495459619816234,0.0,1.6645677482257408,,
2018,5,coarse,32,direct,0.683812390244625,,,49.0,4.0,0.09555747254524866,3.339589753483531,0.7888214221636962,0.731867428588183,12.396957218981017,0.025773309119445625,1.3893599838308734,,
2018,5,coarse,33,direct,0.684332541401246,,,138.0,5.0,0.03307612457460172,15.95035773208056,0.805292781719349,0.7101664668933132,50.284918248123326,0.0,4.790028223872382,,
2018,5,coarse,34,direct,0.6791776382378414,,,301.0,5.0,0.012747208805712536,34.067256820065694,0.7264679854027407,0.5122807884110472,16.001361165455027,1.0087960018787985,3.339515105864064,,
2018,5,coarse,35,direct,0.6797217817162918,,,43.0,3.0,0.12203185705919098,6.884283992482084,0.883825156769638,0.8230324517913344,0.12924694165793071,0.000370496362002457,3.259010384791284,,
2018,5,coarse,36,direct,0.6716120336057583,,,533.0,2.0,0.013332615007599878,31.92495030229587,0.9001954743288576,0.6278072495789468,31.721757868222674,0.12143034361552162,2.2495024288283205,,
2018,5,coarse,37,direct,0.6833466884481036,,,96.0,5.0,0.03823635867304879,2.9192178964337057,0.7056131384952877,0.5615956822692185,2.478767876020354,3.873044312933045,2.2357171978782304,,
2018,5,coarse,38,direct,0.6834543782141314,,,58.0,4.0,0.06672705951703976,2.70672265423012,0.8053193000005714,0.7432793676424367,54.50993758434763,0.1763194393573364,0.17809672922888653,,
2018,5,coarse,39,direct,0.6927926256142666,,,31.0,5.0,0.09904909763560564,14.428965075208994,0.8443247223775455,0.7777876188807689,2.411736145240018,0.0,1.006443787771683,,
2018,5,coarse,40,direct,0.7088526789884259,,,112.0,5.0,0.01734675425942572,2.9102489342915057,0.926685932511976,0.8603962347877447,0.26202195721651816,0.703362805264452,3.2991452247567716,,
2018,5,coarse,41,direct,0.6811020592594582,,,162.0,4.0,0.02475819813349527,27.14393201397485,0.7846249212267163,0.900876276591754,1.0994603687653746,0.0,2.0477650060757706,,
2018,5,coarse,42,direct,0.6836847325849907,,,158.0,5.0,0.028672779687180662,12.551613007706257,0.6738624929635467,0.6302820104701345,3.0291077076330977,0.004010204614905998,4.3978300559300285,,
2018,5,coarse,43,direct,0.6768249229240068,,,273.0,3.0,0.018671862071946634,1.401393359198495,0.8126648473219283,0.6976923086352784,14.74241849455122,0.002047013044786316,0.849760462365235,,
2018,5,coarse,44,direct,0.675136016707572,,,161.0,3.0,0.0411317443025174,6.2432411361879065,0.6520146345475489,0.916194628483469,0.11674085337776108,0.022622879972084575,3.859598157434405,,
2018,5,coarse,45,direct,0.6752074191967216,,,352.0,3.0,0.01595947865577667,4.946298920100062,0.9243002770433422,0.7107772098297316,1.3179316260121636,0.0,4.586006590674058,,
2018,5,coarse,46,direct,0.6697299938029093,,,422.0,2.0,0.01797522180633576,7.347411838166395,0.7667650355177703,0.5474379662497563,14.297018369077687,5.229063765246583,1.4506358813304048,,
2018,5,coarse,47,direct,0.6879787981779764,,,335.0,4.0,0.013316534020025604,8.383467165313165,0.9575765808776262,0.8167883718396487,3.2074682616292,3.296028853389544,4.44860926253836,,
2018,5,coarse,48,direct,0.6717113024843115,,,291.0,2.0,0.032579102647939256,53.23842049044245,0.6620945591447528,0.85714269815283,2.6278551089599085,0.003942893420477396,0.3580699230392842,,
2018,5,coarse,49,direct,0.6761842777465594,,,99.0,3.0,0.08377745972352482,2.904293293958526,0.6841963852150503,0.8107044155316834,6.5853136207947465,0.00032791038515188786,4.0059308805883305,,
2018,5,coarse,50,direct,0.6858778130139064,,,96.0,4.0,0.03753418111725765,17.47906887666331,0.7179164541391094,0.7963769834297969,17.774546675897962,0.0,0.7245421784563316,,
2018,5,coarse,51,direct,0.6681910421514394,,,70.0,2.0,0.09712450443770068,19.873737740286536,0.9653996959635643,0.808235692677708,1.0857419910672097,0.000277111569727843,2.198148629386954,,
2018,5,coarse,52,direct,0.6921702293667629,,,247.0,5.0,0.011894794215646893,10.948149793944104,0.9517137013670367,0.7886656870453422,0.1699671938655904,0.001570124419063149,1.9409820944717138,,
2018,5,coarse,53,direct,0.678734656507156,,,60.0,3.0,0.07702995048983494,6.058871669262655,0.9825948163986298,0.6059531698345416,24.206715053194255,0.011159705570884294,1.6844181053060048,,
2018,5,coarse,54,direct,0.6968101081555383,,,57.0,5.0,0.040500245262775306,1.605239840439291,0.7886102896046301,0.8160362501051995,1.5801288278860754,0.00048101341157796493,1.2803959313816953,,
2018,5,coarse,55,direct,0.6824695709280024,,,123.0,3.0,0.14300294397591817,24.08964019785051,0.8836950527238809,0.5413900672927074,8.585655589941501,0.8559940865291982,1.780410255069797,,
2018,5,coarse,56,direct,0.670035637694853,,,482.0,2.0,0.014786020886011194,19.074630974963505,0.6785167287152978,0.5706008982742522,0.4502987137366124,0.42561599377309567,3.6753337726996937,,
2018,5,coarse,57,direct,0.6973126699273303,,,294.0,6.0,0.011860025942700409,3.2821525885566927,0.8307204688622092,0.9123760549715234,30.959130593078328,0.0,3.6597370743274604,,
2018,5,coarse,58,direct,0.6885178145946443,,,133.0,4.0,0.03575980810784384,7.595402577092506,0.9967233681951965,0.9916294743796958,0.1139189012179602,0.20166918070319698,1.6546549684573142,,
2018,5,coarse,59,direct,0.6701064979694255,,,72.0,2.0,0.1243133099225857,1.3482793831868074,0.6468572233510238,0.61944742979272,39.83854065200464,0.0012978453891418543,4.393389730583989,,
2018,5,coarse,60,direct,0.6825979354471785,,,181.0,4.0,0.03589637188959825,6.492289521383685,0.7883156354899614,0.5770209926183111,85.55934042285628,0.002483083453073028,0.47909660302960233,,
2018,5,coarse,61,direct,0.696489056405094,,,32.0,4.0,0.10640431235235005,3.622286763254677,0.7410729780227249,0.6169238464055251,0.25731523626552455,0.0,0.9178843103107559,,
2018,5,coarse,62,direct,0.6808498441801322,,,182.0,6.0,0.03969323784450192,2.0002531736283315,0.6945446813339419,0.5348989290084459,32.9914399063462,1.5943700749771792,4.883930175746702,,
2018,5,coarse,63,direct,0.7029484476196337,,,230.0,6.0,0.014119049957120973,2.749651713642465,0.7075828830309727,0.8249802305198262,2.240866876832263,0.001931695548452399,2.144999685363034,,
2018,5,coarse,64,direct,0.692147515140353,,,215.0,5.0,0.012397042132572937,4.818306828515858,0.6792217026132105,0.7976553535918061,0.536832180178445,0.01851249065569294,2.888538736177728,,
2018,5,coarse,65,direct,0.6960809177735671,,,94.0,6.0,0.028799044713627382,16.350701648691427,0.8510825048106321,0.828518873448677,4.0691402237551495,0.002065793786135431,1.7377506024841898,,
2018,5,coarse,66,direct,0.6692084682130015,,,72.0,2.0,0.1414978505057996,1.4323385835712157,0.6607865216126029,0.7044706265464652,3.801616173600101,0.00023796932929691478,0.6152351537315809,,
2018,5,coarse,67,direct,0.7072624809863733,,,55.0,5.0,0.03635816574890565,2.0954417584085285,0.8108722477231776,0.9194537124062774,0.3826647290954186,0.0,0.34497127278346695,,
2018,5,coarse,68,direct,0.6737713664917752,,,163.0,3.0,0.030384857877362333,55.97921181072484,0.6883950137063961,0.7262332197378971,2.1025726476442346,0.0,2.881919006555761,,
2018,5,coarse,69,direct,0.6910071879569877,,,66.0,6.0,0.0680833158876155,3.249931908596805,0.8787310045262472,0.9857357550681056,96.8874771047533,0.045184260590308445,0.13243103996912808,,
2018,5,coarse,70,direct,0.6843080855385322,,,124.0,4.0,0.03456713741366954,15.004623725778611,0.9207620156949223,0.9519001062765866,66.75122871508896,0.0010406824028230414,1.3880916841372781,,
2018,5,coarse,71,direct,0.6924110318426635,,,73.0,5.0,0.056801573083385334,1.2434374638107393,0.808071599095945,0.6904776249668959,11.9426790547697,0.10426320591726872,1.8307771537323725,,
2018,5,coarse,72,direct,0.6972578721150646,,,76.0,6.0,0.03938847289287143,26.044965453083332,0.9694805657091756,0.8162538496781191,27.50040881188148,0.0,2.296619716689138,,
2018,5,coarse,73,direct,0.6768185982865061,,,68.0,5.0,0.07910327496544721,60.580062679834604,0.6876594282317419,0.6755873061060155,2.43666181547593,0.12463692987068953,4.952601808408869,,
2018,5,coarse,74,direct,0.6716957411535406,,,626.0,2.0,0.011585073584015487,1.8733419725889013,0.8793143418812608,0.7711105629732811,35.72233282406667,0.0,0.62884312211206,,
2018,5,coarse,75,direct,0.6843629771176962,,,85.0,4.0,0.05213883266821991,5.893143373452778,0.9851430202389916,0.6693543324646221,10.773529340629755,3.679821296628186,2.761159891250639,,
2018,5,coarse,76,direct,0.6680836213291423,,,81.0,2.0,0.08405693416085773,2.6818837383828855,0.6861087442615539,0.8128080216440733,2.555707501951048,0.43180433949456865,2.19569393581153,,
2018,5,coarse,77,direct,0.6956258905468866,,,33.0,6.0,0.09282329655234453,23.970580590602463,0.7273834255124151,0.5775673649693207,8.624332468195716,0.00017013077583600392,2.682703233609571,,
2018,5,coarse,78,direct,0.6823321601246217,,,44.0,4.0,0.1042877570398033,25.40428486316132,0.942115079444604,0.6803922859004549,8.882093105603069,5.1345815195455895,1.74818868152945,,
2018,5,coarse,79,direct,0.6885448556739973,,,140.0,6.0,0.020586858800382895,35.75145241267939,0.9883616912127279,0.8285228438835714,16.579648966634206,0.008315552127750009,4.648750872173208,,
2018,5,coarse,80,direct,0.6778845715999651,,,42.0,2.0,0.1340418820722338,5.835724247309656,0.6199372714896739,0.7353199905092667,3.279644532317947,0.0003464656331359056,1.2720928988688107,,
2018,5,coarse,81,direct,0.6980945427276543,,,21.0,5.0,0.1248033523992081,13.16388028489069,0.6812138276280535,0.9336021948995091,2.821114685007188,0.0038052455709144534,2.3777249923600206,,
2018,5,coarse,82,direct,0.6811865506619428,,,179.0,6.0,0.025468387508108356,51.73362910201089,0.7940520503118303,0.637289287626869,32.33421643234411,0.25641190657654067,2.546714897374917,,
2018,5,coarse,83,direct,0.667480439228578,,,129.0,2.0,0.05409735557617,47.89939707186949,0.8832977835639271,0.9049755762439412,0.25516643375039716,0.029416944854695176,1.8768701068275995,,
2018,5,coarse,84,direct,0.6705564148639626,,,141.0,2.0,0.05952512371690523,7.3561312571302535,0.8828066783461526,0.5194442728369237,46.419259116333045,1.1727676687410102,2.144920296886474,,
2018,5,coarse,85,direct,0.6929827237078973,,,148.0,5.0,0.03437883306127211,2.773962022463083,0.8843314959883579,0.6591174686255034,78.94981393425448,0.0246354593617209,0.13778240831877064,,
2018,5,coarse,86,direct,0.6694903481982579,,,171.0,2.0,0.05123062168503441,1.4661404583944162,0.7170148737277271,0.6351232767484494,3.4935500875714007,1.9358620630754502,4.05188765216089,,
2018,5,coarse,87,direct,0.6787501485884179,,,283.0,6.0,0.01015627070303812,36.72298171773921,0.7584245106038103,0.5559453782719519,0.24436927844972897,0.0,0.4811858788047385,,
2018,5,coarse,88,direct,0.7250978291525899,,,204.0,6.0,0.010196272955330751,1.0222766923978712,0.9225545579250534,0.826280181974226,0.4058473723320186,0.0,2.3313062743772797,,
2018,5,coarse,89,direct,0.6752961910596779,,,163.0,3.0,0.059688196684099075,5.155638043485394,0.7838113426790163,0.6602049084105744,61.77764291154232,0.0,2.0134371931966517,,
2018,5,coarse,90,direct,0.6924709017393256,,,76.0,6.0,0.09602967076057013,42.73715676114025,0.6447300757029808,0.8238913411103341,1.6913458269352082,0.0,0.001559252333087069,,
2018,5,coarse,91,direct,0.6807211512472913,,,232.0,4.0,0.017584445119468876,12.023170162881756,0.845753997982353,0.5266524965310003,0.14069425535374608,0.00039024027826087114,0.9466210710739564,,
2018,5,coarse,92,direct,0.6879981721217737,,,24.0,5.0,0.12155857295870036,7.029119097584628,0.6059656421031232,0.5262503789120964,1.1327711460412722,0.07426098527979913,3.145722326458846,,
2018,5,coarse,93,direct,0.6865324300339798,,,235.0,4.0,0.01607772686713565,58.58565867444653,0.9957784087383287,0.9332476614328438,19.341097423446843,0.00013686521951527424,0.2882984124375454,,
2018,5,coarse,94,direct,0.7281535534274581,,,24.0,6.0,0.10177021064149849,1.2319493854073917,0.9740793609749794,0.985742824644058,8.282656749848876,0.00010244704721441725,4.975205885286788,,
2018,5,coarse,95,direct,0.6744392977633608,,,72.0,2.0,0.10191947549469274,25.91758187977807,0.7577284522569445,0.5790806839643232,9.450270962207833,0.12759933216957522,0.590907108092113,,
2018,5,full_inner,24,direct,0.6498891140070684,0.6652324268473956,,136.0,2.0,0.07407251473176883,6.412689880745559,0.8138303810314409,0.8022635343080042,5.856523716008245,0.18982367710946238,4.743320221532144,,
2018,5,full_inner,83,direct,0.6464583602981333,0.667480439228578,,253.0,2.0,0.05409735557617,47.89939707186949,0.8832977835639271,0.9049755762439412,0.25516643375039716,0.029416944854695176,1.8768701068275995,,
2018,5,full_inner,15,direct,0.6446135687731962,0.6677820088492761,,210.0,2.0,0.09330680111548337,44.90505078181925,0.7874429478499592,0.5367859076238702,2.5094164650761073,0.0,3.2603460446595793,,
2018,5,full_inner,76,direct,0.6534385938746132,0.6680836213291423,,82.0,2.0,0.08405693416085773,2.6818837383828855,0.6861087442615539,0.8128080216440733,2.555707501951048,0.43180433949456865,2.19569393581153,,
2018,5,full_inner,51,direct,0.6473788737831571,0.6681910421514394,,130.0,2.0,0.09712450443770068,19.873737740286536,0.9653996959635643,0.808235692677708,1.0857419910672097,0.000277111569727843,2.198148629386954,,
2018,5,full_inner,66,direct,0.6480726062009634,0.6692084682130015,,193.0,2.0,0.1414978505057996,1.4323385835712157,0.6607865216126029,0.7044706265464652,3.801616173600101,0.00023796932929691478,0.6152351537315809,,
2018,5,full_inner,86,direct,0.6491366998257764,0.6694903481982579,,268.0,2.0,0.05123062168503441,1.4661404583944162,0.7170148737277271,0.6351232767484494,3.4935500875714007,1.9358620630754502,4.05188765216089,,
2018,5,full_inner,5,direct,0.6508843612193531,0.6696269059210157,,457.0,2.0,0.022690762544950487,23.585366860503754,0.7281166075620962,0.8007411144145034,1.0045234290501277,0.0,4.593158001104692,,
2018,5,variant_selection,15,direct,0.6379612243130217,,,131.0,,,,,,,,,0.6,1.0483112117576814
2019,5,linear_full_inner,ridge_har:0.001,ridge_har,0.6799682712056342,0.7042625796260389,0.001,,,,,,,,,,,
2019,5,linear_full_inner,ridge_har:0.01,ridge_har,0.6799682914718748,0.7042626548865342,0.01,,,,,,,,,,,
2019,5,linear_full_inner,ridge_har:0.1,ridge_har,0.6799684941450274,0.7042634075013738,0.1,,,,,,,,,,,
2019,5,linear_full_inner,ridge_har:1.0,ridge_har,0.6799705219501749,0.7042709346362287,1.0,,,,,,,,,,,
2019,5,linear_full_inner,ridge_har:10.0,ridge_har,0.6799909062885593,0.7043463025615824,10.0,,,,,,,,,,,
2019,5,linear_full_inner,linear_gamma:0.001,linear_gamma,0.6022968556790165,0.683512911663058,0.001,,,,,,,,,,,
2019,5,linear_full_inner,linear_gamma:0.01,linear_gamma,0.6006018934626605,0.6810386919744076,0.01,,,,,,,,,,,
2019,5,linear_full_inner,linear_gamma:0.1,linear_gamma,0.5963779224885907,0.6726679491080689,0.1,,,,,,,,,,,
2019,5,linear_full_inner,linear_gamma:1.0,linear_gamma,0.6136375348523311,0.6810332650627151,1.0,,,,,,,,,,,
2019,5,linear_full_inner,linear_gamma:10.0,linear_gamma,0.7337791848395692,0.7958623668826703,10.0,,,,,,,,,,,
2019,5,coarse,0,direct,0.5283093281032829,,,418.0,2.0,0.016810683468738295,55.119162244389045,0.8186567693229744,0.95374768677931,0.11235382553916115,0.11872960983376865,3.043918974129779,,
2019,5,coarse,1,direct,0.5327380787459904,,,41.0,3.0,0.14038131611413024,7.835976473366356,0.65400434553277,0.6303836587705103,24.771214655172628,0.0,2.486859469740904,,
2019,5,coarse,2,direct,0.5262479376057543,,,134.0,2.0,0.09305619122136746,1.632326106680591,0.889274847284669,0.6799502350332256,68.88701686179753,0.0,2.3513001418101376,,
2019,5,coarse,3,direct,0.5433979289752706,,,115.0,4.0,0.04260084045026215,2.9950184511931326,0.9557323085481404,0.7221366332723016,0.6148489658130238,0.0005609060902787453,0.921253966934894,,
2019,5,coarse,4,direct,0.5402102828565488,,,41.0,3.0,0.1484553508100239,2.1218655327116833,0.651043069410163,0.8776753763395864,21.1577902801402,0.011931237244362097,0.1939298133819678,,
2019,5,coarse,5,direct,0.5260273051326374,,,449.0,2.0,0.022690762544950487,23.585366860503754,0.7281166075620962,0.8007411144145034,1.0045234290501277,0.0,4.593158001104692,,
2019,5,coarse,6,direct,0.5292802121759703,,,301.0,2.0,0.024937877092109085,1.2195290039492932,0.8006366675284557,0.850147927064546,12.943398074700601,0.4648579107455426,1.8846037450174191,,
2019,5,coarse,7,direct,0.5346685709206531,,,116.0,3.0,0.05847891521213486,16.117729623062417,0.811820190241648,0.9545687065990864,28.33284840449706,0.03456078869009234,2.4839834971511094,,
2019,5,coarse,8,direct,0.5288953274676218,,,417.0,2.0,0.01845560216114069,28.321043386094992,0.909043670332336,0.6353745876684644,0.20556129619813737,0.0,0.11544561207638582,,
2019,5,coarse,9,direct,0.5309318491906893,,,234.0,3.0,0.02785801629701712,2.4187030192248744,0.6078214079461276,0.9635847476072645,1.248012294015271,0.0011598597583676734,0.660701337482878,,
2019,5,coarse,10,direct,0.5364939041805,,,194.0,3.0,0.03347083163676745,4.2622413983596195,0.677952880628176,0.5213058839870837,6.461771999719673,0.872566136168424,4.86684934091484,,
2019,5,coarse,11,direct,0.5357986249601703,,,110.0,3.0,0.10112400116568608,1.7878262636323983,0.6043047438890682,0.779923519761126,0.4077513984136103,6.9378664448940155,1.1559040482212857,,
2019,5,coarse,12,direct,0.5565553756552839,,,109.0,5.0,0.04549563568893397,12.532624363309665,0.9819923104368238,0.540059473534411,1.463062809139209,0.0037866963500516014,3.1907591634567694,,
2019,5,coarse,13,direct,0.5415508255985889,,,194.0,4.0,0.031402925854985005,1.1560939832245865,0.9998943748262439,0.5182285975902221,44.220247540384115,0.0,4.226699967961472,,
2019,5,coarse,14,direct,0.537988961152107,,,39.0,3.0,0.1364459214367544,1.6952065390452866,0.6655404783866105,0.783924794356835,0.9571032942155548,0.9483027095641382,2.446285197725712,,
2019,5,coarse,15,direct,0.524371147125217,,,84.0,2.0,0.09330680111548337,44.90505078181925,0.7874429478499592,0.5367859076238702,2.5094164650761073,0.0,3.2603460446595793,,
2019,5,coarse,16,direct,0.5506542063169803,,,197.0,5.0,0.028405814500156574,6.292310786723709,0.959703615324008,0.5473701119575725,41.676737391146595,1.2506458254395292,1.7845081175687216,,
2019,5,coarse,17,direct,0.5424418404192394,,,39.0,5.0,0.1471502221564383,59.896190402270065,0.6531652916936086,0.5503439167464454,0.1408529092458632,0.00040581736859182605,2.5522651615272314,,
2019,5,coarse,18,direct,0.5356720504689721,,,467.0,3.0,0.01311953596835786,2.5206656147567696,0.8740178623217499,0.9091082355277562,0.4787159828613117,0.0,4.498448849222058,,
2019,5,coarse,19,direct,0.5444495876171123,,,74.0,4.0,0.05804048341805567,1.0455826694592603,0.8539665799628785,0.6389785287274065,3.0190600478215597,0.0018415032987270136,0.02508364218922088,,
2019,5,coarse,20,direct,0.5824374818773388,,,104.0,6.0,0.04841363977926772,8.459952771194493,0.9572739746639483,0.7637627832499377,2.460030717171174,3.4883455468391005,0.6994975263107589,,
2019,5,coarse,21,direct,0.5250975181579461,,,238.0,2.0,0.04743554958231196,32.823645594889136,0.6664128848502963,0.7388530539826339,34.72080746299189,0.0007563379321334618,3.85766417027033,,
2019,5,coarse,22,direct,0.543287082136411,,,71.0,5.0,0.07272169724137856,1.7540005792976638,0.9094442975469155,0.5006213304687586,64.19309797735394,0.30131892607316274,3.6495771273875977,,
2019,5,coarse,23,direct,0.5246722654413626,,,103.0,2.0,0.1063614071463956,1.812508559407195,0.6290765614014403,0.6490822790866912,38.95413636138779,0.0007396274238340902,2.1540501691961476,,
2019,5,coarse,24,direct,0.5268303489382321,,,148.0,2.0,0.07407251473176883,6.412689880745559,0.8138303810314409,0.8022635343080042,5.856523716008245,0.18982367710946238,4.743320221532144,,
2019,5,coarse,25,direct,0.5378045172108115,,,266.0,4.0,0.020769042367594696,13.791668974474772,0.6598717759568685,0.5148519648975334,1.4829557124512165,0.00034478016824045953,2.1242383646847385,,
2019,5,coarse,26,direct,0.5453380325354628,,,140.0,4.0,0.04600131513205375,12.723331848536958,0.8611815670300639,0.8341507642881436,22.17471561041375,0.024530503743838028,1.2848669778866513,,
2019,5,coarse,27,direct,0.5412571963586035,,,199.0,4.0,0.027213001572269833,2.376166415606863,0.7640689249277547,0.6874730132059221,0.6008412009646449,0.0,2.8836160282795467,,
2019,5,coarse,28,direct,0.5409067398538967,,,346.0,4.0,0.017237652957384067,1.102097366386189,0.8986403921826964,0.5353665909436108,6.736505225156358,0.006818370458044081,0.1087574953532483,,
2019,5,coarse,29,direct,0.5228576640217079,,,142.0,2.0,0.1454726579694726,6.529536820413327,0.8476627047665758,0.5393197030677156,0.8689238985414293,0.5739232174600256,2.2496366103413674,,
2019,5,coarse,30,direct,0.5579300272395912,,,42.0,5.0,0.11008351078396893,1.0768716638910665,0.8134311224695298,0.7218470211206919,1.2466501430464916,0.0023165321735811057,0.3457760417308503,,
2019,5,coarse,31,direct,0.5905309104585534,,,26.0,6.0,0.12450295713056359,5.964863382464574,0.7775213642143721,0.5943737290859757,0.9495459619816234,0.0,1.6645677482257408,,
2019,5,coarse,32,direct,0.5465850525211324,,,59.0,4.0,0.09555747254524866,3.339589753483531,0.7888214221636962,0.731867428588183,12.396957218981017,0.025773309119445625,1.3893599838308734,,
2019,5,coarse,33,direct,0.5524052649668372,,,158.0,5.0,0.03307612457460172,15.95035773208056,0.805292781719349,0.7101664668933132,50.284918248123326,0.0,4.790028223872382,,
2019,5,coarse,34,direct,0.5523765647026212,,,447.0,5.0,0.012747208805712536,34.067256820065694,0.7264679854027407,0.5122807884110472,16.001361165455027,1.0087960018787985,3.339515105864064,,
2019,5,coarse,35,direct,0.5410218346122444,,,49.0,3.0,0.12203185705919098,6.884283992482084,0.883825156769638,0.8230324517913344,0.12924694165793071,0.000370496362002457,3.259010384791284,,
2019,5,coarse,36,direct,0.5285734734851129,,,708.0,2.0,0.013332615007599878,31.92495030229587,0.9001954743288576,0.6278072495789468,31.721757868222674,0.12143034361552162,2.2495024288283205,,
2019,5,coarse,37,direct,0.5525492848194712,,,118.0,5.0,0.03823635867304879,2.9192178964337057,0.7056131384952877,0.5615956822692185,2.478767876020354,3.873044312933045,2.2357171978782304,,
2019,5,coarse,38,direct,0.5428649201214113,,,86.0,4.0,0.06672705951703976,2.70672265423012,0.8053193000005714,0.7432793676424367,54.50993758434763,0.1763194393573364,0.17809672922888653,,
2019,5,coarse,39,direct,0.560073592300044,,,42.0,5.0,0.09904909763560564,14.428965075208994,0.8443247223775455,0.7777876188807689,2.411736145240018,0.0,1.006443787771683,,
2019,5,coarse,40,direct,0.5582729062132817,,,289.0,5.0,0.01734675425942572,2.9102489342915057,0.926685932511976,0.8603962347877447,0.26202195721651816,0.703362805264452,3.2991452247567716,,
2019,5,coarse,41,direct,0.5402261808297395,,,210.0,4.0,0.02475819813349527,27.14393201397485,0.7846249212267163,0.900876276591754,1.0994603687653746,0.0,2.0477650060757706,,
2019,5,coarse,42,direct,0.5551397965727528,,,160.0,5.0,0.028672779687180662,12.551613007706257,0.6738624929635467,0.6302820104701345,3.0291077076330977,0.004010204614905998,4.3978300559300285,,
2019,5,coarse,43,direct,0.5356739385226138,,,350.0,3.0,0.018671862071946634,1.401393359198495,0.8126648473219283,0.6976923086352784,14.74241849455122,0.002047013044786316,0.849760462365235,,
2019,5,coarse,44,direct,0.5304356203952597,,,160.0,3.0,0.0411317443025174,6.2432411361879065,0.6520146345475489,0.916194628483469,0.11674085337776108,0.022622879972084575,3.859598157434405,,
2019,5,coarse,45,direct,0.5381342210714395,,,351.0,3.0,0.01595947865577667,4.946298920100062,0.9243002770433422,0.7107772098297316,1.3179316260121636,0.0,4.586006590674058,,
2019,5,coarse,46,direct,0.5264483168846198,,,552.0,2.0,0.01797522180633576,7.347411838166395,0.7667650355177703,0.5474379662497563,14.297018369077687,5.229063765246583,1.4506358813304048,,
2019,5,coarse,47,direct,0.544834214223789,,,419.0,4.0,0.013316534020025604,8.383467165313165,0.9575765808776262,0.8167883718396487,3.2074682616292,3.296028853389544,4.44860926253836,,
2019,5,coarse,48,direct,0.5233476174218603,,,303.0,2.0,0.032579102647939256,53.23842049044245,0.6620945591447528,0.85714269815283,2.6278551089599085,0.003942893420477396,0.3580699230392842,,
2019,5,coarse,49,direct,0.5297887424864491,,,86.0,3.0,0.08377745972352482,2.904293293958526,0.6841963852150503,0.8107044155316834,6.5853136207947465,0.00032791038515188786,4.0059308805883305,,
2019,5,coarse,50,direct,0.5417648679308437,,,134.0,4.0,0.03753418111725765,17.47906887666331,0.7179164541391094,0.7963769834297969,17.774546675897962,0.0,0.7245421784563316,,
2019,5,coarse,51,direct,0.5301204367601061,,,70.0,2.0,0.09712450443770068,19.873737740286536,0.9653996959635643,0.808235692677708,1.0857419910672097,0.000277111569727843,2.198148629386954,,
2019,5,coarse,52,direct,0.5627797843264206,,,361.0,5.0,0.011894794215646893,10.948149793944104,0.9517137013670367,0.7886656870453422,0.1699671938655904,0.001570124419063149,1.9409820944717138,,
2019,5,coarse,53,direct,0.5380404290925835,,,126.0,3.0,0.07702995048983494,6.058871669262655,0.9825948163986298,0.6059531698345416,24.206715053194255,0.011159705570884294,1.6844181053060048,,
2019,5,coarse,54,direct,0.5602124268446785,,,116.0,5.0,0.040500245262775306,1.605239840439291,0.7886102896046301,0.8160362501051995,1.5801288278860754,0.00048101341157796493,1.2803959313816953,,
2019,5,coarse,55,direct,0.5343867273404391,,,40.0,3.0,0.14300294397591817,24.08964019785051,0.8836950527238809,0.5413900672927074,8.585655589941501,0.8559940865291982,1.780410255069797,,
2019,5,coarse,56,direct,0.5248027565621383,,,761.0,2.0,0.014786020886011194,19.074630974963505,0.6785167287152978,0.5706008982742522,0.4502987137366124,0.42561599377309567,3.6753337726996937,,
2019,5,coarse,57,direct,0.5749171483441771,,,406.0,6.0,0.011860025942700409,3.2821525885566927,0.8307204688622092,0.9123760549715234,30.959130593078328,0.0,3.6597370743274604,,
2019,5,coarse,58,direct,0.5479602783488304,,,134.0,4.0,0.03575980810784384,7.595402577092506,0.9967233681951965,0.9916294743796958,0.1139189012179602,0.20166918070319698,1.6546549684573142,,
2019,5,coarse,59,direct,0.5237520313729149,,,107.0,2.0,0.1243133099225857,1.3482793831868074,0.6468572233510238,0.61944742979272,39.83854065200464,0.0012978453891418543,4.393389730583989,,
2019,5,coarse,60,direct,0.5407469756764542,,,156.0,4.0,0.03589637188959825,6.492289521383685,0.7883156354899614,0.5770209926183111,85.55934042285628,0.002483083453073028,0.47909660302960233,,
2019,5,coarse,61,direct,0.5429697890380347,,,49.0,4.0,0.10640431235235005,3.622286763254677,0.7410729780227249,0.6169238464055251,0.25731523626552455,0.0,0.9178843103107559,,
2019,5,coarse,62,direct,0.5593504395010712,,,143.0,6.0,0.03969323784450192,2.0002531736283315,0.6945446813339419,0.5348989290084459,32.9914399063462,1.5943700749771792,4.883930175746702,,
2019,5,coarse,63,direct,0.5798340543660585,,,284.0,6.0,0.014119049957120973,2.749651713642465,0.7075828830309727,0.8249802305198262,2.240866876832263,0.001931695548452399,2.144999685363034,,
2019,5,coarse,64,direct,0.5597968241700778,,,403.0,5.0,0.012397042132572937,4.818306828515858,0.6792217026132105,0.7976553535918061,0.536832180178445,0.01851249065569294,2.888538736177728,,
2019,5,coarse,65,direct,0.580061442755403,,,155.0,6.0,0.028799044713627382,16.350701648691427,0.8510825048106321,0.828518873448677,4.0691402237551495,0.002065793786135431,1.7377506024841898,,
2019,5,coarse,66,direct,0.5165907851924646,,,81.0,2.0,0.1414978505057996,1.4323385835712157,0.6607865216126029,0.7044706265464652,3.801616173600101,0.00023796932929691478,0.6152351537315809,,
2019,5,coarse,67,direct,0.5662981406111753,,,118.0,5.0,0.03635816574890565,2.0954417584085285,0.8108722477231776,0.9194537124062774,0.3826647290954186,0.0,0.34497127278346695,,
2019,5,coarse,68,direct,0.5335351705776602,,,245.0,3.0,0.030384857877362333,55.97921181072484,0.6883950137063961,0.7262332197378971,2.1025726476442346,0.0,2.881919006555761,,
2019,5,coarse,69,direct,0.5765791318815152,,,67.0,6.0,0.0680833158876155,3.249931908596805,0.8787310045262472,0.9857357550681056,96.8874771047533,0.045184260590308445,0.13243103996912808,,
2019,5,coarse,70,direct,0.546363139204074,,,138.0,4.0,0.03456713741366954,15.004623725778611,0.9207620156949223,0.9519001062765866,66.75122871508896,0.0010406824028230414,1.3880916841372781,,
2019,5,coarse,71,direct,0.5537388708436537,,,73.0,5.0,0.056801573083385334,1.2434374638107393,0.808071599095945,0.6904776249668959,11.9426790547697,0.10426320591726872,1.8307771537323725,,
2019,5,coarse,72,direct,0.5762676254214618,,,137.0,6.0,0.03938847289287143,26.044965453083332,0.9694805657091756,0.8162538496781191,27.50040881188148,0.0,2.296619716689138,,
2019,5,coarse,73,direct,0.5513222562735821,,,59.0,5.0,0.07910327496544721,60.580062679834604,0.6876594282317419,0.6755873061060155,2.43666181547593,0.12463692987068953,4.952601808408869,,
2019,5,coarse,74,direct,0.5294031369427074,,,657.0,2.0,0.011585073584015487,1.8733419725889013,0.8793143418812608,0.7711105629732811,35.72233282406667,0.0,0.62884312211206,,
2019,5,coarse,75,direct,0.5450935574464535,,,93.0,4.0,0.05213883266821991,5.893143373452778,0.9851430202389916,0.6693543324646221,10.773529340629755,3.679821296628186,2.761159891250639,,
2019,5,coarse,76,direct,0.5293091132976696,,,73.0,2.0,0.08405693416085773,2.6818837383828855,0.6861087442615539,0.8128080216440733,2.555707501951048,0.43180433949456865,2.19569393581153,,
2019,5,coarse,77,direct,0.571088804976991,,,58.0,6.0,0.09282329655234453,23.970580590602463,0.7273834255124151,0.5775673649693207,8.624332468195716,0.00017013077583600392,2.682703233609571,,
2019,5,coarse,78,direct,0.5450919219209156,,,47.0,4.0,0.1042877570398033,25.40428486316132,0.942115079444604,0.6803922859004549,8.882093105603069,5.1345815195455895,1.74818868152945,,
2019,5,coarse,79,direct,0.5769099308175551,,,238.0,6.0,0.020586858800382895,35.75145241267939,0.9883616912127279,0.8285228438835714,16.579648966634206,0.008315552127750009,4.648750872173208,,
2019,5,coarse,80,direct,0.522674238154424,,,66.0,2.0,0.1340418820722338,5.835724247309656,0.6199372714896739,0.7353199905092667,3.279644532317947,0.0003464656331359056,1.2720928988688107,,
2019,5,coarse,81,direct,0.5526349613956674,,,36.0,5.0,0.1248033523992081,13.16388028489069,0.6812138276280535,0.9336021948995091,2.821114685007188,0.0038052455709144534,2.3777249923600206,,
2019,5,coarse,82,direct,0.5617062066872077,,,205.0,6.0,0.025468387508108356,51.73362910201089,0.7940520503118303,0.637289287626869,32.33421643234411,0.25641190657654067,2.546714897374917,,
2019,5,coarse,83,direct,0.5269753021905449,,,135.0,2.0,0.05409735557617,47.89939707186949,0.8832977835639271,0.9049755762439412,0.25516643375039716,0.029416944854695176,1.8768701068275995,,
2019,5,coarse,84,direct,0.5278082584048452,,,223.0,2.0,0.05952512371690523,7.3561312571302535,0.8828066783461526,0.5194442728369237,46.419259116333045,1.1727676687410102,2.144920296886474,,
2019,5,coarse,85,direct,0.5547726977141773,,,141.0,5.0,0.03437883306127211,2.773962022463083,0.8843314959883579,0.6591174686255034,78.94981393425448,0.0246354593617209,0.13778240831877064,,
2019,5,coarse,86,direct,0.5235247075392429,,,248.0,2.0,0.05123062168503441,1.4661404583944162,0.7170148737277271,0.6351232767484494,3.4935500875714007,1.9358620630754502,4.05188765216089,,
2019,5,coarse,87,direct,0.5675845226797925,,,441.0,6.0,0.01015627070303812,36.72298171773921,0.7584245106038103,0.5559453782719519,0.24436927844972897,0.0,0.4811858788047385,,
2019,5,coarse,88,direct,0.5892418071404913,,,398.0,6.0,0.010196272955330751,1.0222766923978712,0.9225545579250534,0.826280181974226,0.4058473723320186,0.0,2.3313062743772797,,
2019,5,coarse,89,direct,0.5325515957736544,,,107.0,3.0,0.059688196684099075,5.155638043485394,0.7838113426790163,0.6602049084105744,61.77764291154232,0.0,2.0134371931966517,,
2019,5,coarse,90,direct,0.5719412849591627,,,42.0,6.0,0.09602967076057013,42.73715676114025,0.6447300757029808,0.8238913411103341,1.6913458269352082,0.0,0.001559252333087069,,
2019,5,coarse,91,direct,0.5441813055913043,,,266.0,4.0,0.017584445119468876,12.023170162881756,0.845753997982353,0.5266524965310003,0.14069425535374608,0.00039024027826087114,0.9466210710739564,,
2019,5,coarse,92,direct,0.5586725038287651,,,42.0,5.0,0.12155857295870036,7.029119097584628,0.6059656421031232,0.5262503789120964,1.1327711460412722,0.07426098527979913,3.145722326458846,,
2019,5,coarse,93,direct,0.5460535421140559,,,335.0,4.0,0.01607772686713565,58.58565867444653,0.9957784087383287,0.9332476614328438,19.341097423446843,0.00013686521951527424,0.2882984124375454,,
2019,5,coarse,94,direct,0.5972403603417341,,,38.0,6.0,0.10177021064149849,1.2319493854073917,0.9740793609749794,0.985742824644058,8.282656749848876,0.00010244704721441725,4.975205885286788,,
2019,5,coarse,95,direct,0.5257411880995017,,,84.0,2.0,0.10191947549469274,25.91758187977807,0.7577284522569445,0.5790806839643232,9.450270962207833,0.12759933216957522,0.590907108092113,,
2019,5,full_inner,66,direct,0.6042453325314638,0.6692084682130015,,81.0,2.0,0.1414978505057996,1.4323385835712157,0.6607865216126029,0.7044706265464652,3.801616173600101,0.00023796932929691478,0.6152351537315809,,
2019,5,full_inner,80,direct,0.6094571059917356,0.6778845715999651,,66.0,2.0,0.1340418820722338,5.835724247309656,0.6199372714896739,0.7353199905092667,3.279644532317947,0.0003464656331359056,1.2720928988688107,,
2019,5,full_inner,29,direct,0.6063741939212138,0.6703984800183244,,142.0,2.0,0.1454726579694726,6.529536820413327,0.8476627047665758,0.5393197030677156,0.8689238985414293,0.5739232174600256,2.2496366103413674,,
2019,5,full_inner,48,direct,0.6072774879410353,0.6717113024843115,,303.0,2.0,0.032579102647939256,53.23842049044245,0.6620945591447528,0.85714269815283,2.6278551089599085,0.003942893420477396,0.3580699230392842,,
2019,5,full_inner,86,direct,0.6072660357302652,0.6694903481982579,,248.0,2.0,0.05123062168503441,1.4661404583944162,0.7170148737277271,0.6351232767484494,3.4935500875714007,1.9358620630754502,4.05188765216089,,
2019,5,full_inner,59,direct,0.6071824278457051,0.6701064979694255,,107.0,2.0,0.1243133099225857,1.3482793831868074,0.6468572233510238,0.61944742979272,39.83854065200464,0.0012978453891418543,4.393389730583989,,
2019,5,full_inner,15,direct,0.6045327615572031,0.6677820088492761,,156.0,2.0,0.09330680111548337,44.90505078181925,0.7874429478499592,0.5367859076238702,2.5094164650761073,0.0,3.2603460446595793,,
2019,5,full_inner,23,direct,0.611053813527454,0.6732933638043888,,103.0,2.0,0.1063614071463956,1.812508559407195,0.6290765614014403,0.6490822790866912,38.95413636138779,0.0007396274238340902,2.1540501691961476,,
2019,5,variant_selection,66,direct,0.5954439905936886,,,76.0,,,,,,,,,0.6,1.0789175292006046
2020,5,linear_full_inner,ridge_har:0.001,ridge_har,0.6482657092946589,0.7042625796260389,0.001,,,,,,,,,,,
2020,5,linear_full_inner,ridge_har:0.01,ridge_har,0.6482657267009635,0.7042626548865342,0.01,,,,,,,,,,,
2020,5,linear_full_inner,ridge_har:0.1,ridge_har,0.6482659007728113,0.7042634075013738,0.1,,,,,,,,,,,
2020,5,linear_full_inner,ridge_har:1.0,ridge_har,0.6482676423706212,0.7042709346362287,1.0,,,,,,,,,,,
2020,5,linear_full_inner,ridge_har:10.0,ridge_har,0.6482851454417804,0.7043463025615824,10.0,,,,,,,,,,,
2020,5,linear_full_inner,linear_gamma:0.001,linear_gamma,0.5782821899416364,0.683512911663058,0.001,,,,,,,,,,,
2020,5,linear_full_inner,linear_gamma:0.01,linear_gamma,0.5768017956501535,0.6810386919744076,0.01,,,,,,,,,,,
2020,5,linear_full_inner,linear_gamma:0.1,linear_gamma,0.5733628778992252,0.6726679491080689,0.1,,,,,,,,,,,
2020,5,linear_full_inner,linear_gamma:1.0,linear_gamma,0.5900630839683301,0.6810332650627151,1.0,,,,,,,,,,,
2020,5,linear_full_inner,linear_gamma:10.0,linear_gamma,0.6992397384420448,0.7958623668826703,10.0,,,,,,,,,,,
2020,5,coarse,0,direct,0.509925204757815,,,1376.0,2.0,0.016810683468738295,55.119162244389045,0.8186567693229744,0.95374768677931,0.11235382553916115,0.11872960983376865,3.043918974129779,,
2020,5,coarse,1,direct,0.51491906406969,,,71.0,3.0,0.14038131611413024,7.835976473366356,0.65400434553277,0.6303836587705103,24.771214655172628,0.0,2.486859469740904,,
2020,5,coarse,2,direct,0.5122997873174303,,,213.0,2.0,0.09305619122136746,1.632326106680591,0.889274847284669,0.6799502350332256,68.88701686179753,0.0,2.3513001418101376,,
2020,5,coarse,3,direct,0.5085155573157552,,,150.0,4.0,0.04260084045026215,2.9950184511931326,0.9557323085481404,0.7221366332723016,0.6148489658130238,0.0005609060902787453,0.921253966934894,,
2020,5,coarse,4,direct,0.5074387138049035,,,75.0,3.0,0.1484553508100239,2.1218655327116833,0.651043069410163,0.8776753763395864,21.1577902801402,0.011931237244362097,0.1939298133819678,,
2020,5,coarse,5,direct,0.509566939195557,,,772.0,2.0,0.022690762544950487,23.585366860503754,0.7281166075620962,0.8007411144145034,1.0045234290501277,0.0,4.593158001104692,,
2020,5,coarse,6,direct,0.5104504729005743,,,628.0,2.0,0.024937877092109085,1.2195290039492932,0.8006366675284557,0.850147927064546,12.943398074700601,0.4648579107455426,1.8846037450174191,,
2020,5,coarse,7,direct,0.5119343831413813,,,256.0,3.0,0.05847891521213486,16.117729623062417,0.811820190241648,0.9545687065990864,28.33284840449706,0.03456078869009234,2.4839834971511094,,
2020,5,coarse,8,direct,0.5098562158292433,,,1159.0,2.0,0.01845560216114069,28.321043386094992,0.909043670332336,0.6353745876684644,0.20556129619813737,0.0,0.11544561207638582,,
2020,5,coarse,9,direct,0.5071654553537834,,,391.0,3.0,0.02785801629701712,2.4187030192248744,0.6078214079461276,0.9635847476072645,1.248012294015271,0.0011598597583676734,0.660701337482878,,
2020,5,coarse,10,direct,0.5056321777713706,,,428.0,3.0,0.03347083163676745,4.2622413983596195,0.677952880628176,0.5213058839870837,6.461771999719673,0.872566136168424,4.86684934091484,,
2020,5,coarse,11,direct,0.5061372227773452,,,141.0,3.0,0.10112400116568608,1.7878262636323983,0.6043047438890682,0.779923519761126,0.4077513984136103,6.9378664448940155,1.1559040482212857,,
2020,5,coarse,12,direct,0.5102854163779488,,,82.0,5.0,0.04549563568893397,12.532624363309665,0.9819923104368238,0.540059473534411,1.463062809139209,0.0037866963500516014,3.1907591634567694,,
2020,5,coarse,13,direct,0.5083843250262889,,,326.0,4.0,0.031402925854985005,1.1560939832245865,0.9998943748262439,0.5182285975902221,44.220247540384115,0.0,4.226699967961472,,
2020,5,coarse,14,direct,0.5094531523976669,,,90.0,3.0,0.1364459214367544,1.6952065390452866,0.6655404783866105,0.783924794356835,0.9571032942155548,0.9483027095641382,2.446285197725712,,
2020,5,coarse,15,direct,0.5108161631411686,,,182.0,2.0,0.09330680111548337,44.90505078181925,0.7874429478499592,0.5367859076238702,2.5094164650761073,0.0,3.2603460446595793,,
2020,5,coarse,16,direct,0.5115060549655829,,,275.0,5.0,0.028405814500156574,6.292310786723709,0.959703615324008,0.5473701119575725,41.676737391146595,1.2506458254395292,1.7845081175687216,,
2020,5,coarse,17,direct,0.5116924741821114,,,24.0,5.0,0.1471502221564383,59.896190402270065,0.6531652916936086,0.5503439167464454,0.1408529092458632,0.00040581736859182605,2.5522651615272314,,
2020,5,coarse,18,direct,0.5106487418183827,,,827.0,3.0,0.01311953596835786,2.5206656147567696,0.8740178623217499,0.9091082355277562,0.4787159828613117,0.0,4.498448849222058,,
2020,5,coarse,19,direct,0.5088560207890344,,,122.0,4.0,0.05804048341805567,1.0455826694592603,0.8539665799628785,0.6389785287274065,3.0190600478215597,0.0018415032987270136,0.02508364218922088,,
2020,5,coarse,20,direct,0.5106389869105823,,,105.0,6.0,0.04841363977926772,8.459952771194493,0.9572739746639483,0.7637627832499377,2.460030717171174,3.4883455468391005,0.6994975263107589,,
2020,5,coarse,21,direct,0.5119224467964557,,,317.0,2.0,0.04743554958231196,32.823645594889136,0.6664128848502963,0.7388530539826339,34.72080746299189,0.0007563379321334618,3.85766417027033,,
2020,5,coarse,22,direct,0.5050991696555951,,,95.0,5.0,0.07272169724137856,1.7540005792976638,0.9094442975469155,0.5006213304687586,64.19309797735394,0.30131892607316274,3.6495771273875977,,
2020,5,coarse,23,direct,0.5115926611485047,,,223.0,2.0,0.1063614071463956,1.812508559407195,0.6290765614014403,0.6490822790866912,38.95413636138779,0.0007396274238340902,2.1540501691961476,,
2020,5,coarse,24,direct,0.5144609050008713,,,290.0,2.0,0.07407251473176883,6.412689880745559,0.8138303810314409,0.8022635343080042,5.856523716008245,0.18982367710946238,4.743320221532144,,
2020,5,coarse,25,direct,0.5052211751426829,,,343.0,4.0,0.020769042367594696,13.791668974474772,0.6598717759568685,0.5148519648975334,1.4829557124512165,0.00034478016824045953,2.1242383646847385,,
2020,5,coarse,26,direct,0.5123074670125304,,,157.0,4.0,0.04600131513205375,12.723331848536958,0.8611815670300639,0.8341507642881436,22.17471561041375,0.024530503743838028,1.2848669778866513,,
2020,5,coarse,27,direct,0.5066843765002206,,,303.0,4.0,0.027213001572269833,2.376166415606863,0.7640689249277547,0.6874730132059221,0.6008412009646449,0.0,2.8836160282795467,,
2020,5,coarse,28,direct,0.5068408288070559,,,512.0,4.0,0.017237652957384067,1.102097366386189,0.8986403921826964,0.5353665909436108,6.736505225156358,0.006818370458044081,0.1087574953532483,,
2020,5,coarse,29,direct,0.5081277751040342,,,112.0,2.0,0.1454726579694726,6.529536820413327,0.8476627047665758,0.5393197030677156,0.8689238985414293,0.5739232174600256,2.2496366103413674,,
2020,5,coarse,30,direct,0.5104196462935587,,,40.0,5.0,0.11008351078396893,1.0768716638910665,0.8134311224695298,0.7218470211206919,1.2466501430464916,0.0023165321735811057,0.3457760417308503,,
2020,5,coarse,31,direct,0.5179314884647139,,,30.0,6.0,0.12450295713056359,5.964863382464574,0.7775213642143721,0.5943737290859757,0.9495459619816234,0.0,1.6645677482257408,,
2020,5,coarse,32,direct,0.5099719644135062,,,62.0,4.0,0.09555747254524866,3.339589753483531,0.7888214221636962,0.731867428588183,12.396957218981017,0.025773309119445625,1.3893599838308734,,
2020,5,coarse,33,direct,0.5091811339461138,,,168.0,5.0,0.03307612457460172,15.95035773208056,0.805292781719349,0.7101664668933132,50.284918248123326,0.0,4.790028223872382,,
2020,5,coarse,34,direct,0.5061749417188212,,,384.0,5.0,0.012747208805712536,34.067256820065694,0.7264679854027407,0.5122807884110472,16.001361165455027,1.0087960018787985,3.339515105864064,,
2020,5,coarse,35,direct,0.5133846467224432,,,103.0,3.0,0.12203185705919098,6.884283992482084,0.883825156769638,0.8230324517913344,0.12924694165793071,0.000370496362002457,3.259010384791284,,
2020,5,coarse,36,direct,0.5101381628428909,,,1616.0,2.0,0.013332615007599878,31.92495030229587,0.9001954743288576,0.6278072495789468,31.721757868222674,0.12143034361552162,2.2495024288283205,,
2020,5,coarse,37,direct,0.5053119986303906,,,104.0,5.0,0.03823635867304879,2.9192178964337057,0.7056131384952877,0.5615956822692185,2.478767876020354,3.873044312933045,2.2357171978782304,,
2020,5,coarse,38,direct,0.5129346313465103,,,91.0,4.0,0.06672705951703976,2.70672265423012,0.8053193000005714,0.7432793676424367,54.50993758434763,0.1763194393573364,0.17809672922888653,,
2020,5,coarse,39,direct,0.506099381917758,,,66.0,5.0,0.09904909763560564,14.428965075208994,0.8443247223775455,0.7777876188807689,2.411736145240018,0.0,1.006443787771683,,
2020,5,coarse,40,direct,0.5068681529403617,,,299.0,5.0,0.01734675425942572,2.9102489342915057,0.926685932511976,0.8603962347877447,0.26202195721651816,0.703362805264452,3.2991452247567716,,
2020,5,coarse,41,direct,0.5109136614685037,,,294.0,4.0,0.02475819813349527,27.14393201397485,0.7846249212267163,0.900876276591754,1.0994603687653746,0.0,2.0477650060757706,,
2020,5,coarse,42,direct,0.5049137463633798,,,241.0,5.0,0.028672779687180662,12.551613007706257,0.6738624929635467,0.6302820104701345,3.0291077076330977,0.004010204614905998,4.3978300559300285,,
2020,5,coarse,43,direct,0.5098390885511865,,,719.0,3.0,0.018671862071946634,1.401393359198495,0.8126648473219283,0.6976923086352784,14.74241849455122,0.002047013044786316,0.849760462365235,,
2020,5,coarse,44,direct,0.508209500353753,,,305.0,3.0,0.0411317443025174,6.2432411361879065,0.6520146345475489,0.916194628483469,0.11674085337776108,0.022622879972084575,3.859598157434405,,
2020,5,coarse,45,direct,0.510120474366413,,,824.0,3.0,0.01595947865577667,4.946298920100062,0.9243002770433422,0.7107772098297316,1.3179316260121636,0.0,4.586006590674058,,
2020,5,coarse,46,direct,0.5104852610857151,,,889.0,2.0,0.01797522180633576,7.347411838166395,0.7667650355177703,0.5474379662497563,14.297018369077687,5.229063765246583,1.4506358813304048,,
2020,5,coarse,47,direct,0.509230095867348,,,622.0,4.0,0.013316534020025604,8.383467165313165,0.9575765808776262,0.8167883718396487,3.2074682616292,3.296028853389544,4.44860926253836,,
2020,5,coarse,48,direct,0.507758461340835,,,650.0,2.0,0.032579102647939256,53.23842049044245,0.6620945591447528,0.85714269815283,2.6278551089599085,0.003942893420477396,0.3580699230392842,,
2020,5,coarse,49,direct,0.5121987223796887,,,113.0,3.0,0.08377745972352482,2.904293293958526,0.6841963852150503,0.8107044155316834,6.5853136207947465,0.00032791038515188786,4.0059308805883305,,
2020,5,coarse,50,direct,0.5097233277997433,,,201.0,4.0,0.03753418111725765,17.47906887666331,0.7179164541391094,0.7963769834297969,17.774546675897962,0.0,0.7245421784563316,,
2020,5,coarse,51,direct,0.5112012770455452,,,286.0,2.0,0.09712450443770068,19.873737740286536,0.9653996959635643,0.808235692677708,1.0857419910672097,0.000277111569727843,2.198148629386954,,
2020,5,coarse,52,direct,0.5044030258595436,,,550.0,5.0,0.011894794215646893,10.948149793944104,0.9517137013670367,0.7886656870453422,0.1699671938655904,0.001570124419063149,1.9409820944717138,,
2020,5,coarse,53,direct,0.5106569404897825,,,196.0,3.0,0.07702995048983494,6.058871669262655,0.9825948163986298,0.6059531698345416,24.206715053194255,0.011159705570884294,1.6844181053060048,,
2020,5,coarse,54,direct,0.5070736361969225,,,97.0,5.0,0.040500245262775306,1.605239840439291,0.7886102896046301,0.8160362501051995,1.5801288278860754,0.00048101341157796493,1.2803959313816953,,
2020,5,coarse,55,direct,0.5089838660181044,,,108.0,3.0,0.14300294397591817,24.08964019785051,0.8836950527238809,0.5413900672927074,8.585655589941501,0.8559940865291982,1.780410255069797,,
2020,5,coarse,56,direct,0.5094919952948483,,,1443.0,2.0,0.014786020886011194,19.074630974963505,0.6785167287152978,0.5706008982742522,0.4502987137366124,0.42561599377309567,3.6753337726996937,,
2020,5,coarse,57,direct,0.5106925513750686,,,350.0,6.0,0.011860025942700409,3.2821525885566927,0.8307204688622092,0.9123760549715234,30.959130593078328,0.0,3.6597370743274604,,
2020,5,coarse,58,direct,0.5105314033708807,,,233.0,4.0,0.03575980810784384,7.595402577092506,0.9967233681951965,0.9916294743796958,0.1139189012179602,0.20166918070319698,1.6546549684573142,,
2020,5,coarse,59,direct,0.5094961694282731,,,226.0,2.0,0.1243133099225857,1.3482793831868074,0.6468572233510238,0.61944742979272,39.83854065200464,0.0012978453891418543,4.393389730583989,,
2020,5,coarse,60,direct,0.5121625930843914,,,243.0,4.0,0.03589637188959825,6.492289521383685,0.7883156354899614,0.5770209926183111,85.55934042285628,0.002483083453073028,0.47909660302960233,,
2020,5,coarse,61,direct,0.5101325321911393,,,46.0,4.0,0.10640431235235005,3.622286763254677,0.7410729780227249,0.6169238464055251,0.25731523626552455,0.0,0.9178843103107559,,
2020,5,coarse,62,direct,0.5084993569569835,,,150.0,6.0,0.03969323784450192,2.0002531736283315,0.6945446813339419,0.5348989290084459,32.9914399063462,1.5943700749771792,4.883930175746702,,
2020,5,coarse,63,direct,0.5054388629098201,,,346.0,6.0,0.014119049957120973,2.749651713642465,0.7075828830309727,0.8249802305198262,2.240866876832263,0.001931695548452399,2.144999685363034,,
2020,5,coarse,64,direct,0.5038466956740322,,,424.0,5.0,0.012397042132572937,4.818306828515858,0.6792217026132105,0.7976553535918061,0.536832180178445,0.01851249065569294,2.888538736177728,,
2020,5,coarse,65,direct,0.5077864718916313,,,183.0,6.0,0.028799044713627382,16.350701648691427,0.8510825048106321,0.828518873448677,4.0691402237551495,0.002065793786135431,1.7377506024841898,,
2020,5,coarse,66,direct,0.5095250341352139,,,148.0,2.0,0.1414978505057996,1.4323385835712157,0.6607865216126029,0.7044706265464652,3.801616173600101,0.00023796932929691478,0.6152351537315809,,
2020,5,coarse,67,direct,0.5090164770303381,,,146.0,5.0,0.03635816574890565,2.0954417584085285,0.8108722477231776,0.9194537124062774,0.3826647290954186,0.0,0.34497127278346695,,
2020,5,coarse,68,direct,0.5098297138488118,,,299.0,3.0,0.030384857877362333,55.97921181072484,0.6883950137063961,0.7262332197378971,2.1025726476442346,0.0,2.881919006555761,,
2020,5,coarse,69,direct,0.5197172495884929,,,81.0,6.0,0.0680833158876155,3.249931908596805,0.8787310045262472,0.9857357550681056,96.8874771047533,0.045184260590308445,0.13243103996912808,,
2020,5,coarse,70,direct,0.515136086841724,,,266.0,4.0,0.03456713741366954,15.004623725778611,0.9207620156949223,0.9519001062765866,66.75122871508896,0.0010406824028230414,1.3880916841372781,,
2020,5,coarse,71,direct,0.5102283502114017,,,110.0,5.0,0.056801573083385334,1.2434374638107393,0.808071599095945,0.6904776249668959,11.9426790547697,0.10426320591726872,1.8307771537323725,,
2020,5,coarse,72,direct,0.5096838684486503,,,109.0,6.0,0.03938847289287143,26.044965453083332,0.9694805657091756,0.8162538496781191,27.50040881188148,0.0,2.296619716689138,,
2020,5,coarse,73,direct,0.507244691544162,,,65.0,5.0,0.07910327496544721,60.580062679834604,0.6876594282317419,0.6755873061060155,2.43666181547593,0.12463692987068953,4.952601808408869,,
2020,5,coarse,74,direct,0.5111569479757115,,,1771.0,2.0,0.011585073584015487,1.8733419725889013,0.8793143418812608,0.7711105629732811,35.72233282406667,0.0,0.62884312211206,,
2020,5,coarse,75,direct,0.5091526337564438,,,171.0,4.0,0.05213883266821991,5.893143373452778,0.9851430202389916,0.6693543324646221,10.773529340629755,3.679821296628186,2.761159891250639,,
2020,5,coarse,76,direct,0.5086034316472497,,,279.0,2.0,0.08405693416085773,2.6818837383828855,0.6861087442615539,0.8128080216440733,2.555707501951048,0.43180433949456865,2.19569393581153,,
2020,5,coarse,77,direct,0.5095387560869017,,,42.0,6.0,0.09282329655234453,23.970580590602463,0.7273834255124151,0.5775673649693207,8.624332468195716,0.00017013077583600392,2.682703233609571,,
2020,5,coarse,78,direct,0.5136752044868806,,,97.0,4.0,0.1042877570398033,25.40428486316132,0.942115079444604,0.6803922859004549,8.882093105603069,5.1345815195455895,1.74818868152945,,
2020,5,coarse,79,direct,0.5096950482809588,,,256.0,6.0,0.020586858800382895,35.75145241267939,0.9883616912127279,0.8285228438835714,16.579648966634206,0.008315552127750009,4.648750872173208,,
2020,5,coarse,80,direct,0.5071785893527808,,,119.0,2.0,0.1340418820722338,5.835724247309656,0.6199372714896739,0.7353199905092667,3.279644532317947,0.0003464656331359056,1.2720928988688107,,
2020,5,coarse,81,direct,0.5123331929200303,,,57.0,5.0,0.1248033523992081,13.16388028489069,0.6812138276280535,0.9336021948995091,2.821114685007188,0.0038052455709144534,2.3777249923600206,,
2020,5,coarse,82,direct,0.5084471143894534,,,154.0,6.0,0.025468387508108356,51.73362910201089,0.7940520503118303,0.637289287626869,32.33421643234411,0.25641190657654067,2.546714897374917,,
2020,5,coarse,83,direct,0.51023509505484,,,325.0,2.0,0.05409735557617,47.89939707186949,0.8832977835639271,0.9049755762439412,0.25516643375039716,0.029416944854695176,1.8768701068275995,,
2020,5,coarse,84,direct,0.5115530771943628,,,323.0,2.0,0.05952512371690523,7.3561312571302535,0.8828066783461526,0.5194442728369237,46.419259116333045,1.1727676687410102,2.144920296886474,,
2020,5,coarse,85,direct,0.5124772026244295,,,173.0,5.0,0.03437883306127211,2.773962022463083,0.8843314959883579,0.6591174686255034,78.94981393425448,0.0246354593617209,0.13778240831877064,,
2020,5,coarse,86,direct,0.5096975070736129,,,320.0,2.0,0.05123062168503441,1.4661404583944162,0.7170148737277271,0.6351232767484494,3.4935500875714007,1.9358620630754502,4.05188765216089,,
2020,5,coarse,87,direct,0.5058221894177954,,,422.0,6.0,0.01015627070303812,36.72298171773921,0.7584245106038103,0.5559453782719519,0.24436927844972897,0.0,0.4811858788047385,,
2020,5,coarse,88,direct,0.505865686559565,,,425.0,6.0,0.010196272955330751,1.0222766923978712,0.9225545579250534,0.826280181974226,0.4058473723320186,0.0,2.3313062743772797,,
2020,5,coarse,89,direct,0.5119481096007215,,,229.0,3.0,0.059688196684099075,5.155638043485394,0.7838113426790163,0.6602049084105744,61.77764291154232,0.0,2.0134371931966517,,
2020,5,coarse,90,direct,0.5187155930432066,,,34.0,6.0,0.09602967076057013,42.73715676114025,0.6447300757029808,0.8238913411103341,1.6913458269352082,0.0,0.001559252333087069,,
2020,5,coarse,91,direct,0.5037830368356749,,,417.0,4.0,0.017584445119468876,12.023170162881756,0.845753997982353,0.5266524965310003,0.14069425535374608,0.00039024027826087114,0.9466210710739564,,
2020,5,coarse,92,direct,0.5142703492576352,,,32.0,5.0,0.12155857295870036,7.029119097584628,0.6059656421031232,0.5262503789120964,1.1327711460412722,0.07426098527979913,3.145722326458846,,
2020,5,coarse,93,direct,0.5123768272946975,,,589.0,4.0,0.01607772686713565,58.58565867444653,0.9957784087383287,0.9332476614328438,19.341097423446843,0.00013686521951527424,0.2882984124375454,,
2020,5,coarse,94,direct,0.5146857423589888,,,36.0,6.0,0.10177021064149849,1.2319493854073917,0.9740793609749794,0.985742824644058,8.282656749848876,0.00010244704721441725,4.975205885286788,,
2020,5,coarse,95,direct,0.5090058453618893,,,181.0,2.0,0.10191947549469274,25.91758187977807,0.7577284522569445,0.5790806839643232,9.450270962207833,0.12759933216957522,0.590907108092113,,
2020,5,full_inner,91,direct,0.5931155611916367,0.6807211512472913,,332.0,4.0,0.017584445119468876,12.023170162881756,0.845753997982353,0.5266524965310003,0.14069425535374608,0.00039024027826087114,0.9466210710739564,,
2020,5,full_inner,64,direct,0.6062567694281673,0.692147515140353,,397.0,5.0,0.012397042132572937,4.818306828515858,0.6792217026132105,0.7976553535918061,0.536832180178445,0.01851249065569294,2.888538736177728,,
2020,5,full_inner,52,direct,0.6054928968699447,0.6921702293667629,,413.0,5.0,0.011894794215646893,10.948149793944104,0.9517137013670367,0.7886656870453422,0.1699671938655904,0.001570124419063149,1.9409820944717138,,
2020,5,full_inner,42,direct,0.5998604388084052,0.6836847325849907,,200.0,5.0,0.028672779687180662,12.551613007706257,0.6738624929635467,0.6302820104701345,3.0291077076330977,0.004010204614905998,4.3978300559300285,,
2020,5,full_inner,22,direct,0.5966881720036163,0.6912080914536893,,74.0,5.0,0.07272169724137856,1.7540005792976638,0.9094442975469155,0.5006213304687586,64.19309797735394,0.30131892607316274,3.6495771273875977,,
2020,5,full_inner,25,direct,0.5908702776997654,0.6816784985428685,,302.0,4.0,0.020769042367594696,13.791668974474772,0.6598717759568685,0.5148519648975334,1.4829557124512165,0.00034478016824045953,2.1242383646847385,,
2020,5,full_inner,37,direct,0.6021708059752948,0.6833466884481036,,111.0,5.0,0.03823635867304879,2.9192178964337057,0.7056131384952877,0.5615956822692185,2.478767876020354,3.873044312933045,2.2357171978782304,,
2020,5,full_inner,63,direct,0.6193825700035268,0.7029484476196337,,314.0,6.0,0.014119049957120973,2.749651713642465,0.7075828830309727,0.8249802305198262,2.240866876832263,0.001931695548452399,2.144999685363034,,
2020,5,variant_selection,25,direct,0.5822742551997497,,,228.0,,,,,,,,,0.55,1.0889498243233078
2021,5,linear_full_inner,ridge_har:0.001,ridge_har,0.899119244693139,1.902533386287059,0.001,,,,,,,,,,,
2021,5,linear_full_inner,ridge_har:0.01,ridge_har,0.8991192706091947,1.9025334462421202,0.01,,,,,,,,,,,
2021,5,linear_full_inner,ridge_har:0.1,ridge_har,0.8991195297788004,1.9025340458027569,0.1,,,,,,,,,,,
2021,5,linear_full_inner,ridge_har:1.0,ridge_har,0.899122122378814,1.9025400424115848,1.0,,,,,,,,,,,
2021,5,linear_full_inner,ridge_har:10.0,ridge_har,0.8991481380067764,1.9026001082667605,10.0,,,,,,,,,,,
2021,5,linear_full_inner,linear_gamma:0.001,linear_gamma,0.8142429234127008,1.7580858572969578,0.001,,,,,,,,,,,
2021,5,linear_full_inner,linear_gamma:0.01,linear_gamma,0.809487395733707,1.740229796067921,0.01,,,,,,,,,,,
2021,5,linear_full_inner,linear_gamma:0.1,linear_gamma,0.7897282965905884,1.6551899713560412,0.1,,,,,,,,,,,
2021,5,linear_full_inner,linear_gamma:1.0,linear_gamma,0.7818929344032401,1.5492123361428802,1.0,,,,,,,,,,,
2021,5,linear_full_inner,linear_gamma:10.0,linear_gamma,0.9209086380584461,1.8075842365240515,10.0,,,,,,,,,,,
2021,5,coarse,0,direct,1.6085319436165515,,,251.0,2.0,0.016810683468738295,55.119162244389045,0.8186567693229744,0.95374768677931,0.11235382553916115,0.11872960983376865,3.043918974129779,,
2021,5,coarse,1,direct,1.6899081553065547,,,23.0,3.0,0.14038131611413024,7.835976473366356,0.65400434553277,0.6303836587705103,24.771214655172628,0.0,2.486859469740904,,
2021,5,coarse,2,direct,1.5788710219767925,,,47.0,2.0,0.09305619122136746,1.632326106680591,0.889274847284669,0.6799502350332256,68.88701686179753,0.0,2.3513001418101376,,
2021,5,coarse,3,direct,2.0662347585529766,,,75.0,4.0,0.04260084045026215,2.9950184511931326,0.9557323085481404,0.7221366332723016,0.6148489658130238,0.0005609060902787453,0.921253966934894,,
2021,5,coarse,4,direct,1.6726355415203236,,,33.0,3.0,0.1484553508100239,2.1218655327116833,0.651043069410163,0.8776753763395864,21.1577902801402,0.011931237244362097,0.1939298133819678,,
2021,5,coarse,5,direct,1.619386592045812,,,178.0,2.0,0.022690762544950487,23.585366860503754,0.7281166075620962,0.8007411144145034,1.0045234290501277,0.0,4.593158001104692,,
2021,5,coarse,6,direct,1.6055831663730418,,,167.0,2.0,0.024937877092109085,1.2195290039492932,0.8006366675284557,0.850147927064546,12.943398074700601,0.4648579107455426,1.8846037450174191,,
2021,5,coarse,7,direct,1.7337702118068887,,,67.0,3.0,0.05847891521213486,16.117729623062417,0.811820190241648,0.9545687065990864,28.33284840449706,0.03456078869009234,2.4839834971511094,,
2021,5,coarse,8,direct,1.6017968592257865,,,224.0,2.0,0.01845560216114069,28.321043386094992,0.909043670332336,0.6353745876684644,0.20556129619813737,0.0,0.11544561207638582,,
2021,5,coarse,9,direct,1.7906648096982112,,,140.0,3.0,0.02785801629701712,2.4187030192248744,0.6078214079461276,0.9635847476072645,1.248012294015271,0.0011598597583676734,0.660701337482878,,
2021,5,coarse,10,direct,1.72298127276925,,,115.0,3.0,0.03347083163676745,4.2622413983596195,0.677952880628176,0.5213058839870837,6.461771999719673,0.872566136168424,4.86684934091484,,
2021,5,coarse,11,direct,1.6892950613090165,,,38.0,3.0,0.10112400116568608,1.7878262636323983,0.6043047438890682,0.779923519761126,0.4077513984136103,6.9378664448940155,1.1559040482212857,,
2021,5,coarse,12,direct,2.1017833829225694,,,63.0,5.0,0.04549563568893397,12.532624363309665,0.9819923104368238,0.540059473534411,1.463062809139209,0.0037866963500516014,3.1907591634567694,,
2021,5,coarse,13,direct,1.8788879316502356,,,115.0,4.0,0.031402925854985005,1.1560939832245865,0.9998943748262439,0.5182285975902221,44.220247540384115,0.0,4.226699967961472,,
2021,5,coarse,14,direct,1.7855313715286718,,,27.0,3.0,0.1364459214367544,1.6952065390452866,0.6655404783866105,0.783924794356835,0.9571032942155548,0.9483027095641382,2.446285197725712,,
2021,5,coarse,15,direct,1.5920873727223293,,,42.0,2.0,0.09330680111548337,44.90505078181925,0.7874429478499592,0.5367859076238702,2.5094164650761073,0.0,3.2603460446595793,,
2021,5,coarse,16,direct,2.1288625008063105,,,115.0,5.0,0.028405814500156574,6.292310786723709,0.959703615324008,0.5473701119575725,41.676737391146595,1.2506458254395292,1.7845081175687216,,
2021,5,coarse,17,direct,1.9398477577936304,,,21.0,5.0,0.1471502221564383,59.896190402270065,0.6531652916936086,0.5503439167464454,0.1408529092458632,0.00040581736859182605,2.5522651615272314,,
2021,5,coarse,18,direct,1.7674400034174151,,,276.0,3.0,0.01311953596835786,2.5206656147567696,0.8740178623217499,0.9091082355277562,0.4787159828613117,0.0,4.498448849222058,,
2021,5,coarse,19,direct,2.0235110622728887,,,49.0,4.0,0.05804048341805567,1.0455826694592603,0.8539665799628785,0.6389785287274065,3.0190600478215597,0.0018415032987270136,0.02508364218922088,,
2021,5,coarse,20,direct,2.413115923429886,,,67.0,6.0,0.04841363977926772,8.459952771194493,0.9572739746639483,0.7637627832499377,2.460030717171174,3.4883455468391005,0.6994975263107589,,
2021,5,coarse,21,direct,1.6127214332066113,,,85.0,2.0,0.04743554958231196,32.823645594889136,0.6664128848502963,0.7388530539826339,34.72080746299189,0.0007563379321334618,3.85766417027033,,
2021,5,coarse,22,direct,2.0502266885114486,,,45.0,5.0,0.07272169724137856,1.7540005792976638,0.9094442975469155,0.5006213304687586,64.19309797735394,0.30131892607316274,3.6495771273875977,,
2021,5,coarse,23,direct,1.5890466680130815,,,40.0,2.0,0.1063614071463956,1.812508559407195,0.6290765614014403,0.6490822790866912,38.95413636138779,0.0007396274238340902,2.1540501691961476,,
2021,5,coarse,24,direct,1.5992416634865287,,,56.0,2.0,0.07407251473176883,6.412689880745559,0.8138303810314409,0.8022635343080042,5.856523716008245,0.18982367710946238,4.743320221532144,,
2021,5,coarse,25,direct,1.9038160234536758,,,162.0,4.0,0.020769042367594696,13.791668974474772,0.6598717759568685,0.5148519648975334,1.4829557124512165,0.00034478016824045953,2.1242383646847385,,
2021,5,coarse,26,direct,1.871176089008793,,,73.0,4.0,0.04600131513205375,12.723331848536958,0.8611815670300639,0.8341507642881436,22.17471561041375,0.024530503743838028,1.2848669778866513,,
2021,5,coarse,27,direct,1.917497683670972,,,128.0,4.0,0.027213001572269833,2.376166415606863,0.7640689249277547,0.6874730132059221,0.6008412009646449,0.0,2.8836160282795467,,
2021,5,coarse,28,direct,1.909236691513077,,,225.0,4.0,0.017237652957384067,1.102097366386189,0.8986403921826964,0.5353665909436108,6.736505225156358,0.006818370458044081,0.1087574953532483,,
2021,5,coarse,29,direct,1.5836736891379668,,,28.0,2.0,0.1454726579694726,6.529536820413327,0.8476627047665758,0.5393197030677156,0.8689238985414293,0.5739232174600256,2.2496366103413674,,
2021,5,coarse,30,direct,2.0874387088176967,,,27.0,5.0,0.11008351078396893,1.0768716638910665,0.8134311224695298,0.7218470211206919,1.2466501430464916,0.0023165321735811057,0.3457760417308503,,
2021,5,coarse,31,direct,2.4419971966357474,,,27.0,6.0,0.12450295713056359,5.964863382464574,0.7775213642143721,0.5943737290859757,0.9495459619816234,0.0,1.6645677482257408,,
2021,5,coarse,32,direct,1.8871173065279079,,,40.0,4.0,0.09555747254524866,3.339589753483531,0.7888214221636962,0.731867428588183,12.396957218981017,0.025773309119445625,1.3893599838308734,,
2021,5,coarse,33,direct,2.0390560236106947,,,98.0,5.0,0.03307612457460172,15.95035773208056,0.805292781719349,0.7101664668933132,50.284918248123326,0.0,4.790028223872382,,
2021,5,coarse,34,direct,2.0185373114884757,,,247.0,5.0,0.012747208805712536,34.067256820065694,0.7264679854027407,0.5122807884110472,16.001361165455027,1.0087960018787985,3.339515105864064,,
2021,5,coarse,35,direct,1.718371614674964,,,27.0,3.0,0.12203185705919098,6.884283992482084,0.883825156769638,0.8230324517913344,0.12924694165793071,0.000370496362002457,3.259010384791284,,
2021,5,coarse,36,direct,1.6082015507434744,,,339.0,2.0,0.013332615007599878,31.92495030229587,0.9001954743288576,0.6278072495789468,31.721757868222674,0.12143034361552162,2.2495024288283205,,
2021,5,coarse,37,direct,2.0315666115603435,,,98.0,5.0,0.03823635867304879,2.9192178964337057,0.7056131384952877,0.5615956822692185,2.478767876020354,3.873044312933045,2.2357171978782304,,
2021,5,coarse,38,direct,1.8714533861943807,,,47.0,4.0,0.06672705951703976,2.70672265423012,0.8053193000005714,0.7432793676424367,54.50993758434763,0.1763194393573364,0.17809672922888653,,
2021,5,coarse,39,direct,2.1691943163958847,,,35.0,5.0,0.09904909763560564,14.428965075208994,0.8443247223775455,0.7777876188807689,2.411736145240018,0.0,1.006443787771683,,
2021,5,coarse,40,direct,2.1080745007009183,,,178.0,5.0,0.01734675425942572,2.9102489342915057,0.926685932511976,0.8603962347877447,0.26202195721651816,0.703362805264452,3.2991452247567716,,
2021,5,coarse,41,direct,1.9490865313766517,,,147.0,4.0,0.02475819813349527,27.14393201397485,0.7846249212267163,0.900876276591754,1.0994603687653746,0.0,2.0477650060757706,,
2021,5,coarse,42,direct,2.046347880399344,,,125.0,5.0,0.028672779687180662,12.551613007706257,0.6738624929635467,0.6302820104701345,3.0291077076330977,0.004010204614905998,4.3978300559300285,,
2021,5,coarse,43,direct,1.7193175177091058,,,218.0,3.0,0.018671862071946634,1.401393359198495,0.8126648473219283,0.6976923086352784,14.74241849455122,0.002047013044786316,0.849760462365235,,
2021,5,coarse,44,direct,1.7572447174165706,,,82.0,3.0,0.0411317443025174,6.2432411361879065,0.6520146345475489,0.916194628483469,0.11674085337776108,0.022622879972084575,3.859598157434405,,
2021,5,coarse,45,direct,1.7701769252399593,,,226.0,3.0,0.01595947865577667,4.946298920100062,0.9243002770433422,0.7107772098297316,1.3179316260121636,0.0,4.586006590674058,,
2021,5,coarse,46,direct,1.5934681036163816,,,247.0,2.0,0.01797522180633576,7.347411838166395,0.7667650355177703,0.5474379662497563,14.297018369077687,5.229063765246583,1.4506358813304048,,
2021,5,coarse,47,direct,1.9311954267503184,,,289.0,4.0,0.013316534020025604,8.383467165313165,0.9575765808776262,0.8167883718396487,3.2074682616292,3.296028853389544,4.44860926253836,,
2021,5,coarse,48,direct,1.6134882471204202,,,133.0,2.0,0.032579102647939256,53.23842049044245,0.6620945591447528,0.85714269815283,2.6278551089599085,0.003942893420477396,0.3580699230392842,,
2021,5,coarse,49,direct,1.7111690335535232,,,42.0,3.0,0.08377745972352482,2.904293293958526,0.6841963852150503,0.8107044155316834,6.5853136207947465,0.00032791038515188786,4.0059308805883305,,
2021,5,coarse,50,direct,1.8888782432146338,,,95.0,4.0,0.03753418111725765,17.47906887666331,0.7179164541391094,0.7963769834297969,17.774546675897962,0.0,0.7245421784563316,,
2021,5,coarse,51,direct,1.59187697835199,,,42.0,2.0,0.09712450443770068,19.873737740286536,0.9653996959635643,0.808235692677708,1.0857419910672097,0.000277111569727843,2.198148629386954,,
2021,5,coarse,52,direct,2.08475925212511,,,274.0,5.0,0.011894794215646893,10.948149793944104,0.9517137013670367,0.7886656870453422,0.1699671938655904,0.001570124419063149,1.9409820944717138,,
2021,5,coarse,53,direct,1.7047078815523344,,,57.0,3.0,0.07702995048983494,6.058871669262655,0.9825948163986298,0.6059531698345416,24.206715053194255,0.011159705570884294,1.6844181053060048,,
2021,5,coarse,54,direct,2.1964382890761716,,,75.0,5.0,0.040500245262775306,1.605239840439291,0.7886102896046301,0.8160362501051995,1.5801288278860754,0.00048101341157796493,1.2803959313816953,,
2021,5,coarse,55,direct,1.759112631330547,,,24.0,3.0,0.14300294397591817,24.08964019785051,0.8836950527238809,0.5413900672927074,8.585655589941501,0.8559940865291982,1.780410255069797,,
2021,5,coarse,56,direct,1.6270612305391545,,,288.0,2.0,0.014786020886011194,19.074630974963505,0.6785167287152978,0.5706008982742522,0.4502987137366124,0.42561599377309567,3.6753337726996937,,
2021,5,coarse,57,direct,2.3915961045983205,,,258.0,6.0,0.011860025942700409,3.2821525885566927,0.8307204688622092,0.9123760549715234,30.959130593078328,0.0,3.6597370743274604,,
2021,5,coarse,58,direct,1.9235811158018936,,,95.0,4.0,0.03575980810784384,7.595402577092506,0.9967233681951965,0.9916294743796958,0.1139189012179602,0.20166918070319698,1.6546549684573142,,
2021,5,coarse,59,direct,1.64279070428118,,,28.0,2.0,0.1243133099225857,1.3482793831868074,0.6468572233510238,0.61944742979272,39.83854065200464,0.0012978453891418543,4.393389730583989,,
2021,5,coarse,60,direct,1.8103451983443644,,,113.0,4.0,0.03589637188959825,6.492289521383685,0.7883156354899614,0.5770209926183111,85.55934042285628,0.002483083453073028,0.47909660302960233,,
2021,5,coarse,61,direct,1.9301083581198095,,,28.0,4.0,0.10640431235235005,3.622286763254677,0.7410729780227249,0.6169238464055251,0.25731523626552455,0.0,0.9178843103107559,,
2021,5,coarse,62,direct,2.225950217703805,,,94.0,6.0,0.03969323784450192,2.0002531736283315,0.6945446813339419,0.5348989290084459,32.9914399063462,1.5943700749771792,4.883930175746702,,
2021,5,coarse,63,direct,2.4277567452954805,,,177.0,6.0,0.014119049957120973,2.749651713642465,0.7075828830309727,0.8249802305198262,2.240866876832263,0.001931695548452399,2.144999685363034,,
2021,5,coarse,64,direct,2.132525105479774,,,249.0,5.0,0.012397042132572937,4.818306828515858,0.6792217026132105,0.7976553535918061,0.536832180178445,0.01851249065569294,2.888538736177728,,
2021,5,coarse,65,direct,2.185298608010226,,,107.0,6.0,0.028799044713627382,16.350701648691427,0.8510825048106321,0.828518873448677,4.0691402237551495,0.002065793786135431,1.7377506024841898,,
2021,5,coarse,66,direct,1.5576199393986332,,,28.0,2.0,0.1414978505057996,1.4323385835712157,0.6607865216126029,0.7044706265464652,3.801616173600101,0.00023796932929691478,0.6152351537315809,,
2021,5,coarse,67,direct,2.186659841203845,,,91.0,5.0,0.03635816574890565,2.0954417584085285,0.8108722477231776,0.9194537124062774,0.3826647290954186,0.0,0.34497127278346695,,
2021,5,coarse,68,direct,1.7587251820055188,,,128.0,3.0,0.030384857877362333,55.97921181072484,0.6883950137063961,0.7262332197378971,2.1025726476442346,0.0,2.881919006555761,,
2021,5,coarse,69,direct,2.5374884819488828,,,56.0,6.0,0.0680833158876155,3.249931908596805,0.8787310045262472,0.9857357550681056,96.8874771047533,0.045184260590308445,0.13243103996912808,,
2021,5,coarse,70,direct,1.9094356866804985,,,98.0,4.0,0.03456713741366954,15.004623725778611,0.9207620156949223,0.9519001062765866,66.75122871508896,0.0010406824028230414,1.3880916841372781,,
2021,5,coarse,71,direct,2.1627607301921437,,,51.0,5.0,0.056801573083385334,1.2434374638107393,0.808071599095945,0.6904776249668959,11.9426790547697,0.10426320591726872,1.8307771537323725,,
2021,5,coarse,72,direct,2.30936206632416,,,76.0,6.0,0.03938847289287143,26.044965453083332,0.9694805657091756,0.8162538496781191,27.50040881188148,0.0,2.296619716689138,,
2021,5,coarse,73,direct,1.9286943544378343,,,38.0,5.0,0.07910327496544721,60.580062679834604,0.6876594282317419,0.6755873061060155,2.43666181547593,0.12463692987068953,4.952601808408869,,
2021,5,coarse,74,direct,1.6207263149945452,,,397.0,2.0,0.011585073584015487,1.8733419725889013,0.8793143418812608,0.7711105629732811,35.72233282406667,0.0,0.62884312211206,,
2021,5,coarse,75,direct,1.974327748209268,,,50.0,4.0,0.05213883266821991,5.893143373452778,0.9851430202389916,0.6693543324646221,10.773529340629755,3.679821296628186,2.761159891250639,,
2021,5,coarse,76,direct,1.564575753825311,,,47.0,2.0,0.08405693416085773,2.6818837383828855,0.6861087442615539,0.8128080216440733,2.555707501951048,0.43180433949456865,2.19569393581153,,
2021,5,coarse,77,direct,2.2311184113457845,,,38.0,6.0,0.09282329655234453,23.970580590602463,0.7273834255124151,0.5775673649693207,8.624332468195716,0.00017013077583600392,2.682703233609571,,
2021,5,coarse,78,direct,1.9586826735875198,,,36.0,4.0,0.1042877570398033,25.40428486316132,0.942115079444604,0.6803922859004549,8.882093105603069,5.1345815195455895,1.74818868152945,,
2021,5,coarse,79,direct,2.3297551750557925,,,149.0,6.0,0.020586858800382895,35.75145241267939,0.9883616912127279,0.8285228438835714,16.579648966634206,0.008315552127750009,4.648750872173208,,
2021,5,coarse,80,direct,1.6012020088722008,,,29.0,2.0,0.1340418820722338,5.835724247309656,0.6199372714896739,0.7353199905092667,3.279644532317947,0.0003464656331359056,1.2720928988688107,,
2021,5,coarse,81,direct,2.0855325429427722,,,37.0,5.0,0.1248033523992081,13.16388028489069,0.6812138276280535,0.9336021948995091,2.821114685007188,0.0038052455709144534,2.3777249923600206,,
2021,5,coarse,82,direct,2.147720602181095,,,130.0,6.0,0.025468387508108356,51.73362910201089,0.7940520503118303,0.637289287626869,32.33421643234411,0.25641190657654067,2.546714897374917,,
2021,5,coarse,83,direct,1.6220526565295177,,,74.0,2.0,0.05409735557617,47.89939707186949,0.8832977835639271,0.9049755762439412,0.25516643375039716,0.029416944854695176,1.8768701068275995,,
2021,5,coarse,84,direct,1.6316823211631202,,,65.0,2.0,0.05952512371690523,7.3561312571302535,0.8828066783461526,0.5194442728369237,46.419259116333045,1.1727676687410102,2.144920296886474,,
2021,5,coarse,85,direct,2.116646559135049,,,99.0,5.0,0.03437883306127211,2.773962022463083,0.8843314959883579,0.6591174686255034,78.94981393425448,0.0246354593617209,0.13778240831877064,,
2021,5,coarse,86,direct,1.611395331470145,,,85.0,2.0,0.05123062168503441,1.4661404583944162,0.7170148737277271,0.6351232767484494,3.4935500875714007,1.9358620630754502,4.05188765216089,,
2021,5,coarse,87,direct,2.2190768136300947,,,281.0,6.0,0.01015627070303812,36.72298171773921,0.7584245106038103,0.5559453782719519,0.24436927844972897,0.0,0.4811858788047385,,
2021,5,coarse,88,direct,2.4771426482203815,,,274.0,6.0,0.010196272955330751,1.0222766923978712,0.9225545579250534,0.826280181974226,0.4058473723320186,0.0,2.3313062743772797,,
2021,5,coarse,89,direct,1.7282198901658143,,,63.0,3.0,0.059688196684099075,5.155638043485394,0.7838113426790163,0.6602049084105744,61.77764291154232,0.0,2.0134371931966517,,
2021,5,coarse,90,direct,2.2649119985847035,,,27.0,6.0,0.09602967076057013,42.73715676114025,0.6447300757029808,0.8238913411103341,1.6913458269352082,0.0,0.001559252333087069,,
2021,5,coarse,91,direct,2.0130163477077225,,,173.0,4.0,0.017584445119468876,12.023170162881756,0.845753997982353,0.5266524965310003,0.14069425535374608,0.00039024027826087114,0.9466210710739564,,
2021,5,coarse,92,direct,2.210131667378116,,,25.0,5.0,0.12155857295870036,7.029119097584628,0.6059656421031232,0.5262503789120964,1.1327711460412722,0.07426098527979913,3.145722326458846,,
2021,5,coarse,93,direct,1.8850670700755108,,,234.0,4.0,0.01607772686713565,58.58565867444653,0.9957784087383287,0.9332476614328438,19.341097423446843,0.00013686521951527424,0.2882984124375454,,
2021,5,coarse,94,direct,2.3066362022886127,,,31.0,6.0,0.10177021064149849,1.2319493854073917,0.9740793609749794,0.985742824644058,8.282656749848876,0.00010244704721441725,4.975205885286788,,
2021,5,coarse,95,direct,1.6132733276511988,,,36.0,2.0,0.10191947549469274,25.91758187977807,0.7577284522569445,0.5790806839643232,9.450270962207833,0.12759933216957522,0.590907108092113,,
2021,5,full_inner,66,direct,0.7759761942256477,1.5576199393986332,,81.0,2.0,0.1414978505057996,1.4323385835712157,0.6607865216126029,0.7044706265464652,3.801616173600101,0.00023796932929691478,0.6152351537315809,,
2021,5,full_inner,76,direct,0.7818730973038914,1.564575753825311,,81.0,2.0,0.08405693416085773,2.6818837383828855,0.6861087442615539,0.8128080216440733,2.555707501951048,0.43180433949456865,2.19569393581153,,
2021,5,full_inner,2,direct,0.7830556848265934,1.5788710219767925,,164.0,2.0,0.09305619122136746,1.632326106680591,0.889274847284669,0.6799502350332256,68.88701686179753,0.0,2.3513001418101376,,
2021,5,full_inner,29,direct,0.7821848092011285,1.5836736891379668,,112.0,2.0,0.1454726579694726,6.529536820413327,0.8476627047665758,0.5393197030677156,0.8689238985414293,0.5739232174600256,2.2496366103413674,,
2021,5,full_inner,23,direct,0.7867601539487896,1.5890466680130815,,103.0,2.0,0.1063614071463956,1.812508559407195,0.6290765614014403,0.6490822790866912,38.95413636138779,0.0007396274238340902,2.1540501691961476,,
2021,5,full_inner,51,direct,0.785591287944791,1.59187697835199,,70.0,2.0,0.09712450443770068,19.873737740286536,0.9653996959635643,0.808235692677708,1.0857419910672097,0.000277111569727843,2.198148629386954,,
2021,5,full_inner,15,direct,0.7833003641070214,1.5920873727223293,,156.0,2.0,0.09330680111548337,44.90505078181925,0.7874429478499592,0.5367859076238702,2.5094164650761073,0.0,3.2603460446595793,,
2021,5,full_inner,46,direct,0.785735982296727,1.5934681036163816,,552.0,2.0,0.01797522180633576,7.347411838166395,0.7667650355177703,0.5474379662497563,14.297018369077687,5.229063765246583,1.4506358813304048,,
2021,5,variant_selection,66,direct,0.7219431926957457,,,76.0,,,,,,,,,0.55,1.1858030028974618
2022,5,linear_full_inner,ridge_har:0.001,ridge_har,0.8244303968441088,1.902533386287059,0.001,,,,,,,,,,,
2022,5,linear_full_inner,ridge_har:0.01,ridge_har,0.8244304194551472,1.9025334462421202,0.01,,,,,,,,,,,
2022,5,linear_full_inner,ridge_har:0.1,ridge_har,0.8244306455732575,1.9025340458027569,0.1,,,,,,,,,,,
2022,5,linear_full_inner,ridge_har:1.0,ridge_har,0.8244329075264378,1.9025400424115848,1.0,,,,,,,,,,,
2022,5,linear_full_inner,ridge_har:10.0,ridge_har,0.824455603619271,1.9026001082667605,10.0,,,,,,,,,,,
2022,5,linear_full_inner,linear_gamma:0.001,linear_gamma,0.7539108134210006,1.7580858572969578,0.001,,,,,,,,,,,
2022,5,linear_full_inner,linear_gamma:0.01,linear_gamma,0.7496962610518977,1.740229796067921,0.01,,,,,,,,,,,
2022,5,linear_full_inner,linear_gamma:0.1,linear_gamma,0.7318190083544929,1.6551899713560412,0.1,,,,,,,,,,,
2022,5,linear_full_inner,linear_gamma:1.0,linear_gamma,0.7254033356119338,1.5492123361428802,1.0,,,,,,,,,,,
2022,5,linear_full_inner,linear_gamma:10.0,linear_gamma,0.8535666454225476,1.8075842365240515,10.0,,,,,,,,,,,
2022,5,coarse,0,direct,0.41914334228411126,,,655.0,2.0,0.016810683468738295,55.119162244389045,0.8186567693229744,0.95374768677931,0.11235382553916115,0.11872960983376865,3.043918974129779,,
2022,5,coarse,1,direct,0.418398945669758,,,61.0,3.0,0.14038131611413024,7.835976473366356,0.65400434553277,0.6303836587705103,24.771214655172628,0.0,2.486859469740904,,
2022,5,coarse,2,direct,0.41944965246825455,,,146.0,2.0,0.09305619122136746,1.632326106680591,0.889274847284669,0.6799502350332256,68.88701686179753,0.0,2.3513001418101376,,
2022,5,coarse,3,direct,0.414594698196645,,,217.0,4.0,0.04260084045026215,2.9950184511931326,0.9557323085481404,0.7221366332723016,0.6148489658130238,0.0005609060902787453,0.921253966934894,,
2022,5,coarse,4,direct,0.41403668226530965,,,48.0,3.0,0.1484553508100239,2.1218655327116833,0.651043069410163,0.8776753763395864,21.1577902801402,0.011931237244362097,0.1939298133819678,,
2022,5,coarse,5,direct,0.41776329072936663,,,490.0,2.0,0.022690762544950487,23.585366860503754,0.7281166075620962,0.8007411144145034,1.0045234290501277,0.0,4.593158001104692,,
2022,5,coarse,6,direct,0.41886512068149306,,,460.0,2.0,0.024937877092109085,1.2195290039492932,0.8006366675284557,0.850147927064546,12.943398074700601,0.4648579107455426,1.8846037450174191,,
2022,5,coarse,7,direct,0.41935521658322195,,,156.0,3.0,0.05847891521213486,16.117729623062417,0.811820190241648,0.9545687065990864,28.33284840449706,0.03456078869009234,2.4839834971511094,,
2022,5,coarse,8,direct,0.4172331071971871,,,647.0,2.0,0.01845560216114069,28.321043386094992,0.909043670332336,0.6353745876684644,0.20556129619813737,0.0,0.11544561207638582,,
2022,5,coarse,9,direct,0.41707263216387425,,,217.0,3.0,0.02785801629701712,2.4187030192248744,0.6078214079461276,0.9635847476072645,1.248012294015271,0.0011598597583676734,0.660701337482878,,
2022,5,coarse,10,direct,0.4160150826755195,,,236.0,3.0,0.03347083163676745,4.2622413983596195,0.677952880628176,0.5213058839870837,6.461771999719673,0.872566136168424,4.86684934091484,,
2022,5,coarse,11,direct,0.4123742695908718,,,75.0,3.0,0.10112400116568608,1.7878262636323983,0.6043047438890682,0.779923519761126,0.4077513984136103,6.9378664448940155,1.1559040482212857,,
2022,5,coarse,12,direct,0.4229472637496766,,,112.0,5.0,0.04549563568893397,12.532624363309665,0.9819923104368238,0.540059473534411,1.463062809139209,0.0037866963500516014,3.1907591634567694,,
2022,5,coarse,13,direct,0.41755022609051096,,,316.0,4.0,0.031402925854985005,1.1560939832245865,0.9998943748262439,0.5182285975902221,44.220247540384115,0.0,4.226699967961472,,
2022,5,coarse,14,direct,0.4155819359037509,,,70.0,3.0,0.1364459214367544,1.6952065390452866,0.6655404783866105,0.783924794356835,0.9571032942155548,0.9483027095641382,2.446285197725712,,
2022,5,coarse,15,direct,0.4170814550356487,,,204.0,2.0,0.09330680111548337,44.90505078181925,0.7874429478499592,0.5367859076238702,2.5094164650761073,0.0,3.2603460446595793,,
2022,5,coarse,16,direct,0.4204298973635108,,,217.0,5.0,0.028405814500156574,6.292310786723709,0.959703615324008,0.5473701119575725,41.676737391146595,1.2506458254395292,1.7845081175687216,,
2022,5,coarse,17,direct,0.42375197136833476,,,48.0,5.0,0.1471502221564383,59.896190402270065,0.6531652916936086,0.5503439167464454,0.1408529092458632,0.00040581736859182605,2.5522651615272314,,
2022,5,coarse,18,direct,0.417783548699752,,,698.0,3.0,0.01311953596835786,2.5206656147567696,0.8740178623217499,0.9091082355277562,0.4787159828613117,0.0,4.498448849222058,,
2022,5,coarse,19,direct,0.41668846458679654,,,125.0,4.0,0.05804048341805567,1.0455826694592603,0.8539665799628785,0.6389785287274065,3.0190600478215597,0.0018415032987270136,0.02508364218922088,,
2022,5,coarse,20,direct,0.43141753320275156,,,138.0,6.0,0.04841363977926772,8.459952771194493,0.9572739746639483,0.7637627832499377,2.460030717171174,3.4883455468391005,0.6994975263107589,,
2022,5,coarse,21,direct,0.4173599447862506,,,265.0,2.0,0.04743554958231196,32.823645594889136,0.6664128848502963,0.7388530539826339,34.72080746299189,0.0007563379321334618,3.85766417027033,,
2022,5,coarse,22,direct,0.42370790762784566,,,74.0,5.0,0.07272169724137856,1.7540005792976638,0.9094442975469155,0.5006213304687586,64.19309797735394,0.30131892607316274,3.6495771273875977,,
2022,5,coarse,23,direct,0.4160417315997681,,,146.0,2.0,0.1063614071463956,1.812508559407195,0.6290765614014403,0.6490822790866912,38.95413636138779,0.0007396274238340902,2.1540501691961476,,
2022,5,coarse,24,direct,0.4196947941859991,,,117.0,2.0,0.07407251473176883,6.412689880745559,0.8138303810314409,0.8022635343080042,5.856523716008245,0.18982367710946238,4.743320221532144,,
2022,5,coarse,25,direct,0.41689698985939283,,,290.0,4.0,0.020769042367594696,13.791668974474772,0.6598717759568685,0.5148519648975334,1.4829557124512165,0.00034478016824045953,2.1242383646847385,,
2022,5,coarse,26,direct,0.41931997382462755,,,173.0,4.0,0.04600131513205375,12.723331848536958,0.8611815670300639,0.8341507642881436,22.17471561041375,0.024530503743838028,1.2848669778866513,,
2022,5,coarse,27,direct,0.41526181301743414,,,377.0,4.0,0.027213001572269833,2.376166415606863,0.7640689249277547,0.6874730132059221,0.6008412009646449,0.0,2.8836160282795467,,
2022,5,coarse,28,direct,0.41625740441912995,,,443.0,4.0,0.017237652957384067,1.102097366386189,0.8986403921826964,0.5353665909436108,6.736505225156358,0.006818370458044081,0.1087574953532483,,
2022,5,coarse,29,direct,0.41701082720628624,,,77.0,2.0,0.1454726579694726,6.529536820413327,0.8476627047665758,0.5393197030677156,0.8689238985414293,0.5739232174600256,2.2496366103413674,,
2022,5,coarse,30,direct,0.4287365006855043,,,49.0,5.0,0.11008351078396893,1.0768716638910665,0.8134311224695298,0.7218470211206919,1.2466501430464916,0.0023165321735811057,0.3457760417308503,,
2022,5,coarse,31,direct,0.4327499947382169,,,28.0,6.0,0.12450295713056359,5.964863382464574,0.7775213642143721,0.5943737290859757,0.9495459619816234,0.0,1.6645677482257408,,
2022,5,coarse,32,direct,0.41516541871515567,,,80.0,4.0,0.09555747254524866,3.339589753483531,0.7888214221636962,0.731867428588183,12.396957218981017,0.025773309119445625,1.3893599838308734,,
2022,5,coarse,33,direct,0.42443113391923726,,,142.0,5.0,0.03307612457460172,15.95035773208056,0.805292781719349,0.7101664668933132,50.284918248123326,0.0,4.790028223872382,,
2022,5,coarse,34,direct,0.4177467702532307,,,432.0,5.0,0.012747208805712536,34.067256820065694,0.7264679854027407,0.5122807884110472,16.001361165455027,1.0087960018787985,3.339515105864064,,
2022,5,coarse,35,direct,0.419643084579166,,,51.0,3.0,0.12203185705919098,6.884283992482084,0.883825156769638,0.8230324517913344,0.12924694165793071,0.000370496362002457,3.259010384791284,,
2022,5,coarse,36,direct,0.41727380411447107,,,993.0,2.0,0.013332615007599878,31.92495030229587,0.9001954743288576,0.6278072495789468,31.721757868222674,0.12143034361552162,2.2495024288283205,,
2022,5,coarse,37,direct,0.42183089566270016,,,133.0,5.0,0.03823635867304879,2.9192178964337057,0.7056131384952877,0.5615956822692185,2.478767876020354,3.873044312933045,2.2357171978782304,,
2022,5,coarse,38,direct,0.4162715656870518,,,111.0,4.0,0.06672705951703976,2.70672265423012,0.8053193000005714,0.7432793676424367,54.50993758434763,0.1763194393573364,0.17809672922888653,,
2022,5,coarse,39,direct,0.42340558329985467,,,87.0,5.0,0.09904909763560564,14.428965075208994,0.8443247223775455,0.7777876188807689,2.411736145240018,0.0,1.006443787771683,,
2022,5,coarse,40,direct,0.42203639020251205,,,397.0,5.0,0.01734675425942572,2.9102489342915057,0.926685932511976,0.8603962347877447,0.26202195721651816,0.703362805264452,3.2991452247567716,,
2022,5,coarse,41,direct,0.41776734956113093,,,251.0,4.0,0.02475819813349527,27.14393201397485,0.7846249212267163,0.900876276591754,1.0994603687653746,0.0,2.0477650060757706,,
2022,5,coarse,42,direct,0.4214284988332198,,,204.0,5.0,0.028672779687180662,12.551613007706257,0.6738624929635467,0.6302820104701345,3.0291077076330977,0.004010204614905998,4.3978300559300285,,
2022,5,coarse,43,direct,0.41630729767459285,,,442.0,3.0,0.018671862071946634,1.401393359198495,0.8126648473219283,0.6976923086352784,14.74241849455122,0.002047013044786316,0.849760462365235,,
2022,5,coarse,44,direct,0.4152712262120115,,,220.0,3.0,0.0411317443025174,6.2432411361879065,0.6520146345475489,0.916194628483469,0.11674085337776108,0.022622879972084575,3.859598157434405,,
2022,5,coarse,45,direct,0.4160358837173699,,,674.0,3.0,0.01595947865577667,4.946298920100062,0.9243002770433422,0.7107772098297316,1.3179316260121636,0.0,4.586006590674058,,
2022,5,coarse,46,direct,0.4158621726096101,,,633.0,2.0,0.01797522180633576,7.347411838166395,0.7667650355177703,0.5474379662497563,14.297018369077687,5.229063765246583,1.4506358813304048,,
2022,5,coarse,47,direct,0.4161356005647611,,,711.0,4.0,0.013316534020025604,8.383467165313165,0.9575765808776262,0.8167883718396487,3.2074682616292,3.296028853389544,4.44860926253836,,
2022,5,coarse,48,direct,0.41713978327304213,,,395.0,2.0,0.032579102647939256,53.23842049044245,0.6620945591447528,0.85714269815283,2.6278551089599085,0.003942893420477396,0.3580699230392842,,
2022,5,coarse,49,direct,0.41618433183006304,,,84.0,3.0,0.08377745972352482,2.904293293958526,0.6841963852150503,0.8107044155316834,6.5853136207947465,0.00032791038515188786,4.0059308805883305,,
2022,5,coarse,50,direct,0.4167714260525906,,,164.0,4.0,0.03753418111725765,17.47906887666331,0.7179164541391094,0.7963769834297969,17.774546675897962,0.0,0.7245421784563316,,
2022,5,coarse,51,direct,0.41996280717568846,,,126.0,2.0,0.09712450443770068,19.873737740286536,0.9653996959635643,0.808235692677708,1.0857419910672097,0.000277111569727843,2.198148629386954,,
2022,5,coarse,52,direct,0.4201773734721882,,,635.0,5.0,0.011894794215646893,10.948149793944104,0.9517137013670367,0.7886656870453422,0.1699671938655904,0.001570124419063149,1.9409820944717138,,
2022,5,coarse,53,direct,0.4145333436513643,,,105.0,3.0,0.07702995048983494,6.058871669262655,0.9825948163986298,0.6059531698345416,24.206715053194255,0.011159705570884294,1.6844181053060048,,
2022,5,coarse,54,direct,0.42100705710096764,,,137.0,5.0,0.040500245262775306,1.605239840439291,0.7886102896046301,0.8160362501051995,1.5801288278860754,0.00048101341157796493,1.2803959313816953,,
2022,5,coarse,55,direct,0.4186995248046843,,,38.0,3.0,0.14300294397591817,24.08964019785051,0.8836950527238809,0.5413900672927074,8.585655589941501,0.8559940865291982,1.780410255069797,,
2022,5,coarse,56,direct,0.4155407479131559,,,728.0,2.0,0.014786020886011194,19.074630974963505,0.6785167287152978,0.5706008982742522,0.4502987137366124,0.42561599377309567,3.6753337726996937,,
2022,5,coarse,57,direct,0.4289453096586776,,,418.0,6.0,0.011860025942700409,3.2821525885566927,0.8307204688622092,0.9123760549715234,30.959130593078328,0.0,3.6597370743274604,,
2022,5,coarse,58,direct,0.4159748675811459,,,198.0,4.0,0.03575980810784384,7.595402577092506,0.9967233681951965,0.9916294743796958,0.1139189012179602,0.20166918070319698,1.6546549684573142,,
2022,5,coarse,59,direct,0.4166542098255988,,,85.0,2.0,0.1243133099225857,1.3482793831868074,0.6468572233510238,0.61944742979272,39.83854065200464,0.0012978453891418543,4.393389730583989,,
2022,5,coarse,60,direct,0.4179655473752329,,,150.0,4.0,0.03589637188959825,6.492289521383685,0.7883156354899614,0.5770209926183111,85.55934042285628,0.002483083453073028,0.47909660302960233,,
2022,5,coarse,61,direct,0.41652951882079536,,,58.0,4.0,0.10640431235235005,3.622286763254677,0.7410729780227249,0.6169238464055251,0.25731523626552455,0.0,0.9178843103107559,,
2022,5,coarse,62,direct,0.42731998620562706,,,128.0,6.0,0.03969323784450192,2.0002531736283315,0.6945446813339419,0.5348989290084459,32.9914399063462,1.5943700749771792,4.883930175746702,,
2022,5,coarse,63,direct,0.42873273638255666,,,326.0,6.0,0.014119049957120973,2.749651713642465,0.7075828830309727,0.8249802305198262,2.240866876832263,0.001931695548452399,2.144999685363034,,
2022,5,coarse,64,direct,0.4230762026533734,,,432.0,5.0,0.012397042132572937,4.818306828515858,0.6792217026132105,0.7976553535918061,0.536832180178445,0.01851249065569294,2.888538736177728,,
2022,5,coarse,65,direct,0.42975793351266095,,,145.0,6.0,0.028799044713627382,16.350701648691427,0.8510825048106321,0.828518873448677,4.0691402237551495,0.002065793786135431,1.7377506024841898,,
2022,5,coarse,66,direct,0.415641476677199,,,85.0,2.0,0.1414978505057996,1.4323385835712157,0.6607865216126029,0.7044706265464652,3.801616173600101,0.00023796932929691478,0.6152351537315809,,
2022,5,coarse,67,direct,0.42619511593234827,,,138.0,5.0,0.03635816574890565,2.0954417584085285,0.8108722477231776,0.9194537124062774,0.3826647290954186,0.0,0.34497127278346695,,
2022,5,coarse,68,direct,0.416263046048233,,,297.0,3.0,0.030384857877362333,55.97921181072484,0.6883950137063961,0.7262332197378971,2.1025726476442346,0.0,2.881919006555761,,
2022,5,coarse,69,direct,0.4355972280697989,,,66.0,6.0,0.0680833158876155,3.249931908596805,0.8787310045262472,0.9857357550681056,96.8874771047533,0.045184260590308445,0.13243103996912808,,
2022,5,coarse,70,direct,0.4186376677822672,,,251.0,4.0,0.03456713741366954,15.004623725778611,0.9207620156949223,0.9519001062765866,66.75122871508896,0.0010406824028230414,1.3880916841372781,,
2022,5,coarse,71,direct,0.42152708798826916,,,81.0,5.0,0.056801573083385334,1.2434374638107393,0.808071599095945,0.6904776249668959,11.9426790547697,0.10426320591726872,1.8307771537323725,,
2022,5,coarse,72,direct,0.4287760658256831,,,141.0,6.0,0.03938847289287143,26.044965453083332,0.9694805657091756,0.8162538496781191,27.50040881188148,0.0,2.296619716689138,,
2022,5,coarse,73,direct,0.4223101037715739,,,74.0,5.0,0.07910327496544721,60.580062679834604,0.6876594282317419,0.6755873061060155,2.43666181547593,0.12463692987068953,4.952601808408869,,
2022,5,coarse,74,direct,0.41762061351720425,,,1151.0,2.0,0.011585073584015487,1.8733419725889013,0.8793143418812608,0.7711105629732811,35.72233282406667,0.0,0.62884312211206,,
2022,5,coarse,75,direct,0.41715131060807675,,,228.0,4.0,0.05213883266821991,5.893143373452778,0.9851430202389916,0.6693543324646221,10.773529340629755,3.679821296628186,2.761159891250639,,
2022,5,coarse,76,direct,0.41779521926689606,,,139.0,2.0,0.08405693416085773,2.6818837383828855,0.6861087442615539,0.8128080216440733,2.555707501951048,0.43180433949456865,2.19569393581153,,
2022,5,coarse,77,direct,0.424146696402785,,,53.0,6.0,0.09282329655234453,23.970580590602463,0.7273834255124151,0.5775673649693207,8.624332468195716,0.00017013077583600392,2.682703233609571,,
2022,5,coarse,78,direct,0.41552744112265005,,,133.0,4.0,0.1042877570398033,25.40428486316132,0.942115079444604,0.6803922859004549,8.882093105603069,5.1345815195455895,1.74818868152945,,
2022,5,coarse,79,direct,0.4305771766333763,,,289.0,6.0,0.020586858800382895,35.75145241267939,0.9883616912127279,0.8285228438835714,16.579648966634206,0.008315552127750009,4.648750872173208,,
2022,5,coarse,80,direct,0.41801319704297624,,,78.0,2.0,0.1340418820722338,5.835724247309656,0.6199372714896739,0.7353199905092667,3.279644532317947,0.0003464656331359056,1.2720928988688107,,
2022,5,coarse,81,direct,0.42542023388535205,,,37.0,5.0,0.1248033523992081,13.16388028489069,0.6812138276280535,0.9336021948995091,2.821114685007188,0.0038052455709144534,2.3777249923600206,,
2022,5,coarse,82,direct,0.42923682551642267,,,181.0,6.0,0.025468387508108356,51.73362910201089,0.7940520503118303,0.637289287626869,32.33421643234411,0.25641190657654067,2.546714897374917,,
2022,5,coarse,83,direct,0.41959209327480024,,,250.0,2.0,0.05409735557617,47.89939707186949,0.8832977835639271,0.9049755762439412,0.25516643375039716,0.029416944854695176,1.8768701068275995,,
2022,5,coarse,84,direct,0.41393611457462187,,,237.0,2.0,0.05952512371690523,7.3561312571302535,0.8828066783461526,0.5194442728369237,46.419259116333045,1.1727676687410102,2.144920296886474,,
2022,5,coarse,85,direct,0.42315484556975863,,,150.0,5.0,0.03437883306127211,2.773962022463083,0.8843314959883579,0.6591174686255034,78.94981393425448,0.0246354593617209,0.13778240831877064,,
2022,5,coarse,86,direct,0.41609868861787713,,,243.0,2.0,0.05123062168503441,1.4661404583944162,0.7170148737277271,0.6351232767484494,3.4935500875714007,1.9358620630754502,4.05188765216089,,
2022,5,coarse,87,direct,0.42390482475796265,,,443.0,6.0,0.01015627070303812,36.72298171773921,0.7584245106038103,0.5559453782719519,0.24436927844972897,0.0,0.4811858788047385,,
2022,5,coarse,88,direct,0.4308327534164471,,,424.0,6.0,0.010196272955330751,1.0222766923978712,0.9225545579250534,0.826280181974226,0.4058473723320186,0.0,2.3313062743772797,,
2022,5,coarse,89,direct,0.41659840769545453,,,204.0,3.0,0.059688196684099075,5.155638043485394,0.7838113426790163,0.6602049084105744,61.77764291154232,0.0,2.0134371931966517,,
2022,5,coarse,90,direct,0.43679416629579454,,,44.0,6.0,0.09602967076057013,42.73715676114025,0.6447300757029808,0.8238913411103341,1.6913458269352082,0.0,0.001559252333087069,,
2022,5,coarse,91,direct,0.41639867093439253,,,360.0,4.0,0.017584445119468876,12.023170162881756,0.845753997982353,0.5266524965310003,0.14069425535374608,0.00039024027826087114,0.9466210710739564,,
2022,5,coarse,92,direct,0.42552109916219827,,,42.0,5.0,0.12155857295870036,7.029119097584628,0.6059656421031232,0.5262503789120964,1.1327711460412722,0.07426098527979913,3.145722326458846,,
2022,5,coarse,93,direct,0.41618928226913354,,,506.0,4.0,0.01607772686713565,58.58565867444653,0.9957784087383287,0.9332476614328438,19.341097423446843,0.00013686521951527424,0.2882984124375454,,
2022,5,coarse,94,direct,0.43283470933439444,,,66.0,6.0,0.10177021064149849,1.2319493854073917,0.9740793609749794,0.985742824644058,8.282656749848876,0.00010244704721441725,4.975205885286788,,
2022,5,coarse,95,direct,0.4176803382297252,,,112.0,2.0,0.10191947549469274,25.91758187977807,0.7577284522569445,0.5790806839643232,9.450270962207833,0.12759933216957522,0.590907108092113,,
2022,5,full_inner,11,direct,0.7439070567156891,1.6892950613090165,,87.0,3.0,0.10112400116568608,1.7878262636323983,0.6043047438890682,0.779923519761126,0.4077513984136103,6.9378664448940155,1.1559040482212857,,
2022,5,full_inner,84,direct,0.7299660792096518,1.6316823211631202,,230.0,2.0,0.05952512371690523,7.3561312571302535,0.8828066783461526,0.5194442728369237,46.419259116333045,1.1727676687410102,2.144920296886474,,
2022,5,full_inner,4,direct,0.741306609567742,1.6726355415203236,,61.0,3.0,0.1484553508100239,2.1218655327116833,0.651043069410163,0.8776753763395864,21.1577902801402,0.011931237244362097,0.1939298133819678,,
2022,5,full_inner,53,direct,0.7469020547169883,1.7047078815523344,,115.0,3.0,0.07702995048983494,6.058871669262655,0.9825948163986298,0.6059531698345416,24.206715053194255,0.011159705570884294,1.6844181053060048,,
2022,5,full_inner,3,direct,0.8144675976702365,2.0662347585529766,,114.0,4.0,0.04260084045026215,2.9950184511931326,0.9557323085481404,0.7221366332723016,0.6148489658130238,0.0005609060902787453,0.921253966934894,,
2022,5,full_inner,32,direct,0.7817345953694191,1.8871173065279079,,60.0,4.0,0.09555747254524866,3.339589753483531,0.7888214221636962,0.731867428588183,12.396957218981017,0.025773309119445625,1.3893599838308734,,
2022,5,full_inner,27,direct,0.7851676813203002,1.917497683670972,,189.0,4.0,0.027213001572269833,2.376166415606863,0.7640689249277547,0.6874730132059221,0.6008412009646449,0.0,2.8836160282795467,,
2022,5,full_inner,44,direct,0.7548431133229014,1.7572447174165706,,160.0,3.0,0.0411317443025174,6.2432411361879065,0.6520146345475489,0.916194628483469,0.11674085337776108,0.022622879972084575,3.859598157434405,,
2022,5,variant_selection,84,ratio,0.6881283886872618,,,182.0,,,,,,,,,1.0,1.2603288195897722
2023,5,linear_full_inner,ridge_har:0.001,ridge_har,0.7594063049583977,1.902533386287059,0.001,,,,,,,,,,,
2023,5,linear_full_inner,ridge_har:0.01,ridge_har,0.7594063275407229,1.9025334462421202,0.01,,,,,,,,,,,
2023,5,linear_full_inner,ridge_har:0.1,ridge_har,0.759406553370657,1.9025340458027569,0.1,,,,,,,,,,,
2023,5,linear_full_inner,ridge_har:1.0,ridge_har,0.7594088123377496,1.9025400424115848,1.0,,,,,,,,,,,
2023,5,linear_full_inner,ridge_har:10.0,ridge_har,0.7594314682251725,1.9026001082667605,10.0,,,,,,,,,,,
2023,5,linear_full_inner,linear_gamma:0.001,linear_gamma,0.6991603179116784,1.7580858572969578,0.001,,,,,,,,,,,
2023,5,linear_full_inner,linear_gamma:0.01,linear_gamma,0.695495543966358,1.740229796067921,0.01,,,,,,,,,,,
2023,5,linear_full_inner,linear_gamma:0.1,linear_gamma,0.679198456977959,1.6551899713560412,0.1,,,,,,,,,,,
2023,5,linear_full_inner,linear_gamma:1.0,linear_gamma,0.6732721584533641,1.5492123361428802,1.0,,,,,,,,,,,
2023,5,linear_full_inner,linear_gamma:10.0,linear_gamma,0.7884486211072677,1.8075842365240515,10.0,,,,,,,,,,,
2023,5,coarse,0,direct,0.3793161075710144,,,165.0,2.0,0.016810683468738295,55.119162244389045,0.8186567693229744,0.95374768677931,0.11235382553916115,0.11872960983376865,3.043918974129779,,
2023,5,coarse,1,direct,0.37722670628798183,,,20.0,3.0,0.14038131611413024,7.835976473366356,0.65400434553277,0.6303836587705103,24.771214655172628,0.0,2.486859469740904,,
2023,5,coarse,2,direct,0.3718194470626539,,,31.0,2.0,0.09305619122136746,1.632326106680591,0.889274847284669,0.6799502350332256,68.88701686179753,0.0,2.3513001418101376,,
2023,5,coarse,3,direct,0.3686237081922802,,,98.0,4.0,0.04260084045026215,2.9950184511931326,0.9557323085481404,0.7221366332723016,0.6148489658130238,0.0005609060902787453,0.921253966934894,,
2023,5,coarse,4,direct,0.37915295188916515,,,21.0,3.0,0.1484553508100239,2.1218655327116833,0.651043069410163,0.8776753763395864,21.1577902801402,0.011931237244362097,0.1939298133819678,,
2023,5,coarse,5,direct,0.37701982278582,,,125.0,2.0,0.022690762544950487,23.585366860503754,0.7281166075620962,0.8007411144145034,1.0045234290501277,0.0,4.593158001104692,,
2023,5,coarse,6,direct,0.3776266366715992,,,119.0,2.0,0.024937877092109085,1.2195290039492932,0.8006366675284557,0.850147927064546,12.943398074700601,0.4648579107455426,1.8846037450174191,,
2023,5,coarse,7,direct,0.3757782440043782,,,45.0,3.0,0.05847891521213486,16.117729623062417,0.811820190241648,0.9545687065990864,28.33284840449706,0.03456078869009234,2.4839834971511094,,
2023,5,coarse,8,direct,0.37236856547872366,,,165.0,2.0,0.01845560216114069,28.321043386094992,0.909043670332336,0.6353745876684644,0.20556129619813737,0.0,0.11544561207638582,,
2023,5,coarse,9,direct,0.36834564443777834,,,103.0,3.0,0.02785801629701712,2.4187030192248744,0.6078214079461276,0.9635847476072645,1.248012294015271,0.0011598597583676734,0.660701337482878,,
2023,5,coarse,10,direct,0.3724943261223832,,,97.0,3.0,0.03347083163676745,4.2622413983596195,0.677952880628176,0.5213058839870837,6.461771999719673,0.872566136168424,4.86684934091484,,
2023,5,coarse,11,direct,0.37201350209007444,,,30.0,3.0,0.10112400116568608,1.7878262636323983,0.6043047438890682,0.779923519761126,0.4077513984136103,6.9378664448940155,1.1559040482212857,,
2023,5,coarse,12,direct,0.3646954337736807,,,76.0,5.0,0.04549563568893397,12.532624363309665,0.9819923104368238,0.540059473534411,1.463062809139209,0.0037866963500516014,3.1907591634567694,,
2023,5,coarse,13,direct,0.36390550698676166,,,97.0,4.0,0.031402925854985005,1.1560939832245865,0.9998943748262439,0.5182285975902221,44.220247540384115,0.0,4.226699967961472,,
2023,5,coarse,14,direct,0.38746256033292137,,,20.0,3.0,0.1364459214367544,1.6952065390452866,0.6655404783866105,0.783924794356835,0.9571032942155548,0.9483027095641382,2.446285197725712,,
2023,5,coarse,15,direct,0.3726098135100813,,,32.0,2.0,0.09330680111548337,44.90505078181925,0.7874429478499592,0.5367859076238702,2.5094164650761073,0.0,3.2603460446595793,,
2023,5,coarse,16,direct,0.3599772098006986,,,145.0,5.0,0.028405814500156574,6.292310786723709,0.959703615324008,0.5473701119575725,41.676737391146595,1.2506458254395292,1.7845081175687216,,
2023,5,coarse,17,direct,0.3798836294617759,,,19.0,5.0,0.1471502221564383,59.896190402270065,0.6531652916936086,0.5503439167464454,0.1408529092458632,0.00040581736859182605,2.5522651615272314,,
2023,5,coarse,18,direct,0.3764911472817659,,,221.0,3.0,0.01311953596835786,2.5206656147567696,0.8740178623217499,0.9091082355277562,0.4787159828613117,0.0,4.498448849222058,,
2023,5,coarse,19,direct,0.3554959182785551,,,64.0,4.0,0.05804048341805567,1.0455826694592603,0.8539665799628785,0.6389785287274065,3.0190600478215597,0.0018415032987270136,0.02508364218922088,,
2023,5,coarse,20,direct,0.3710939639544707,,,155.0,6.0,0.04841363977926772,8.459952771194493,0.9572739746639483,0.7637627832499377,2.460030717171174,3.4883455468391005,0.6994975263107589,,
2023,5,coarse,21,direct,0.3768335201184425,,,58.0,2.0,0.04743554958231196,32.823645594889136,0.6664128848502963,0.7388530539826339,34.72080746299189,0.0007563379321334618,3.85766417027033,,
2023,5,coarse,22,direct,0.37307479044934255,,,39.0,5.0,0.07272169724137856,1.7540005792976638,0.9094442975469155,0.5006213304687586,64.19309797735394,0.30131892607316274,3.6495771273875977,,
2023,5,coarse,23,direct,0.3759642188692349,,,30.0,2.0,0.1063614071463956,1.812508559407195,0.6290765614014403,0.6490822790866912,38.95413636138779,0.0007396274238340902,2.1540501691961476,,
2023,5,coarse,24,direct,0.3654886573484498,,,39.0,2.0,0.07407251473176883,6.412689880745559,0.8138303810314409,0.8022635343080042,5.856523716008245,0.18982367710946238,4.743320221532144,,
2023,5,coarse,25,direct,0.3598929668698516,,,139.0,4.0,0.020769042367594696,13.791668974474772,0.6598717759568685,0.5148519648975334,1.4829557124512165,0.00034478016824045953,2.1242383646847385,,
2023,5,coarse,26,direct,0.36728218487759234,,,64.0,4.0,0.04600131513205375,12.723331848536958,0.8611815670300639,0.8341507642881436,22.17471561041375,0.024530503743838028,1.2848669778866513,,
2023,5,coarse,27,direct,0.3608682016941528,,,119.0,4.0,0.027213001572269833,2.376166415606863,0.7640689249277547,0.6874730132059221,0.6008412009646449,0.0,2.8836160282795467,,
2023,5,coarse,28,direct,0.360845127514863,,,175.0,4.0,0.017237652957384067,1.102097366386189,0.8986403921826964,0.5353665909436108,6.736505225156358,0.006818370458044081,0.1087574953532483,,
2023,5,coarse,29,direct,0.37303808018685825,,,19.0,2.0,0.1454726579694726,6.529536820413327,0.8476627047665758,0.5393197030677156,0.8689238985414293,0.5739232174600256,2.2496366103413674,,
2023,5,coarse,30,direct,0.373061998884376,,,31.0,5.0,0.11008351078396893,1.0768716638910665,0.8134311224695298,0.7218470211206919,1.2466501430464916,0.0023165321735811057,0.3457760417308503,,
2023,5,coarse,31,direct,0.38384302822910904,,,26.0,6.0,0.12450295713056359,5.964863382464574,0.7775213642143721,0.5943737290859757,0.9495459619816234,0.0,1.6645677482257408,,
2023,5,coarse,32,direct,0.3734571607204711,,,38.0,4.0,0.09555747254524866,3.339589753483531,0.7888214221636962,0.731867428588183,12.396957218981017,0.025773309119445625,1.3893599838308734,,
2023,5,coarse,33,direct,0.3628838461490802,,,152.0,5.0,0.03307612457460172,15.95035773208056,0.805292781719349,0.7101664668933132,50.284918248123326,0.0,4.790028223872382,,
2023,5,coarse,34,direct,0.35484011240448776,,,279.0,5.0,0.012747208805712536,34.067256820065694,0.7264679854027407,0.5122807884110472,16.001361165455027,1.0087960018787985,3.339515105864064,,
2023,5,coarse,35,direct,0.37570456832014637,,,25.0,3.0,0.12203185705919098,6.884283992482084,0.883825156769638,0.8230324517913344,0.12924694165793071,0.000370496362002457,3.259010384791284,,
2023,5,coarse,36,direct,0.3730046556478868,,,212.0,2.0,0.013332615007599878,31.92495030229587,0.9001954743288576,0.6278072495789468,31.721757868222674,0.12143034361552162,2.2495024288283205,,
2023,5,coarse,37,direct,0.3506724272222723,,,152.0,5.0,0.03823635867304879,2.9192178964337057,0.7056131384952877,0.5615956822692185,2.478767876020354,3.873044312933045,2.2357171978782304,,
2023,5,coarse,38,direct,0.3628333036497018,,,50.0,4.0,0.06672705951703976,2.70672265423012,0.8053193000005714,0.7432793676424367,54.50993758434763,0.1763194393573364,0.17809672922888653,,
2023,5,coarse,39,direct,0.3714855087440889,,,42.0,5.0,0.09904909763560564,14.428965075208994,0.8443247223775455,0.7777876188807689,2.411736145240018,0.0,1.006443787771683,,
2023,5,coarse,40,direct,0.3682160716857589,,,402.0,5.0,0.01734675425942572,2.9102489342915057,0.926685932511976,0.8603962347877447,0.26202195721651816,0.703362805264452,3.2991452247567716,,
2023,5,coarse,41,direct,0.3612159141169525,,,128.0,4.0,0.02475819813349527,27.14393201397485,0.7846249212267163,0.900876276591754,1.0994603687653746,0.0,2.0477650060757706,,
2023,5,coarse,42,direct,0.3574905252820183,,,152.0,5.0,0.028672779687180662,12.551613007706257,0.6738624929635467,0.6302820104701345,3.0291077076330977,0.004010204614905998,4.3978300559300285,,
2023,5,coarse,43,direct,0.3739300298747308,,,147.0,3.0,0.018671862071946634,1.401393359198495,0.8126648473219283,0.6976923086352784,14.74241849455122,0.002047013044786316,0.849760462365235,,
2023,5,coarse,44,direct,0.3742306136637265,,,68.0,3.0,0.0411317443025174,6.2432411361879065,0.6520146345475489,0.916194628483469,0.11674085337776108,0.022622879972084575,3.859598157434405,,
2023,5,coarse,45,direct,0.37252059720527037,,,185.0,3.0,0.01595947865577667,4.946298920100062,0.9243002770433422,0.7107772098297316,1.3179316260121636,0.0,4.586006590674058,,
2023,5,coarse,46,direct,0.37559323031306346,,,165.0,2.0,0.01797522180633576,7.347411838166395,0.7667650355177703,0.5474379662497563,14.297018369077687,5.229063765246583,1.4506358813304048,,
2023,5,coarse,47,direct,0.36997293034145984,,,243.0,4.0,0.013316534020025604,8.383467165313165,0.9575765808776262,0.8167883718396487,3.2074682616292,3.296028853389544,4.44860926253836,,
2023,5,coarse,48,direct,0.3732714958006562,,,103.0,2.0,0.032579102647939256,53.23842049044245,0.6620945591447528,0.85714269815283,2.6278551089599085,0.003942893420477396,0.3580699230392842,,
2023,5,coarse,49,direct,0.3668782306445467,,,41.0,3.0,0.08377745972352482,2.904293293958526,0.6841963852150503,0.8107044155316834,6.5853136207947465,0.00032791038515188786,4.0059308805883305,,
2023,5,coarse,50,direct,0.3639128033600827,,,107.0,4.0,0.03753418111725765,17.47906887666331,0.7179164541391094,0.7963769834297969,17.774546675897962,0.0,0.7245421784563316,,
2023,5,coarse,51,direct,0.3672540982242683,,,30.0,2.0,0.09712450443770068,19.873737740286536,0.9653996959635643,0.808235692677708,1.0857419910672097,0.000277111569727843,2.198148629386954,,
2023,5,coarse,52,direct,0.3734048736396297,,,341.0,5.0,0.011894794215646893,10.948149793944104,0.9517137013670367,0.7886656870453422,0.1699671938655904,0.001570124419063149,1.9409820944717138,,
2023,5,coarse,53,direct,0.38248239688551444,,,39.0,3.0,0.07702995048983494,6.058871669262655,0.9825948163986298,0.6059531698345416,24.206715053194255,0.011159705570884294,1.6844181053060048,,
2023,5,coarse,54,direct,0.363565321690119,,,162.0,5.0,0.040500245262775306,1.605239840439291,0.7886102896046301,0.8160362501051995,1.5801288278860754,0.00048101341157796493,1.2803959313816953,,
2023,5,coarse,55,direct,0.40080159385824854,,,18.0,3.0,0.14300294397591817,24.08964019785051,0.8836950527238809,0.5413900672927074,8.585655589941501,0.8559940865291982,1.780410255069797,,
2023,5,coarse,56,direct,0.3753592385638257,,,196.0,2.0,0.014786020886011194,19.074630974963505,0.6785167287152978,0.5706008982742522,0.4502987137366124,0.42561599377309567,3.6753337726996937,,
2023,5,coarse,57,direct,0.3790042223290556,,,577.0,6.0,0.011860025942700409,3.2821525885566927,0.8307204688622092,0.9123760549715234,30.959130593078328,0.0,3.6597370743274604,,
2023,5,coarse,58,direct,0.36396635976833447,,,140.0,4.0,0.03575980810784384,7.595402577092506,0.9967233681951965,0.9916294743796958,0.1139189012179602,0.20166918070319698,1.6546549684573142,,
2023,5,coarse,59,direct,0.3707397609025198,,,25.0,2.0,0.1243133099225857,1.3482793831868074,0.6468572233510238,0.61944742979272,39.83854065200464,0.0012978453891418543,4.393389730583989,,
2023,5,coarse,60,direct,0.36898257660002287,,,104.0,4.0,0.03589637188959825,6.492289521383685,0.7883156354899614,0.5770209926183111,85.55934042285628,0.002483083453073028,0.47909660302960233,,
2023,5,coarse,61,direct,0.37804284749985884,,,27.0,4.0,0.10640431235235005,3.622286763254677,0.7410729780227249,0.6169238464055251,0.25731523626552455,0.0,0.9178843103107559,,
2023,5,coarse,62,direct,0.36326365404131816,,,114.0,6.0,0.03969323784450192,2.0002531736283315,0.6945446813339419,0.5348989290084459,32.9914399063462,1.5943700749771792,4.883930175746702,,
2023,5,coarse,63,direct,0.36150932394939206,,,481.0,6.0,0.014119049957120973,2.749651713642465,0.7075828830309727,0.8249802305198262,2.240866876832263,0.001931695548452399,2.144999685363034,,
2023,5,coarse,64,direct,0.35657848601319697,,,419.0,5.0,0.012397042132572937,4.818306828515858,0.6792217026132105,0.7976553535918061,0.536832180178445,0.01851249065569294,2.888538736177728,,
2023,5,coarse,65,direct,0.3618118374609294,,,232.0,6.0,0.028799044713627382,16.350701648691427,0.8510825048106321,0.828518873448677,4.0691402237551495,0.002065793786135431,1.7377506024841898,,
2023,5,coarse,66,direct,0.37438368299382724,,,19.0,2.0,0.1414978505057996,1.4323385835712157,0.6607865216126029,0.7044706265464652,3.801616173600101,0.00023796932929691478,0.6152351537315809,,
2023,5,coarse,67,direct,0.36725370615665165,,,132.0,5.0,0.03635816574890565,2.0954417584085285,0.8108722477231776,0.9194537124062774,0.3826647290954186,0.0,0.34497127278346695,,
2023,5,coarse,68,direct,0.36642900844106074,,,105.0,3.0,0.030384857877362333,55.97921181072484,0.6883950137063961,0.7262332197378971,2.1025726476442346,0.0,2.881919006555761,,
2023,5,coarse,69,direct,0.4009735552870052,,,108.0,6.0,0.0680833158876155,3.249931908596805,0.8787310045262472,0.9857357550681056,96.8874771047533,0.045184260590308445,0.13243103996912808,,
2023,5,coarse,70,direct,0.37848107808075326,,,90.0,4.0,0.03456713741366954,15.004623725778611,0.9207620156949223,0.9519001062765866,66.75122871508896,0.0010406824028230414,1.3880916841372781,,
2023,5,coarse,71,direct,0.36403572862404143,,,132.0,5.0,0.056801573083385334,1.2434374638107393,0.808071599095945,0.6904776249668959,11.9426790547697,0.10426320591726872,1.8307771537323725,,
2023,5,coarse,72,direct,0.3738833462107864,,,155.0,6.0,0.03938847289287143,26.044965453083332,0.9694805657091756,0.8162538496781191,27.50040881188148,0.0,2.296619716689138,,
2023,5,coarse,73,direct,0.3634074900733417,,,38.0,5.0,0.07910327496544721,60.580062679834604,0.6876594282317419,0.6755873061060155,2.43666181547593,0.12463692987068953,4.952601808408869,,
2023,5,coarse,74,direct,0.3725140821372493,,,251.0,2.0,0.011585073584015487,1.8733419725889013,0.8793143418812608,0.7711105629732811,35.72233282406667,0.0,0.62884312211206,,
2023,5,coarse,75,direct,0.3666988987091542,,,69.0,4.0,0.05213883266821991,5.893143373452778,0.9851430202389916,0.6693543324646221,10.773529340629755,3.679821296628186,2.761159891250639,,
2023,5,coarse,76,direct,0.366655531289512,,,39.0,2.0,0.08405693416085773,2.6818837383828855,0.6861087442615539,0.8128080216440733,2.555707501951048,0.43180433949456865,2.19569393581153,,
2023,5,coarse,77,direct,0.37557395398364224,,,49.0,6.0,0.09282329655234453,23.970580590602463,0.7273834255124151,0.5775673649693207,8.624332468195716,0.00017013077583600392,2.682703233609571,,
2023,5,coarse,78,direct,0.3730013499059751,,,29.0,4.0,0.1042877570398033,25.40428486316132,0.942115079444604,0.6803922859004549,8.882093105603069,5.1345815195455895,1.74818868152945,,
2023,5,coarse,79,direct,0.3877757783937801,,,245.0,6.0,0.020586858800382895,35.75145241267939,0.9883616912127279,0.8285228438835714,16.579648966634206,0.008315552127750009,4.648750872173208,,
2023,5,coarse,80,direct,0.37045106749577517,,,25.0,2.0,0.1340418820722338,5.835724247309656,0.6199372714896739,0.7353199905092667,3.279644532317947,0.0003464656331359056,1.2720928988688107,,
2023,5,coarse,81,direct,0.36828843124786226,,,30.0,5.0,0.1248033523992081,13.16388028489069,0.6812138276280535,0.9336021948995091,2.821114685007188,0.0038052455709144534,2.3777249923600206,,
2023,5,coarse,82,direct,0.3630616669701548,,,185.0,6.0,0.025468387508108356,51.73362910201089,0.7940520503118303,0.637289287626869,32.33421643234411,0.25641190657654067,2.546714897374917,,
2023,5,coarse,83,direct,0.372118219439283,,,52.0,2.0,0.05409735557617,47.89939707186949,0.8832977835639271,0.9049755762439412,0.25516643375039716,0.029416944854695176,1.8768701068275995,,
2023,5,coarse,84,direct,0.36914173023030306,,,48.0,2.0,0.05952512371690523,7.3561312571302535,0.8828066783461526,0.5194442728369237,46.419259116333045,1.1727676687410102,2.144920296886474,,
2023,5,coarse,85,direct,0.3706784903261148,,,200.0,5.0,0.03437883306127211,2.773962022463083,0.8843314959883579,0.6591174686255034,78.94981393425448,0.0246354593617209,0.13778240831877064,,
2023,5,coarse,86,direct,0.3706066345219121,,,59.0,2.0,0.05123062168503441,1.4661404583944162,0.7170148737277271,0.6351232767484494,3.4935500875714007,1.9358620630754502,4.05188765216089,,
2023,5,coarse,87,direct,0.3525298654786664,,,527.0,6.0,0.01015627070303812,36.72298171773921,0.7584245106038103,0.5559453782719519,0.24436927844972897,0.0,0.4811858788047385,,
2023,5,coarse,88,direct,0.36960254327397385,,,677.0,6.0,0.010196272955330751,1.0222766923978712,0.9225545579250534,0.826280181974226,0.4058473723320186,0.0,2.3313062743772797,,
2023,5,coarse,89,direct,0.3629408602178984,,,47.0,3.0,0.059688196684099075,5.155638043485394,0.7838113426790163,0.6602049084105744,61.77764291154232,0.0,2.0134371931966517,,
2023,5,coarse,90,direct,0.34689290763422753,,,63.0,6.0,0.09602967076057013,42.73715676114025,0.6447300757029808,0.8238913411103341,1.6913458269352082,0.0,0.001559252333087069,,
2023,5,coarse,91,direct,0.359978416180081,,,176.0,4.0,0.017584445119468876,12.023170162881756,0.845753997982353,0.5266524965310003,0.14069425535374608,0.00039024027826087114,0.9466210710739564,,
2023,5,coarse,92,direct,0.37789583543662963,,,22.0,5.0,0.12155857295870036,7.029119097584628,0.6059656421031232,0.5262503789120964,1.1327711460412722,0.07426098527979913,3.145722326458846,,
2023,5,coarse,93,direct,0.3696055784512707,,,437.0,4.0,0.01607772686713565,58.58565867444653,0.9957784087383287,0.9332476614328438,19.341097423446843,0.00013686521951527424,0.2882984124375454,,
2023,5,coarse,94,direct,0.3922800083430607,,,57.0,6.0,0.10177021064149849,1.2319493854073917,0.9740793609749794,0.985742824644058,8.282656749848876,0.00010244704721441725,4.975205885286788,,
2023,5,coarse,95,direct,0.36989323831063786,,,27.0,2.0,0.10191947549469274,25.91758187977807,0.7577284522569445,0.5790806839643232,9.450270962207833,0.12759933216957522,0.590907108092113,,
2023,5,full_inner,90,direct,0.7877812348184572,2.2649119985847035,,44.0,6.0,0.09602967076057013,42.73715676114025,0.6447300757029808,0.8238913411103341,1.6913458269352082,0.0,0.001559252333087069,,
2023,5,full_inner,37,direct,0.7446790226209279,2.0315666115603435,,118.0,5.0,0.03823635867304879,2.9192178964337057,0.7056131384952877,0.5615956822692185,2.478767876020354,3.873044312933045,2.2357171978782304,,
2023,5,full_inner,87,direct,0.7734488490088193,2.2190768136300947,,441.0,6.0,0.01015627070303812,36.72298171773921,0.7584245106038103,0.5559453782719519,0.24436927844972897,0.0,0.4811858788047385,,
2023,5,full_inner,34,direct,0.7400998132921562,2.0185373114884757,,384.0,5.0,0.012747208805712536,34.067256820065694,0.7264679854027407,0.5122807884110472,16.001361165455027,1.0087960018787985,3.339515105864064,,
2023,5,full_inner,19,direct,0.740022298896673,2.0235110622728887,,74.0,4.0,0.05804048341805567,1.0455826694592603,0.8539665799628785,0.6389785287274065,3.0190600478215597,0.0018415032987270136,0.02508364218922088,,
2023,5,full_inner,64,direct,0.7624581245512877,2.132525105479774,,403.0,5.0,0.012397042132572937,4.818306828515858,0.6792217026132105,0.7976553535918061,0.536832180178445,0.01851249065569294,2.888538736177728,,
2023,5,full_inner,42,direct,0.7463869513926004,2.046347880399344,,160.0,5.0,0.028672779687180662,12.551613007706257,0.6738624929635467,0.6302820104701345,3.0291077076330977,0.004010204614905998,4.3978300559300285,,
2023,5,full_inner,25,direct,0.7205838701402831,1.9038160234536758,,266.0,4.0,0.020769042367594696,13.791668974474772,0.6598717759568685,0.5148519648975334,1.4829557124512165,0.00034478016824045953,2.1242383646847385,,
2023,5,variant_selection,25,ratio,0.6475836256766817,,,165.0,,,,,,,,,1.0,1.244921554986451
2018,20,linear_full_inner,ridge_har:0.001,ridge_har,0.3033223567636112,0.32679779959730154,0.001,,,,,,,,,,,
2018,20,linear_full_inner,ridge_har:0.01,ridge_har,0.30332236422070885,0.3267978086269157,0.01,,,,,,,,,,,
2018,20,linear_full_inner,ridge_har:0.1,ridge_har,0.3033224388211406,0.3267978989709133,0.1,,,,,,,,,,,
2018,20,linear_full_inner,ridge_har:1.0,ridge_har,0.30332318776809203,0.3267988071915315,1.0,,,,,,,,,,,
2018,20,linear_full_inner,ridge_har:10.0,ridge_har,0.30333096857657676,0.3268083624421648,10.0,,,,,,,,,,,
2018,20,linear_full_inner,linear_gamma:0.001,linear_gamma,0.3139920367586161,0.3399751575969872,0.001,,,,,,,,,,,
2018,20,linear_full_inner,linear_gamma:0.01,linear_gamma,0.31288853162631847,0.33690707686038174,0.01,,,,,,,,,,,
2018,20,linear_full_inner,linear_gamma:0.1,linear_gamma,0.3098207712124933,0.3277388015436462,0.1,,,,,,,,,,,
2018,20,linear_full_inner,linear_gamma:1.0,linear_gamma,0.3224157446521623,0.3238138994412255,1.0,,,,,,,,,,,
2018,20,linear_full_inner,linear_gamma:10.0,linear_gamma,0.43506376571683614,0.4583129979447825,10.0,,,,,,,,,,,
2018,20,coarse,0,direct,0.31527432597251126,,,263.0,2.0,0.016810683468738295,55.119162244389045,0.8186567693229744,0.95374768677931,0.11235382553916115,0.11872960983376865,3.043918974129779,,
2018,20,coarse,1,direct,0.3052240859330057,,,126.0,3.0,0.14038131611413024,7.835976473366356,0.65400434553277,0.6303836587705103,24.771214655172628,0.0,2.486859469740904,,
2018,20,coarse,2,direct,0.30674361408227235,,,514.0,2.0,0.09305619122136746,1.632326106680591,0.889274847284669,0.6799502350332256,68.88701686179753,0.0,2.3513001418101376,,
2018,20,coarse,3,direct,0.3004990034708639,,,333.0,4.0,0.04260084045026215,2.9950184511931326,0.9557323085481404,0.7221366332723016,0.6148489658130238,0.0005609060902787453,0.921253966934894,,
2018,20,coarse,4,direct,0.30943876246574903,,,109.0,3.0,0.1484553508100239,2.1218655327116833,0.651043069410163,0.8776753763395864,21.1577902801402,0.011931237244362097,0.1939298133819678,,
2018,20,coarse,5,direct,0.31398803718802737,,,218.0,2.0,0.022690762544950487,23.585366860503754,0.7281166075620962,0.8007411144145034,1.0045234290501277,0.0,4.593158001104692,,
2018,20,coarse,6,direct,0.31627640738210033,,,235.0,2.0,0.024937877092109085,1.2195290039492932,0.8006366675284557,0.850147927064546,12.943398074700601,0.4648579107455426,1.8846037450174191,,
2018,20,coarse,7,direct,0.3052600761609913,,,258.0,3.0,0.05847891521213486,16.117729623062417,0.811820190241648,0.9545687065990864,28.33284840449706,0.03456078869009234,2.4839834971511094,,
2018,20,coarse,8,direct,0.31399458750614156,,,218.0,2.0,0.01845560216114069,28.321043386094992,0.909043670332336,0.6353745876684644,0.20556129619813737,0.0,0.11544561207638582,,
2018,20,coarse,9,direct,0.30892213999855966,,,270.0,3.0,0.02785801629701712,2.4187030192248744,0.6078214079461276,0.9635847476072645,1.248012294015271,0.0011598597583676734,0.660701337482878,,
2018,20,coarse,10,direct,0.3068252089818158,,,429.0,3.0,0.03347083163676745,4.2622413983596195,0.677952880628176,0.5213058839870837,6.461771999719673,0.872566136168424,4.86684934091484,,
2018,20,coarse,11,direct,0.3086283356814584,,,123.0,3.0,0.10112400116568608,1.7878262636323983,0.6043047438890682,0.779923519761126,0.4077513984136103,6.9378664448940155,1.1559040482212857,,
2018,20,coarse,12,direct,0.30180257104541514,,,162.0,5.0,0.04549563568893397,12.532624363309665,0.9819923104368238,0.540059473534411,1.463062809139209,0.0037866963500516014,3.1907591634567694,,
2018,20,coarse,13,direct,0.3014435248962762,,,256.0,4.0,0.031402925854985005,1.1560939832245865,0.9998943748262439,0.5182285975902221,44.220247540384115,0.0,4.226699967961472,,
2018,20,coarse,14,direct,0.31244648683885795,,,42.0,3.0,0.1364459214367544,1.6952065390452866,0.6655404783866105,0.783924794356835,0.9571032942155548,0.9483027095641382,2.446285197725712,,
2018,20,coarse,15,direct,0.30075224671151335,,,176.0,2.0,0.09330680111548337,44.90505078181925,0.7874429478499592,0.5367859076238702,2.5094164650761073,0.0,3.2603460446595793,,
2018,20,coarse,16,direct,0.2985236460617128,,,562.0,5.0,0.028405814500156574,6.292310786723709,0.959703615324008,0.5473701119575725,41.676737391146595,1.2506458254395292,1.7845081175687216,,
2018,20,coarse,17,direct,0.30032191243433787,,,137.0,5.0,0.1471502221564383,59.896190402270065,0.6531652916936086,0.5503439167464454,0.1408529092458632,0.00040581736859182605,2.5522651615272314,,
2018,20,coarse,18,direct,0.3087680281386625,,,649.0,3.0,0.01311953596835786,2.5206656147567696,0.8740178623217499,0.9091082355277562,0.4787159828613117,0.0,4.498448849222058,,
2018,20,coarse,19,direct,0.3086586903869868,,,142.0,4.0,0.05804048341805567,1.0455826694592603,0.8539665799628785,0.6389785287274065,3.0190600478215597,0.0018415032987270136,0.02508364218922088,,
2018,20,coarse,20,direct,0.30560062839259444,,,63.0,6.0,0.04841363977926772,8.459952771194493,0.9572739746639483,0.7637627832499377,2.460030717171174,3.4883455468391005,0.6994975263107589,,
2018,20,coarse,21,direct,0.31430180939224944,,,127.0,2.0,0.04743554958231196,32.823645594889136,0.6664128848502963,0.7388530539826339,34.72080746299189,0.0007563379321334618,3.85766417027033,,
2018,20,coarse,22,direct,0.3074165009481447,,,243.0,5.0,0.07272169724137856,1.7540005792976638,0.9094442975469155,0.5006213304687586,64.19309797735394,0.30131892607316274,3.6495771273875977,,
2018,20,coarse,23,direct,0.31625512446163784,,,41.0,2.0,0.1063614071463956,1.812508559407195,0.6290765614014403,0.6490822790866912,38.95413636138779,0.0007396274238340902,2.1540501691961476,,
2018,20,coarse,24,direct,0.3093662265156218,,,170.0,2.0,0.07407251473176883,6.412689880745559,0.8138303810314409,0.8022635343080042,5.856523716008245,0.18982367710946238,4.743320221532144,,
2018,20,coarse,25,direct,0.29860254788732793,,,444.0,4.0,0.020769042367594696,13.791668974474772,0.6598717759568685,0.5148519648975334,1.4829557124512165,0.00034478016824045953,2.1242383646847385,,
2018,20,coarse,26,direct,0.30347563138580064,,,334.0,4.0,0.04600131513205375,12.723331848536958,0.8611815670300639,0.8341507642881436,22.17471561041375,0.024530503743838028,1.2848669778866513,,
2018,20,coarse,27,direct,0.31185197613095667,,,103.0,4.0,0.027213001572269833,2.376166415606863,0.7640689249277547,0.6874730132059221,0.6008412009646449,0.0,2.8836160282795467,,
2018,20,coarse,28,direct,0.30202462473923697,,,549.0,4.0,0.017237652957384067,1.102097366386189,0.8986403921826964,0.5353665909436108,6.736505225156358,0.006818370458044081,0.1087574953532483,,
2018,20,coarse,29,direct,0.31176572105915873,,,40.0,2.0,0.1454726579694726,6.529536820413327,0.8476627047665758,0.5393197030677156,0.8689238985414293,0.5739232174600256,2.2496366103413674,,
2018,20,coarse,30,direct,0.30597085374865035,,,39.0,5.0,0.11008351078396893,1.0768716638910665,0.8134311224695298,0.7218470211206919,1.2466501430464916,0.0023165321735811057,0.3457760417308503,,
2018,20,coarse,31,direct,0.30315941722309736,,,40.0,6.0,0.12450295713056359,5.964863382464574,0.7775213642143721,0.5943737290859757,0.9495459619816234,0.0,1.6645677482257408,,
2018,20,coarse,32,direct,0.3035393519924564,,,88.0,4.0,0.09555747254524866,3.339589753483531,0.7888214221636962,0.731867428588183,12.396957218981017,0.025773309119445625,1.3893599838308734,,
2018,20,coarse,33,direct,0.3042086256098556,,,442.0,5.0,0.03307612457460172,15.95035773208056,0.805292781719349,0.7101664668933132,50.284918248123326,0.0,4.790028223872382,,
2018,20,coarse,34,direct,0.29819447159603907,,,1231.0,5.0,0.012747208805712536,34.067256820065694,0.7264679854027407,0.5122807884110472,16.001361165455027,1.0087960018787985,3.339515105864064,,
2018,20,coarse,35,direct,0.29372018609280176,,,74.0,3.0,0.12203185705919098,6.884283992482084,0.883825156769638,0.8230324517913344,0.12924694165793071,0.000370496362002457,3.259010384791284,,
2018,20,coarse,36,direct,0.31447118889148984,,,373.0,2.0,0.013332615007599878,31.92495030229587,0.9001954743288576,0.6278072495789468,31.721757868222674,0.12143034361552162,2.2495024288283205,,
2018,20,coarse,37,direct,0.2989107663186435,,,168.0,5.0,0.03823635867304879,2.9192178964337057,0.7056131384952877,0.5615956822692185,2.478767876020354,3.873044312933045,2.2357171978782304,,
2018,20,coarse,38,direct,0.29711892372035376,,,208.0,4.0,0.06672705951703976,2.70672265423012,0.8053193000005714,0.7432793676424367,54.50993758434763,0.1763194393573364,0.17809672922888653,,
2018,20,coarse,39,direct,0.301206445966071,,,59.0,5.0,0.09904909763560564,14.428965075208994,0.8443247223775455,0.7777876188807689,2.411736145240018,0.0,1.006443787771683,,
2018,20,coarse,40,direct,0.30994259021937476,,,165.0,5.0,0.01734675425942572,2.9102489342915057,0.926685932511976,0.8603962347877447,0.26202195721651816,0.703362805264452,3.2991452247567716,,
2018,20,coarse,41,direct,0.30264497953837965,,,368.0,4.0,0.02475819813349527,27.14393201397485,0.7846249212267163,0.900876276591754,1.0994603687653746,0.0,2.0477650060757706,,
2018,20,coarse,42,direct,0.29733943135874163,,,318.0,5.0,0.028672779687180662,12.551613007706257,0.6738624929635467,0.6302820104701345,3.0291077076330977,0.004010204614905998,4.3978300559300285,,
2018,20,coarse,43,direct,0.3139401175180874,,,151.0,3.0,0.018671862071946634,1.401393359198495,0.8126648473219283,0.6976923086352784,14.74241849455122,0.002047013044786316,0.849760462365235,,
2018,20,coarse,44,direct,0.3094049862084415,,,179.0,3.0,0.0411317443025174,6.2432411361879065,0.6520146345475489,0.916194628483469,0.11674085337776108,0.022622879972084575,3.859598157434405,,
2018,20,coarse,45,direct,0.3084275174179319,,,446.0,3.0,0.01595947865577667,4.946298920100062,0.9243002770433422,0.7107772098297316,1.3179316260121636,0.0,4.586006590674058,,
2018,20,coarse,46,direct,0.31394181740293553,,,351.0,2.0,0.01797522180633576,7.347411838166395,0.7667650355177703,0.5474379662497563,14.297018369077687,5.229063765246583,1.4506358813304048,,
2018,20,coarse,47,direct,0.2997804001644283,,,1005.0,4.0,0.013316534020025604,8.383467165313165,0.9575765808776262,0.8167883718396487,3.2074682616292,3.296028853389544,4.44860926253836,,
2018,20,coarse,48,direct,0.314919576728613,,,122.0,2.0,0.032579102647939256,53.23842049044245,0.6620945591447528,0.85714269815283,2.6278551089599085,0.003942893420477396,0.3580699230392842,,
2018,20,coarse,49,direct,0.3029705036963913,,,145.0,3.0,0.08377745972352482,2.904293293958526,0.6841963852150503,0.8107044155316834,6.5853136207947465,0.00032791038515188786,4.0059308805883305,,
2018,20,coarse,50,direct,0.3023546997623853,,,361.0,4.0,0.03753418111725765,17.47906887666331,0.7179164541391094,0.7963769834297969,17.774546675897962,0.0,0.7245421784563316,,
2018,20,coarse,51,direct,0.30572923746308645,,,140.0,2.0,0.09712450443770068,19.873737740286536,0.9653996959635643,0.808235692677708,1.0857419910672097,0.000277111569727843,2.198148629386954,,
2018,20,coarse,52,direct,0.3033127416446585,,,275.0,5.0,0.011894794215646893,10.948149793944104,0.9517137013670367,0.7886656870453422,0.1699671938655904,0.001570124419063149,1.9409820944717138,,
2018,20,coarse,53,direct,0.3007827552277346,,,228.0,3.0,0.07702995048983494,6.058871669262655,0.9825948163986298,0.6059531698345416,24.206715053194255,0.011159705570884294,1.6844181053060048,,
2018,20,coarse,54,direct,0.3093128366365781,,,58.0,5.0,0.040500245262775306,1.605239840439291,0.7886102896046301,0.8160362501051995,1.5801288278860754,0.00048101341157796493,1.2803959313816953,,
2018,20,coarse,55,direct,0.30634570534720995,,,109.0,3.0,0.14300294397591817,24.08964019785051,0.8836950527238809,0.5413900672927074,8.585655589941501,0.8559940865291982,1.780410255069797,,
2018,20,coarse,56,direct,0.31171564011933706,,,590.0,2.0,0.014786020886011194,19.074630974963505,0.6785167287152978,0.5706008982742522,0.4502987137366124,0.42561599377309567,3.6753337726996937,,
2018,20,coarse,57,direct,0.305284384638526,,,707.0,6.0,0.011860025942700409,3.2821525885566927,0.8307204688622092,0.9123760549715234,30.959130593078328,0.0,3.6597370743274604,,
2018,20,coarse,58,direct,0.304513880643517,,,223.0,4.0,0.03575980810784384,7.595402577092506,0.9967233681951965,0.9916294743796958,0.1139189012179602,0.20166918070319698,1.6546549684573142,,
2018,20,coarse,59,direct,0.30165540297838733,,,173.0,2.0,0.1243133099225857,1.3482793831868074,0.6468572233510238,0.61944742979272,39.83854065200464,0.0012978453891418543,4.393389730583989,,
2018,20,coarse,60,direct,0.30010576439459163,,,531.0,4.0,0.03589637188959825,6.492289521383685,0.7883156354899614,0.5770209926183111,85.55934042285628,0.002483083453073028,0.47909660302960233,,
2018,20,coarse,61,direct,0.3051185545211024,,,40.0,4.0,0.10640431235235005,3.622286763254677,0.7410729780227249,0.6169238464055251,0.25731523626552455,0.0,0.9178843103107559,,
2018,20,coarse,62,direct,0.30139233345372735,,,171.0,6.0,0.03969323784450192,2.0002531736283315,0.6945446813339419,0.5348989290084459,32.9914399063462,1.5943700749771792,4.883930175746702,,
2018,20,coarse,63,direct,0.3014666062014811,,,540.0,6.0,0.014119049957120973,2.749651713642465,0.7075828830309727,0.8249802305198262,2.240866876832263,0.001931695548452399,2.144999685363034,,
2018,20,coarse,64,direct,0.30549216334175394,,,228.0,5.0,0.012397042132572937,4.818306828515858,0.6792217026132105,0.7976553535918061,0.536832180178445,0.01851249065569294,2.888538736177728,,
2018,20,coarse,65,direct,0.302507029832556,,,342.0,6.0,0.028799044713627382,16.350701648691427,0.8510825048106321,0.828518873448677,4.0691402237551495,0.002065793786135431,1.7377506024841898,,
2018,20,coarse,66,direct,0.3084040938606134,,,118.0,2.0,0.1414978505057996,1.4323385835712157,0.6607865216126029,0.7044706265464652,3.801616173600101,0.00023796932929691478,0.6152351537315809,,
2018,20,coarse,67,direct,0.30804836437488825,,,85.0,5.0,0.03635816574890565,2.0954417584085285,0.8108722477231776,0.9194537124062774,0.3826647290954186,0.0,0.34497127278346695,,
2018,20,coarse,68,direct,0.30142286139094004,,,655.0,3.0,0.030384857877362333,55.97921181072484,0.6883950137063961,0.7262332197378971,2.1025726476442346,0.0,2.881919006555761,,
2018,20,coarse,69,direct,0.3162339670465444,,,135.0,6.0,0.0680833158876155,3.249931908596805,0.8787310045262472,0.9857357550681056,96.8874771047533,0.045184260590308445,0.13243103996912808,,
2018,20,coarse,70,direct,0.3038777631383752,,,410.0,4.0,0.03456713741366954,15.004623725778611,0.9207620156949223,0.9519001062765866,66.75122871508896,0.0010406824028230414,1.3880916841372781,,
2018,20,coarse,71,direct,0.303745786659674,,,67.0,5.0,0.056801573083385334,1.2434374638107393,0.808071599095945,0.6904776249668959,11.9426790547697,0.10426320591726872,1.8307771537323725,,
2018,20,coarse,72,direct,0.2984167239343646,,,247.0,6.0,0.03938847289287143,26.044965453083332,0.9694805657091756,0.8162538496781191,27.50040881188148,0.0,2.296619716689138,,
2018,20,coarse,73,direct,0.2983306860232317,,,184.0,5.0,0.07910327496544721,60.580062679834604,0.6876594282317419,0.6755873061060155,2.43666181547593,0.12463692987068953,4.952601808408869,,
2018,20,coarse,74,direct,0.31517306562800185,,,405.0,2.0,0.011585073584015487,1.8733419725889013,0.8793143418812608,0.7711105629732811,35.72233282406667,0.0,0.62884312211206,,
2018,20,coarse,75,direct,0.297513524967199,,,343.0,4.0,0.05213883266821991,5.893143373452778,0.9851430202389916,0.6693543324646221,10.773529340629755,3.679821296628186,2.761159891250639,,
2018,20,coarse,76,direct,0.30698000079761956,,,192.0,2.0,0.08405693416085773,2.6818837383828855,0.6861087442615539,0.8128080216440733,2.555707501951048,0.43180433949456865,2.19569393581153,,
2018,20,coarse,77,direct,0.296801073555583,,,137.0,6.0,0.09282329655234453,23.970580590602463,0.7273834255124151,0.5775673649693207,8.624332468195716,0.00017013077583600392,2.682703233609571,,
2018,20,coarse,78,direct,0.3006854549992596,,,122.0,4.0,0.1042877570398033,25.40428486316132,0.942115079444604,0.6803922859004549,8.882093105603069,5.1345815195455895,1.74818868152945,,
2018,20,coarse,79,direct,0.3031329406975464,,,157.0,6.0,0.020586858800382895,35.75145241267939,0.9883616912127279,0.8285228438835714,16.579648966634206,0.008315552127750009,4.648750872173208,,
2018,20,coarse,80,direct,0.307622611350493,,,41.0,2.0,0.1340418820722338,5.835724247309656,0.6199372714896739,0.7353199905092667,3.279644532317947,0.0003464656331359056,1.2720928988688107,,
2018,20,coarse,81,direct,0.30218102454355245,,,23.0,5.0,0.1248033523992081,13.16388028489069,0.6812138276280535,0.9336021948995091,2.821114685007188,0.0038052455709144534,2.3777249923600206,,
2018,20,coarse,82,direct,0.2944933495496176,,,474.0,6.0,0.025468387508108356,51.73362910201089,0.7940520503118303,0.637289287626869,32.33421643234411,0.25641190657654067,2.546714897374917,,
2018,20,coarse,83,direct,0.31339305512489324,,,76.0,2.0,0.05409735557617,47.89939707186949,0.8832977835639271,0.9049755762439412,0.25516643375039716,0.029416944854695176,1.8768701068275995,,
2018,20,coarse,84,direct,0.31046967490617206,,,205.0,2.0,0.05952512371690523,7.3561312571302535,0.8828066783461526,0.5194442728369237,46.419259116333045,1.1727676687410102,2.144920296886474,,
2018,20,coarse,85,direct,0.3021877664173443,,,454.0,5.0,0.03437883306127211,2.773962022463083,0.8843314959883579,0.6591174686255034,78.94981393425448,0.0246354593617209,0.13778240831877064,,
2018,20,coarse,86,direct,0.31085145644068085,,,100.0,2.0,0.05123062168503441,1.4661404583944162,0.7170148737277271,0.6351232767484494,3.4935500875714007,1.9358620630754502,4.05188765216089,,
2018,20,coarse,87,direct,0.2975488299856291,,,401.0,6.0,0.01015627070303812,36.72298171773921,0.7584245106038103,0.5559453782719519,0.24436927844972897,0.0,0.4811858788047385,,
2018,20,coarse,88,direct,0.309108639634763,,,316.0,6.0,0.010196272955330751,1.0222766923978712,0.9225545579250534,0.826280181974226,0.4058473723320186,0.0,2.3313062743772797,,
2018,20,coarse,89,direct,0.3029131888637225,,,237.0,3.0,0.059688196684099075,5.155638043485394,0.7838113426790163,0.6602049084105744,61.77764291154232,0.0,2.0134371931966517,,
2018,20,coarse,90,direct,0.29494689073095476,,,61.0,6.0,0.09602967076057013,42.73715676114025,0.6447300757029808,0.8238913411103341,1.6913458269352082,0.0,0.001559252333087069,,
2018,20,coarse,91,direct,0.30461106719211567,,,306.0,4.0,0.017584445119468876,12.023170162881756,0.845753997982353,0.5266524965310003,0.14069425535374608,0.00039024027826087114,0.9466210710739564,,
2018,20,coarse,92,direct,0.307567604685928,,,52.0,5.0,0.12155857295870036,7.029119097584628,0.6059656421031232,0.5262503789120964,1.1327711460412722,0.07426098527979913,3.145722326458846,,
2018,20,coarse,93,direct,0.3047767944463459,,,630.0,4.0,0.01607772686713565,58.58565867444653,0.9957784087383287,0.9332476614328438,19.341097423446843,0.00013686521951527424,0.2882984124375454,,
2018,20,coarse,94,direct,0.3079442013246322,,,40.0,6.0,0.10177021064149849,1.2319493854073917,0.9740793609749794,0.985742824644058,8.282656749848876,0.00010244704721441725,4.975205885286788,,
2018,20,coarse,95,direct,0.30412419506998617,,,127.0,2.0,0.10191947549469274,25.91758187977807,0.7577284522569445,0.5790806839643232,9.450270962207833,0.12759933216957522,0.590907108092113,,
2018,20,full_inner,35,direct,0.30470966889830886,0.315699151703816,,101.0,3.0,0.12203185705919098,6.884283992482084,0.883825156769638,0.8230324517913344,0.12924694165793071,0.000370496362002457,3.259010384791284,,
2018,20,full_inner,82,direct,0.308286597913085,0.3220798462765524,,442.0,6.0,0.025468387508108356,51.73362910201089,0.7940520503118303,0.637289287626869,32.33421643234411,0.25641190657654067,2.546714897374917,,
2018,20,full_inner,90,direct,0.31360283296633273,0.3322587752017107,,70.0,6.0,0.09602967076057013,42.73715676114025,0.6447300757029808,0.8238913411103341,1.6913458269352082,0.0,0.001559252333087069,,
2018,20,full_inner,77,direct,0.3071706616243561,0.31754024969312916,,150.0,6.0,0.09282329655234453,23.970580590602463,0.7273834255124151,0.5775673649693207,8.624332468195716,0.00017013077583600392,2.682703233609571,,
2018,20,full_inner,38,direct,0.30842584610908735,0.31973276849782095,,165.0,4.0,0.06672705951703976,2.70672265423012,0.8053193000005714,0.7432793676424367,54.50993758434763,0.1763194393573364,0.17809672922888653,,
2018,20,full_inner,42,direct,0.3091682211178848,0.3209970108770279,,254.0,5.0,0.028672779687180662,12.551613007706257,0.6738624929635467,0.6302820104701345,3.0291077076330977,0.004010204614905998,4.3978300559300285,,
2018,20,full_inner,75,direct,0.30572645839330725,0.31393939181941544,,248.0,4.0,0.05213883266821991,5.893143373452778,0.9851430202389916,0.6693543324646221,10.773529340629755,3.679821296628186,2.761159891250639,,
2018,20,full_inner,87,direct,0.31033762614009053,0.32312642229455196,,662.0,6.0,0.01015627070303812,36.72298171773921,0.7584245106038103,0.5559453782719519,0.24436927844972897,0.0,0.4811858788047385,,
2018,20,variant_selection,35,direct,0.2930941267292533,,,65.0,,,,,,,,,0.4,1.0152486719566636
2019,20,linear_full_inner,ridge_har:0.001,ridge_har,0.3041681831238217,0.32679779959730154,0.001,,,,,,,,,,,
2019,20,linear_full_inner,ridge_har:0.01,ridge_har,0.30416818226429015,0.3267978086269157,0.01,,,,,,,,,,,
2019,20,linear_full_inner,ridge_har:0.1,ridge_har,0.30416817369359334,0.3267978989709133,0.1,,,,,,,,,,,
2019,20,linear_full_inner,ridge_har:1.0,ridge_har,0.30416809044636767,0.3267988071915315,1.0,,,,,,,,,,,
2019,20,linear_full_inner,ridge_har:10.0,ridge_har,0.30416750175440826,0.3268083624421648,10.0,,,,,,,,,,,
2019,20,linear_full_inner,linear_gamma:0.001,linear_gamma,0.2896029457141255,0.3399751575969872,0.001,,,,,,,,,,,
2019,20,linear_full_inner,linear_gamma:0.01,linear_gamma,0.28913089752629045,0.33690707686038174,0.01,,,,,,,,,,,
2019,20,linear_full_inner,linear_gamma:0.1,linear_gamma,0.2873800196021973,0.3277388015436462,0.1,,,,,,,,,,,
2019,20,linear_full_inner,linear_gamma:1.0,linear_gamma,0.29999298299544863,0.3238138994412255,1.0,,,,,,,,,,,
2019,20,linear_full_inner,linear_gamma:10.0,linear_gamma,0.40761240774506197,0.4583129979447825,10.0,,,,,,,,,,,
2019,20,coarse,0,direct,0.26987558875237266,,,382.0,2.0,0.016810683468738295,55.119162244389045,0.8186567693229744,0.95374768677931,0.11235382553916115,0.11872960983376865,3.043918974129779,,
2019,20,coarse,1,direct,0.28453042731468026,,,38.0,3.0,0.14038131611413024,7.835976473366356,0.65400434553277,0.6303836587705103,24.771214655172628,0.0,2.486859469740904,,
2019,20,coarse,2,direct,0.270786667244957,,,86.0,2.0,0.09305619122136746,1.632326106680591,0.889274847284669,0.6799502350332256,68.88701686179753,0.0,2.3513001418101376,,
2019,20,coarse,3,direct,0.29999804203631897,,,118.0,4.0,0.04260084045026215,2.9950184511931326,0.9557323085481404,0.7221366332723016,0.6148489658130238,0.0005609060902787453,0.921253966934894,,
2019,20,coarse,4,direct,0.2915792538328294,,,34.0,3.0,0.1484553508100239,2.1218655327116833,0.651043069410163,0.8776753763395864,21.1577902801402,0.011931237244362097,0.1939298133819678,,
2019,20,coarse,5,direct,0.27185132033419357,,,240.0,2.0,0.022690762544950487,23.585366860503754,0.7281166075620962,0.8007411144145034,1.0045234290501277,0.0,4.593158001104692,,
2019,20,coarse,6,direct,0.2688011441757119,,,241.0,2.0,0.024937877092109085,1.2195290039492932,0.8006366675284557,0.850147927064546,12.943398074700601,0.4648579107455426,1.8846037450174191,,
2019,20,coarse,7,direct,0.2814292975386703,,,109.0,3.0,0.05847891521213486,16.117729623062417,0.811820190241648,0.9545687065990864,28.33284840449706,0.03456078869009234,2.4839834971511094,,
2019,20,coarse,8,direct,0.27053921256642743,,,377.0,2.0,0.01845560216114069,28.321043386094992,0.909043670332336,0.6353745876684644,0.20556129619813737,0.0,0.11544561207638582,,
2019,20,coarse,9,direct,0.276890033284361,,,199.0,3.0,0.02785801629701712,2.4187030192248744,0.6078214079461276,0.9635847476072645,1.248012294015271,0.0011598597583676734,0.660701337482878,,
2019,20,coarse,10,direct,0.28251872743130635,,,158.0,3.0,0.03347083163676745,4.2622413983596195,0.677952880628176,0.5213058839870837,6.461771999719673,0.872566136168424,4.86684934091484,,
2019,20,coarse,11,direct,0.2825344247902182,,,65.0,3.0,0.10112400116568608,1.7878262636323983,0.6043047438890682,0.779923519761126,0.4077513984136103,6.9378664448940155,1.1559040482212857,,
2019,20,coarse,12,direct,0.31759011183041674,,,93.0,5.0,0.04549563568893397,12.532624363309665,0.9819923104368238,0.540059473534411,1.463062809139209,0.0037866963500516014,3.1907591634567694,,
2019,20,coarse,13,direct,0.30087788877046606,,,148.0,4.0,0.031402925854985005,1.1560939832245865,0.9998943748262439,0.5182285975902221,44.220247540384115,0.0,4.226699967961472,,
2019,20,coarse,14,direct,0.2810082796610174,,,38.0,3.0,0.1364459214367544,1.6952065390452866,0.6655404783866105,0.783924794356835,0.9571032942155548,0.9483027095641382,2.446285197725712,,
2019,20,coarse,15,direct,0.27362584131122053,,,87.0,2.0,0.09330680111548337,44.90505078181925,0.7874429478499592,0.5367859076238702,2.5094164650761073,0.0,3.2603460446595793,,
2019,20,coarse,16,direct,0.3153291106186745,,,167.0,5.0,0.028405814500156574,6.292310786723709,0.959703615324008,0.5473701119575725,41.676737391146595,1.2506458254395292,1.7845081175687216,,
2019,20,coarse,17,direct,0.3041461276830283,,,28.0,5.0,0.1471502221564383,59.896190402270065,0.6531652916936086,0.5503439167464454,0.1408529092458632,0.00040581736859182605,2.5522651615272314,,
2019,20,coarse,18,direct,0.28144854096391847,,,373.0,3.0,0.01311953596835786,2.5206656147567696,0.8740178623217499,0.9091082355277562,0.4787159828613117,0.0,4.498448849222058,,
2019,20,coarse,19,direct,0.3001855240036668,,,68.0,4.0,0.05804048341805567,1.0455826694592603,0.8539665799628785,0.6389785287274065,3.0190600478215597,0.0018415032987270136,0.02508364218922088,,
2019,20,coarse,20,direct,0.3349470452925827,,,72.0,6.0,0.04841363977926772,8.459952771194493,0.9572739746639483,0.7637627832499377,2.460030717171174,3.4883455468391005,0.6994975263107589,,
2019,20,coarse,21,direct,0.2684731547113631,,,130.0,2.0,0.04743554958231196,32.823645594889136,0.6664128848502963,0.7388530539826339,34.72080746299189,0.0007563379321334618,3.85766417027033,,
2019,20,coarse,22,direct,0.31523671342832926,,,66.0,5.0,0.07272169724137856,1.7540005792976638,0.9094442975469155,0.5006213304687586,64.19309797735394,0.30131892607316274,3.6495771273875977,,
2019,20,coarse,23,direct,0.2720082817819377,,,60.0,2.0,0.1063614071463956,1.812508559407195,0.6290765614014403,0.6490822790866912,38.95413636138779,0.0007396274238340902,2.1540501691961476,,
2019,20,coarse,24,direct,0.2721110178734692,,,86.0,2.0,0.07407251473176883,6.412689880745559,0.8138303810314409,0.8022635343080042,5.856523716008245,0.18982367710946238,4.743320221532144,,
2019,20,coarse,25,direct,0.29366648697153225,,,268.0,4.0,0.020769042367594696,13.791668974474772,0.6598717759568685,0.5148519648975334,1.4829557124512165,0.00034478016824045953,2.1242383646847385,,
2019,20,coarse,26,direct,0.2972964676703745,,,114.0,4.0,0.04600131513205375,12.723331848536958,0.8611815670300639,0.8341507642881436,22.17471561041375,0.024530503743838028,1.2848669778866513,,
2019,20,coarse,27,direct,0.2988777795671583,,,201.0,4.0,0.027213001572269833,2.376166415606863,0.7640689249277547,0.6874730132059221,0.6008412009646449,0.0,2.8836160282795467,,
2019,20,coarse,28,direct,0.2946355550678183,,,279.0,4.0,0.017237652957384067,1.102097366386189,0.8986403921826964,0.5353665909436108,6.736505225156358,0.006818370458044081,0.1087574953532483,,
2019,20,coarse,29,direct,0.27490364237940923,,,30.0,2.0,0.1454726579694726,6.529536820413327,0.8476627047665758,0.5393197030677156,0.8689238985414293,0.5739232174600256,2.2496366103413674,,
2019,20,coarse,30,direct,0.3144927919039924,,,38.0,5.0,0.11008351078396893,1.0768716638910665,0.8134311224695298,0.7218470211206919,1.2466501430464916,0.0023165321735811057,0.3457760417308503,,
2019,20,coarse,31,direct,0.3330102783824811,,,42.0,6.0,0.12450295713056359,5.964863382464574,0.7775213642143721,0.5943737290859757,0.9495459619816234,0.0,1.6645677482257408,,
2019,20,coarse,32,direct,0.2975588886131687,,,60.0,4.0,0.09555747254524866,3.339589753483531,0.7888214221636962,0.731867428588183,12.396957218981017,0.025773309119445625,1.3893599838308734,,
2019,20,coarse,33,direct,0.31561967274681413,,,131.0,5.0,0.03307612457460172,15.95035773208056,0.805292781719349,0.7101664668933132,50.284918248123326,0.0,4.790028223872382,,
2019,20,coarse,34,direct,0.31180818951566636,,,348.0,5.0,0.012747208805712536,34.067256820065694,0.7264679854027407,0.5122807884110472,16.001361165455027,1.0087960018787985,3.339515105864064,,
2019,20,coarse,35,direct,0.28299785436237984,,,38.0,3.0,0.12203185705919098,6.884283992482084,0.883825156769638,0.8230324517913344,0.12924694165793071,0.000370496362002457,3.259010384791284,,
2019,20,coarse,36,direct,0.27032229385579304,,,469.0,2.0,0.013332615007599878,31.92495030229587,0.9001954743288576,0.6278072495789468,31.721757868222674,0.12143034361552162,2.2495024288283205,,
2019,20,coarse,37,direct,0.3184114666221914,,,128.0,5.0,0.03823635867304879,2.9192178964337057,0.7056131384952877,0.5615956822692185,2.478767876020354,3.873044312933045,2.2357171978782304,,
2019,20,coarse,38,direct,0.29556221831978735,,,68.0,4.0,0.06672705951703976,2.70672265423012,0.8053193000005714,0.7432793676424367,54.50993758434763,0.1763194393573364,0.17809672922888653,,
2019,20,coarse,39,direct,0.3308621681247922,,,42.0,5.0,0.09904909763560564,14.428965075208994,0.8443247223775455,0.7777876188807689,2.411736145240018,0.0,1.006443787771683,,
2019,20,coarse,40,direct,0.31796825248369054,,,217.0,5.0,0.01734675425942572,2.9102489342915057,0.926685932511976,0.8603962347877447,0.26202195721651816,0.703362805264452,3.2991452247567716,,
2019,20,coarse,41,direct,0.29943144864125626,,,194.0,4.0,0.02475819813349527,27.14393201397485,0.7846249212267163,0.900876276591754,1.0994603687653746,0.0,2.0477650060757706,,
2019,20,coarse,42,direct,0.3159434363108288,,,126.0,5.0,0.028672779687180662,12.551613007706257,0.6738624929635467,0.6302820104701345,3.0291077076330977,0.004010204614905998,4.3978300559300285,,
2019,20,coarse,43,direct,0.28089241191473263,,,275.0,3.0,0.018671862071946634,1.401393359198495,0.8126648473219283,0.6976923086352784,14.74241849455122,0.002047013044786316,0.849760462365235,,
2019,20,coarse,44,direct,0.2791038004714574,,,108.0,3.0,0.0411317443025174,6.2432411361879065,0.6520146345475489,0.916194628483469,0.11674085337776108,0.022622879972084575,3.859598157434405,,
2019,20,coarse,45,direct,0.2812810891524471,,,313.0,3.0,0.01595947865577667,4.946298920100062,0.9243002770433422,0.7107772098297316,1.3179316260121636,0.0,4.586006590674058,,
2019,20,coarse,46,direct,0.26933843089328174,,,362.0,2.0,0.01797522180633576,7.347411838166395,0.7667650355177703,0.5474379662497563,14.297018369077687,5.229063765246583,1.4506358813304048,,
2019,20,coarse,47,direct,0.2991250855809242,,,358.0,4.0,0.013316534020025604,8.383467165313165,0.9575765808776262,0.8167883718396487,3.2074682616292,3.296028853389544,4.44860926253836,,
2019,20,coarse,48,direct,0.26847990867545796,,,168.0,2.0,0.032579102647939256,53.23842049044245,0.6620945591447528,0.85714269815283,2.6278551089599085,0.003942893420477396,0.3580699230392842,,
2019,20,coarse,49,direct,0.27635799583552134,,,80.0,3.0,0.08377745972352482,2.904293293958526,0.6841963852150503,0.8107044155316834,6.5853136207947465,0.00032791038515188786,4.0059308805883305,,
2019,20,coarse,50,direct,0.2972042873650097,,,136.0,4.0,0.03753418111725765,17.47906887666331,0.7179164541391094,0.7963769834297969,17.774546675897962,0.0,0.7245421784563316,,
2019,20,coarse,51,direct,0.27087696256116683,,,55.0,2.0,0.09712450443770068,19.873737740286536,0.9653996959635643,0.808235692677708,1.0857419910672097,0.000277111569727843,2.198148629386954,,
2019,20,coarse,52,direct,0.316559079112367,,,334.0,5.0,0.011894794215646893,10.948149793944104,0.9517137013670367,0.7886656870453422,0.1699671938655904,0.001570124419063149,1.9409820944717138,,
2019,20,coarse,53,direct,0.284619409673052,,,59.0,3.0,0.07702995048983494,6.058871669262655,0.9825948163986298,0.6059531698345416,24.206715053194255,0.011159705570884294,1.6844181053060048,,
2019,20,coarse,54,direct,0.31790531011764833,,,105.0,5.0,0.040500245262775306,1.605239840439291,0.7886102896046301,0.8160362501051995,1.5801288278860754,0.00048101341157796493,1.2803959313816953,,
2019,20,coarse,55,direct,0.282602560163689,,,34.0,3.0,0.14300294397591817,24.08964019785051,0.8836950527238809,0.5413900672927074,8.585655589941501,0.8559940865291982,1.780410255069797,,
2019,20,coarse,56,direct,0.2707180422211711,,,378.0,2.0,0.014786020886011194,19.074630974963505,0.6785167287152978,0.5706008982742522,0.4502987137366124,0.42561599377309567,3.6753337726996937,,
2019,20,coarse,57,direct,0.33527046391626236,,,365.0,6.0,0.011860025942700409,3.2821525885566927,0.8307204688622092,0.9123760549715234,30.959130593078328,0.0,3.6597370743274604,,
2019,20,coarse,58,direct,0.2939015964965269,,,122.0,4.0,0.03575980810784384,7.595402577092506,0.9967233681951965,0.9916294743796958,0.1139189012179602,0.20166918070319698,1.6546549684573142,,
2019,20,coarse,59,direct,0.2718335502843445,,,73.0,2.0,0.1243133099225857,1.3482793831868074,0.6468572233510238,0.61944742979272,39.83854065200464,0.0012978453891418543,4.393389730583989,,
2019,20,coarse,60,direct,0.3004443636512689,,,176.0,4.0,0.03589637188959825,6.492289521383685,0.7883156354899614,0.5770209926183111,85.55934042285628,0.002483083453073028,0.47909660302960233,,
2019,20,coarse,61,direct,0.2976695858993017,,,39.0,4.0,0.10640431235235005,3.622286763254677,0.7410729780227249,0.6169238464055251,0.25731523626552455,0.0,0.9178843103107559,,
2019,20,coarse,62,direct,0.3294198220866795,,,99.0,6.0,0.03969323784450192,2.0002531736283315,0.6945446813339419,0.5348989290084459,32.9914399063462,1.5943700749771792,4.883930175746702,,
2019,20,coarse,63,direct,0.3371291002577277,,,317.0,6.0,0.014119049957120973,2.749651713642465,0.7075828830309727,0.8249802305198262,2.240866876832263,0.001931695548452399,2.144999685363034,,
2019,20,coarse,64,direct,0.3183568426167691,,,341.0,5.0,0.012397042132572937,4.818306828515858,0.6792217026132105,0.7976553535918061,0.536832180178445,0.01851249065569294,2.888538736177728,,
2019,20,coarse,65,direct,0.33954970184968886,,,150.0,6.0,0.028799044713627382,16.350701648691427,0.8510825048106321,0.828518873448677,4.0691402237551495,0.002065793786135431,1.7377506024841898,,
2019,20,coarse,66,direct,0.2709723572361673,,,33.0,2.0,0.1414978505057996,1.4323385835712157,0.6607865216126029,0.7044706265464652,3.801616173600101,0.00023796932929691478,0.6152351537315809,,
2019,20,coarse,67,direct,0.32101735226074973,,,109.0,5.0,0.03635816574890565,2.0954417584085285,0.8108722477231776,0.9194537124062774,0.3826647290954186,0.0,0.34497127278346695,,
2019,20,coarse,68,direct,0.27954236463651216,,,208.0,3.0,0.030384857877362333,55.97921181072484,0.6883950137063961,0.7262332197378971,2.1025726476442346,0.0,2.881919006555761,,
2019,20,coarse,69,direct,0.3410223757195932,,,67.0,6.0,0.0680833158876155,3.249931908596805,0.8787310045262472,0.9857357550681056,96.8874771047533,0.045184260590308445,0.13243103996912808,,
2019,20,coarse,70,direct,0.29599957806252536,,,135.0,4.0,0.03456713741366954,15.004623725778611,0.9207620156949223,0.9519001062765866,66.75122871508896,0.0010406824028230414,1.3880916841372781,,
2019,20,coarse,71,direct,0.3139548279686592,,,80.0,5.0,0.056801573083385334,1.2434374638107393,0.808071599095945,0.6904776249668959,11.9426790547697,0.10426320591726872,1.8307771537323725,,
2019,20,coarse,72,direct,0.3391966179702961,,,118.0,6.0,0.03938847289287143,26.044965453083332,0.9694805657091756,0.8162538496781191,27.50040881188148,0.0,2.296619716689138,,
2019,20,coarse,73,direct,0.3125335938779153,,,42.0,5.0,0.07910327496544721,60.580062679834604,0.6876594282317419,0.6755873061060155,2.43666181547593,0.12463692987068953,4.952601808408869,,
2019,20,coarse,74,direct,0.2714024776560417,,,589.0,2.0,0.011585073584015487,1.8733419725889013,0.8793143418812608,0.7711105629732811,35.72233282406667,0.0,0.62884312211206,,
2019,20,coarse,75,direct,0.30240122385340884,,,72.0,4.0,0.05213883266821991,5.893143373452778,0.9851430202389916,0.6693543324646221,10.773529340629755,3.679821296628186,2.761159891250639,,
2019,20,coarse,76,direct,0.2701182970323175,,,56.0,2.0,0.08405693416085773,2.6818837383828855,0.6861087442615539,0.8128080216440733,2.555707501951048,0.43180433949456865,2.19569393581153,,
2019,20,coarse,77,direct,0.33632951797958216,,,42.0,6.0,0.09282329655234453,23.970580590602463,0.7273834255124151,0.5775673649693207,8.624332468195716,0.00017013077583600392,2.682703233609571,,
2019,20,coarse,78,direct,0.30382479076029234,,,40.0,4.0,0.1042877570398033,25.40428486316132,0.942115079444604,0.6803922859004549,8.882093105603069,5.1345815195455895,1.74818868152945,,
2019,20,coarse,79,direct,0.332164886751968,,,238.0,6.0,0.020586858800382895,35.75145241267939,0.9883616912127279,0.8285228438835714,16.579648966634206,0.008315552127750009,4.648750872173208,,
2019,20,coarse,80,direct,0.2740841274072614,,,75.0,2.0,0.1340418820722338,5.835724247309656,0.6199372714896739,0.7353199905092667,3.279644532317947,0.0003464656331359056,1.2720928988688107,,
2019,20,coarse,81,direct,0.31730185873568906,,,44.0,5.0,0.1248033523992081,13.16388028489069,0.6812138276280535,0.9336021948995091,2.821114685007188,0.0038052455709144534,2.3777249923600206,,
2019,20,coarse,82,direct,0.32639228173050827,,,199.0,6.0,0.025468387508108356,51.73362910201089,0.7940520503118303,0.637289287626869,32.33421643234411,0.25641190657654067,2.546714897374917,,
2019,20,coarse,83,direct,0.2710334359619601,,,129.0,2.0,0.05409735557617,47.89939707186949,0.8832977835639271,0.9049755762439412,0.25516643375039716,0.029416944854695176,1.8768701068275995,,
2019,20,coarse,84,direct,0.27231834465715604,,,101.0,2.0,0.05952512371690523,7.3561312571302535,0.8828066783461526,0.5194442728369237,46.419259116333045,1.1727676687410102,2.144920296886474,,
2019,20,coarse,85,direct,0.31682632695331936,,,159.0,5.0,0.03437883306127211,2.773962022463083,0.8843314959883579,0.6591174686255034,78.94981393425448,0.0246354593617209,0.13778240831877064,,
2019,20,coarse,86,direct,0.2707847467375167,,,100.0,2.0,0.05123062168503441,1.4661404583944162,0.7170148737277271,0.6351232767484494,3.4935500875714007,1.9358620630754502,4.05188765216089,,
2019,20,coarse,87,direct,0.3311282940438729,,,378.0,6.0,0.01015627070303812,36.72298171773921,0.7584245106038103,0.5559453782719519,0.24436927844972897,0.0,0.4811858788047385,,
2019,20,coarse,88,direct,0.3388011098284008,,,416.0,6.0,0.010196272955330751,1.0222766923978712,0.9225545579250534,0.826280181974226,0.4058473723320186,0.0,2.3313062743772797,,
2019,20,coarse,89,direct,0.2823444786533291,,,84.0,3.0,0.059688196684099075,5.155638043485394,0.7838113426790163,0.6602049084105744,61.77764291154232,0.0,2.0134371931966517,,
2019,20,coarse,90,direct,0.3371200353861954,,,47.0,6.0,0.09602967076057013,42.73715676114025,0.6447300757029808,0.8238913411103341,1.6913458269352082,0.0,0.001559252333087069,,
2019,20,coarse,91,direct,0.29586665676941903,,,267.0,4.0,0.017584445119468876,12.023170162881756,0.845753997982353,0.5266524965310003,0.14069425535374608,0.00039024027826087114,0.9466210710739564,,
2019,20,coarse,92,direct,0.3246032790081109,,,38.0,5.0,0.12155857295870036,7.029119097584628,0.6059656421031232,0.5262503789120964,1.1327711460412722,0.07426098527979913,3.145722326458846,,
2019,20,coarse,93,direct,0.29440690534168346,,,296.0,4.0,0.01607772686713565,58.58565867444653,0.9957784087383287,0.9332476614328438,19.341097423446843,0.00013686521951527424,0.2882984124375454,,
2019,20,coarse,94,direct,0.3326250246500324,,,57.0,6.0,0.10177021064149849,1.2319493854073917,0.9740793609749794,0.985742824644058,8.282656749848876,0.00010244704721441725,4.975205885286788,,
2019,20,coarse,95,direct,0.270297086676207,,,46.0,2.0,0.10191947549469274,25.91758187977807,0.7577284522569445,0.5790806839643232,9.450270962207833,0.12759933216957522,0.590907108092113,,
2019,20,full_inner,21,direct,0.29427216478088114,0.31430180939224944,,130.0,2.0,0.04743554958231196,32.823645594889136,0.6664128848502963,0.7388530539826339,34.72080746299189,0.0007563379321334618,3.85766417027033,,
2019,20,full_inner,48,direct,0.29394985048298894,0.314919576728613,,168.0,2.0,0.032579102647939256,53.23842049044245,0.6620945591447528,0.85714269815283,2.6278551089599085,0.003942893420477396,0.3580699230392842,,
2019,20,full_inner,6,direct,0.2958529844803582,0.31627640738210033,,241.0,2.0,0.024937877092109085,1.2195290039492932,0.8006366675284557,0.850147927064546,12.943398074700601,0.4648579107455426,1.8846037450174191,,
2019,20,full_inner,46,direct,0.29443736298607587,0.31394181740293553,,362.0,2.0,0.01797522180633576,7.347411838166395,0.7667650355177703,0.5474379662497563,14.297018369077687,5.229063765246583,1.4506358813304048,,
2019,20,full_inner,0,direct,0.2941364912390468,0.31527432597251126,,382.0,2.0,0.016810683468738295,55.119162244389045,0.8186567693229744,0.95374768677931,0.11235382553916115,0.11872960983376865,3.043918974129779,,
2019,20,full_inner,76,direct,0.29148771782812966,0.30698000079761956,,192.0,2.0,0.08405693416085773,2.6818837383828855,0.6861087442615539,0.8128080216440733,2.555707501951048,0.43180433949456865,2.19569393581153,,
2019,20,full_inner,95,direct,0.29069793611663486,0.30412419506998617,,127.0,2.0,0.10191947549469274,25.91758187977807,0.7577284522569445,0.5790806839643232,9.450270962207833,0.12759933216957522,0.590907108092113,,
2019,20,full_inner,36,direct,0.2951187301139831,0.31447118889148984,,469.0,2.0,0.013332615007599878,31.92495030229587,0.9001954743288576,0.6278072495789468,31.721757868222674,0.12143034361552162,2.2495024288283205,,
2019,20,variant_selection,95,ratio,0.28057509833476313,,,86.0,,,,,,,,,1.0,1.1016854293756388
2020,20,linear_full_inner,ridge_har:0.001,ridge_har,0.29321922456587957,0.32679779959730154,0.001,,,,,,,,,,,
2020,20,linear_full_inner,ridge_har:0.01,ridge_har,0.2932192212952287,0.3267978086269157,0.01,,,,,,,,,,,
2020,20,linear_full_inner,ridge_har:0.1,ridge_har,0.29321918860970164,0.3267978989709133,0.1,,,,,,,,,,,
2020,20,linear_full_inner,ridge_har:1.0,ridge_har,0.29321886385086293,0.3267988071915315,1.0,,,,,,,,,,,
2020,20,linear_full_inner,ridge_har:10.0,ridge_har,0.29321582411587255,0.3268083624421648,10.0,,,,,,,,,,,
2020,20,linear_full_inner,linear_gamma:0.001,linear_gamma,0.27610661349011634,0.3399751575969872,0.001,,,,,,,,,,,
2020,20,linear_full_inner,linear_gamma:0.01,linear_gamma,0.2754369068514636,0.33690707686038174,0.01,,,,,,,,,,,
2020,20,linear_full_inner,linear_gamma:0.1,linear_gamma,0.27357725313052916,0.3277388015436462,0.1,,,,,,,,,,,
2020,20,linear_full_inner,linear_gamma:1.0,linear_gamma,0.2862718403450118,0.3238138994412255,1.0,,,,,,,,,,,
2020,20,linear_full_inner,linear_gamma:10.0,linear_gamma,0.3840620835425517,0.4583129979447825,10.0,,,,,,,,,,,
2020,20,coarse,0,direct,0.24401068721947675,,,533.0,2.0,0.016810683468738295,55.119162244389045,0.8186567693229744,0.95374768677931,0.11235382553916115,0.11872960983376865,3.043918974129779,,
2020,20,coarse,1,direct,0.2406596861230037,,,32.0,3.0,0.14038131611413024,7.835976473366356,0.65400434553277,0.6303836587705103,24.771214655172628,0.0,2.486859469740904,,
2020,20,coarse,2,direct,0.2423146476299774,,,99.0,2.0,0.09305619122136746,1.632326106680591,0.889274847284669,0.6799502350332256,68.88701686179753,0.0,2.3513001418101376,,
2020,20,coarse,3,direct,0.2391407650303785,,,146.0,4.0,0.04260084045026215,2.9950184511931326,0.9557323085481404,0.7221366332723016,0.6148489658130238,0.0005609060902787453,0.921253966934894,,
2020,20,coarse,4,direct,0.2402285376213909,,,48.0,3.0,0.1484553508100239,2.1218655327116833,0.651043069410163,0.8776753763395864,21.1577902801402,0.011931237244362097,0.1939298133819678,,
2020,20,coarse,5,direct,0.2437761128111233,,,407.0,2.0,0.022690762544950487,23.585366860503754,0.7281166075620962,0.8007411144145034,1.0045234290501277,0.0,4.593158001104692,,
2020,20,coarse,6,direct,0.24368173677577945,,,483.0,2.0,0.024937877092109085,1.2195290039492932,0.8006366675284557,0.850147927064546,12.943398074700601,0.4648579107455426,1.8846037450174191,,
2020,20,coarse,7,direct,0.24404395667568085,,,137.0,3.0,0.05847891521213486,16.117729623062417,0.811820190241648,0.9545687065990864,28.33284840449706,0.03456078869009234,2.4839834971511094,,
2020,20,coarse,8,direct,0.2440102959694154,,,522.0,2.0,0.01845560216114069,28.321043386094992,0.909043670332336,0.6353745876684644,0.20556129619813737,0.0,0.11544561207638582,,
2020,20,coarse,9,direct,0.24263957674644057,,,152.0,3.0,0.02785801629701712,2.4187030192248744,0.6078214079461276,0.9635847476072645,1.248012294015271,0.0011598597583676734,0.660701337482878,,
2020,20,coarse,10,direct,0.23885539603453015,,,213.0,3.0,0.03347083163676745,4.2622413983596195,0.677952880628176,0.5213058839870837,6.461771999719673,0.872566136168424,4.86684934091484,,
2020,20,coarse,11,direct,0.2412164895274499,,,110.0,3.0,0.10112400116568608,1.7878262636323983,0.6043047438890682,0.779923519761126,0.4077513984136103,6.9378664448940155,1.1559040482212857,,
2020,20,coarse,12,direct,0.23407743338629194,,,81.0,5.0,0.04549563568893397,12.532624363309665,0.9819923104368238,0.540059473534411,1.463062809139209,0.0037866963500516014,3.1907591634567694,,
2020,20,coarse,13,direct,0.23798614656054617,,,151.0,4.0,0.031402925854985005,1.1560939832245865,0.9998943748262439,0.5182285975902221,44.220247540384115,0.0,4.226699967961472,,
2020,20,coarse,14,direct,0.23935562612201136,,,62.0,3.0,0.1364459214367544,1.6952065390452866,0.6655404783866105,0.783924794356835,0.9571032942155548,0.9483027095641382,2.446285197725712,,
2020,20,coarse,15,direct,0.2407514393673038,,,106.0,2.0,0.09330680111548337,44.90505078181925,0.7874429478499592,0.5367859076238702,2.5094164650761073,0.0,3.2603460446595793,,
2020,20,coarse,16,direct,0.24188994952122875,,,149.0,5.0,0.028405814500156574,6.292310786723709,0.959703615324008,0.5473701119575725,41.676737391146595,1.2506458254395292,1.7845081175687216,,
2020,20,coarse,17,direct,0.23588018206146985,,,64.0,5.0,0.1471502221564383,59.896190402270065,0.6531652916936086,0.5503439167464454,0.1408529092458632,0.00040581736859182605,2.5522651615272314,,
2020,20,coarse,18,direct,0.24308328770045046,,,466.0,3.0,0.01311953596835786,2.5206656147567696,0.8740178623217499,0.9091082355277562,0.4787159828613117,0.0,4.498448849222058,,
2020,20,coarse,19,direct,0.2419850384767893,,,71.0,4.0,0.05804048341805567,1.0455826694592603,0.8539665799628785,0.6389785287274065,3.0190600478215597,0.0018415032987270136,0.02508364218922088,,
2020,20,coarse,20,direct,0.23892472897417097,,,74.0,6.0,0.04841363977926772,8.459952771194493,0.9572739746639483,0.7637627832499377,2.460030717171174,3.4883455468391005,0.6994975263107589,,
2020,20,coarse,21,direct,0.24354154426663704,,,281.0,2.0,0.04743554958231196,32.823645594889136,0.6664128848502963,0.7388530539826339,34.72080746299189,0.0007563379321334618,3.85766417027033,,
2020,20,coarse,22,direct,0.23502798311721437,,,48.0,5.0,0.07272169724137856,1.7540005792976638,0.9094442975469155,0.5006213304687586,64.19309797735394,0.30131892607316274,3.6495771273875977,,
2020,20,coarse,23,direct,0.24100871721125433,,,78.0,2.0,0.1063614071463956,1.812508559407195,0.6290765614014403,0.6490822790866912,38.95413636138779,0.0007396274238340902,2.1540501691961476,,
2020,20,coarse,24,direct,0.24469091846178875,,,174.0,2.0,0.07407251473176883,6.412689880745559,0.8138303810314409,0.8022635343080042,5.856523716008245,0.18982367710946238,4.743320221532144,,
2020,20,coarse,25,direct,0.23628431949261391,,,248.0,4.0,0.020769042367594696,13.791668974474772,0.6598717759568685,0.5148519648975334,1.4829557124512165,0.00034478016824045953,2.1242383646847385,,
2020,20,coarse,26,direct,0.24066426436608887,,,82.0,4.0,0.04600131513205375,12.723331848536958,0.8611815670300639,0.8341507642881436,22.17471561041375,0.024530503743838028,1.2848669778866513,,
2020,20,coarse,27,direct,0.23914057837091565,,,151.0,4.0,0.027213001572269833,2.376166415606863,0.7640689249277547,0.6874730132059221,0.6008412009646449,0.0,2.8836160282795467,,
2020,20,coarse,28,direct,0.23789722369055052,,,242.0,4.0,0.017237652957384067,1.102097366386189,0.8986403921826964,0.5353665909436108,6.736505225156358,0.006818370458044081,0.1087574953532483,,
2020,20,coarse,29,direct,0.24045180909444083,,,51.0,2.0,0.1454726579694726,6.529536820413327,0.8476627047665758,0.5393197030677156,0.8689238985414293,0.5739232174600256,2.2496366103413674,,
2020,20,coarse,30,direct,0.24357273569351082,,,30.0,5.0,0.11008351078396893,1.0768716638910665,0.8134311224695298,0.7218470211206919,1.2466501430464916,0.0023165321735811057,0.3457760417308503,,
2020,20,coarse,31,direct,0.24462881106567883,,,27.0,6.0,0.12450295713056359,5.964863382464574,0.7775213642143721,0.5943737290859757,0.9495459619816234,0.0,1.6645677482257408,,
2020,20,coarse,32,direct,0.24027222536009168,,,99.0,4.0,0.09555747254524866,3.339589753483531,0.7888214221636962,0.731867428588183,12.396957218981017,0.025773309119445625,1.3893599838308734,,
2020,20,coarse,33,direct,0.24000700124696733,,,122.0,5.0,0.03307612457460172,15.95035773208056,0.805292781719349,0.7101664668933132,50.284918248123326,0.0,4.790028223872382,,
2020,20,coarse,34,direct,0.23655454204085272,,,299.0,5.0,0.012747208805712536,34.067256820065694,0.7264679854027407,0.5122807884110472,16.001361165455027,1.0087960018787985,3.339515105864064,,
2020,20,coarse,35,direct,0.240487595182719,,,37.0,3.0,0.12203185705919098,6.884283992482084,0.883825156769638,0.8230324517913344,0.12924694165793071,0.000370496362002457,3.259010384791284,,
2020,20,coarse,36,direct,0.2437981059748052,,,706.0,2.0,0.013332615007599878,31.92495030229587,0.9001954743288576,0.6278072495789468,31.721757868222674,0.12143034361552162,2.2495024288283205,,
2020,20,coarse,37,direct,0.2378642619983103,,,118.0,5.0,0.03823635867304879,2.9192178964337057,0.7056131384952877,0.5615956822692185,2.478767876020354,3.873044312933045,2.2357171978782304,,
2020,20,coarse,38,direct,0.23920092382765565,,,73.0,4.0,0.06672705951703976,2.70672265423012,0.8053193000005714,0.7432793676424367,54.50993758434763,0.1763194393573364,0.17809672922888653,,
2020,20,coarse,39,direct,0.2399552572916727,,,39.0,5.0,0.09904909763560564,14.428965075208994,0.8443247223775455,0.7777876188807689,2.411736145240018,0.0,1.006443787771683,,
2020,20,coarse,40,direct,0.24224471104126866,,,204.0,5.0,0.01734675425942572,2.9102489342915057,0.926685932511976,0.8603962347877447,0.26202195721651816,0.703362805264452,3.2991452247567716,,
2020,20,coarse,41,direct,0.23979364093258443,,,158.0,4.0,0.02475819813349527,27.14393201397485,0.7846249212267163,0.900876276591754,1.0994603687653746,0.0,2.0477650060757706,,
2020,20,coarse,42,direct,0.23717138966005036,,,150.0,5.0,0.028672779687180662,12.551613007706257,0.6738624929635467,0.6302820104701345,3.0291077076330977,0.004010204614905998,4.3978300559300285,,
2020,20,coarse,43,direct,0.24177958827938006,,,290.0,3.0,0.018671862071946634,1.401393359198495,0.8126648473219283,0.6976923086352784,14.74241849455122,0.002047013044786316,0.849760462365235,,
2020,20,coarse,44,direct,0.24346432844701557,,,259.0,3.0,0.0411317443025174,6.2432411361879065,0.6520146345475489,0.916194628483469,0.11674085337776108,0.022622879972084575,3.859598157434405,,
2020,20,coarse,45,direct,0.24101771979160017,,,406.0,3.0,0.01595947865577667,4.946298920100062,0.9243002770433422,0.7107772098297316,1.3179316260121636,0.0,4.586006590674058,,
2020,20,coarse,46,direct,0.24280883283591623,,,624.0,2.0,0.01797522180633576,7.347411838166395,0.7667650355177703,0.5474379662497563,14.297018369077687,5.229063765246583,1.4506358813304048,,
2020,20,coarse,47,direct,0.2416349284432311,,,258.0,4.0,0.013316534020025604,8.383467165313165,0.9575765808776262,0.8167883718396487,3.2074682616292,3.296028853389544,4.44860926253836,,
2020,20,coarse,48,direct,0.24292459361257474,,,360.0,2.0,0.032579102647939256,53.23842049044245,0.6620945591447528,0.85714269815283,2.6278551089599085,0.003942893420477396,0.3580699230392842,,
2020,20,coarse,49,direct,0.24068021789111663,,,74.0,3.0,0.08377745972352482,2.904293293958526,0.6841963852150503,0.8107044155316834,6.5853136207947465,0.00032791038515188786,4.0059308805883305,,
2020,20,coarse,50,direct,0.24346005472986385,,,136.0,4.0,0.03753418111725765,17.47906887666331,0.7179164541391094,0.7963769834297969,17.774546675897962,0.0,0.7245421784563316,,
2020,20,coarse,51,direct,0.24466374947976455,,,84.0,2.0,0.09712450443770068,19.873737740286536,0.9653996959635643,0.808235692677708,1.0857419910672097,0.000277111569727843,2.198148629386954,,
2020,20,coarse,52,direct,0.23954892929096686,,,296.0,5.0,0.011894794215646893,10.948149793944104,0.9517137013670367,0.7886656870453422,0.1699671938655904,0.001570124419063149,1.9409820944717138,,
2020,20,coarse,53,direct,0.24000256006831447,,,81.0,3.0,0.07702995048983494,6.058871669262655,0.9825948163986298,0.6059531698345416,24.206715053194255,0.011159705570884294,1.6844181053060048,,
2020,20,coarse,54,direct,0.24116495323697387,,,104.0,5.0,0.040500245262775306,1.605239840439291,0.7886102896046301,0.8160362501051995,1.5801288278860754,0.00048101341157796493,1.2803959313816953,,
2020,20,coarse,55,direct,0.23448844844806033,,,39.0,3.0,0.14300294397591817,24.08964019785051,0.8836950527238809,0.5413900672927074,8.585655589941501,0.8559940865291982,1.780410255069797,,
2020,20,coarse,56,direct,0.24204693822954532,,,618.0,2.0,0.014786020886011194,19.074630974963505,0.6785167287152978,0.5706008982742522,0.4502987137366124,0.42561599377309567,3.6753337726996937,,
2020,20,coarse,57,direct,0.2451085141976105,,,353.0,6.0,0.011860025942700409,3.2821525885566927,0.8307204688622092,0.9123760549715234,30.959130593078328,0.0,3.6597370743274604,,
2020,20,coarse,58,direct,0.24232904277971073,,,146.0,4.0,0.03575980810784384,7.595402577092506,0.9967233681951965,0.9916294743796958,0.1139189012179602,0.20166918070319698,1.6546549684573142,,
2020,20,coarse,59,direct,0.24064823351940218,,,89.0,2.0,0.1243133099225857,1.3482793831868074,0.6468572233510238,0.61944742979272,39.83854065200464,0.0012978453891418543,4.393389730583989,,
2020,20,coarse,60,direct,0.2400239762817366,,,156.0,4.0,0.03589637188959825,6.492289521383685,0.7883156354899614,0.5770209926183111,85.55934042285628,0.002483083453073028,0.47909660302960233,,
2020,20,coarse,61,direct,0.23680884740930322,,,39.0,4.0,0.10640431235235005,3.622286763254677,0.7410729780227249,0.6169238464055251,0.25731523626552455,0.0,0.9178843103107559,,
2020,20,coarse,62,direct,0.23818248150569316,,,93.0,6.0,0.03969323784450192,2.0002531736283315,0.6945446813339419,0.5348989290084459,32.9914399063462,1.5943700749771792,4.883930175746702,,
2020,20,coarse,63,direct,0.2428263289425983,,,250.0,6.0,0.014119049957120973,2.749651713642465,0.7075828830309727,0.8249802305198262,2.240866876832263,0.001931695548452399,2.144999685363034,,
2020,20,coarse,64,direct,0.2392239634613359,,,300.0,5.0,0.012397042132572937,4.818306828515858,0.6792217026132105,0.7976553535918061,0.536832180178445,0.01851249065569294,2.888538736177728,,
2020,20,coarse,65,direct,0.2438108346534788,,,137.0,6.0,0.028799044713627382,16.350701648691427,0.8510825048106321,0.828518873448677,4.0691402237551495,0.002065793786135431,1.7377506024841898,,
2020,20,coarse,66,direct,0.24438605103909716,,,88.0,2.0,0.1414978505057996,1.4323385835712157,0.6607865216126029,0.7044706265464652,3.801616173600101,0.00023796932929691478,0.6152351537315809,,
2020,20,coarse,67,direct,0.24539374429155703,,,87.0,5.0,0.03635816574890565,2.0954417584085285,0.8108722477231776,0.9194537124062774,0.3826647290954186,0.0,0.34497127278346695,,
2020,20,coarse,68,direct,0.24139290963105,,,256.0,3.0,0.030384857877362333,55.97921181072484,0.6883950137063961,0.7262332197378971,2.1025726476442346,0.0,2.881919006555761,,
2020,20,coarse,69,direct,0.2512079934436032,,,54.0,6.0,0.0680833158876155,3.249931908596805,0.8787310045262472,0.9857357550681056,96.8874771047533,0.045184260590308445,0.13243103996912808,,
2020,20,coarse,70,direct,0.2429956757815289,,,149.0,4.0,0.03456713741366954,15.004623725778611,0.9207620156949223,0.9519001062765866,66.75122871508896,0.0010406824028230414,1.3880916841372781,,
2020,20,coarse,71,direct,0.238257798923313,,,70.0,5.0,0.056801573083385334,1.2434374638107393,0.808071599095945,0.6904776249668959,11.9426790547697,0.10426320591726872,1.8307771537323725,,
2020,20,coarse,72,direct,0.24068794657890188,,,93.0,6.0,0.03938847289287143,26.044965453083332,0.9694805657091756,0.8162538496781191,27.50040881188148,0.0,2.296619716689138,,
2020,20,coarse,73,direct,0.23787395610449216,,,51.0,5.0,0.07910327496544721,60.580062679834604,0.6876594282317419,0.6755873061060155,2.43666181547593,0.12463692987068953,4.952601808408869,,
2020,20,coarse,74,direct,0.24436293390862565,,,831.0,2.0,0.011585073584015487,1.8733419725889013,0.8793143418812608,0.7711105629732811,35.72233282406667,0.0,0.62884312211206,,
2020,20,coarse,75,direct,0.23889922717629788,,,89.0,4.0,0.05213883266821991,5.893143373452778,0.9851430202389916,0.6693543324646221,10.773529340629755,3.679821296628186,2.761159891250639,,
2020,20,coarse,76,direct,0.24500846257160844,,,107.0,2.0,0.08405693416085773,2.6818837383828855,0.6861087442615539,0.8128080216440733,2.555707501951048,0.43180433949456865,2.19569393581153,,
2020,20,coarse,77,direct,0.2340741833283496,,,39.0,6.0,0.09282329655234453,23.970580590602463,0.7273834255124151,0.5775673649693207,8.624332468195716,0.00017013077583600392,2.682703233609571,,
2020,20,coarse,78,direct,0.23817909386911146,,,30.0,4.0,0.1042877570398033,25.40428486316132,0.942115079444604,0.6803922859004549,8.882093105603069,5.1345815195455895,1.74818868152945,,
2020,20,coarse,79,direct,0.24089427809588604,,,167.0,6.0,0.020586858800382895,35.75145241267939,0.9883616912127279,0.8285228438835714,16.579648966634206,0.008315552127750009,4.648750872173208,,
2020,20,coarse,80,direct,0.24228234337210716,,,91.0,2.0,0.1340418820722338,5.835724247309656,0.6199372714896739,0.7353199905092667,3.279644532317947,0.0003464656331359056,1.2720928988688107,,
2020,20,coarse,81,direct,0.23788371794377078,,,32.0,5.0,0.1248033523992081,13.16388028489069,0.6812138276280535,0.9336021948995091,2.821114685007188,0.0038052455709144534,2.3777249923600206,,
2020,20,coarse,82,direct,0.23989754219168985,,,160.0,6.0,0.025468387508108356,51.73362910201089,0.7940520503118303,0.637289287626869,32.33421643234411,0.25641190657654067,2.546714897374917,,
2020,20,coarse,83,direct,0.24507398619941076,,,159.0,2.0,0.05409735557617,47.89939707186949,0.8832977835639271,0.9049755762439412,0.25516643375039716,0.029416944854695176,1.8768701068275995,,
2020,20,coarse,84,direct,0.2431294974936527,,,165.0,2.0,0.05952512371690523,7.3561312571302535,0.8828066783461526,0.5194442728369237,46.419259116333045,1.1727676687410102,2.144920296886474,,
2020,20,coarse,85,direct,0.24200087548705446,,,118.0,5.0,0.03437883306127211,2.773962022463083,0.8843314959883579,0.6591174686255034,78.94981393425448,0.0246354593617209,0.13778240831877064,,
2020,20,coarse,86,direct,0.24356807336614206,,,152.0,2.0,0.05123062168503441,1.4661404583944162,0.7170148737277271,0.6351232767484494,3.4935500875714007,1.9358620630754502,4.05188765216089,,
2020,20,coarse,87,direct,0.23837280295348642,,,407.0,6.0,0.01015627070303812,36.72298171773921,0.7584245106038103,0.5559453782719519,0.24436927844972897,0.0,0.4811858788047385,,
2020,20,coarse,88,direct,0.24468864421594524,,,387.0,6.0,0.010196272955330751,1.0222766923978712,0.9225545579250534,0.826280181974226,0.4058473723320186,0.0,2.3313062743772797,,
2020,20,coarse,89,direct,0.24185652467233068,,,144.0,3.0,0.059688196684099075,5.155638043485394,0.7838113426790163,0.6602049084105744,61.77764291154232,0.0,2.0134371931966517,,
2020,20,coarse,90,direct,0.24225018964495731,,,37.0,6.0,0.09602967076057013,42.73715676114025,0.6447300757029808,0.8238913411103341,1.6913458269352082,0.0,0.001559252333087069,,
2020,20,coarse,91,direct,0.23687108557275596,,,299.0,4.0,0.017584445119468876,12.023170162881756,0.845753997982353,0.5266524965310003,0.14069425535374608,0.00039024027826087114,0.9466210710739564,,
2020,20,coarse,92,direct,0.2380044820030806,,,51.0,5.0,0.12155857295870036,7.029119097584628,0.6059656421031232,0.5262503789120964,1.1327711460412722,0.07426098527979913,3.145722326458846,,
2020,20,coarse,93,direct,0.244215604771678,,,278.0,4.0,0.01607772686713565,58.58565867444653,0.9957784087383287,0.9332476614328438,19.341097423446843,0.00013686521951527424,0.2882984124375454,,
2020,20,coarse,94,direct,0.25242008404546745,,,31.0,6.0,0.10177021064149849,1.2319493854073917,0.9740793609749794,0.985742824644058,8.282656749848876,0.00010244704721441725,4.975205885286788,,
2020,20,coarse,95,direct,0.24211780816433862,,,94.0,2.0,0.10191947549469274,25.91758187977807,0.7577284522569445,0.5790806839643232,9.450270962207833,0.12759933216957522,0.590907108092113,,
2020,20,full_inner,77,direct,0.29618625613916094,0.33632951797958216,,89.0,6.0,0.09282329655234453,23.970580590602463,0.7273834255124151,0.5775673649693207,8.624332468195716,0.00017013077583600392,2.682703233609571,,
2020,20,full_inner,12,direct,0.29308167569530963,0.3188565865191147,,127.0,5.0,0.04549563568893397,12.532624363309665,0.9819923104368238,0.540059473534411,1.463062809139209,0.0037866963500516014,3.1907591634567694,,
2020,20,full_inner,55,direct,0.28290186644366344,0.3081707518156944,,74.0,3.0,0.14300294397591817,24.08964019785051,0.8836950527238809,0.5413900672927074,8.585655589941501,0.8559940865291982,1.780410255069797,,
2020,20,full_inner,22,direct,0.29387599383930074,0.3178227778635146,,118.0,5.0,0.07272169724137856,1.7540005792976638,0.9094442975469155,0.5006213304687586,64.19309797735394,0.30131892607316274,3.6495771273875977,,
2020,20,full_inner,17,direct,0.2896181799261588,0.31812449752579913,,59.0,5.0,0.1471502221564383,59.896190402270065,0.6531652916936086,0.5503439167464454,0.1408529092458632,0.00040581736859182605,2.5522651615272314,,
2020,20,full_inner,25,direct,0.28489494725409387,0.31102643466490143,,356.0,4.0,0.020769042367594696,13.791668974474772,0.6598717759568685,0.5148519648975334,1.4829557124512165,0.00034478016824045953,2.1242383646847385,,
2020,20,full_inner,34,direct,0.29045246825168325,0.31525266985417477,,516.0,5.0,0.012747208805712536,34.067256820065694,0.7264679854027407,0.5122807884110472,16.001361165455027,1.0087960018787985,3.339515105864064,,
2020,20,full_inner,61,direct,0.29194045273142094,0.32816482309597644,,39.0,4.0,0.10640431235235005,3.622286763254677,0.7410729780227249,0.6169238464055251,0.25731523626552455,0.0,0.9178843103107559,,
2020,20,variant_selection,55,ratio,0.27371537609656155,,,35.0,,,,,,,,,1.0,1.0839225491286952
2021,20,linear_full_inner,ridge_har:0.001,ridge_har,0.6455520395453729,2.0548832994633464,0.001,,,,,,,,,,,
2021,20,linear_full_inner,ridge_har:0.01,ridge_har,0.6455519861912411,2.054883045775291,0.01,,,,,,,,,,,
2021,20,linear_full_inner,ridge_har:0.1,ridge_har,0.6455514526942181,2.054880509032284,0.1,,,,,,,,,,,
2021,20,linear_full_inner,ridge_har:1.0,ridge_har,0.6455461221505132,2.0548551553491143,1.0,,,,,,,,,,,
2021,20,linear_full_inner,ridge_har:10.0,ridge_har,0.6454932565715918,2.054602986394469,10.0,,,,,,,,,,,
2021,20,linear_full_inner,linear_gamma:0.001,linear_gamma,0.690766242522026,2.3494047586496647,0.001,,,,,,,,,,,
2021,20,linear_full_inner,linear_gamma:0.01,linear_gamma,0.6875240800730268,2.3358727729592794,0.01,,,,,,,,,,,
2021,20,linear_full_inner,linear_gamma:0.1,linear_gamma,0.6703427594200662,2.257404784578214,0.1,,,,,,,,,,,
2021,20,linear_full_inner,linear_gamma:1.0,linear_gamma,0.6319911036388761,2.014868156814334,1.0,,,,,,,,,,,
2021,20,linear_full_inner,linear_gamma:10.0,linear_gamma,0.6949569949082675,1.9385366403711306,10.0,,,,,,,,,,,
2021,20,coarse,0,direct,2.0062372077631925,,,213.0,2.0,0.016810683468738295,55.119162244389045,0.8186567693229744,0.95374768677931,0.11235382553916115,0.11872960983376865,3.043918974129779,,
2021,20,coarse,1,direct,2.1812252701416375,,,23.0,3.0,0.14038131611413024,7.835976473366356,0.65400434553277,0.6303836587705103,24.771214655172628,0.0,2.486859469740904,,
2021,20,coarse,2,direct,2.0138946957886725,,,36.0,2.0,0.09305619122136746,1.632326106680591,0.889274847284669,0.6799502350332256,68.88701686179753,0.0,2.3513001418101376,,
2021,20,coarse,3,direct,2.4688015568319353,,,57.0,4.0,0.04260084045026215,2.9950184511931326,0.9557323085481404,0.7221366332723016,0.6148489658130238,0.0005609060902787453,0.921253966934894,,
2021,20,coarse,4,direct,2.247383412556602,,,23.0,3.0,0.1484553508100239,2.1218655327116833,0.651043069410163,0.8776753763395864,21.1577902801402,0.011931237244362097,0.1939298133819678,,
2021,20,coarse,5,direct,2.0045945591273355,,,163.0,2.0,0.022690762544950487,23.585366860503754,0.7281166075620962,0.8007411144145034,1.0045234290501277,0.0,4.593158001104692,,
2021,20,coarse,6,direct,2.003127315563678,,,160.0,2.0,0.024937877092109085,1.2195290039492932,0.8006366675284557,0.850147927064546,12.943398074700601,0.4648579107455426,1.8846037450174191,,
2021,20,coarse,7,direct,2.2290410808968195,,,54.0,3.0,0.05847891521213486,16.117729623062417,0.811820190241648,0.9545687065990864,28.33284840449706,0.03456078869009234,2.4839834971511094,,
2021,20,coarse,8,direct,1.9973275963931032,,,226.0,2.0,0.01845560216114069,28.321043386094992,0.909043670332336,0.6353745876684644,0.20556129619813737,0.0,0.11544561207638582,,
2021,20,coarse,9,direct,2.226578929329908,,,105.0,3.0,0.02785801629701712,2.4187030192248744,0.6078214079461276,0.9635847476072645,1.248012294015271,0.0011598597583676734,0.660701337482878,,
2021,20,coarse,10,direct,2.2066000681103466,,,115.0,3.0,0.03347083163676745,4.2622413983596195,0.677952880628176,0.5213058839870837,6.461771999719673,0.872566136168424,4.86684934091484,,
2021,20,coarse,11,direct,2.2114814416173365,,,25.0,3.0,0.10112400116568608,1.7878262636323983,0.6043047438890682,0.779923519761126,0.4077513984136103,6.9378664448940155,1.1559040482212857,,
2021,20,coarse,12,direct,2.6977943340383743,,,56.0,5.0,0.04549563568893397,12.532624363309665,0.9819923104368238,0.540059473534411,1.463062809139209,0.0037866963500516014,3.1907591634567694,,
2021,20,coarse,13,direct,2.4467586541257975,,,111.0,4.0,0.031402925854985005,1.1560939832245865,0.9998943748262439,0.5182285975902221,44.220247540384115,0.0,4.226699967961472,,
2021,20,coarse,14,direct,2.1374123505231744,,,24.0,3.0,0.1364459214367544,1.6952065390452866,0.6655404783866105,0.783924794356835,0.9571032942155548,0.9483027095641382,2.446285197725712,,
2021,20,coarse,15,direct,1.9914743059570703,,,36.0,2.0,0.09330680111548337,44.90505078181925,0.7874429478499592,0.5367859076238702,2.5094164650761073,0.0,3.2603460446595793,,
2021,20,coarse,16,direct,2.731085756350521,,,125.0,5.0,0.028405814500156574,6.292310786723709,0.959703615324008,0.5473701119575725,41.676737391146595,1.2506458254395292,1.7845081175687216,,
2021,20,coarse,17,direct,2.6941816696862158,,,20.0,5.0,0.1471502221564383,59.896190402270065,0.6531652916936086,0.5503439167464454,0.1408529092458632,0.00040581736859182605,2.5522651615272314,,
2021,20,coarse,18,direct,2.213955121975309,,,219.0,3.0,0.01311953596835786,2.5206656147567696,0.8740178623217499,0.9091082355277562,0.4787159828613117,0.0,4.498448849222058,,
2021,20,coarse,19,direct,2.497073033198715,,,47.0,4.0,0.05804048341805567,1.0455826694592603,0.8539665799628785,0.6389785287274065,3.0190600478215597,0.0018415032987270136,0.02508364218922088,,
2021,20,coarse,20,direct,2.9108259473972815,,,57.0,6.0,0.04841363977926772,8.459952771194493,0.9572739746639483,0.7637627832499377,2.460030717171174,3.4883455468391005,0.6994975263107589,,
2021,20,coarse,21,direct,1.998747117293967,,,87.0,2.0,0.04743554958231196,32.823645594889136,0.6664128848502963,0.7388530539826339,34.72080746299189,0.0007563379321334618,3.85766417027033,,
2021,20,coarse,22,direct,2.7086373025874577,,,47.0,5.0,0.07272169724137856,1.7540005792976638,0.9094442975469155,0.5006213304687586,64.19309797735394,0.30131892607316274,3.6495771273875977,,
2021,20,coarse,23,direct,2.0173738479620384,,,36.0,2.0,0.1063614071463956,1.812508559407195,0.6290765614014403,0.6490822790866912,38.95413636138779,0.0007396274238340902,2.1540501691961476,,
2021,20,coarse,24,direct,1.9931795467912128,,,45.0,2.0,0.07407251473176883,6.412689880745559,0.8138303810314409,0.8022635343080042,5.856523716008245,0.18982367710946238,4.743320221532144,,
2021,20,coarse,25,direct,2.4584760759530035,,,137.0,4.0,0.020769042367594696,13.791668974474772,0.6598717759568685,0.5148519648975334,1.4829557124512165,0.00034478016824045953,2.1242383646847385,,
2021,20,coarse,26,direct,2.4524054594770823,,,65.0,4.0,0.04600131513205375,12.723331848536958,0.8611815670300639,0.8341507642881436,22.17471561041375,0.024530503743838028,1.2848669778866513,,
2021,20,coarse,27,direct,2.510073139744049,,,97.0,4.0,0.027213001572269833,2.376166415606863,0.7640689249277547,0.6874730132059221,0.6008412009646449,0.0,2.8836160282795467,,
2021,20,coarse,28,direct,2.481501362939766,,,171.0,4.0,0.017237652957384067,1.102097366386189,0.8986403921826964,0.5353665909436108,6.736505225156358,0.006818370458044081,0.1087574953532483,,
2021,20,coarse,29,direct,2.0173707827915512,,,23.0,2.0,0.1454726579694726,6.529536820413327,0.8476627047665758,0.5393197030677156,0.8689238985414293,0.5739232174600256,2.2496366103413674,,
2021,20,coarse,30,direct,2.7643585040563727,,,20.0,5.0,0.11008351078396893,1.0768716638910665,0.8134311224695298,0.7218470211206919,1.2466501430464916,0.0023165321735811057,0.3457760417308503,,
2021,20,coarse,31,direct,3.3668655929817417,,,11.0,6.0,0.12450295713056359,5.964863382464574,0.7775213642143721,0.5943737290859757,0.9495459619816234,0.0,1.6645677482257408,,
2021,20,coarse,32,direct,2.4770593304599666,,,43.0,4.0,0.09555747254524866,3.339589753483531,0.7888214221636962,0.731867428588183,12.396957218981017,0.025773309119445625,1.3893599838308734,,
2021,20,coarse,33,direct,2.5937881511786998,,,125.0,5.0,0.03307612457460172,15.95035773208056,0.805292781719349,0.7101664668933132,50.284918248123326,0.0,4.790028223872382,,
2021,20,coarse,34,direct,2.6762530891187764,,,237.0,5.0,0.012747208805712536,34.067256820065694,0.7264679854027407,0.5122807884110472,16.001361165455027,1.0087960018787985,3.339515105864064,,
2021,20,coarse,35,direct,2.204239797381046,,,24.0,3.0,0.12203185705919098,6.884283992482084,0.883825156769638,0.8230324517913344,0.12924694165793071,0.000370496362002457,3.259010384791284,,
2021,20,coarse,36,direct,1.9957019069355155,,,322.0,2.0,0.013332615007599878,31.92495030229587,0.9001954743288576,0.6278072495789468,31.721757868222674,0.12143034361552162,2.2495024288283205,,
2021,20,coarse,37,direct,2.710323063031584,,,77.0,5.0,0.03823635867304879,2.9192178964337057,0.7056131384952877,0.5615956822692185,2.478767876020354,3.873044312933045,2.2357171978782304,,
2021,20,coarse,38,direct,2.4642112080358616,,,67.0,4.0,0.06672705951703976,2.70672265423012,0.8053193000005714,0.7432793676424367,54.50993758434763,0.1763194393573364,0.17809672922888653,,
2021,20,coarse,39,direct,2.7148921231548906,,,30.0,5.0,0.09904909763560564,14.428965075208994,0.8443247223775455,0.7777876188807689,2.411736145240018,0.0,1.006443787771683,,
2021,20,coarse,40,direct,2.831013656099926,,,152.0,5.0,0.01734675425942572,2.9102489342915057,0.926685932511976,0.8603962347877447,0.26202195721651816,0.703362805264452,3.2991452247567716,,
2021,20,coarse,41,direct,2.441089607750356,,,127.0,4.0,0.02475819813349527,27.14393201397485,0.7846249212267163,0.900876276591754,1.0994603687653746,0.0,2.0477650060757706,,
2021,20,coarse,42,direct,2.670592320089359,,,95.0,5.0,0.028672779687180662,12.551613007706257,0.6738624929635467,0.6302820104701345,3.0291077076330977,0.004010204614905998,4.3978300559300285,,
2021,20,coarse,43,direct,2.2246839817099606,,,175.0,3.0,0.018671862071946634,1.401393359198495,0.8126648473219283,0.6976923086352784,14.74241849455122,0.002047013044786316,0.849760462365235,,
2021,20,coarse,44,direct,2.2434800387099334,,,71.0,3.0,0.0411317443025174,6.2432411361879065,0.6520146345475489,0.916194628483469,0.11674085337776108,0.022622879972084575,3.859598157434405,,
2021,20,coarse,45,direct,2.1996647203480033,,,224.0,3.0,0.01595947865577667,4.946298920100062,0.9243002770433422,0.7107772098297316,1.3179316260121636,0.0,4.586006590674058,,
2021,20,coarse,46,direct,2.0049646441654283,,,219.0,2.0,0.01797522180633576,7.347411838166395,0.7667650355177703,0.5474379662497563,14.297018369077687,5.229063765246583,1.4506358813304048,,
2021,20,coarse,47,direct,2.423149506678377,,,238.0,4.0,0.013316534020025604,8.383467165313165,0.9575765808776262,0.8167883718396487,3.2074682616292,3.296028853389544,4.44860926253836,,
2021,20,coarse,48,direct,2.006293396271599,,,116.0,2.0,0.032579102647939256,53.23842049044245,0.6620945591447528,0.85714269815283,2.6278551089599085,0.003942893420477396,0.3580699230392842,,
2021,20,coarse,49,direct,2.224097121811297,,,34.0,3.0,0.08377745972352482,2.904293293958526,0.6841963852150503,0.8107044155316834,6.5853136207947465,0.00032791038515188786,4.0059308805883305,,
2021,20,coarse,50,direct,2.4071762518325577,,,97.0,4.0,0.03753418111725765,17.47906887666331,0.7179164541391094,0.7963769834297969,17.774546675897962,0.0,0.7245421784563316,,
2021,20,coarse,51,direct,1.9877815669608585,,,40.0,2.0,0.09712450443770068,19.873737740286536,0.9653996959635643,0.808235692677708,1.0857419910672097,0.000277111569727843,2.198148629386954,,
2021,20,coarse,52,direct,2.772352216414111,,,222.0,5.0,0.011894794215646893,10.948149793944104,0.9517137013670367,0.7886656870453422,0.1699671938655904,0.001570124419063149,1.9409820944717138,,
2021,20,coarse,53,direct,2.1988661356814045,,,42.0,3.0,0.07702995048983494,6.058871669262655,0.9825948163986298,0.6059531698345416,24.206715053194255,0.011159705570884294,1.6844181053060048,,
2021,20,coarse,54,direct,2.8817274335129732,,,60.0,5.0,0.040500245262775306,1.605239840439291,0.7886102896046301,0.8160362501051995,1.5801288278860754,0.00048101341157796493,1.2803959313816953,,
2021,20,coarse,55,direct,2.220853610188038,,,22.0,3.0,0.14300294397591817,24.08964019785051,0.8836950527238809,0.5413900672927074,8.585655589941501,0.8559940865291982,1.780410255069797,,
2021,20,coarse,56,direct,2.0068523421914715,,,260.0,2.0,0.014786020886011194,19.074630974963505,0.6785167287152978,0.5706008982742522,0.4502987137366124,0.42561599377309567,3.6753337726996937,,
2021,20,coarse,57,direct,2.8396044254859083,,,272.0,6.0,0.011860025942700409,3.2821525885566927,0.8307204688622092,0.9123760549715234,30.959130593078328,0.0,3.6597370743274604,,
2021,20,coarse,58,direct,2.464436095806402,,,89.0,4.0,0.03575980810784384,7.595402577092506,0.9967233681951965,0.9916294743796958,0.1139189012179602,0.20166918070319698,1.6546549684573142,,
2021,20,coarse,59,direct,2.032971511238362,,,23.0,2.0,0.1243133099225857,1.3482793831868074,0.6468572233510238,0.61944742979272,39.83854065200464,0.0012978453891418543,4.393389730583989,,
2021,20,coarse,60,direct,2.430933528333301,,,102.0,4.0,0.03589637188959825,6.492289521383685,0.7883156354899614,0.5770209926183111,85.55934042285628,0.002483083453073028,0.47909660302960233,,
2021,20,coarse,61,direct,2.5238180379508,,,24.0,4.0,0.10640431235235005,3.622286763254677,0.7410729780227249,0.6169238464055251,0.25731523626552455,0.0,0.9178843103107559,,
2021,20,coarse,62,direct,2.7403652627228956,,,95.0,6.0,0.03969323784450192,2.0002531736283315,0.6945446813339419,0.5348989290084459,32.9914399063462,1.5943700749771792,4.883930175746702,,
2021,20,coarse,63,direct,3.115669781730874,,,223.0,6.0,0.014119049957120973,2.749651713642465,0.7075828830309727,0.8249802305198262,2.240866876832263,0.001931695548452399,2.144999685363034,,
2021,20,coarse,64,direct,2.8567337629516962,,,216.0,5.0,0.012397042132572937,4.818306828515858,0.6792217026132105,0.7976553535918061,0.536832180178445,0.01851249065569294,2.888538736177728,,
2021,20,coarse,65,direct,2.9599848911285025,,,107.0,6.0,0.028799044713627382,16.350701648691427,0.8510825048106321,0.828518873448677,4.0691402237551495,0.002065793786135431,1.7377506024841898,,
2021,20,coarse,66,direct,1.9927741718612553,,,24.0,2.0,0.1414978505057996,1.4323385835712157,0.6607865216126029,0.7044706265464652,3.801616173600101,0.00023796932929691478,0.6152351537315809,,
2021,20,coarse,67,direct,3.0121435224122,,,88.0,5.0,0.03635816574890565,2.0954417584085285,0.8108722477231776,0.9194537124062774,0.3826647290954186,0.0,0.34497127278346695,,
2021,20,coarse,68,direct,2.2191851070390025,,,126.0,3.0,0.030384857877362333,55.97921181072484,0.6883950137063961,0.7262332197378971,2.1025726476442346,0.0,2.881919006555761,,
2021,20,coarse,69,direct,2.835043847612372,,,53.0,6.0,0.0680833158876155,3.249931908596805,0.8787310045262472,0.9857357550681056,96.8874771047533,0.045184260590308445,0.13243103996912808,,
2021,20,coarse,70,direct,2.426484137287129,,,99.0,4.0,0.03456713741366954,15.004623725778611,0.9207620156949223,0.9519001062765866,66.75122871508896,0.0010406824028230414,1.3880916841372781,,
2021,20,coarse,71,direct,2.7754589677145796,,,65.0,5.0,0.056801573083385334,1.2434374638107393,0.808071599095945,0.6904776249668959,11.9426790547697,0.10426320591726872,1.8307771537323725,,
2021,20,coarse,72,direct,2.8576068848072644,,,88.0,6.0,0.03938847289287143,26.044965453083332,0.9694805657091756,0.8162538496781191,27.50040881188148,0.0,2.296619716689138,,
2021,20,coarse,73,direct,2.5706216591785123,,,43.0,5.0,0.07910327496544721,60.580062679834604,0.6876594282317419,0.6755873061060155,2.43666181547593,0.12463692987068953,4.952601808408869,,
2021,20,coarse,74,direct,2.0001312196541607,,,304.0,2.0,0.011585073584015487,1.8733419725889013,0.8793143418812608,0.7711105629732811,35.72233282406667,0.0,0.62884312211206,,
2021,20,coarse,75,direct,2.4591704521737587,,,69.0,4.0,0.05213883266821991,5.893143373452778,0.9851430202389916,0.6693543324646221,10.773529340629755,3.679821296628186,2.761159891250639,,
2021,20,coarse,76,direct,2.0147838059543535,,,44.0,2.0,0.08405693416085773,2.6818837383828855,0.6861087442615539,0.8128080216440733,2.555707501951048,0.43180433949456865,2.19569393581153,,
2021,20,coarse,77,direct,2.9723885902296385,,,41.0,6.0,0.09282329655234453,23.970580590602463,0.7273834255124151,0.5775673649693207,8.624332468195716,0.00017013077583600392,2.682703233609571,,
2021,20,coarse,78,direct,2.4464422378104596,,,31.0,4.0,0.1042877570398033,25.40428486316132,0.942115079444604,0.6803922859004549,8.882093105603069,5.1345815195455895,1.74818868152945,,
2021,20,coarse,79,direct,2.8447948017915485,,,137.0,6.0,0.020586858800382895,35.75145241267939,0.9883616912127279,0.8285228438835714,16.579648966634206,0.008315552127750009,4.648750872173208,,
2021,20,coarse,80,direct,2.0384006115332403,,,25.0,2.0,0.1340418820722338,5.835724247309656,0.6199372714896739,0.7353199905092667,3.279644532317947,0.0003464656331359056,1.2720928988688107,,
2021,20,coarse,81,direct,2.6434467589483632,,,23.0,5.0,0.1248033523992081,13.16388028489069,0.6812138276280535,0.9336021948995091,2.821114685007188,0.0038052455709144534,2.3777249923600206,,
2021,20,coarse,82,direct,2.725340197823279,,,125.0,6.0,0.025468387508108356,51.73362910201089,0.7940520503118303,0.637289287626869,32.33421643234411,0.25641190657654067,2.546714897374917,,
2021,20,coarse,83,direct,2.003452710722699,,,74.0,2.0,0.05409735557617,47.89939707186949,0.8832977835639271,0.9049755762439412,0.25516643375039716,0.029416944854695176,1.8768701068275995,,
2021,20,coarse,84,direct,1.993852875063578,,,63.0,2.0,0.05952512371690523,7.3561312571302535,0.8828066783461526,0.5194442728369237,46.419259116333045,1.1727676687410102,2.144920296886474,,
2021,20,coarse,85,direct,2.645485420178402,,,134.0,5.0,0.03437883306127211,2.773962022463083,0.8843314959883579,0.6591174686255034,78.94981393425448,0.0246354593617209,0.13778240831877064,,
2021,20,coarse,86,direct,2.012638614839561,,,88.0,2.0,0.05123062168503441,1.4661404583944162,0.7170148737277271,0.6351232767484494,3.4935500875714007,1.9358620630754502,4.05188765216089,,
2021,20,coarse,87,direct,2.8320536030171666,,,331.0,6.0,0.01015627070303812,36.72298171773921,0.7584245106038103,0.5559453782719519,0.24436927844972897,0.0,0.4811858788047385,,
2021,20,coarse,88,direct,3.150586691623555,,,283.0,6.0,0.010196272955330751,1.0222766923978712,0.9225545579250534,0.826280181974226,0.4058473723320186,0.0,2.3313062743772797,,
2021,20,coarse,89,direct,2.208704358037314,,,56.0,3.0,0.059688196684099075,5.155638043485394,0.7838113426790163,0.6602049084105744,61.77764291154232,0.0,2.0134371931966517,,
2021,20,coarse,90,direct,2.8430166029724897,,,36.0,6.0,0.09602967076057013,42.73715676114025,0.6447300757029808,0.8238913411103341,1.6913458269352082,0.0,0.001559252333087069,,
2021,20,coarse,91,direct,2.481138338294114,,,169.0,4.0,0.017584445119468876,12.023170162881756,0.845753997982353,0.5266524965310003,0.14069425535374608,0.00039024027826087114,0.9466210710739564,,
2021,20,coarse,92,direct,2.7732587589614552,,,23.0,5.0,0.12155857295870036,7.029119097584628,0.6059656421031232,0.5262503789120964,1.1327711460412722,0.07426098527979913,3.145722326458846,,
2021,20,coarse,93,direct,2.443385344687311,,,217.0,4.0,0.01607772686713565,58.58565867444653,0.9957784087383287,0.9332476614328438,19.341097423446843,0.00013686521951527424,0.2882984124375454,,
2021,20,coarse,94,direct,2.9103954023405514,,,28.0,6.0,0.10177021064149849,1.2319493854073917,0.9740793609749794,0.985742824644058,8.282656749848876,0.00010244704721441725,4.975205885286788,,
2021,20,coarse,95,direct,1.966964091690225,,,38.0,2.0,0.10191947549469274,25.91758187977807,0.7577284522569445,0.5790806839643232,9.450270962207833,0.12759933216957522,0.590907108092113,,
2021,20,full_inner,95,direct,0.6162351416408937,1.966964091690225,,94.0,2.0,0.10191947549469274,25.91758187977807,0.7577284522569445,0.5790806839643232,9.450270962207833,0.12759933216957522,0.590907108092113,,
2021,20,full_inner,51,direct,0.621171704612898,1.9877815669608585,,84.0,2.0,0.09712450443770068,19.873737740286536,0.9653996959635643,0.808235692677708,1.0857419910672097,0.000277111569727843,2.198148629386954,,
2021,20,full_inner,15,direct,0.6204336994157941,1.9914743059570703,,106.0,2.0,0.09330680111548337,44.90505078181925,0.7874429478499592,0.5367859076238702,2.5094164650761073,0.0,3.2603460446595793,,
2021,20,full_inner,66,direct,0.6230050981665265,1.9927741718612553,,88.0,2.0,0.1414978505057996,1.4323385835712157,0.6607865216126029,0.7044706265464652,3.801616173600101,0.00023796932929691478,0.6152351537315809,,
2021,20,full_inner,24,direct,0.6241348450468722,1.9931795467912128,,170.0,2.0,0.07407251473176883,6.412689880745559,0.8138303810314409,0.8022635343080042,5.856523716008245,0.18982367710946238,4.743320221532144,,
2021,20,full_inner,84,direct,0.6233067075984742,1.993852875063578,,165.0,2.0,0.05952512371690523,7.3561312571302535,0.8828066783461526,0.5194442728369237,46.419259116333045,1.1727676687410102,2.144920296886474,,
2021,20,full_inner,36,direct,0.624971240650454,1.9957019069355155,,469.0,2.0,0.013332615007599878,31.92495030229587,0.9001954743288576,0.6278072495789468,31.721757868222674,0.12143034361552162,2.2495024288283205,,
2021,20,full_inner,8,direct,0.6254535888512186,1.9973275963931032,,377.0,2.0,0.01845560216114069,28.321043386094992,0.909043670332336,0.6353745876684644,0.20556129619813737,0.0,0.11544561207638582,,
2021,20,variant_selection,95,ratio,0.46937392669104366,,,58.0,,,,,,,,,1.0,1.225096539877155
2022,20,linear_full_inner,ridge_har:0.001,ridge_har,0.5731878179633827,2.0548832994633464,0.001,,,,,,,,,,,
2022,20,linear_full_inner,ridge_har:0.01,ridge_har,0.5731877732113388,2.054883045775291,0.01,,,,,,,,,,,
2022,20,linear_full_inner,ridge_har:0.1,ridge_har,0.5731873257281394,2.054880509032284,0.1,,,,,,,,,,,
2022,20,linear_full_inner,ridge_har:1.0,ridge_har,0.5731828546175818,2.0548551553491143,1.0,,,,,,,,,,,
2022,20,linear_full_inner,ridge_har:10.0,ridge_har,0.5731385133195274,2.054602986394469,10.0,,,,,,,,,,,
2022,20,linear_full_inner,linear_gamma:0.001,linear_gamma,0.6140021981590398,2.3494047586496647,0.001,,,,,,,,,,,
2022,20,linear_full_inner,linear_gamma:0.01,linear_gamma,0.611388879611288,2.3358727729592794,0.01,,,,,,,,,,,
2022,20,linear_full_inner,linear_gamma:0.1,linear_gamma,0.5972055081649519,2.257404784578214,0.1,,,,,,,,,,,
2022,20,linear_full_inner,linear_gamma:1.0,linear_gamma,0.5657929131870886,2.014868156814334,1.0,,,,,,,,,,,
2022,20,linear_full_inner,linear_gamma:10.0,linear_gamma,0.6285560799076098,1.9385366403711306,10.0,,,,,,,,,,,
2022,20,coarse,0,direct,0.2142385200782443,,,775.0,2.0,0.016810683468738295,55.119162244389045,0.8186567693229744,0.95374768677931,0.11235382553916115,0.11872960983376865,3.043918974129779,,
2022,20,coarse,1,direct,0.21675313852931039,,,50.0,3.0,0.14038131611413024,7.835976473366356,0.65400434553277,0.6303836587705103,24.771214655172628,0.0,2.486859469740904,,
2022,20,coarse,2,direct,0.21318616599054305,,,178.0,2.0,0.09305619122136746,1.632326106680591,0.889274847284669,0.6799502350332256,68.88701686179753,0.0,2.3513001418101376,,
2022,20,coarse,3,direct,0.20947752478614162,,,166.0,4.0,0.04260084045026215,2.9950184511931326,0.9557323085481404,0.7221366332723016,0.6148489658130238,0.0005609060902787453,0.921253966934894,,
2022,20,coarse,4,direct,0.2128758093050661,,,53.0,3.0,0.1484553508100239,2.1218655327116833,0.651043069410163,0.8776753763395864,21.1577902801402,0.011931237244362097,0.1939298133819678,,
2022,20,coarse,5,direct,0.21486716706847053,,,498.0,2.0,0.022690762544950487,23.585366860503754,0.7281166075620962,0.8007411144145034,1.0045234290501277,0.0,4.593158001104692,,
2022,20,coarse,6,direct,0.21394165115041086,,,498.0,2.0,0.024937877092109085,1.2195290039492932,0.8006366675284557,0.850147927064546,12.943398074700601,0.4648579107455426,1.8846037450174191,,
2022,20,coarse,7,direct,0.21197108980375529,,,130.0,3.0,0.05847891521213486,16.117729623062417,0.811820190241648,0.9545687065990864,28.33284840449706,0.03456078869009234,2.4839834971511094,,
2022,20,coarse,8,direct,0.21469695844747047,,,580.0,2.0,0.01845560216114069,28.321043386094992,0.909043670332336,0.6353745876684644,0.20556129619813737,0.0,0.11544561207638582,,
2022,20,coarse,9,direct,0.21261371231674994,,,200.0,3.0,0.02785801629701712,2.4187030192248744,0.6078214079461276,0.9635847476072645,1.248012294015271,0.0011598597583676734,0.660701337482878,,
2022,20,coarse,10,direct,0.21182425777306046,,,192.0,3.0,0.03347083163676745,4.2622413983596195,0.677952880628176,0.5213058839870837,6.461771999719673,0.872566136168424,4.86684934091484,,
2022,20,coarse,11,direct,0.21080306569364302,,,81.0,3.0,0.10112400116568608,1.7878262636323983,0.6043047438890682,0.779923519761126,0.4077513984136103,6.9378664448940155,1.1559040482212857,,
2022,20,coarse,12,direct,0.21003163055677349,,,83.0,5.0,0.04549563568893397,12.532624363309665,0.9819923104368238,0.540059473534411,1.463062809139209,0.0037866963500516014,3.1907591634567694,,
2022,20,coarse,13,direct,0.21092189738849593,,,181.0,4.0,0.031402925854985005,1.1560939832245865,0.9998943748262439,0.5182285975902221,44.220247540384115,0.0,4.226699967961472,,
2022,20,coarse,14,direct,0.21077720778060394,,,42.0,3.0,0.1364459214367544,1.6952065390452866,0.6655404783866105,0.783924794356835,0.9571032942155548,0.9483027095641382,2.446285197725712,,
2022,20,coarse,15,direct,0.21320091229368918,,,199.0,2.0,0.09330680111548337,44.90505078181925,0.7874429478499592,0.5367859076238702,2.5094164650761073,0.0,3.2603460446595793,,
2022,20,coarse,16,direct,0.20959476944728556,,,114.0,5.0,0.028405814500156574,6.292310786723709,0.959703615324008,0.5473701119575725,41.676737391146595,1.2506458254395292,1.7845081175687216,,
2022,20,coarse,17,direct,0.2144207331997675,,,66.0,5.0,0.1471502221564383,59.896190402270065,0.6531652916936086,0.5503439167464454,0.1408529092458632,0.00040581736859182605,2.5522651615272314,,
2022,20,coarse,18,direct,0.2121418579900971,,,521.0,3.0,0.01311953596835786,2.5206656147567696,0.8740178623217499,0.9091082355277562,0.4787159828613117,0.0,4.498448849222058,,
2022,20,coarse,19,direct,0.20924969347754252,,,86.0,4.0,0.05804048341805567,1.0455826694592603,0.8539665799628785,0.6389785287274065,3.0190600478215597,0.0018415032987270136,0.02508364218922088,,
2022,20,coarse,20,direct,0.21352550375270618,,,68.0,6.0,0.04841363977926772,8.459952771194493,0.9572739746639483,0.7637627832499377,2.460030717171174,3.4883455468391005,0.6994975263107589,,
2022,20,coarse,21,direct,0.21386963069706794,,,209.0,2.0,0.04743554958231196,32.823645594889136,0.6664128848502963,0.7388530539826339,34.72080746299189,0.0007563379321334618,3.85766417027033,,
2022,20,coarse,22,direct,0.2099096784449465,,,49.0,5.0,0.07272169724137856,1.7540005792976638,0.9094442975469155,0.5006213304687586,64.19309797735394,0.30131892607316274,3.6495771273875977,,
2022,20,coarse,23,direct,0.21572782881410604,,,109.0,2.0,0.1063614071463956,1.812508559407195,0.6290765614014403,0.6490822790866912,38.95413636138779,0.0007396274238340902,2.1540501691961476,,
2022,20,coarse,24,direct,0.21543409427213628,,,146.0,2.0,0.07407251473176883,6.412689880745559,0.8138303810314409,0.8022635343080042,5.856523716008245,0.18982367710946238,4.743320221532144,,
2022,20,coarse,25,direct,0.21012750019570403,,,209.0,4.0,0.020769042367594696,13.791668974474772,0.6598717759568685,0.5148519648975334,1.4829557124512165,0.00034478016824045953,2.1242383646847385,,
2022,20,coarse,26,direct,0.21206496084499826,,,85.0,4.0,0.04600131513205375,12.723331848536958,0.8611815670300639,0.8341507642881436,22.17471561041375,0.024530503743838028,1.2848669778866513,,
2022,20,coarse,27,direct,0.21205545220508365,,,198.0,4.0,0.027213001572269833,2.376166415606863,0.7640689249277547,0.6874730132059221,0.6008412009646449,0.0,2.8836160282795467,,
2022,20,coarse,28,direct,0.2110281709531916,,,348.0,4.0,0.017237652957384067,1.102097366386189,0.8986403921826964,0.5353665909436108,6.736505225156358,0.006818370458044081,0.1087574953532483,,
2022,20,coarse,29,direct,0.2133647867346261,,,72.0,2.0,0.1454726579694726,6.529536820413327,0.8476627047665758,0.5393197030677156,0.8689238985414293,0.5739232174600256,2.2496366103413674,,
2022,20,coarse,30,direct,0.20997312468720378,,,40.0,5.0,0.11008351078396893,1.0768716638910665,0.8134311224695298,0.7218470211206919,1.2466501430464916,0.0023165321735811057,0.3457760417308503,,
2022,20,coarse,31,direct,0.21226071909587022,,,25.0,6.0,0.12450295713056359,5.964863382464574,0.7775213642143721,0.5943737290859757,0.9495459619816234,0.0,1.6645677482257408,,
2022,20,coarse,32,direct,0.21006928729598706,,,43.0,4.0,0.09555747254524866,3.339589753483531,0.7888214221636962,0.731867428588183,12.396957218981017,0.025773309119445625,1.3893599838308734,,
2022,20,coarse,33,direct,0.21242317470566643,,,104.0,5.0,0.03307612457460172,15.95035773208056,0.805292781719349,0.7101664668933132,50.284918248123326,0.0,4.790028223872382,,
2022,20,coarse,34,direct,0.20967478911068863,,,370.0,5.0,0.012747208805712536,34.067256820065694,0.7264679854027407,0.5122807884110472,16.001361165455027,1.0087960018787985,3.339515105864064,,
2022,20,coarse,35,direct,0.21297914887485578,,,69.0,3.0,0.12203185705919098,6.884283992482084,0.883825156769638,0.8230324517913344,0.12924694165793071,0.000370496362002457,3.259010384791284,,
2022,20,coarse,36,direct,0.21391858804175107,,,972.0,2.0,0.013332615007599878,31.92495030229587,0.9001954743288576,0.6278072495789468,31.721757868222674,0.12143034361552162,2.2495024288283205,,
2022,20,coarse,37,direct,0.2105437919634997,,,98.0,5.0,0.03823635867304879,2.9192178964337057,0.7056131384952877,0.5615956822692185,2.478767876020354,3.873044312933045,2.2357171978782304,,
2022,20,coarse,38,direct,0.2122412349566068,,,75.0,4.0,0.06672705951703976,2.70672265423012,0.8053193000005714,0.7432793676424367,54.50993758434763,0.1763194393573364,0.17809672922888653,,
2022,20,coarse,39,direct,0.21379838979261057,,,38.0,5.0,0.09904909763560564,14.428965075208994,0.8443247223775455,0.7777876188807689,2.411736145240018,0.0,1.006443787771683,,
2022,20,coarse,40,direct,0.2119099456561443,,,208.0,5.0,0.01734675425942572,2.9102489342915057,0.926685932511976,0.8603962347877447,0.26202195721651816,0.703362805264452,3.2991452247567716,,
2022,20,coarse,41,direct,0.21245702558549967,,,195.0,4.0,0.02475819813349527,27.14393201397485,0.7846249212267163,0.900876276591754,1.0994603687653746,0.0,2.0477650060757706,,
2022,20,coarse,42,direct,0.21174335490241042,,,144.0,5.0,0.028672779687180662,12.551613007706257,0.6738624929635467,0.6302820104701345,3.0291077076330977,0.004010204614905998,4.3978300559300285,,
2022,20,coarse,43,direct,0.2116833620442568,,,442.0,3.0,0.018671862071946634,1.401393359198495,0.8126648473219283,0.6976923086352784,14.74241849455122,0.002047013044786316,0.849760462365235,,
2022,20,coarse,44,direct,0.21220572459481007,,,144.0,3.0,0.0411317443025174,6.2432411361879065,0.6520146345475489,0.916194628483469,0.11674085337776108,0.022622879972084575,3.859598157434405,,
2022,20,coarse,45,direct,0.2127923945699427,,,491.0,3.0,0.01595947865577667,4.946298920100062,0.9243002770433422,0.7107772098297316,1.3179316260121636,0.0,4.586006590674058,,
2022,20,coarse,46,direct,0.213664402812145,,,645.0,2.0,0.01797522180633576,7.347411838166395,0.7667650355177703,0.5474379662497563,14.297018369077687,5.229063765246583,1.4506358813304048,,
2022,20,coarse,47,direct,0.21023686623489313,,,458.0,4.0,0.013316534020025604,8.383467165313165,0.9575765808776262,0.8167883718396487,3.2074682616292,3.296028853389544,4.44860926253836,,
2022,20,coarse,48,direct,0.21521929222528718,,,415.0,2.0,0.032579102647939256,53.23842049044245,0.6620945591447528,0.85714269815283,2.6278551089599085,0.003942893420477396,0.3580699230392842,,
2022,20,coarse,49,direct,0.21086401931953058,,,88.0,3.0,0.08377745972352482,2.904293293958526,0.6841963852150503,0.8107044155316834,6.5853136207947465,0.00032791038515188786,4.0059308805883305,,
2022,20,coarse,50,direct,0.20996276729804159,,,137.0,4.0,0.03753418111725765,17.47906887666331,0.7179164541391094,0.7963769834297969,17.774546675897962,0.0,0.7245421784563316,,
2022,20,coarse,51,direct,0.21335783879050024,,,130.0,2.0,0.09712450443770068,19.873737740286536,0.9653996959635643,0.808235692677708,1.0857419910672097,0.000277111569727843,2.198148629386954,,
2022,20,coarse,52,direct,0.21134413150468923,,,309.0,5.0,0.011894794215646893,10.948149793944104,0.9517137013670367,0.7886656870453422,0.1699671938655904,0.001570124419063149,1.9409820944717138,,
2022,20,coarse,53,direct,0.20940922048303168,,,79.0,3.0,0.07702995048983494,6.058871669262655,0.9825948163986298,0.6059531698345416,24.206715053194255,0.011159705570884294,1.6844181053060048,,
2022,20,coarse,54,direct,0.21165012555218116,,,84.0,5.0,0.040500245262775306,1.605239840439291,0.7886102896046301,0.8160362501051995,1.5801288278860754,0.00048101341157796493,1.2803959313816953,,
2022,20,coarse,55,direct,0.20962348591363478,,,35.0,3.0,0.14300294397591817,24.08964019785051,0.8836950527238809,0.5413900672927074,8.585655589941501,0.8559940865291982,1.780410255069797,,
2022,20,coarse,56,direct,0.2129343974165376,,,904.0,2.0,0.014786020886011194,19.074630974963505,0.6785167287152978,0.5706008982742522,0.4502987137366124,0.42561599377309567,3.6753337726996937,,
2022,20,coarse,57,direct,0.21312285224918615,,,269.0,6.0,0.011860025942700409,3.2821525885566927,0.8307204688622092,0.9123760549715234,30.959130593078328,0.0,3.6597370743274604,,
2022,20,coarse,58,direct,0.21191403849097504,,,138.0,4.0,0.03575980810784384,7.595402577092506,0.9967233681951965,0.9916294743796958,0.1139189012179602,0.20166918070319698,1.6546549684573142,,
2022,20,coarse,59,direct,0.21390952681742542,,,72.0,2.0,0.1243133099225857,1.3482793831868074,0.6468572233510238,0.61944742979272,39.83854065200464,0.0012978453891418543,4.393389730583989,,
2022,20,coarse,60,direct,0.2076953873616445,,,124.0,4.0,0.03589637188959825,6.492289521383685,0.7883156354899614,0.5770209926183111,85.55934042285628,0.002483083453073028,0.47909660302960233,,
2022,20,coarse,61,direct,0.20991445117639762,,,50.0,4.0,0.10640431235235005,3.622286763254677,0.7410729780227249,0.6169238464055251,0.25731523626552455,0.0,0.9178843103107559,,
2022,20,coarse,62,direct,0.21157842232048835,,,85.0,6.0,0.03969323784450192,2.0002531736283315,0.6945446813339419,0.5348989290084459,32.9914399063462,1.5943700749771792,4.883930175746702,,
2022,20,coarse,63,direct,0.2124088959037721,,,263.0,6.0,0.014119049957120973,2.749651713642465,0.7075828830309727,0.8249802305198262,2.240866876832263,0.001931695548452399,2.144999685363034,,
2022,20,coarse,64,direct,0.21139018300850665,,,320.0,5.0,0.012397042132572937,4.818306828515858,0.6792217026132105,0.7976553535918061,0.536832180178445,0.01851249065569294,2.888538736177728,,
2022,20,coarse,65,direct,0.2135050732952417,,,108.0,6.0,0.028799044713627382,16.350701648691427,0.8510825048106321,0.828518873448677,4.0691402237551495,0.002065793786135431,1.7377506024841898,,
2022,20,coarse,66,direct,0.21307016767961282,,,95.0,2.0,0.1414978505057996,1.4323385835712157,0.6607865216126029,0.7044706265464652,3.801616173600101,0.00023796932929691478,0.6152351537315809,,
2022,20,coarse,67,direct,0.21352206354821296,,,93.0,5.0,0.03635816574890565,2.0954417584085285,0.8108722477231776,0.9194537124062774,0.3826647290954186,0.0,0.34497127278346695,,
2022,20,coarse,68,direct,0.2117694484939483,,,208.0,3.0,0.030384857877362333,55.97921181072484,0.6883950137063961,0.7262332197378971,2.1025726476442346,0.0,2.881919006555761,,
2022,20,coarse,69,direct,0.21191172148211662,,,50.0,6.0,0.0680833158876155,3.249931908596805,0.8787310045262472,0.9857357550681056,96.8874771047533,0.045184260590308445,0.13243103996912808,,
2022,20,coarse,70,direct,0.21200135322552488,,,170.0,4.0,0.03456713741366954,15.004623725778611,0.9207620156949223,0.9519001062765866,66.75122871508896,0.0010406824028230414,1.3880916841372781,,
2022,20,coarse,71,direct,0.2100384971676616,,,91.0,5.0,0.056801573083385334,1.2434374638107393,0.808071599095945,0.6904776249668959,11.9426790547697,0.10426320591726872,1.8307771537323725,,
2022,20,coarse,72,direct,0.21382709125257532,,,80.0,6.0,0.03938847289287143,26.044965453083332,0.9694805657091756,0.8162538496781191,27.50040881188148,0.0,2.296619716689138,,
2022,20,coarse,73,direct,0.21042545643088256,,,49.0,5.0,0.07910327496544721,60.580062679834604,0.6876594282317419,0.6755873061060155,2.43666181547593,0.12463692987068953,4.952601808408869,,
2022,20,coarse,74,direct,0.21460189297113869,,,1051.0,2.0,0.011585073584015487,1.8733419725889013,0.8793143418812608,0.7711105629732811,35.72233282406667,0.0,0.62884312211206,,
2022,20,coarse,75,direct,0.21145206186184384,,,95.0,4.0,0.05213883266821991,5.893143373452778,0.9851430202389916,0.6693543324646221,10.773529340629755,3.679821296628186,2.761159891250639,,
2022,20,coarse,76,direct,0.2156021618200236,,,244.0,2.0,0.08405693416085773,2.6818837383828855,0.6861087442615539,0.8128080216440733,2.555707501951048,0.43180433949456865,2.19569393581153,,
2022,20,coarse,77,direct,0.21206711186847152,,,42.0,6.0,0.09282329655234453,23.970580590602463,0.7273834255124151,0.5775673649693207,8.624332468195716,0.00017013077583600392,2.682703233609571,,
2022,20,coarse,78,direct,0.20982674283072578,,,50.0,4.0,0.1042877570398033,25.40428486316132,0.942115079444604,0.6803922859004549,8.882093105603069,5.1345815195455895,1.74818868152945,,
2022,20,coarse,79,direct,0.21482683534396504,,,194.0,6.0,0.020586858800382895,35.75145241267939,0.9883616912127279,0.8285228438835714,16.579648966634206,0.008315552127750009,4.648750872173208,,
2022,20,coarse,80,direct,0.21207297564418665,,,81.0,2.0,0.1340418820722338,5.835724247309656,0.6199372714896739,0.7353199905092667,3.279644532317947,0.0003464656331359056,1.2720928988688107,,
2022,20,coarse,81,direct,0.2091563038451737,,,43.0,5.0,0.1248033523992081,13.16388028489069,0.6812138276280535,0.9336021948995091,2.821114685007188,0.0038052455709144534,2.3777249923600206,,
2022,20,coarse,82,direct,0.2106313877914031,,,145.0,6.0,0.025468387508108356,51.73362910201089,0.7940520503118303,0.637289287626869,32.33421643234411,0.25641190657654067,2.546714897374917,,
2022,20,coarse,83,direct,0.21412970143175336,,,238.0,2.0,0.05409735557617,47.89939707186949,0.8832977835639271,0.9049755762439412,0.25516643375039716,0.029416944854695176,1.8768701068275995,,
2022,20,coarse,84,direct,0.21173227578881698,,,239.0,2.0,0.05952512371690523,7.3561312571302535,0.8828066783461526,0.5194442728369237,46.419259116333045,1.1727676687410102,2.144920296886474,,
2022,20,coarse,85,direct,0.21066514314253754,,,104.0,5.0,0.03437883306127211,2.773962022463083,0.8843314959883579,0.6591174686255034,78.94981393425448,0.0246354593617209,0.13778240831877064,,
2022,20,coarse,86,direct,0.21330036119100276,,,210.0,2.0,0.05123062168503441,1.4661404583944162,0.7170148737277271,0.6351232767484494,3.4935500875714007,1.9358620630754502,4.05188765216089,,
2022,20,coarse,87,direct,0.20960187247512843,,,334.0,6.0,0.01015627070303812,36.72298171773921,0.7584245106038103,0.5559453782719519,0.24436927844972897,0.0,0.4811858788047385,,
2022,20,coarse,88,direct,0.2138612191314176,,,371.0,6.0,0.010196272955330751,1.0222766923978712,0.9225545579250534,0.826280181974226,0.4058473723320186,0.0,2.3313062743772797,,
2022,20,coarse,89,direct,0.21029693360329255,,,146.0,3.0,0.059688196684099075,5.155638043485394,0.7838113426790163,0.6602049084105744,61.77764291154232,0.0,2.0134371931966517,,
2022,20,coarse,90,direct,0.2153531147561138,,,39.0,6.0,0.09602967076057013,42.73715676114025,0.6447300757029808,0.8238913411103341,1.6913458269352082,0.0,0.001559252333087069,,
2022,20,coarse,91,direct,0.20997972947518095,,,295.0,4.0,0.017584445119468876,12.023170162881756,0.845753997982353,0.5266524965310003,0.14069425535374608,0.00039024027826087114,0.9466210710739564,,
2022,20,coarse,92,direct,0.21464594911721674,,,42.0,5.0,0.12155857295870036,7.029119097584628,0.6059656421031232,0.5262503789120964,1.1327711460412722,0.07426098527979913,3.145722326458846,,
2022,20,coarse,93,direct,0.21143411956129957,,,388.0,4.0,0.01607772686713565,58.58565867444653,0.9957784087383287,0.9332476614328438,19.341097423446843,0.00013686521951527424,0.2882984124375454,,
2022,20,coarse,94,direct,0.21591748338387717,,,39.0,6.0,0.10177021064149849,1.2319493854073917,0.9740793609749794,0.985742824644058,8.282656749848876,0.00010244704721441725,4.975205885286788,,
2022,20,coarse,95,direct,0.21135068047750716,,,185.0,2.0,0.10191947549469274,25.91758187977807,0.7577284522569445,0.5790806839643232,9.450270962207833,0.12759933216957522,0.590907108092113,,
2022,20,full_inner,60,direct,0.6320860184063788,2.430933528333301,,166.0,4.0,0.03589637188959825,6.492289521383685,0.7883156354899614,0.5770209926183111,85.55934042285628,0.002483083453073028,0.47909660302960233,,
2022,20,full_inner,81,direct,0.6740963717796936,2.6434467589483632,,37.0,5.0,0.1248033523992081,13.16388028489069,0.6812138276280535,0.9336021948995091,2.821114685007188,0.0038052455709144534,2.3777249923600206,,
2022,20,full_inner,19,direct,0.645319197584927,2.497073033198715,,78.0,4.0,0.05804048341805567,1.0455826694592603,0.8539665799628785,0.6389785287274065,3.0190600478215597,0.0018415032987270136,0.02508364218922088,,
2022,20,full_inner,53,direct,0.5901752927823395,2.1988661356814045,,80.0,3.0,0.07702995048983494,6.058871669262655,0.9825948163986298,0.6059531698345416,24.206715053194255,0.011159705570884294,1.6844181053060048,,
2022,20,full_inner,3,direct,0.6398636950177059,2.4688015568319353,,156.0,4.0,0.04260084045026215,2.9950184511931326,0.9557323085481404,0.7221366332723016,0.6148489658130238,0.0005609060902787453,0.921253966934894,,
2022,20,full_inner,16,direct,0.6852965346985201,2.731085756350521,,158.0,5.0,0.028405814500156574,6.292310786723709,0.959703615324008,0.5473701119575725,41.676737391146595,1.2506458254395292,1.7845081175687216,,
2022,20,full_inner,87,direct,0.7053053041283058,2.8320536030171666,,389.0,6.0,0.01015627070303812,36.72298171773921,0.7584245106038103,0.5559453782719519,0.24436927844972897,0.0,0.4811858788047385,,
2022,20,full_inner,55,direct,0.5936807603127211,2.220853610188038,,37.0,3.0,0.14300294397591817,24.08964019785051,0.8836950527238809,0.5413900672927074,8.585655589941501,0.8559940865291982,1.780410255069797,,
2022,20,variant_selection,53,ratio,0.438527620931186,,,69.0,,,,,,,,,1.0,1.198534170855054
2023,20,linear_full_inner,ridge_har:0.001,ridge_har,0.509905127837426,2.0548832994633464,0.001,,,,,,,,,,,
2023,20,linear_full_inner,ridge_har:0.01,ridge_har,0.5099050910377563,2.054883045775291,0.01,,,,,,,,,,,
2023,20,linear_full_inner,ridge_har:0.1,ridge_har,0.5099047230731498,2.054880509032284,0.1,,,,,,,,,,,
2023,20,linear_full_inner,ridge_har:1.0,ridge_har,0.5099010466341645,2.0548551553491143,1.0,,,,,,,,,,,
2023,20,linear_full_inner,ridge_har:10.0,ridge_har,0.5098646009419319,2.054602986394469,10.0,,,,,,,,,,,
2023,20,linear_full_inner,linear_gamma:0.001,linear_gamma,0.5477209087026512,2.3494047586496647,0.001,,,,,,,,,,,
2023,20,linear_full_inner,linear_gamma:0.01,linear_gamma,0.5455503511002837,2.3358727729592794,0.01,,,,,,,,,,,
2023,20,linear_full_inner,linear_gamma:0.1,linear_gamma,0.5322542858008449,2.257404784578214,0.1,,,,,,,,,,,
2023,20,linear_full_inner,linear_gamma:1.0,linear_gamma,0.5055139280128399,2.014868156814334,1.0,,,,,,,,,,,
2023,20,linear_full_inner,linear_gamma:10.0,linear_gamma,0.566340897438874,1.9385366403711306,10.0,,,,,,,,,,,
2023,20,coarse,0,direct,0.20421335364257048,,,382.0,2.0,0.016810683468738295,55.119162244389045,0.8186567693229744,0.95374768677931,0.11235382553916115,0.11872960983376865,3.043918974129779,,
2023,20,coarse,1,direct,0.18730989239212453,,,19.0,3.0,0.14038131611413024,7.835976473366356,0.65400434553277,0.6303836587705103,24.771214655172628,0.0,2.486859469740904,,
2023,20,coarse,2,direct,0.19970411477666716,,,27.0,2.0,0.09305619122136746,1.632326106680591,0.889274847284669,0.6799502350332256,68.88701686179753,0.0,2.3513001418101376,,
2023,20,coarse,3,direct,0.17610291168775202,,,91.0,4.0,0.04260084045026215,2.9950184511931326,0.9557323085481404,0.7221366332723016,0.6148489658130238,0.0005609060902787453,0.921253966934894,,
2023,20,coarse,4,direct,0.1902093781929455,,,23.0,3.0,0.1484553508100239,2.1218655327116833,0.651043069410163,0.8776753763395864,21.1577902801402,0.011931237244362097,0.1939298133819678,,
2023,20,coarse,5,direct,0.19919285597238645,,,146.0,2.0,0.022690762544950487,23.585366860503754,0.7281166075620962,0.8007411144145034,1.0045234290501277,0.0,4.593158001104692,,
2023,20,coarse,6,direct,0.19752112792559043,,,152.0,2.0,0.024937877092109085,1.2195290039492932,0.8006366675284557,0.850147927064546,12.943398074700601,0.4648579107455426,1.8846037450174191,,
2023,20,coarse,7,direct,0.19146080787922498,,,55.0,3.0,0.05847891521213486,16.117729623062417,0.811820190241648,0.9545687065990864,28.33284840449706,0.03456078869009234,2.4839834971511094,,
2023,20,coarse,8,direct,0.1935920552189749,,,146.0,2.0,0.01845560216114069,28.321043386094992,0.909043670332336,0.6353745876684644,0.20556129619813737,0.0,0.11544561207638582,,
2023,20,coarse,9,direct,0.18954091581327373,,,108.0,3.0,0.02785801629701712,2.4187030192248744,0.6078214079461276,0.9635847476072645,1.248012294015271,0.0011598597583676734,0.660701337482878,,
2023,20,coarse,10,direct,0.18514075876069003,,,100.0,3.0,0.03347083163676745,4.2622413983596195,0.677952880628176,0.5213058839870837,6.461771999719673,0.872566136168424,4.86684934091484,,
2023,20,coarse,11,direct,0.19474979569585057,,,24.0,3.0,0.10112400116568608,1.7878262636323983,0.6043047438890682,0.779923519761126,0.4077513984136103,6.9378664448940155,1.1559040482212857,,
2023,20,coarse,12,direct,0.17299261592693413,,,76.0,5.0,0.04549563568893397,12.532624363309665,0.9819923104368238,0.540059473534411,1.463062809139209,0.0037866963500516014,3.1907591634567694,,
2023,20,coarse,13,direct,0.17239123026860798,,,98.0,4.0,0.031402925854985005,1.1560939832245865,0.9998943748262439,0.5182285975902221,44.220247540384115,0.0,4.226699967961472,,
2023,20,coarse,14,direct,0.18684141225249257,,,19.0,3.0,0.1364459214367544,1.6952065390452866,0.6655404783866105,0.783924794356835,0.9571032942155548,0.9483027095641382,2.446285197725712,,
2023,20,coarse,15,direct,0.19528203204388772,,,26.0,2.0,0.09330680111548337,44.90505078181925,0.7874429478499592,0.5367859076238702,2.5094164650761073,0.0,3.2603460446595793,,
2023,20,coarse,16,direct,0.1736491440534221,,,125.0,5.0,0.028405814500156574,6.292310786723709,0.959703615324008,0.5473701119575725,41.676737391146595,1.2506458254395292,1.7845081175687216,,
2023,20,coarse,17,direct,0.19609263776881386,,,27.0,5.0,0.1471502221564383,59.896190402270065,0.6531652916936086,0.5503439167464454,0.1408529092458632,0.00040581736859182605,2.5522651615272314,,
2023,20,coarse,18,direct,0.1944911083101959,,,222.0,3.0,0.01311953596835786,2.5206656147567696,0.8740178623217499,0.9091082355277562,0.4787159828613117,0.0,4.498448849222058,,
2023,20,coarse,19,direct,0.18520779024652081,,,63.0,4.0,0.05804048341805567,1.0455826694592603,0.8539665799628785,0.6389785287274065,3.0190600478215597,0.0018415032987270136,0.02508364218922088,,
2023,20,coarse,20,direct,0.18748007281612214,,,90.0,6.0,0.04841363977926772,8.459952771194493,0.9572739746639483,0.7637627832499377,2.460030717171174,3.4883455468391005,0.6994975263107589,,
2023,20,coarse,21,direct,0.1942676320900374,,,113.0,2.0,0.04743554958231196,32.823645594889136,0.6664128848502963,0.7388530539826339,34.72080746299189,0.0007563379321334618,3.85766417027033,,
2023,20,coarse,22,direct,0.17847255818974753,,,42.0,5.0,0.07272169724137856,1.7540005792976638,0.9094442975469155,0.5006213304687586,64.19309797735394,0.30131892607316274,3.6495771273875977,,
2023,20,coarse,23,direct,0.189212521254862,,,26.0,2.0,0.1063614071463956,1.812508559407195,0.6290765614014403,0.6490822790866912,38.95413636138779,0.0007396274238340902,2.1540501691961476,,
2023,20,coarse,24,direct,0.19188739503549296,,,53.0,2.0,0.07407251473176883,6.412689880745559,0.8138303810314409,0.8022635343080042,5.856523716008245,0.18982367710946238,4.743320221532144,,
2023,20,coarse,25,direct,0.1782912829441643,,,148.0,4.0,0.020769042367594696,13.791668974474772,0.6598717759568685,0.5148519648975334,1.4829557124512165,0.00034478016824045953,2.1242383646847385,,
2023,20,coarse,26,direct,0.180289744679809,,,67.0,4.0,0.04600131513205375,12.723331848536958,0.8611815670300639,0.8341507642881436,22.17471561041375,0.024530503743838028,1.2848669778866513,,
2023,20,coarse,27,direct,0.17227955409377782,,,127.0,4.0,0.027213001572269833,2.376166415606863,0.7640689249277547,0.6874730132059221,0.6008412009646449,0.0,2.8836160282795467,,
2023,20,coarse,28,direct,0.17604687810225317,,,219.0,4.0,0.017237652957384067,1.102097366386189,0.8986403921826964,0.5353665909436108,6.736505225156358,0.006818370458044081,0.1087574953532483,,
2023,20,coarse,29,direct,0.19395570741452955,,,17.0,2.0,0.1454726579694726,6.529536820413327,0.8476627047665758,0.5393197030677156,0.8689238985414293,0.5739232174600256,2.2496366103413674,,
2023,20,coarse,30,direct,0.19376530459537578,,,28.0,5.0,0.11008351078396893,1.0768716638910665,0.8134311224695298,0.7218470211206919,1.2466501430464916,0.0023165321735811057,0.3457760417308503,,
2023,20,coarse,31,direct,0.20268883302359994,,,31.0,6.0,0.12450295713056359,5.964863382464574,0.7775213642143721,0.5943737290859757,0.9495459619816234,0.0,1.6645677482257408,,
2023,20,coarse,32,direct,0.18025834381370337,,,38.0,4.0,0.09555747254524866,3.339589753483531,0.7888214221636962,0.731867428588183,12.396957218981017,0.025773309119445625,1.3893599838308734,,
2023,20,coarse,33,direct,0.1846516930194827,,,106.0,5.0,0.03307612457460172,15.95035773208056,0.805292781719349,0.7101664668933132,50.284918248123326,0.0,4.790028223872382,,
2023,20,coarse,34,direct,0.17580535534058594,,,279.0,5.0,0.012747208805712536,34.067256820065694,0.7264679854027407,0.5122807884110472,16.001361165455027,1.0087960018787985,3.339515105864064,,
2023,20,coarse,35,direct,0.20341363706150156,,,24.0,3.0,0.12203185705919098,6.884283992482084,0.883825156769638,0.8230324517913344,0.12924694165793071,0.000370496362002457,3.259010384791284,,
2023,20,coarse,36,direct,0.20022432027041936,,,212.0,2.0,0.013332615007599878,31.92495030229587,0.9001954743288576,0.6278072495789468,31.721757868222674,0.12143034361552162,2.2495024288283205,,
2023,20,coarse,37,direct,0.1729586220475297,,,99.0,5.0,0.03823635867304879,2.9192178964337057,0.7056131384952877,0.5615956822692185,2.478767876020354,3.873044312933045,2.2357171978782304,,
2023,20,coarse,38,direct,0.1801888817180527,,,52.0,4.0,0.06672705951703976,2.70672265423012,0.8053193000005714,0.7432793676424367,54.50993758434763,0.1763194393573364,0.17809672922888653,,
2023,20,coarse,39,direct,0.18813630987834912,,,47.0,5.0,0.09904909763560564,14.428965075208994,0.8443247223775455,0.7777876188807689,2.411736145240018,0.0,1.006443787771683,,
2023,20,coarse,40,direct,0.17533612045234268,,,237.0,5.0,0.01734675425942572,2.9102489342915057,0.926685932511976,0.8603962347877447,0.26202195721651816,0.703362805264452,3.2991452247567716,,
2023,20,coarse,41,direct,0.1792148165805526,,,152.0,4.0,0.02475819813349527,27.14393201397485,0.7846249212267163,0.900876276591754,1.0994603687653746,0.0,2.0477650060757706,,
2023,20,coarse,42,direct,0.17503015734391916,,,126.0,5.0,0.028672779687180662,12.551613007706257,0.6738624929635467,0.6302820104701345,3.0291077076330977,0.004010204614905998,4.3978300559300285,,
2023,20,coarse,43,direct,0.18368914827056043,,,146.0,3.0,0.018671862071946634,1.401393359198495,0.8126648473219283,0.6976923086352784,14.74241849455122,0.002047013044786316,0.849760462365235,,
2023,20,coarse,44,direct,0.18762407247442633,,,74.0,3.0,0.0411317443025174,6.2432411361879065,0.6520146345475489,0.916194628483469,0.11674085337776108,0.022622879972084575,3.859598157434405,,
2023,20,coarse,45,direct,0.18763471392503472,,,182.0,3.0,0.01595947865577667,4.946298920100062,0.9243002770433422,0.7107772098297316,1.3179316260121636,0.0,4.586006590674058,,
2023,20,coarse,46,direct,0.18685364267149732,,,145.0,2.0,0.01797522180633576,7.347411838166395,0.7667650355177703,0.5474379662497563,14.297018369077687,5.229063765246583,1.4506358813304048,,
2023,20,coarse,47,direct,0.17679056522295833,,,274.0,4.0,0.013316534020025604,8.383467165313165,0.9575765808776262,0.8167883718396487,3.2074682616292,3.296028853389544,4.44860926253836,,
2023,20,coarse,48,direct,0.19214551414116077,,,112.0,2.0,0.032579102647939256,53.23842049044245,0.6620945591447528,0.85714269815283,2.6278551089599085,0.003942893420477396,0.3580699230392842,,
2023,20,coarse,49,direct,0.18410470729077683,,,45.0,3.0,0.08377745972352482,2.904293293958526,0.6841963852150503,0.8107044155316834,6.5853136207947465,0.00032791038515188786,4.0059308805883305,,
2023,20,coarse,50,direct,0.175825246832231,,,97.0,4.0,0.03753418111725765,17.47906887666331,0.7179164541391094,0.7963769834297969,17.774546675897962,0.0,0.7245421784563316,,
2023,20,coarse,51,direct,0.2082788949537162,,,78.0,2.0,0.09712450443770068,19.873737740286536,0.9653996959635643,0.808235692677708,1.0857419910672097,0.000277111569727843,2.198148629386954,,
2023,20,coarse,52,direct,0.17416009583525222,,,295.0,5.0,0.011894794215646893,10.948149793944104,0.9517137013670367,0.7886656870453422,0.1699671938655904,0.001570124419063149,1.9409820944717138,,
2023,20,coarse,53,direct,0.1921529294703387,,,39.0,3.0,0.07702995048983494,6.058871669262655,0.9825948163986298,0.6059531698345416,24.206715053194255,0.011159705570884294,1.6844181053060048,,
2023,20,coarse,54,direct,0.18093862963800372,,,88.0,5.0,0.040500245262775306,1.605239840439291,0.7886102896046301,0.8160362501051995,1.5801288278860754,0.00048101341157796493,1.2803959313816953,,
2023,20,coarse,55,direct,0.18541506166952199,,,19.0,3.0,0.14300294397591817,24.08964019785051,0.8836950527238809,0.5413900672927074,8.585655589941501,0.8559940865291982,1.780410255069797,,
2023,20,coarse,56,direct,0.19201695355701148,,,185.0,2.0,0.014786020886011194,19.074630974963505,0.6785167287152978,0.5706008982742522,0.4502987137366124,0.42561599377309567,3.6753337726996937,,
2023,20,coarse,57,direct,0.1958759469929739,,,346.0,6.0,0.011860025942700409,3.2821525885566927,0.8307204688622092,0.9123760549715234,30.959130593078328,0.0,3.6597370743274604,,
2023,20,coarse,58,direct,0.18387806572278448,,,94.0,4.0,0.03575980810784384,7.595402577092506,0.9967233681951965,0.9916294743796958,0.1139189012179602,0.20166918070319698,1.6546549684573142,,
2023,20,coarse,59,direct,0.19234128863648936,,,26.0,2.0,0.1243133099225857,1.3482793831868074,0.6468572233510238,0.61944742979272,39.83854065200464,0.0012978453891418543,4.393389730583989,,
2023,20,coarse,60,direct,0.17899213627751112,,,91.0,4.0,0.03589637188959825,6.492289521383685,0.7883156354899614,0.5770209926183111,85.55934042285628,0.002483083453073028,0.47909660302960233,,
2023,20,coarse,61,direct,0.19581486467895187,,,26.0,4.0,0.10640431235235005,3.622286763254677,0.7410729780227249,0.6169238464055251,0.25731523626552455,0.0,0.9178843103107559,,
2023,20,coarse,62,direct,0.18539406162679697,,,91.0,6.0,0.03969323784450192,2.0002531736283315,0.6945446813339419,0.5348989290084459,32.9914399063462,1.5943700749771792,4.883930175746702,,
2023,20,coarse,63,direct,0.19196505308421652,,,276.0,6.0,0.014119049957120973,2.749651713642465,0.7075828830309727,0.8249802305198262,2.240866876832263,0.001931695548452399,2.144999685363034,,
2023,20,coarse,64,direct,0.17576771755533055,,,334.0,5.0,0.012397042132572937,4.818306828515858,0.6792217026132105,0.7976553535918061,0.536832180178445,0.01851249065569294,2.888538736177728,,
2023,20,coarse,65,direct,0.18605904299311715,,,127.0,6.0,0.028799044713627382,16.350701648691427,0.8510825048106321,0.828518873448677,4.0691402237551495,0.002065793786135431,1.7377506024841898,,
2023,20,coarse,66,direct,0.194509891623977,,,19.0,2.0,0.1414978505057996,1.4323385835712157,0.6607865216126029,0.7044706265464652,3.801616173600101,0.00023796932929691478,0.6152351537315809,,
2023,20,coarse,67,direct,0.17326112752916284,,,107.0,5.0,0.03635816574890565,2.0954417584085285,0.8108722477231776,0.9194537124062774,0.3826647290954186,0.0,0.34497127278346695,,
2023,20,coarse,68,direct,0.1857415391723619,,,100.0,3.0,0.030384857877362333,55.97921181072484,0.6883950137063961,0.7262332197378971,2.1025726476442346,0.0,2.881919006555761,,
2023,20,coarse,69,direct,0.21331183486038385,,,48.0,6.0,0.0680833158876155,3.249931908596805,0.8787310045262472,0.9857357550681056,96.8874771047533,0.045184260590308445,0.13243103996912808,,
2023,20,coarse,70,direct,0.18335776376462332,,,118.0,4.0,0.03456713741366954,15.004623725778611,0.9207620156949223,0.9519001062765866,66.75122871508896,0.0010406824028230414,1.3880916841372781,,
2023,20,coarse,71,direct,0.18225923094741847,,,60.0,5.0,0.056801573083385334,1.2434374638107393,0.808071599095945,0.6904776249668959,11.9426790547697,0.10426320591726872,1.8307771537323725,,
2023,20,coarse,72,direct,0.18940242855336129,,,95.0,6.0,0.03938847289287143,26.044965453083332,0.9694805657091756,0.8162538496781191,27.50040881188148,0.0,2.296619716689138,,
2023,20,coarse,73,direct,0.1843542129806213,,,47.0,5.0,0.07910327496544721,60.580062679834604,0.6876594282317419,0.6755873061060155,2.43666181547593,0.12463692987068953,4.952601808408869,,
2023,20,coarse,74,direct,0.20340870198761082,,,223.0,2.0,0.011585073584015487,1.8733419725889013,0.8793143418812608,0.7711105629732811,35.72233282406667,0.0,0.62884312211206,,
2023,20,coarse,75,direct,0.17798106500960592,,,75.0,4.0,0.05213883266821991,5.893143373452778,0.9851430202389916,0.6693543324646221,10.773529340629755,3.679821296628186,2.761159891250639,,
2023,20,coarse,76,direct,0.19261754179955498,,,43.0,2.0,0.08405693416085773,2.6818837383828855,0.6861087442615539,0.8128080216440733,2.555707501951048,0.43180433949456865,2.19569393581153,,
2023,20,coarse,77,direct,0.1838109959015489,,,42.0,6.0,0.09282329655234453,23.970580590602463,0.7273834255124151,0.5775673649693207,8.624332468195716,0.00017013077583600392,2.682703233609571,,
2023,20,coarse,78,direct,0.1968256853490177,,,26.0,4.0,0.1042877570398033,25.40428486316132,0.942115079444604,0.6803922859004549,8.882093105603069,5.1345815195455895,1.74818868152945,,
2023,20,coarse,79,direct,0.18656965481020826,,,174.0,6.0,0.020586858800382895,35.75145241267939,0.9883616912127279,0.8285228438835714,16.579648966634206,0.008315552127750009,4.648750872173208,,
2023,20,coarse,80,direct,0.18795190197158468,,,45.0,2.0,0.1340418820722338,5.835724247309656,0.6199372714896739,0.7353199905092667,3.279644532317947,0.0003464656331359056,1.2720928988688107,,
2023,20,coarse,81,direct,0.17531335709626653,,,26.0,5.0,0.1248033523992081,13.16388028489069,0.6812138276280535,0.9336021948995091,2.821114685007188,0.0038052455709144534,2.3777249923600206,,
2023,20,coarse,82,direct,0.19429025908445693,,,143.0,6.0,0.025468387508108356,51.73362910201089,0.7940520503118303,0.637289287626869,32.33421643234411,0.25641190657654067,2.546714897374917,,
2023,20,coarse,83,direct,0.20461513728247582,,,48.0,2.0,0.05409735557617,47.89939707186949,0.8832977835639271,0.9049755762439412,0.25516643375039716,0.029416944854695176,1.8768701068275995,,
2023,20,coarse,84,direct,0.18426561945165743,,,42.0,2.0,0.05952512371690523,7.3561312571302535,0.8828066783461526,0.5194442728369237,46.419259116333045,1.1727676687410102,2.144920296886474,,
2023,20,coarse,85,direct,0.1753732922261029,,,99.0,5.0,0.03437883306127211,2.773962022463083,0.8843314959883579,0.6591174686255034,78.94981393425448,0.0246354593617209,0.13778240831877064,,
2023,20,coarse,86,direct,0.1995228596298465,,,52.0,2.0,0.05123062168503441,1.4661404583944162,0.7170148737277271,0.6351232767484494,3.4935500875714007,1.9358620630754502,4.05188765216089,,
2023,20,coarse,87,direct,0.18250540803268434,,,358.0,6.0,0.01015627070303812,36.72298171773921,0.7584245106038103,0.5559453782719519,0.24436927844972897,0.0,0.4811858788047385,,
2023,20,coarse,88,direct,0.189264497880236,,,358.0,6.0,0.010196272955330751,1.0222766923978712,0.9225545579250534,0.826280181974226,0.4058473723320186,0.0,2.3313062743772797,,
2023,20,coarse,89,direct,0.1895532576516497,,,48.0,3.0,0.059688196684099075,5.155638043485394,0.7838113426790163,0.6602049084105744,61.77764291154232,0.0,2.0134371931966517,,
2023,20,coarse,90,direct,0.19277278869549047,,,43.0,6.0,0.09602967076057013,42.73715676114025,0.6447300757029808,0.8238913411103341,1.6913458269352082,0.0,0.001559252333087069,,
2023,20,coarse,91,direct,0.17254156786378644,,,185.0,4.0,0.017584445119468876,12.023170162881756,0.845753997982353,0.5266524965310003,0.14069425535374608,0.00039024027826087114,0.9466210710739564,,
2023,20,coarse,92,direct,0.18683063191866472,,,29.0,5.0,0.12155857295870036,7.029119097584628,0.6059656421031232,0.5262503789120964,1.1327711460412722,0.07426098527979913,3.145722326458846,,
2023,20,coarse,93,direct,0.18229721131647642,,,215.0,4.0,0.01607772686713565,58.58565867444653,0.9957784087383287,0.9332476614328438,19.341097423446843,0.00013686521951527424,0.2882984124375454,,
2023,20,coarse,94,direct,0.19229241995269847,,,36.0,6.0,0.10177021064149849,1.2319493854073917,0.9740793609749794,0.985742824644058,8.282656749848876,0.00010244704721441725,4.975205885286788,,
2023,20,coarse,95,direct,0.20155014029740959,,,26.0,2.0,0.10191947549469274,25.91758187977807,0.7577284522569445,0.5790806839643232,9.450270962207833,0.12759933216957522,0.590907108092113,,
2023,20,full_inner,27,direct,0.5800677073356445,2.510073139744049,,151.0,4.0,0.027213001572269833,2.376166415606863,0.7640689249277547,0.6874730132059221,0.6008412009646449,0.0,2.8836160282795467,,
2023,20,full_inner,13,direct,0.5685711987761206,2.4467586541257975,,151.0,4.0,0.031402925854985005,1.1560939832245865,0.9998943748262439,0.5182285975902221,44.220247540384115,0.0,4.226699967961472,,
2023,20,full_inner,91,direct,0.5741515627665456,2.481138338294114,,295.0,4.0,0.017584445119468876,12.023170162881756,0.845753997982353,0.5266524965310003,0.14069425535374608,0.00039024027826087114,0.9466210710739564,,
2023,20,full_inner,37,direct,0.609310702185301,2.710323063031584,,118.0,5.0,0.03823635867304879,2.9192178964337057,0.7056131384952877,0.5615956822692185,2.478767876020354,3.873044312933045,2.2357171978782304,,
2023,20,full_inner,12,direct,0.6075921833290457,2.6977943340383743,,83.0,5.0,0.04549563568893397,12.532624363309665,0.9819923104368238,0.540059473534411,1.463062809139209,0.0037866963500516014,3.1907591634567694,,
2023,20,full_inner,67,direct,0.6587655342034857,3.0121435224122,,93.0,5.0,0.03635816574890565,2.0954417584085285,0.8108722477231776,0.9194537124062774,0.3826647290954186,0.0,0.34497127278346695,,
2023,20,full_inner,16,direct,0.612204050320649,2.731085756350521,,149.0,5.0,0.028405814500156574,6.292310786723709,0.959703615324008,0.5473701119575725,41.676737391146595,1.2506458254395292,1.7845081175687216,,
2023,20,full_inner,52,direct,0.6210888131795232,2.772352216414111,,296.0,5.0,0.011894794215646893,10.948149793944104,0.9517137013670367,0.7886656870453422,0.1699671938655904,0.001570124419063149,1.9409820944717138,,
2023,20,variant_selection,13,ratio,0.4018327523376787,,,131.0,,,,,,,,,1.0,1.1858261021003482
