model,validation_year,eta,residual_cap,best_iteration,rule_slope,rank_ic_mean,rank_ic_median,rank_ic_positive_share,top_bottom_spread_5d,n_dates
xgb_00,2018,0.05,0.1,7,-0.005374686057614655,0.03741675153552898,0.062337662337662345,0.5697211155378487,0.001855709355240693,251
xgb_00,2018,0.05,0.25,7,-0.005374686057614655,0.03741675153552898,0.062337662337662345,0.5697211155378487,0.001855709355240693,251
xgb_00,2018,0.05,0.5,7,-0.005374686057614655,0.03741675153552898,0.062337662337662345,0.5697211155378487,0.001855709355240693,251
xgb_00,2018,0.1,0.1,7,-0.005374686057614655,0.03735983633917156,0.062337662337662345,0.5697211155378487,0.0018396760687331383,251
xgb_00,2018,0.1,0.25,7,-0.005374686057614655,0.03735983633917156,0.062337662337662345,0.5697211155378487,0.0018396760687331383,251
xgb_00,2018,0.1,0.5,7,-0.005374686057614655,0.03735983633917156,0.062337662337662345,0.5697211155378487,0.0018396760687331383,251
xgb_00,2018,0.25,0.1,7,-0.005374686057614655,0.036682028091642185,0.062337662337662345,0.5697211155378487,0.0017933132436977496,251
xgb_00,2018,0.25,0.25,7,-0.005374686057614655,0.036609590569005465,0.062337662337662345,0.5697211155378487,0.0017933132436977496,251
xgb_00,2018,0.25,0.5,7,-0.005374686057614655,0.036609590569005465,0.062337662337662345,0.5697211155378487,0.0017933132436977496,251
xgb_00,2018,0.5,0.1,7,-0.005374686057614655,0.03653713791985256,0.062337662337662345,0.5697211155378487,0.0018012515677097384,251
xgb_00,2018,0.5,0.25,7,-0.005374686057614655,0.03625773604682518,0.062337662337662345,0.5697211155378487,0.0017749166284787028,251
xgb_00,2018,0.5,0.5,7,-0.005374686057614655,0.03625773604682518,0.062337662337662345,0.5697211155378487,0.0017749166284787028,251
xgb_00,2018,0.75,0.1,7,-0.005374686057614655,0.0360507515277463,0.06493506493506493,0.5737051792828686,0.0017028529693515657,251
xgb_00,2018,0.75,0.25,7,-0.005374686057614655,0.03578687198099823,0.06493506493506493,0.5737051792828686,0.0017025931303853296,251
xgb_00,2018,0.75,0.5,7,-0.005374686057614655,0.03578687198099823,0.06493506493506493,0.5737051792828686,0.0017025931303853296,251
xgb_00,2018,1.0,0.1,7,-0.005374686057614655,0.03626802039683196,0.05844155844155843,0.5697211155378487,0.0017343539228448608,251
xgb_00,2018,1.0,0.25,7,-0.005374686057614655,0.036123145351558514,0.05844155844155843,0.5697211155378487,0.001732962396013718,251
xgb_00,2018,1.0,0.5,7,-0.005374686057614655,0.036123145351558514,0.05844155844155843,0.5697211155378487,0.001732962396013718,251
xgb_00,2019,0.05,0.1,0,0.001401069211017962,-0.0035333941348642726,-0.0038961038961038965,0.49206349206349204,-0.0023656250361926167,252
xgb_00,2019,0.05,0.25,0,0.001401069211017962,-0.0035333941348642726,-0.0038961038961038965,0.49206349206349204,-0.0023656250361926167,252
xgb_00,2019,0.05,0.5,0,0.001401069211017962,-0.0035333941348642726,-0.0038961038961038965,0.49206349206349204,-0.0023656250361926167,252
xgb_00,2019,0.1,0.1,0,0.001401069211017962,-0.0035333941348642726,-0.0038961038961038965,0.49206349206349204,-0.0023656250361926167,252
xgb_00,2019,0.1,0.25,0,0.001401069211017962,-0.0035333941348642726,-0.0038961038961038965,0.49206349206349204,-0.0023656250361926167,252
xgb_00,2019,0.1,0.5,0,0.001401069211017962,-0.0035333941348642726,-0.0038961038961038965,0.49206349206349204,-0.0023656250361926167,252
xgb_00,2019,0.25,0.1,0,0.001401069211017962,-0.003615861404505524,-0.0038961038961038965,0.49206349206349204,-0.0023656250361926167,252
xgb_00,2019,0.25,0.25,0,0.001401069211017962,-0.003615861404505524,-0.0038961038961038965,0.49206349206349204,-0.0023656250361926167,252
xgb_00,2019,0.25,0.5,0,0.001401069211017962,-0.003615861404505524,-0.0038961038961038965,0.49206349206349204,-0.0023656250361926167,252
xgb_00,2019,0.5,0.1,0,0.001401069211017962,-0.0037034537918027542,-0.0038961038961038965,0.49206349206349204,-0.002339548954650866,252
xgb_00,2019,0.5,0.25,0,0.001401069211017962,-0.0037034537918027542,-0.0038961038961038965,0.49206349206349204,-0.002339548954650866,252
xgb_00,2019,0.5,0.5,0,0.001401069211017962,-0.0037034537918027542,-0.0038961038961038965,0.49206349206349204,-0.002339548954650866,252
xgb_00,2019,0.75,0.1,0,0.001401069211017962,-0.0037292970381812393,-0.005194805194805195,0.49603174603174605,-0.00231603769382852,252
xgb_00,2019,0.75,0.25,0,0.001401069211017962,-0.0037292970381812393,-0.005194805194805195,0.49603174603174605,-0.00231603769382852,252
xgb_00,2019,0.75,0.5,0,0.001401069211017962,-0.0037292970381812393,-0.005194805194805195,0.49603174603174605,-0.00231603769382852,252
xgb_00,2019,1.0,0.1,0,0.001401069211017962,-0.0037911767863655884,-0.004545454545454545,0.49603174603174605,-0.0023465754929917638,252
xgb_00,2019,1.0,0.25,0,0.001401069211017962,-0.0037911767863655884,-0.004545454545454545,0.49603174603174605,-0.0023465754929917638,252
xgb_00,2019,1.0,0.5,0,0.001401069211017962,-0.0037911767863655884,-0.004545454545454545,0.49603174603174605,-0.0023465754929917638,252
xgb_00,2020,0.05,0.1,97,-0.002575655504326612,0.035575773311234606,0.03422554081127459,0.5375494071146245,-0.006422671268388525,253
xgb_00,2020,0.05,0.25,97,-0.002575655504326612,0.03589478229402848,0.03529411764705882,0.541501976284585,-0.006422671268388525,253
xgb_00,2020,0.05,0.5,97,-0.002575655504326612,0.03589478229402848,0.03529411764705882,0.541501976284585,-0.006422671268388525,253
xgb_00,2020,0.1,0.1,97,-0.002575655504326612,0.03601081655333619,0.03422554081127459,0.5375494071146245,-0.006422671268388525,253
xgb_00,2020,0.1,0.25,97,-0.002575655504326612,0.0365280737935812,0.02982456140350877,0.541501976284585,-0.0057436261904065125,253
xgb_00,2020,0.1,0.5,97,-0.002575655504326612,0.0365280737935812,0.02982456140350877,0.541501976284585,-0.0057436261904065125,253
xgb_00,2020,0.25,0.1,97,-0.002575655504326612,0.03653682542955851,0.03090508562952616,0.5335968379446641,-0.005636743429833908,253
xgb_00,2020,0.25,0.25,97,-0.002575655504326612,0.03807655936781354,0.02982456140350877,0.5454545454545454,-0.00449067045634299,253
xgb_00,2020,0.25,0.5,97,-0.002575655504326612,0.038157935791900965,0.032352941176470584,0.5454545454545454,-0.004412679541033466,253
xgb_00,2020,0.5,0.1,97,-0.002575655504326612,0.03647960104197495,0.03090508562952616,0.541501976284585,-0.004932145791636262,253
xgb_00,2020,0.5,0.25,97,-0.002575655504326612,0.03746298886443774,0.03766233766233767,0.541501976284585,-0.0038085753070879035,253
xgb_00,2020,0.5,0.5,97,-0.002575655504326612,0.037583727819474715,0.03766233766233767,0.541501976284585,-0.0038085753070879035,253
xgb_00,2020,0.75,0.1,97,-0.002575655504326612,0.036693455684528774,0.03529411764705882,0.549407114624506,-0.0042216354095137324,253
xgb_00,2020,0.75,0.25,97,-0.002575655504326612,0.03820475180256872,0.02647058823529412,0.5533596837944664,-0.003123159882641007,253
xgb_00,2020,0.75,0.5,97,-0.002575655504326612,0.038171507799746034,0.02647058823529412,0.549407114624506,-0.0030919388328851135,253
xgb_00,2020,1.0,0.1,97,-0.002575655504326612,0.03674170557272678,0.03529411764705882,0.541501976284585,-0.004088235006005537,253
xgb_00,2020,1.0,0.25,97,-0.002575655504326612,0.04059806970237837,0.044117647058823525,0.549407114624506,-0.003334475673131336,253
xgb_00,2020,1.0,0.5,97,-0.002575655504326612,0.04149015110327657,0.044117647058823525,0.5533596837944664,-0.003131339703304688,253
xgb_01,2018,0.05,0.1,2,-0.005374686057614655,0.03714815503695465,0.0669048427621642,0.5697211155378487,0.0018772971475256104,251
xgb_01,2018,0.05,0.25,2,-0.005374686057614655,0.03714815503695465,0.0669048427621642,0.5697211155378487,0.0018772971475256104,251
xgb_01,2018,0.05,0.5,2,-0.005374686057614655,0.03714815503695465,0.0669048427621642,0.5697211155378487,0.0018772971475256104,251
xgb_01,2018,0.1,0.1,2,-0.005374686057614655,0.03714815503695465,0.0669048427621642,0.5697211155378487,0.0018772971475256104,251
xgb_01,2018,0.1,0.25,2,-0.005374686057614655,0.03714815503695465,0.0669048427621642,0.5697211155378487,0.0018772971475256104,251
xgb_01,2018,0.1,0.5,2,-0.005374686057614655,0.03714815503695465,0.0669048427621642,0.5697211155378487,0.0018772971475256104,251
xgb_01,2018,0.25,0.1,2,-0.005374686057614655,0.037272333647189036,0.0669048427621642,0.5697211155378487,0.0018612638610180556,251
xgb_01,2018,0.25,0.25,2,-0.005374686057614655,0.037272333647189036,0.0669048427621642,0.5697211155378487,0.0018612638610180556,251
xgb_01,2018,0.25,0.5,2,-0.005374686057614655,0.037272333647189036,0.0669048427621642,0.5697211155378487,0.0018612638610180556,251
xgb_01,2018,0.5,0.1,2,-0.005374686057614655,0.03697222189333044,0.06623376623376624,0.5697211155378487,0.0018547490239844856,251
xgb_01,2018,0.5,0.25,2,-0.005374686057614655,0.036946342945911495,0.06623376623376624,0.5697211155378487,0.0018547490239844856,251
xgb_01,2018,0.5,0.5,2,-0.005374686057614655,0.036946342945911495,0.06623376623376624,0.5697211155378487,0.0018547490239844856,251
xgb_01,2018,0.75,0.1,2,-0.005374686057614655,0.03724640595877351,0.06623376623376624,0.5697211155378487,0.0017597708549312,251
xgb_01,2018,0.75,0.25,2,-0.005374686057614655,0.03724640595877351,0.06623376623376624,0.5697211155378487,0.0017597708549312,251
xgb_01,2018,0.75,0.5,2,-0.005374686057614655,0.03724640595877351,0.06623376623376624,0.5697211155378487,0.0017597708549312,251
xgb_01,2018,1.0,0.1,2,-0.005374686057614655,0.03723088699394226,0.06623376623376624,0.5697211155378487,0.0017304765949394693,251
xgb_01,2018,1.0,0.25,2,-0.005374686057614655,0.037148101253786,0.06623376623376624,0.5697211155378487,0.0017304765949394693,251
xgb_01,2018,1.0,0.5,2,-0.005374686057614655,0.037148101253786,0.06623376623376624,0.5697211155378487,0.0017304765949394693,251
xgb_01,2019,0.05,0.1,11,0.001401069211017962,-0.0025736750564157706,-0.0038961038961038965,0.49206349206349204,-0.0022991505311553352,252
xgb_01,2019,0.05,0.25,11,0.001401069211017962,-0.002460301393771955,-0.0038961038961038965,0.49206349206349204,-0.0022991505311553352,252
xgb_01,2019,0.05,0.5,11,0.001401069211017962,-0.002460301393771955,-0.0038961038961038965,0.49206349206349204,-0.0022991505311553352,252
xgb_01,2019,0.1,0.1,11,0.001401069211017962,-0.002522139290594288,-0.0038961038961038965,0.49206349206349204,-0.0022991505311553352,252
xgb_01,2019,0.1,0.25,11,0.001401069211017962,-0.002465424837373454,-0.0038961038961038965,0.49206349206349204,-0.0022991505311553352,252
xgb_01,2019,0.1,0.5,11,0.001401069211017962,-0.002465424837373454,-0.0038961038961038965,0.49206349206349204,-0.0022991505311553352,252
xgb_01,2019,0.25,0.1,11,0.001401069211017962,-0.0021665023291185465,-0.004545454545454545,0.49603174603174605,-0.002233082887761103,252
xgb_01,2019,0.25,0.25,11,0.001401069211017962,-0.0018160591215324816,-0.004545454545454545,0.49603174603174605,-0.002228208779547477,252
xgb_01,2019,0.25,0.5,11,0.001401069211017962,-0.0018160591215324816,-0.004545454545454545,0.49603174603174605,-0.002228208779547477,252
xgb_01,2019,0.5,0.1,11,0.001401069211017962,-0.0021510734064072315,-0.0071428571428571435,0.49206349206349204,-0.002343382927457951,252
xgb_01,2019,0.5,0.25,11,0.001401069211017962,-0.0020273858943811985,-0.0071428571428571435,0.4880952380952381,-0.002384262719847621,252
xgb_01,2019,0.5,0.5,11,0.001401069211017962,-0.0020273858943811985,-0.0071428571428571435,0.4880952380952381,-0.002384262719847621,252
xgb_01,2019,0.75,0.1,11,0.001401069211017962,-0.0022025874095204655,-0.0012987012987012987,0.49206349206349204,-0.0022666359679569493,252
xgb_01,2019,0.75,0.25,11,0.001401069211017962,-0.0015995821202105767,-0.0012987012987012987,0.49206349206349204,-0.0022803803491695932,252
xgb_01,2019,0.75,0.5,11,0.001401069211017962,-0.0015995821202105767,-0.0012987012987012987,0.49206349206349204,-0.0022803803491695932,252
xgb_01,2019,1.0,0.1,11,0.001401069211017962,-0.0014048864173777883,-0.0012987012987012987,0.49206349206349204,-0.001758836382092045,252
xgb_01,2019,1.0,0.25,11,0.001401069211017962,-0.0006008832710917234,-0.0012987012987012987,0.49206349206349204,-0.0017141581597445634,252
xgb_01,2019,1.0,0.5,11,0.001401069211017962,-0.0006008832710917234,-0.0012987012987012987,0.49206349206349204,-0.0017141581597445634,252
xgb_01,2020,0.05,0.1,67,-0.002575655504326612,0.03536250800216171,0.041246164567433484,0.5454545454545454,-0.006118125258902123,253
xgb_01,2020,0.05,0.25,67,-0.002575655504326612,0.035955473590234176,0.04035087719298246,0.5454545454545454,-0.006118058359773065,253
xgb_01,2020,0.05,0.5,67,-0.002575655504326612,0.035955473590234176,0.04035087719298246,0.5454545454545454,-0.006118058359773065,253
xgb_01,2020,0.1,0.1,67,-0.002575655504326612,0.035362716180462835,0.041246164567433484,0.5454545454545454,-0.006118125258902123,253
xgb_01,2020,0.1,0.25,67,-0.002575655504326612,0.03602773446689794,0.03529411764705882,0.5454545454545454,-0.005634658485902199,253
xgb_01,2020,0.1,0.5,67,-0.002575655504326612,0.036622047498954945,0.03529411764705882,0.5454545454545454,-0.005354626182590879,253
xgb_01,2020,0.25,0.1,67,-0.002575655504326612,0.035695504117502976,0.041246164567433484,0.541501976284585,-0.005893274148336597,253
xgb_01,2020,0.25,0.25,67,-0.002575655504326612,0.037222373110599845,0.03529411764705882,0.549407114624506,-0.004707797965211766,253
xgb_01,2020,0.25,0.5,67,-0.002575655504326612,0.03733576983188456,0.03529411764705882,0.549407114624506,-0.004645080927499442,253
xgb_01,2020,0.5,0.1,67,-0.002575655504326612,0.03434495477955385,0.03684210526315789,0.5454545454545454,-0.005602829549916957,253
xgb_01,2020,0.5,0.25,67,-0.002575655504326612,0.0364523642919732,0.03859649122807017,0.5573122529644269,-0.004289692720600436,253
xgb_01,2020,0.5,0.5,67,-0.002575655504326612,0.03670322394517503,0.03859649122807017,0.5573122529644269,-0.004178362253196512,253
xgb_01,2020,0.75,0.1,67,-0.002575655504326612,0.03381718849114675,0.02941176470588235,0.5454545454545454,-0.004622001608182156,253
xgb_01,2020,0.75,0.25,67,-0.002575655504326612,0.035875033486360106,0.03529411764705882,0.5573122529644269,-0.003224108310960627,253
xgb_01,2020,0.75,0.5,67,-0.002575655504326612,0.037146463631124484,0.03823529411764706,0.5533596837944664,-0.002840736833754303,253
xgb_01,2020,1.0,0.1,67,-0.002575655504326612,0.033674656264913075,0.02857142857142857,0.5612648221343873,-0.004305511627343794,253
xgb_01,2020,1.0,0.25,67,-0.002575655504326612,0.03695330620097198,0.044117647058823525,0.5454545454545454,-0.003002464885757992,253
xgb_01,2020,1.0,0.5,67,-0.002575655504326612,0.039415401919226004,0.044117647058823525,0.549407114624506,-0.0023404734518479575,253
xgb_02,2018,0.05,0.1,16,-0.005374686057614655,0.037098324512318724,0.062337662337662345,0.5617529880478087,0.001981939540019271,251
xgb_02,2018,0.05,0.25,16,-0.005374686057614655,0.037098324512318724,0.062337662337662345,0.5617529880478087,0.001981939540019271,251
xgb_02,2018,0.05,0.5,16,-0.005374686057614655,0.037098324512318724,0.062337662337662345,0.5617529880478087,0.001981939540019271,251
xgb_02,2018,0.1,0.1,16,-0.005374686057614655,0.037098324512318724,0.062337662337662345,0.5617529880478087,0.001981939540019271,251
xgb_02,2018,0.1,0.25,16,-0.005374686057614655,0.037098324512318724,0.062337662337662345,0.5617529880478087,0.001981939540019271,251
xgb_02,2018,0.1,0.5,16,-0.005374686057614655,0.037098324512318724,0.062337662337662345,0.5617529880478087,0.001981939540019271,251
xgb_02,2018,0.25,0.1,16,-0.005374686057614655,0.03709832451231874,0.062337662337662345,0.5617529880478087,0.001965906253511716,251
xgb_02,2018,0.25,0.25,16,-0.005374686057614655,0.03709832451231874,0.062337662337662345,0.5617529880478087,0.001965906253511716,251
xgb_02,2018,0.25,0.5,16,-0.005374686057614655,0.03709832451231874,0.062337662337662345,0.5617529880478087,0.001965906253511716,251
xgb_02,2018,0.5,0.1,16,-0.005374686057614655,0.036632654723939784,0.062337662337662345,0.5617529880478087,0.0020079274680063043,251
xgb_02,2018,0.5,0.25,16,-0.005374686057614655,0.036632654723939784,0.062337662337662345,0.5617529880478087,0.0020079274680063043,251
xgb_02,2018,0.5,0.5,16,-0.005374686057614655,0.036632654723939784,0.062337662337662345,0.5617529880478087,0.0020079274680063043,251
xgb_02,2018,0.75,0.1,16,-0.005374686057614655,0.03623424834943779,0.062337662337662345,0.5617529880478087,0.0020079274680063043,251
xgb_02,2018,0.75,0.25,16,-0.005374686057614655,0.03623424834943779,0.062337662337662345,0.5617529880478087,0.0020079274680063043,251
xgb_02,2018,0.75,0.5,16,-0.005374686057614655,0.03623424834943779,0.062337662337662345,0.5617529880478087,0.0020079274680063043,251
xgb_02,2018,1.0,0.1,16,-0.005374686057614655,0.03565474816834397,0.05584415584415584,0.5577689243027888,0.0019085429290926256,251
xgb_02,2018,1.0,0.25,16,-0.005374686057614655,0.03565474816834397,0.05584415584415584,0.5577689243027888,0.0019085429290926256,251
xgb_02,2018,1.0,0.5,16,-0.005374686057614655,0.03565474816834397,0.05584415584415584,0.5577689243027888,0.0019085429290926256,251
xgb_02,2019,0.05,0.1,28,0.001401069211017962,-0.0025149337418006877,-0.0019480519480519483,0.49206349206349204,-0.0021857366052565,252
xgb_02,2019,0.05,0.25,28,0.001401069211017962,-0.0025149337418006877,-0.0019480519480519483,0.49206349206349204,-0.0021857366052565,252
xgb_02,2019,0.05,0.5,28,0.001401069211017962,-0.0025149337418006877,-0.0019480519480519483,0.49206349206349204,-0.0021857366052565,252
xgb_02,2019,0.1,0.1,28,0.001401069211017962,-0.0025149337418006856,-0.0019480519480519483,0.49206349206349204,-0.0021857366052565,252
xgb_02,2019,0.1,0.25,28,0.001401069211017962,-0.0025149337418006856,-0.0019480519480519483,0.49206349206349204,-0.0021857366052565,252
xgb_02,2019,0.1,0.5,28,0.001401069211017962,-0.0025149337418006856,-0.0019480519480519483,0.49206349206349204,-0.0021857366052565,252
xgb_02,2019,0.25,0.1,28,0.001401069211017962,-0.002520087318382834,0.0,0.49603174603174605,-0.0021857366052565,252
xgb_02,2019,0.25,0.25,28,0.001401069211017962,-0.002520087318382834,0.0,0.49603174603174605,-0.0021857366052565,252
xgb_02,2019,0.25,0.5,28,0.001401069211017962,-0.002520087318382834,0.0,0.49603174603174605,-0.0021857366052565,252
xgb_02,2019,0.5,0.1,28,0.001401069211017962,-0.0019119569114169701,-0.0019480519480519483,0.49206349206349204,-0.002227909356732961,252
xgb_02,2019,0.5,0.25,28,0.001401069211017962,-0.0019119569114169701,-0.0019480519480519483,0.49206349206349204,-0.002227909356732961,252
xgb_02,2019,0.5,0.5,28,0.001401069211017962,-0.0019119569114169701,-0.0019480519480519483,0.49206349206349204,-0.002227909356732961,252
xgb_02,2019,0.75,0.1,28,0.001401069211017962,-0.002839600696203614,-0.00974025974025974,0.4880952380952381,-0.002209440826848669,252
xgb_02,2019,0.75,0.25,28,0.001401069211017962,-0.002839600696203614,-0.00974025974025974,0.4880952380952381,-0.002209440826848669,252
xgb_02,2019,0.75,0.5,28,0.001401069211017962,-0.002839600696203614,-0.00974025974025974,0.4880952380952381,-0.002209440826848669,252
xgb_02,2019,1.0,0.1,28,0.001401069211017962,-0.0020264640851316964,-0.00974025974025974,0.4880952380952381,-0.00211452408226914,252
xgb_02,2019,1.0,0.25,28,0.001401069211017962,-0.0020264640851316964,-0.00974025974025974,0.4880952380952381,-0.00211452408226914,252
xgb_02,2019,1.0,0.5,28,0.001401069211017962,-0.0020264640851316964,-0.00974025974025974,0.4880952380952381,-0.00211452408226914,252
xgb_02,2020,0.05,0.1,541,-0.002575655504326612,0.035304513350020314,0.03529411764705882,0.541501976284585,-0.0063714467629842585,253
xgb_02,2020,0.05,0.25,541,-0.002575655504326612,0.035410463710797785,0.0411764705882353,0.5454545454545454,-0.006353758697752472,253
xgb_02,2020,0.05,0.5,541,-0.002575655504326612,0.035410463710797785,0.0411764705882353,0.5454545454545454,-0.006353758697752472,253
xgb_02,2020,0.1,0.1,541,-0.002575655504326612,0.03534270830691418,0.03529411764705882,0.541501976284585,-0.0063714467629842585,253
xgb_02,2020,0.1,0.25,541,-0.002575655504326612,0.03601229379169638,0.03529411764705882,0.5454545454545454,-0.005602236166078035,253
xgb_02,2020,0.1,0.5,541,-0.002575655504326612,0.036105295419224866,0.03529411764705882,0.5454545454545454,-0.005526935284507563,253
xgb_02,2020,0.25,0.1,541,-0.002575655504326612,0.0355793940863491,0.03090508562952616,0.541501976284585,-0.005754741113915286,253
xgb_02,2020,0.25,0.25,541,-0.002575655504326612,0.037366689588633074,0.03529411764705882,0.5454545454545454,-0.004546874459927948,253
xgb_02,2020,0.25,0.5,541,-0.002575655504326612,0.03751965279180492,0.03529411764705882,0.5454545454545454,-0.004448400958649418,253
xgb_02,2020,0.5,0.1,541,-0.002575655504326612,0.03590104377963703,0.03090508562952616,0.541501976284585,-0.005056704512454801,253
xgb_02,2020,0.5,0.25,541,-0.002575655504326612,0.03641136750480967,0.02647058823529412,0.541501976284585,-0.004376040660331498,253
xgb_02,2020,0.5,0.5,541,-0.002575655504326612,0.03640178181074424,0.02647058823529412,0.541501976284585,-0.004376040660331498,253
xgb_02,2020,0.75,0.1,541,-0.002575655504326612,0.03499837708444401,0.033766233766233764,0.549407114624506,-0.004821892630207868,253
xgb_02,2020,0.75,0.25,541,-0.002575655504326612,0.0373198086844852,0.03896103896103896,0.5612648221343873,-0.003595343224698163,253
xgb_02,2020,0.75,0.5,541,-0.002575655504326612,0.03756679326987334,0.03896103896103896,0.5573122529644269,-0.003595343224698163,253
xgb_02,2020,1.0,0.1,541,-0.002575655504326612,0.034359295752062945,0.03090508562952616,0.5454545454545454,-0.004464428371803739,253
xgb_02,2020,1.0,0.25,541,-0.002575655504326612,0.03929924656285723,0.04385964912280702,0.5533596837944664,-0.0031914295506857973,253
xgb_02,2020,1.0,0.5,541,-0.002575655504326612,0.04031961310348221,0.04385964912280702,0.5573122529644269,-0.002728191498783682,253
xgb_03,2018,0.05,0.1,1,-0.005374686057614655,0.03714463753791994,0.05714285714285714,0.5697211155378487,0.0019804835457403465,251
xgb_03,2018,0.05,0.25,1,-0.005374686057614655,0.03714463753791994,0.05714285714285714,0.5697211155378487,0.0019804835457403465,251
xgb_03,2018,0.05,0.5,1,-0.005374686057614655,0.03714463753791994,0.05714285714285714,0.5697211155378487,0.0019804835457403465,251
xgb_03,2018,0.1,0.1,1,-0.005374686057614655,0.03712394110288087,0.05714285714285714,0.5697211155378487,0.0019804835457403465,251
xgb_03,2018,0.1,0.25,1,-0.005374686057614655,0.03712394110288087,0.05714285714285714,0.5697211155378487,0.0019804835457403465,251
xgb_03,2018,0.1,0.5,1,-0.005374686057614655,0.03712394110288087,0.05714285714285714,0.5697211155378487,0.0019804835457403465,251
xgb_03,2018,0.25,0.1,1,-0.005374686057614655,0.03712394110288088,0.05714285714285714,0.5697211155378487,0.001964450259232792,251
xgb_03,2018,0.25,0.25,1,-0.005374686057614655,0.03712394110288088,0.05714285714285714,0.5697211155378487,0.001964450259232792,251
xgb_03,2018,0.25,0.5,1,-0.005374686057614655,0.03712394110288088,0.05714285714285714,0.5697211155378487,0.001964450259232792,251
xgb_03,2018,0.5,0.1,1,-0.005374686057614655,0.036637495862488864,0.05714285714285714,0.5697211155378487,0.0019007299361800262,251
xgb_03,2018,0.5,0.25,1,-0.005374686057614655,0.036637495862488864,0.05714285714285714,0.5697211155378487,0.0019007299361800262,251
xgb_03,2018,0.5,0.5,1,-0.005374686057614655,0.036637495862488864,0.05714285714285714,0.5697211155378487,0.0019007299361800262,251
xgb_03,2018,0.75,0.1,1,-0.005374686057614655,0.036430513024134,0.05714285714285714,0.5697211155378487,0.001860687940988281,251
xgb_03,2018,0.75,0.25,1,-0.005374686057614655,0.036430513024134,0.05714285714285714,0.5697211155378487,0.001860687940988281,251
xgb_03,2018,0.75,0.5,1,-0.005374686057614655,0.036430513024134,0.05714285714285714,0.5697211155378487,0.001860687940988281,251
xgb_03,2018,1.0,0.1,1,-0.005374686057614655,0.036456383558099235,0.062337662337662345,0.5697211155378487,0.0019070427880846163,251
xgb_03,2018,1.0,0.25,1,-0.005374686057614655,0.036456383558099235,0.062337662337662345,0.5697211155378487,0.0019070427880846163,251
xgb_03,2018,1.0,0.5,1,-0.005374686057614655,0.036456383558099235,0.062337662337662345,0.5697211155378487,0.0019070427880846163,251
xgb_03,2019,0.05,0.1,8,0.001401069211017962,-0.0024429309864449013,-0.0038961038961038965,0.49206349206349204,-0.0022646267977299017,252
xgb_03,2019,0.05,0.25,8,0.001401069211017962,-0.0024326238332806048,-0.0038961038961038965,0.49206349206349204,-0.0022646267977299017,252
xgb_03,2019,0.05,0.5,8,0.001401069211017962,-0.0024326238332806048,-0.0038961038961038965,0.49206349206349204,-0.0022646267977299017,252
xgb_03,2019,0.1,0.1,8,0.001401069211017962,-0.0023913952206234207,-0.0038961038961038965,0.49206349206349204,-0.0022646267977299017,252
xgb_03,2019,0.1,0.25,8,0.001401069211017962,-0.0023913952206234207,-0.0038961038961038965,0.49206349206349204,-0.0022646267977299017,252
xgb_03,2019,0.1,0.5,8,0.001401069211017962,-0.0023913952206234207,-0.0038961038961038965,0.49206349206349204,-0.0022646267977299017,252
xgb_03,2019,0.25,0.1,8,0.001401069211017962,-0.0024996236769574912,0.0,0.49603174603174605,-0.0022947713959576245,252
xgb_03,2019,0.25,0.25,8,0.001401069211017962,-0.0024171664516431227,0.0,0.49603174603174605,-0.0022947713959576245,252
xgb_03,2019,0.25,0.5,8,0.001401069211017962,-0.0024171664516431227,0.0,0.49603174603174605,-0.0022947713959576245,252
xgb_03,2019,0.5,0.1,8,0.001401069211017962,-0.002324418813709256,-0.01038961038961039,0.49206349206349204,-0.0022751255468987683,252
xgb_03,2019,0.5,0.25,8,0.001401069211017962,-0.0021646345028999425,-0.01038961038961039,0.49206349206349204,-0.002270251438685143,252
xgb_03,2019,0.5,0.5,8,0.001401069211017962,-0.0021646345028999425,-0.01038961038961039,0.49206349206349204,-0.002270251438685143,252
xgb_03,2019,0.75,0.1,8,0.001401069211017962,-0.002221353978284221,-0.005194805194805195,0.49206349206349204,-0.002383395153201627,252
xgb_03,2019,0.75,0.25,8,0.001401069211017962,-0.0021749717890448884,-0.005194805194805195,0.49206349206349204,-0.002396593171904054,252
xgb_03,2019,0.75,0.5,8,0.001401069211017962,-0.0021749717890448884,-0.005194805194805195,0.49206349206349204,-0.002396593171904054,252
xgb_03,2019,1.0,0.1,8,0.001401069211017962,-0.0022740115367952474,-0.006493506493506494,0.4880952380952381,-0.0023457103546719593,252
xgb_03,2019,1.0,0.25,8,0.001401069211017962,-0.001933875482373478,-0.006493506493506494,0.4880952380952381,-0.0023230658954782675,252
xgb_03,2019,1.0,0.5,8,0.001401069211017962,-0.001933875482373478,-0.006493506493506494,0.4880952380952381,-0.0023230658954782675,252
xgb_03,2020,0.05,0.1,77,-0.002575655504326612,0.035324125068072885,0.03529411764705882,0.5454545454545454,-0.006221289813445186,253
xgb_03,2020,0.05,0.25,77,-0.002575655504326612,0.0354815112730153,0.0411764705882353,0.549407114624506,-0.006221289813445186,253
xgb_03,2020,0.05,0.5,77,-0.002575655504326612,0.035591415869258215,0.0411764705882353,0.549407114624506,-0.006221289813445186,253
xgb_03,2020,0.1,0.1,77,-0.002575655504326612,0.035845771154534446,0.03529411764705882,0.5454545454545454,-0.00624239790069732,253
xgb_03,2020,0.1,0.25,77,-0.002575655504326612,0.036481190037045086,0.03529411764705882,0.549407114624506,-0.00530051825058801,253
xgb_03,2020,0.1,0.5,77,-0.002575655504326612,0.036772203065843466,0.03529411764705882,0.549407114624506,-0.00530051825058801,253
xgb_03,2020,0.25,0.1,77,-0.002575655504326612,0.035717199396333194,0.03090508562952616,0.549407114624506,-0.0058977552743919946,253
xgb_03,2020,0.25,0.25,77,-0.002575655504326612,0.03660102975385735,0.02982456140350877,0.5533596837944664,-0.004583250445056954,253
xgb_03,2020,0.25,0.5,77,-0.002575655504326612,0.036641183129453914,0.032352941176470584,0.5533596837944664,-0.004484776943778425,253
xgb_03,2020,0.5,0.1,77,-0.002575655504326612,0.036258668664436486,0.03090508562952616,0.5454545454545454,-0.004728786493476364,253
xgb_03,2020,0.5,0.25,77,-0.002575655504326612,0.037569364966982634,0.025974025974025972,0.5454545454545454,-0.0041874892862576165,253
xgb_03,2020,0.5,0.5,77,-0.002575655504326612,0.03766213768447031,0.025974025974025972,0.5454545454545454,-0.0041874892862576165,253
xgb_03,2020,0.75,0.1,77,-0.002575655504326612,0.03582615853344415,0.03090508562952616,0.541501976284585,-0.004322436848619267,253
xgb_03,2020,0.75,0.25,77,-0.002575655504326612,0.04007512411562662,0.03333333333333333,0.5652173913043478,-0.0034586912274972253,253
xgb_03,2020,0.75,0.5,77,-0.002575655504326612,0.040501773075287184,0.03333333333333333,0.5612648221343873,-0.003078822546414519,253
xgb_03,2020,1.0,0.1,77,-0.002575655504326612,0.0383520389481498,0.03506493506493507,0.5573122529644269,-0.0038946031071316633,253
xgb_03,2020,1.0,0.25,77,-0.002575655504326612,0.04373371919879861,0.042105263157894736,0.5573122529644269,-0.003158352802782827,253
xgb_03,2020,1.0,0.5,77,-0.002575655504326612,0.04446384715355212,0.042105263157894736,0.5573122529644269,-0.0027926014069267232,253
xgb_04,2018,0.05,0.1,54,-0.005374686057614655,0.03729182332238159,0.05714285714285714,0.5697211155378487,0.0018699918864687713,251
xgb_04,2018,0.05,0.25,54,-0.005374686057614655,0.03729182332238159,0.05714285714285714,0.5697211155378487,0.0018699918864687713,251
xgb_04,2018,0.05,0.5,54,-0.005374686057614655,0.03729182332238159,0.05714285714285714,0.5697211155378487,0.0018699918864687713,251
xgb_04,2018,0.1,0.1,54,-0.005374686057614655,0.03727630099610228,0.05714285714285714,0.5697211155378487,0.001853958599961216,251
xgb_04,2018,0.1,0.25,54,-0.005374686057614655,0.03727630099610228,0.05714285714285714,0.5697211155378487,0.001853958599961216,251
xgb_04,2018,0.1,0.5,54,-0.005374686057614655,0.03727630099610228,0.05714285714285714,0.5697211155378487,0.001853958599961216,251
xgb_04,2018,0.25,0.1,54,-0.005374686057614655,0.037172838989595204,0.05714285714285714,0.5697211155378487,0.0018895862473535152,251
xgb_04,2018,0.25,0.25,54,-0.005374686057614655,0.037017615726802226,0.05714285714285714,0.5697211155378487,0.00184954425216177,251
xgb_04,2018,0.25,0.5,54,-0.005374686057614655,0.037017615726802226,0.05714285714285714,0.5697211155378487,0.00184954425216177,251
xgb_04,2018,0.5,0.1,54,-0.005374686057614655,0.036370810113730945,0.05714285714285714,0.5697211155378487,0.0018127150556376842,251
xgb_04,2018,0.5,0.25,54,-0.005374686057614655,0.036370810113730945,0.05714285714285714,0.5697211155378487,0.0018127150556376842,251
xgb_04,2018,0.5,0.5,54,-0.005374686057614655,0.036370810113730945,0.05714285714285714,0.5697211155378487,0.0018127150556376842,251
xgb_04,2018,0.75,0.1,54,-0.005374686057614655,0.03594136076739437,0.05714285714285714,0.5657370517928287,0.0018171504080402513,251
xgb_04,2018,0.75,0.25,54,-0.005374686057614655,0.03580165983088068,0.05714285714285714,0.5657370517928287,0.0018171504080402513,251
xgb_04,2018,0.75,0.5,54,-0.005374686057614655,0.03580165983088068,0.05714285714285714,0.5657370517928287,0.0018171504080402513,251
xgb_04,2018,1.0,0.1,54,-0.005374686057614655,0.035739563802867406,0.05714285714285714,0.5697211155378487,0.0017338258138149334,251
xgb_04,2018,1.0,0.25,54,-0.005374686057614655,0.035646429845191625,0.05714285714285714,0.5697211155378487,0.0017338258138149334,251
xgb_04,2018,1.0,0.5,54,-0.005374686057614655,0.035646429845191625,0.05714285714285714,0.5697211155378487,0.0017338258138149334,251
xgb_04,2019,0.05,0.1,51,0.001401069211017962,-0.0022432719544715008,-0.0038961038961038965,0.49206349206349204,-0.002328246323814042,252
xgb_04,2019,0.05,0.25,51,0.001401069211017962,-0.0022432719544715008,-0.0038961038961038965,0.49206349206349204,-0.002328246323814042,252
xgb_04,2019,0.05,0.5,51,0.001401069211017962,-0.0022432719544715008,-0.0038961038961038965,0.49206349206349204,-0.002328246323814042,252
xgb_04,2019,0.1,0.1,51,0.001401069211017962,-0.0022432719544714995,-0.0038961038961038965,0.49206349206349204,-0.002328246323814042,252
xgb_04,2019,0.1,0.25,51,0.001401069211017962,-0.0022432719544714995,-0.0038961038961038965,0.49206349206349204,-0.002328246323814042,252
xgb_04,2019,0.1,0.5,51,0.001401069211017962,-0.0022432719544714995,-0.0038961038961038965,0.49206349206349204,-0.002328246323814042,252
xgb_04,2019,0.25,0.1,51,0.001401069211017962,-0.0024545685943395696,0.0,0.49603174603174605,-0.0023323148405000145,252
xgb_04,2019,0.25,0.25,51,0.001401069211017962,-0.0024545685943395696,0.0,0.49603174603174605,-0.0023323148405000145,252
xgb_04,2019,0.25,0.5,51,0.001401069211017962,-0.0024545685943395696,0.0,0.49603174603174605,-0.0023323148405000145,252
xgb_04,2019,0.5,0.1,51,0.001401069211017962,-0.0026504664444769728,-0.00974025974025974,0.49206349206349204,-0.002343397345656318,252
xgb_04,2019,0.5,0.25,51,0.001401069211017962,-0.0026504664444769728,-0.00974025974025974,0.49206349206349204,-0.002343397345656318,252
xgb_04,2019,0.5,0.5,51,0.001401069211017962,-0.0026504664444769728,-0.00974025974025974,0.49206349206349204,-0.002343397345656318,252
xgb_04,2019,0.75,0.1,51,0.001401069211017962,-0.0024340245982991593,-0.00974025974025974,0.49206349206349204,-0.0024162388616979493,252
xgb_04,2019,0.75,0.25,51,0.001401069211017962,-0.0024340245982991593,-0.00974025974025974,0.49206349206349204,-0.0024162388616979493,252
xgb_04,2019,0.75,0.5,51,0.001401069211017962,-0.0024340245982991593,-0.00974025974025974,0.49206349206349204,-0.0024162388616979493,252
xgb_04,2019,1.0,0.1,51,0.001401069211017962,-0.002325796141965088,-0.01038961038961039,0.4880952380952381,-0.002338425209163457,252
xgb_04,2019,1.0,0.25,51,0.001401069211017962,-0.002325796141965088,-0.01038961038961039,0.4880952380952381,-0.002338425209163457,252
xgb_04,2019,1.0,0.5,51,0.001401069211017962,-0.002325796141965088,-0.01038961038961039,0.4880952380952381,-0.002338425209163457,252
xgb_04,2020,0.05,0.1,528,-0.002575655504326612,0.036091969728264874,0.0411764705882353,0.5375494071146245,-0.005986444502414268,253
xgb_04,2020,0.05,0.25,528,-0.002575655504326612,0.03645734122459242,0.0411764705882353,0.541501976284585,-0.005986444502414268,253
xgb_04,2020,0.05,0.5,528,-0.002575655504326612,0.03645734122459242,0.0411764705882353,0.541501976284585,-0.005986444502414268,253
xgb_04,2020,0.1,0.1,528,-0.002575655504326612,0.036115839934100114,0.0411764705882353,0.5375494071146245,-0.005986444502414268,253
xgb_04,2020,0.1,0.25,528,-0.002575655504326612,0.0368105312741811,0.03529411764705882,0.541501976284585,-0.005503044628543402,253
xgb_04,2020,0.1,0.5,528,-0.002575655504326612,0.03689659856983245,0.03529411764705882,0.541501976284585,-0.005427743746972932,253
xgb_04,2020,0.25,0.1,528,-0.002575655504326612,0.036394492719155395,0.03529411764705882,0.5375494071146245,-0.005376035085830578,253
xgb_04,2020,0.25,0.25,528,-0.002575655504326612,0.03825340999345821,0.03508771929824562,0.549407114624506,-0.004139861653231058,253
xgb_04,2020,0.25,0.5,528,-0.002575655504326612,0.03824178479001715,0.03508771929824562,0.549407114624506,-0.004041388151952528,253
xgb_04,2020,0.5,0.1,528,-0.002575655504326612,0.03639290540334889,0.029870129870129873,0.541501976284585,-0.004628577079884373,253
xgb_04,2020,0.5,0.25,528,-0.002575655504326612,0.03847837449937329,0.03766233766233767,0.5454545454545454,-0.0034345304572079454,253
xgb_04,2020,0.5,0.5,528,-0.002575655504326612,0.038589323809407265,0.03766233766233767,0.5454545454545454,-0.0034345304572079454,253
xgb_04,2020,0.75,0.1,528,-0.002575655504326612,0.03588004929968498,0.02896007299415542,0.5454545454545454,-0.004059601821928024,253
xgb_04,2020,0.75,0.25,528,-0.002575655504326612,0.03912195625077574,0.03508771929824562,0.5533596837944664,-0.003128081086399257,253
xgb_04,2020,0.75,0.5,528,-0.002575655504326612,0.03903079018168532,0.03508771929824562,0.549407114624506,-0.003128081086399257,253
xgb_04,2020,1.0,0.1,528,-0.002575655504326612,0.03586610630912087,0.031578947368421054,0.5533596837944664,-0.00401365710754493,253
xgb_04,2020,1.0,0.25,528,-0.002575655504326612,0.041386701625446595,0.05087719298245614,0.5612648221343873,-0.002894836420473628,253
xgb_04,2020,1.0,0.5,528,-0.002575655504326612,0.04166693021365741,0.05087719298245614,0.5612648221343873,-0.002814969845777838,253
xgb_05,2018,0.05,0.1,0,-0.005374686057614655,0.03721564244880074,0.0669048427621642,0.5697211155378487,0.0018364486783369572,251
xgb_05,2018,0.05,0.25,0,-0.005374686057614655,0.03721564244880074,0.0669048427621642,0.5697211155378487,0.0018364486783369572,251
xgb_05,2018,0.05,0.5,0,-0.005374686057614655,0.03721564244880074,0.0669048427621642,0.5697211155378487,0.0018364486783369572,251
xgb_05,2018,0.1,0.1,0,-0.005374686057614655,0.03721564244880074,0.0669048427621642,0.5697211155378487,0.0018364486783369572,251
xgb_05,2018,0.1,0.25,0,-0.005374686057614655,0.03721564244880074,0.0669048427621642,0.5697211155378487,0.0018364486783369572,251
xgb_05,2018,0.1,0.5,0,-0.005374686057614655,0.03721564244880074,0.0669048427621642,0.5697211155378487,0.0018364486783369572,251
xgb_05,2018,0.25,0.1,0,-0.005374686057614655,0.03720529423128121,0.0669048427621642,0.5697211155378487,0.0018204153918294024,251
xgb_05,2018,0.25,0.25,0,-0.005374686057614655,0.03720529423128121,0.0669048427621642,0.5697211155378487,0.0018204153918294024,251
xgb_05,2018,0.25,0.5,0,-0.005374686057614655,0.03720529423128121,0.0669048427621642,0.5697211155378487,0.0018204153918294024,251
xgb_05,2018,0.5,0.1,0,-0.005374686057614655,0.03680166330007594,0.0669048427621642,0.5697211155378487,0.001689238710030546,251
xgb_05,2018,0.5,0.25,0,-0.005374686057614655,0.03680166330007594,0.0669048427621642,0.5697211155378487,0.001689238710030546,251
xgb_05,2018,0.5,0.5,0,-0.005374686057614655,0.03680166330007594,0.0669048427621642,0.5697211155378487,0.001689238710030546,251
xgb_05,2018,0.75,0.1,0,-0.005374686057614655,0.03691027922534844,0.0669048427621642,0.5697211155378487,0.0016271514324088109,251
xgb_05,2018,0.75,0.25,0,-0.005374686057614655,0.03691027922534844,0.0669048427621642,0.5697211155378487,0.0016271514324088109,251
xgb_05,2018,0.75,0.5,0,-0.005374686057614655,0.03691027922534844,0.0669048427621642,0.5697211155378487,0.0016271514324088109,251
xgb_05,2018,1.0,0.1,0,-0.005374686057614655,0.036925813310140145,0.0669048427621642,0.5697211155378487,0.0015809655736875204,251
xgb_05,2018,1.0,0.25,0,-0.005374686057614655,0.036925813310140145,0.0669048427621642,0.5697211155378487,0.0015809655736875204,251
xgb_05,2018,1.0,0.5,0,-0.005374686057614655,0.036925813310140145,0.0669048427621642,0.5697211155378487,0.0015809655736875204,251
xgb_05,2019,0.05,0.1,1,0.001401069211017962,-0.0032655827545816814,-0.0071428571428571435,0.49206349206349204,-0.002148894641268166,252
xgb_05,2019,0.05,0.25,1,0.001401069211017962,-0.0032655827545816814,-0.0071428571428571435,0.49206349206349204,-0.002148894641268166,252
xgb_05,2019,0.05,0.5,1,0.001401069211017962,-0.0032655827545816814,-0.0071428571428571435,0.49206349206349204,-0.002148894641268166,252
xgb_05,2019,0.1,0.1,1,0.001401069211017962,-0.0032449684482530883,-0.0071428571428571435,0.49206349206349204,-0.002148894641268166,252
xgb_05,2019,0.1,0.25,1,0.001401069211017962,-0.0032449684482530883,-0.0071428571428571435,0.49206349206349204,-0.002148894641268166,252
xgb_05,2019,0.1,0.5,1,0.001401069211017962,-0.0032449684482530883,-0.0071428571428571435,0.49206349206349204,-0.002148894641268166,252
xgb_05,2019,0.25,0.1,1,0.001401069211017962,-0.003110980479280681,-0.0071428571428571435,0.49206349206349204,-0.002148894641268166,252
xgb_05,2019,0.25,0.25,1,0.001401069211017962,-0.003110980479280681,-0.0071428571428571435,0.49206349206349204,-0.002148894641268166,252
xgb_05,2019,0.25,0.5,1,0.001401069211017962,-0.003110980479280681,-0.0071428571428571435,0.49206349206349204,-0.002148894641268166,252
xgb_05,2019,0.5,0.1,1,0.001401069211017962,-0.003131589730744124,-0.0032467532467532465,0.49603174603174605,-0.002175346522976124,252
xgb_05,2019,0.5,0.25,1,0.001401069211017962,-0.003131589730744124,-0.0032467532467532465,0.49603174603174605,-0.002175346522976124,252
xgb_05,2019,0.5,0.5,1,0.001401069211017962,-0.003131589730744124,-0.0032467532467532465,0.49603174603174605,-0.002175346522976124,252
xgb_05,2019,0.75,0.1,1,0.001401069211017962,-0.003131686825903989,-0.0032467532467532465,0.49603174603174605,-0.0021799629950794326,252
xgb_05,2019,0.75,0.25,1,0.001401069211017962,-0.003131686825903989,-0.0032467532467532465,0.49603174603174605,-0.0021799629950794326,252
xgb_05,2019,0.75,0.5,1,0.001401069211017962,-0.003131686825903989,-0.0032467532467532465,0.49603174603174605,-0.0021799629950794326,252
xgb_05,2019,1.0,0.1,1,0.001401069211017962,-0.0035029102526774637,-0.007468903518151958,0.49206349206349204,-0.0021831556846711665,252
xgb_05,2019,1.0,0.25,1,0.001401069211017962,-0.0035029102526774637,-0.007468903518151958,0.49206349206349204,-0.0021831556846711665,252
xgb_05,2019,1.0,0.5,1,0.001401069211017962,-0.0035029102526774637,-0.007468903518151958,0.49206349206349204,-0.0021831556846711665,252
xgb_05,2020,0.05,0.1,38,-0.002575655504326612,0.03600567449319967,0.03333333333333333,0.5454545454545454,-0.006326458268115761,253
xgb_05,2020,0.05,0.25,38,-0.002575655504326612,0.03637255590626288,0.03529411764705882,0.549407114624506,-0.006315418728928374,253
xgb_05,2020,0.05,0.5,38,-0.002575655504326612,0.03637255590626288,0.03529411764705882,0.549407114624506,-0.006315418728928374,253
xgb_05,2020,0.1,0.1,38,-0.002575655504326612,0.03628720624844011,0.03333333333333333,0.5454545454545454,-0.0063475663553678955,253
xgb_05,2020,0.1,0.25,38,-0.002575655504326612,0.037546612721908554,0.03529411764705882,0.549407114624506,-0.0055312785852991925,253
xgb_05,2020,0.1,0.5,38,-0.002575655504326612,0.03779013014135814,0.03529411764705882,0.549407114624506,-0.0055312785852991925,253
xgb_05,2020,0.25,0.1,38,-0.002575655504326612,0.035294005325687924,0.02982456140350877,0.541501976284585,-0.006039801137583901,253
xgb_05,2020,0.25,0.25,38,-0.002575655504326612,0.03609248624086055,0.02941176470588235,0.549407114624506,-0.004755222833969701,253
xgb_05,2020,0.25,0.5,38,-0.002575655504326612,0.0359574707201942,0.02941176470588235,0.549407114624506,-0.004755222833969701,253
xgb_05,2020,0.5,0.1,38,-0.002575655504326612,0.0344637302659648,0.02647058823529412,0.541501976284585,-0.005182040690378686,253
xgb_05,2020,0.5,0.25,38,-0.002575655504326612,0.03577930765702275,0.02647058823529412,0.541501976284585,-0.0031498558175417917,253
xgb_05,2020,0.5,0.5,38,-0.002575655504326612,0.035704457662937325,0.023529411764705882,0.5454545454545454,-0.0031498558175417917,253
xgb_05,2020,0.75,0.1,38,-0.002575655504326612,0.03484598654805175,0.02631578947368421,0.5375494071146245,-0.004074265350068156,253
xgb_05,2020,0.75,0.25,38,-0.002575655504326612,0.03927584120623684,0.023529411764705882,0.549407114624506,-0.003201514302856859,253
xgb_05,2020,0.75,0.5,38,-0.002575655504326612,0.03923260360747359,0.023529411764705882,0.549407114624506,-0.0028526113237362857,253
xgb_05,2020,1.0,0.1,38,-0.002575655504326612,0.035549648571091066,0.02647058823529412,0.5375494071146245,-0.003971608820667973,253
xgb_05,2020,1.0,0.25,38,-0.002575655504326612,0.03866084039758461,0.02647058823529412,0.5454545454545454,-0.002848668307068638,253
xgb_05,2020,1.0,0.5,38,-0.002575655504326612,0.03915317796086038,0.02647058823529412,0.5454545454545454,-0.002698865037696128,253
xgb_06,2018,0.05,0.1,7,-0.005374686057614655,0.03709835980752316,0.05714285714285714,0.5697211155378487,0.0017597142326819999,251
xgb_06,2018,0.05,0.25,7,-0.005374686057614655,0.03709835980752316,0.05714285714285714,0.5697211155378487,0.0017597142326819999,251
xgb_06,2018,0.05,0.5,7,-0.005374686057614655,0.03709835980752316,0.05714285714285714,0.5697211155378487,0.0017597142326819999,251
xgb_06,2018,0.1,0.1,7,-0.005374686057614655,0.03707766337248409,0.05714285714285714,0.5697211155378487,0.0017597142326819999,251
xgb_06,2018,0.1,0.25,7,-0.005374686057614655,0.03707766337248409,0.05714285714285714,0.5697211155378487,0.0017597142326819999,251
xgb_06,2018,0.1,0.5,7,-0.005374686057614655,0.03707766337248409,0.05714285714285714,0.5697211155378487,0.0017597142326819999,251
xgb_06,2018,0.25,0.1,7,-0.005374686057614655,0.03711388213380245,0.05714285714285714,0.5697211155378487,0.0017330529990439412,251
xgb_06,2018,0.25,0.25,7,-0.005374686057614655,0.03711388213380245,0.05714285714285714,0.5697211155378487,0.0017330529990439412,251
xgb_06,2018,0.25,0.5,7,-0.005374686057614655,0.03711388213380245,0.05714285714285714,0.5697211155378487,0.0017330529990439412,251
xgb_06,2018,0.5,0.1,7,-0.005374686057614655,0.03606871216432969,0.05714285714285714,0.5657370517928287,0.0016253839977985955,251
xgb_06,2018,0.5,0.25,7,-0.005374686057614655,0.035985926424173434,0.05714285714285714,0.5657370517928287,0.0015990490585675596,251
xgb_06,2018,0.5,0.5,7,-0.005374686057614655,0.035985926424173434,0.05714285714285714,0.5657370517928287,0.0015990490585675596,251
xgb_06,2018,0.75,0.1,7,-0.005374686057614655,0.03661199358410514,0.06103896103896104,0.5617529880478087,0.0015604628411510313,251
xgb_06,2018,0.75,0.25,7,-0.005374686057614655,0.03644124799503285,0.06103896103896104,0.5617529880478087,0.0015602030021847945,251
xgb_06,2018,0.75,0.5,7,-0.005374686057614655,0.03644124799503285,0.06103896103896104,0.5617529880478087,0.0015602030021847945,251
xgb_06,2018,1.0,0.1,7,-0.005374686057614655,0.0363895069074352,0.06103896103896104,0.5577689243027888,0.001603952081817672,251
xgb_06,2018,1.0,0.25,7,-0.005374686057614655,0.03607906038184923,0.06103896103896104,0.5577689243027888,0.001603952081817672,251
xgb_06,2018,1.0,0.5,7,-0.005374686057614655,0.03607906038184923,0.06103896103896104,0.5577689243027888,0.001603952081817672,251
xgb_06,2019,0.05,0.1,0,0.001401069211017962,-0.0036865238438165823,-0.0071428571428571435,0.4880952380952381,-0.00238103570972217,252
xgb_06,2019,0.05,0.25,0,0.001401069211017962,-0.0036865238438165823,-0.0071428571428571435,0.4880952380952381,-0.00238103570972217,252
xgb_06,2019,0.05,0.5,0,0.001401069211017962,-0.0036865238438165823,-0.0071428571428571435,0.4880952380952381,-0.00238103570972217,252
xgb_06,2019,0.1,0.1,0,0.001401069211017962,-0.0036865238438165823,-0.0071428571428571435,0.4880952380952381,-0.00238103570972217,252
xgb_06,2019,0.1,0.25,0,0.001401069211017962,-0.0036865238438165823,-0.0071428571428571435,0.4880952380952381,-0.00238103570972217,252
xgb_06,2019,0.1,0.5,0,0.001401069211017962,-0.0036865238438165823,-0.0071428571428571435,0.4880952380952381,-0.00238103570972217,252
xgb_06,2019,0.25,0.1,0,0.001401069211017962,-0.0036865238438165823,-0.0071428571428571435,0.4880952380952381,-0.00238103570972217,252
xgb_06,2019,0.25,0.25,0,0.001401069211017962,-0.0036865238438165823,-0.0071428571428571435,0.4880952380952381,-0.00238103570972217,252
xgb_06,2019,0.25,0.5,0,0.001401069211017962,-0.0036865238438165823,-0.0071428571428571435,0.4880952380952381,-0.00238103570972217,252
xgb_06,2019,0.5,0.1,0,0.001401069211017962,-0.003573145159009325,-0.0032467532467532465,0.49206349206349204,-0.00238103570972217,252
xgb_06,2019,0.5,0.25,0,0.001401069211017962,-0.003573145159009325,-0.0032467532467532465,0.49206349206349204,-0.00238103570972217,252
xgb_06,2019,0.5,0.5,0,0.001401069211017962,-0.003573145159009325,-0.0032467532467532465,0.49206349206349204,-0.00238103570972217,252
xgb_06,2019,0.75,0.1,0,0.001401069211017962,-0.0036813853337247554,-0.0032467532467532465,0.49206349206349204,-0.00238103570972217,252
xgb_06,2019,0.75,0.25,0,0.001401069211017962,-0.0036813853337247554,-0.0032467532467532465,0.49206349206349204,-0.00238103570972217,252
xgb_06,2019,0.75,0.5,0,0.001401069211017962,-0.0036813853337247554,-0.0032467532467532465,0.49206349206349204,-0.00238103570972217,252
xgb_06,2019,1.0,0.1,0,0.001401069211017962,-0.0038617203367924077,-0.007792207792207791,0.49206349206349204,-0.00238103570972217,252
xgb_06,2019,1.0,0.25,0,0.001401069211017962,-0.0038617203367924077,-0.007792207792207791,0.49206349206349204,-0.00238103570972217,252
xgb_06,2019,1.0,0.5,0,0.001401069211017962,-0.0038617203367924077,-0.007792207792207791,0.49206349206349204,-0.00238103570972217,252
xgb_06,2020,0.05,0.1,102,-0.002575655504326612,0.03502435463522633,0.03529411764705882,0.5454545454545454,-0.006373369566647015,253
xgb_06,2020,0.05,0.25,102,-0.002575655504326612,0.03540114421243657,0.044117647058823525,0.5454545454545454,-0.006373369566647015,253
xgb_06,2020,0.05,0.5,102,-0.002575655504326612,0.03540114421243657,0.044117647058823525,0.5454545454545454,-0.006373369566647015,253
xgb_06,2020,0.1,0.1,102,-0.002575655504326612,0.03509645791343834,0.03529411764705882,0.5454545454545454,-0.006373369566647015,253
xgb_06,2020,0.1,0.25,102,-0.002575655504326612,0.03543536823924494,0.03529411764705882,0.5454545454545454,-0.006042717132605966,253
xgb_06,2020,0.1,0.5,102,-0.002575655504326612,0.03552836986677342,0.03529411764705882,0.5454545454545454,-0.006042717132605966,253
xgb_06,2020,0.25,0.1,102,-0.002575655504326612,0.03483614500184482,0.03529411764705882,0.5375494071146245,-0.005845466690895796,253
xgb_06,2020,0.25,0.25,102,-0.002575655504326612,0.03625531325301269,0.03529411764705882,0.541501976284585,-0.0053907462447445416,253
xgb_06,2020,0.25,0.5,102,-0.002575655504326612,0.03625531325301269,0.03529411764705882,0.541501976284585,-0.0053907462447445416,253
xgb_06,2020,0.5,0.1,102,-0.002575655504326612,0.03399433353398556,0.02941176470588235,0.5454545454545454,-0.005127160655689973,253
xgb_06,2020,0.5,0.25,102,-0.002575655504326612,0.03660458717972882,0.032352941176470584,0.549407114624506,-0.004507509704200392,253
xgb_06,2020,0.5,0.5,102,-0.002575655504326612,0.03672247082163992,0.032352941176470584,0.549407114624506,-0.004507509704200392,253
xgb_06,2020,0.75,0.1,102,-0.002575655504326612,0.03570617963246045,0.02982456140350877,0.5454545454545454,-0.004851893092532703,253
xgb_06,2020,0.75,0.25,102,-0.002575655504326612,0.03811631258400064,0.032352941176470584,0.5533596837944664,-0.0042470711761089545,253
xgb_06,2020,0.75,0.5,102,-0.002575655504326612,0.03856153748069949,0.032352941176470584,0.5533596837944664,-0.004167204601413164,253
xgb_06,2020,1.0,0.1,102,-0.002575655504326612,0.03353009892256414,0.032352941176470584,0.5454545454545454,-0.004766317935843828,253
xgb_06,2020,1.0,0.25,102,-0.002575655504326612,0.037476113239705545,0.04166666666666667,0.5533596837944664,-0.003059830006373555,253
xgb_06,2020,1.0,0.5,102,-0.002575655504326612,0.03769393284102226,0.04166666666666667,0.5533596837944664,-0.0029799634316777643,253
xgb_07,2018,0.05,0.1,55,-0.005374686057614655,0.037305324157913794,0.05714285714285714,0.5697211155378487,0.0018073272629162,251
xgb_07,2018,0.05,0.25,55,-0.005374686057614655,0.037305324157913794,0.05714285714285714,0.5697211155378487,0.0018073272629162,251
xgb_07,2018,0.05,0.5,55,-0.005374686057614655,0.037305324157913794,0.05714285714285714,0.5697211155378487,0.0018073272629162,251
xgb_07,2018,0.1,0.1,55,-0.005374686057614655,0.037289801831634495,0.05714285714285714,0.5697211155378487,0.0017912939764086447,251
xgb_07,2018,0.1,0.25,55,-0.005374686057614655,0.037289801831634495,0.05714285714285714,0.5697211155378487,0.0017912939764086447,251
xgb_07,2018,0.1,0.5,55,-0.005374686057614655,0.037289801831634495,0.05714285714285714,0.5697211155378487,0.0017912939764086447,251
xgb_07,2018,0.25,0.1,55,-0.005374686057614655,0.037212190200238006,0.05714285714285714,0.5697211155378487,0.0018885414576195847,251
xgb_07,2018,0.25,0.25,55,-0.005374686057614655,0.03705696693744502,0.05714285714285714,0.5697211155378487,0.0018484994624278395,251
xgb_07,2018,0.25,0.5,55,-0.005374686057614655,0.03705696693744502,0.05714285714285714,0.5697211155378487,0.0018484994624278395,251
xgb_07,2018,0.5,0.1,55,-0.005374686057614655,0.03684482847829461,0.05714285714285714,0.5697211155378487,0.0017207561720933818,251
xgb_07,2018,0.5,0.25,55,-0.005374686057614655,0.03681895793449577,0.05714285714285714,0.5697211155378487,0.0017207561720933818,251
xgb_07,2018,0.5,0.5,55,-0.005374686057614655,0.03681895793449577,0.05714285714285714,0.5697211155378487,0.0017207561720933818,251
xgb_07,2018,0.75,0.1,55,-0.005374686057614655,0.035980752315413665,0.05714285714285714,0.5697211155378487,0.001701721705803163,251
xgb_07,2018,0.75,0.25,55,-0.005374686057614655,0.03590314068401718,0.05714285714285714,0.5697211155378487,0.001701721705803163,251
xgb_07,2018,0.75,0.5,55,-0.005374686057614655,0.03590314068401718,0.05714285714285714,0.5697211155378487,0.001701721705803163,251
xgb_07,2018,1.0,0.1,55,-0.005374686057614655,0.0357168727686656,0.05714285714285714,0.5657370517928287,0.0016792094572319835,251
xgb_07,2018,1.0,0.25,55,-0.005374686057614655,0.035328814611683135,0.05714285714285714,0.5657370517928287,0.0016589574996115281,251
xgb_07,2018,1.0,0.5,55,-0.005374686057614655,0.035328814611683135,0.05714285714285714,0.5657370517928287,0.0016589574996115281,251
xgb_07,2019,0.05,0.1,67,0.001401069211017962,-0.0023511455112557125,-0.0038961038961038965,0.49206349206349204,-0.002324948148364964,252
xgb_07,2019,0.05,0.25,67,0.001401069211017962,-0.0023511455112557125,-0.0038961038961038965,0.49206349206349204,-0.002324948148364964,252
xgb_07,2019,0.05,0.5,67,0.001401069211017962,-0.0023511455112557125,-0.0038961038961038965,0.49206349206349204,-0.002324948148364964,252
xgb_07,2019,0.1,0.1,67,0.001401069211017962,-0.0024748313492272637,-0.0038961038961038965,0.49206349206349204,-0.002324948148364964,252
xgb_07,2019,0.1,0.25,67,0.001401069211017962,-0.0024748313492272637,-0.0038961038961038965,0.49206349206349204,-0.002324948148364964,252
xgb_07,2019,0.1,0.5,67,0.001401069211017962,-0.0024748313492272637,-0.0038961038961038965,0.49206349206349204,-0.002324948148364964,252
xgb_07,2019,0.25,0.1,67,0.001401069211017962,-0.0025263855296480293,0.0,0.49603174603174605,-0.0023290166650509372,252
xgb_07,2019,0.25,0.25,67,0.001401069211017962,-0.0025263855296480293,0.0,0.49603174603174605,-0.0023290166650509372,252
xgb_07,2019,0.25,0.5,67,0.001401069211017962,-0.0025263855296480293,0.0,0.49603174603174605,-0.0023290166650509372,252
xgb_07,2019,0.5,0.1,67,0.001401069211017962,-0.002691346853802223,-0.00974025974025974,0.49206349206349204,-0.0023346816725541737,252
xgb_07,2019,0.5,0.25,67,0.001401069211017962,-0.0027068075835486676,-0.00974025974025974,0.49206349206349204,-0.002329807564340548,252
xgb_07,2019,0.5,0.5,67,0.001401069211017962,-0.0027068075835486676,-0.00974025974025974,0.49206349206349204,-0.002329807564340548,252
xgb_07,2019,0.75,0.1,67,0.001401069211017962,-0.00241821566522078,-0.01038961038961039,0.49206349206349204,-0.0024502450258708053,252
xgb_07,2019,0.75,0.25,67,0.001401069211017962,-0.0025985908455959605,-0.01038961038961039,0.49206349206349204,-0.0024502450258708053,252
xgb_07,2019,0.75,0.5,67,0.001401069211017962,-0.0025985908455959605,-0.01038961038961039,0.49206349206349204,-0.0024502450258708053,252
xgb_07,2019,1.0,0.1,67,0.001401069211017962,-0.0020832164468363524,-0.01038961038961039,0.4880952380952381,-0.0023649590297780813,252
xgb_07,2019,1.0,0.25,67,0.001401069211017962,-0.002175980825315017,-0.01038961038961039,0.4880952380952381,-0.0024123474553286737,252
xgb_07,2019,1.0,0.5,67,0.001401069211017962,-0.002175980825315017,-0.01038961038961039,0.4880952380952381,-0.0024123474553286737,252
xgb_07,2020,0.05,0.1,410,-0.002575655504326612,0.03599884692556881,0.03529411764705882,0.5454545454545454,-0.006301188203301018,253
xgb_07,2020,0.05,0.25,410,-0.002575655504326612,0.03597207307758098,0.044117647058823525,0.5454545454545454,-0.006353758697752472,253
xgb_07,2020,0.05,0.5,410,-0.002575655504326612,0.03597207307758098,0.044117647058823525,0.5454545454545454,-0.006353758697752472,253
xgb_07,2020,0.1,0.1,410,-0.002575655504326612,0.0358742382001451,0.03529411764705882,0.5454545454545454,-0.006301188203301018,253
xgb_07,2020,0.1,0.25,410,-0.002575655504326612,0.03620784565883013,0.044117647058823525,0.5454545454545454,-0.006001348116313593,253
xgb_07,2020,0.1,0.5,410,-0.002575655504326612,0.036300847286358615,0.044117647058823525,0.5454545454545454,-0.005926047234743121,253
xgb_07,2020,0.25,0.1,410,-0.002575655504326612,0.03614265166686972,0.03090508562952616,0.5454545454545454,-0.006329046480797705,253
xgb_07,2020,0.25,0.25,410,-0.002575655504326612,0.03817074629462202,0.03333333333333333,0.5533596837944664,-0.004916575346164961,253
xgb_07,2020,0.25,0.5,410,-0.002575655504326612,0.038182371498063084,0.03333333333333333,0.5533596837944664,-0.0048181018448864325,253
xgb_07,2020,0.5,0.1,410,-0.002575655504326612,0.036385526632932486,0.02982456140350877,0.5454545454545454,-0.005114840576292384,253
xgb_07,2020,0.5,0.25,410,-0.002575655504326612,0.037443967128618194,0.02982456140350877,0.5533596837944664,-0.004187701370392804,253
xgb_07,2020,0.5,0.5,410,-0.002575655504326612,0.037443967128618194,0.02982456140350877,0.5533596837944664,-0.004187701370392804,253
xgb_07,2020,0.75,0.1,410,-0.002575655504326612,0.03567396181909972,0.02857142857142857,0.5612648221343873,-0.0044624663084975695,253
xgb_07,2020,0.75,0.25,410,-0.002575655504326612,0.03966151772659439,0.03766233766233767,0.5652173913043478,-0.0033337301414952613,253
xgb_07,2020,0.75,0.5,410,-0.002575655504326612,0.03990462724416884,0.03766233766233767,0.5652173913043478,-0.00325386356679947,253
xgb_07,2020,1.0,0.1,410,-0.002575655504326612,0.0366186142269458,0.02857142857142857,0.5533596837944664,-0.004319101359329618,253
xgb_07,2020,1.0,0.25,410,-0.002575655504326612,0.041824568396112344,0.03766233766233767,0.5652173913043478,-0.0034351354983190776,253
xgb_07,2020,1.0,0.5,410,-0.002575655504326612,0.04202219685461036,0.03766233766233767,0.5652173913043478,-0.0034351354983190776,253
xgb_08,2018,0.05,0.1,57,-0.005374686057614655,0.03739845811558959,0.062337662337662345,0.5737051792828686,0.0018472839097950521,251
xgb_08,2018,0.05,0.25,57,-0.005374686057614655,0.03739845811558959,0.062337662337662345,0.5737051792828686,0.0018472839097950521,251
xgb_08,2018,0.05,0.5,57,-0.005374686057614655,0.03739845811558959,0.062337662337662345,0.5737051792828686,0.0018472839097950521,251
xgb_08,2018,0.1,0.1,57,-0.005374686057614655,0.03738293578931028,0.062337662337662345,0.5737051792828686,0.001831250623287497,251
xgb_08,2018,0.1,0.25,57,-0.005374686057614655,0.03738293578931028,0.062337662337662345,0.5737051792828686,0.001831250623287497,251
xgb_08,2018,0.1,0.5,57,-0.005374686057614655,0.03738293578931028,0.062337662337662345,0.5737051792828686,0.001831250623287497,251
xgb_08,2018,0.25,0.1,57,-0.005374686057614655,0.0370310963936462,0.062337662337662345,0.5737051792828686,0.0018268362754880509,251
xgb_08,2018,0.25,0.25,57,-0.005374686057614655,0.036963832979769226,0.062337662337662345,0.5737051792828686,0.0018268362754880509,251
xgb_08,2018,0.25,0.5,57,-0.005374686057614655,0.036963832979769226,0.062337662337662345,0.5737051792828686,0.0018268362754880509,251
xgb_08,2018,0.5,0.1,57,-0.005374686057614655,0.03624463186216174,0.062337662337662345,0.5697211155378487,0.0017822023356008825,251
xgb_08,2018,0.5,0.25,57,-0.005374686057614655,0.03618254255704454,0.062337662337662345,0.5697211155378487,0.0017558673963698468,251
xgb_08,2018,0.5,0.5,57,-0.005374686057614655,0.03618254255704454,0.062337662337662345,0.5697211155378487,0.0017558673963698468,251
xgb_08,2018,0.75,0.1,57,-0.005374686057614655,0.036053189838050385,0.05714285714285714,0.5697211155378487,0.001755460979512189,251
xgb_08,2018,0.75,0.25,57,-0.005374686057614655,0.0359134889015367,0.05714285714285714,0.5697211155378487,0.001755460979512189,251
xgb_08,2018,0.75,0.5,57,-0.005374686057614655,0.0359134889015367,0.05714285714285714,0.5697211155378487,0.001755460979512189,251
xgb_08,2018,1.0,0.1,57,-0.005374686057614655,0.035416774460599154,0.06103896103896104,0.5657370517928287,0.00169726879279261,251
xgb_08,2018,1.0,0.25,57,-0.005374686057614655,0.03522533243648781,0.06103896103896104,0.5657370517928287,0.0016958772659614672,251
xgb_08,2018,1.0,0.5,57,-0.005374686057614655,0.03522533243648781,0.06103896103896104,0.5657370517928287,0.0016958772659614672,251
xgb_08,2019,0.05,0.1,90,0.001401069211017962,-0.002318702754821677,-0.0025974025974025974,0.49206349206349204,-0.002210545525580578,252
xgb_08,2019,0.05,0.25,90,0.001401069211017962,-0.002318702754821677,-0.0025974025974025974,0.49206349206349204,-0.002210545525580578,252
xgb_08,2019,0.05,0.5,90,0.001401069211017962,-0.002318702754821677,-0.0025974025974025974,0.49206349206349204,-0.002210545525580578,252
xgb_08,2019,0.1,0.1,90,0.001401069211017962,-0.002225938376343012,0.0,0.49603174603174605,-0.002210545525580578,252
xgb_08,2019,0.1,0.25,90,0.001401069211017962,-0.002225938376343012,0.0,0.49603174603174605,-0.002210545525580578,252
xgb_08,2019,0.1,0.5,90,0.001401069211017962,-0.002225938376343012,0.0,0.49603174603174605,-0.002210545525580578,252
xgb_08,2019,0.25,0.1,90,0.001401069211017962,-0.002267172011163638,-0.0012987012987012987,0.49603174603174605,-0.002214614042266551,252
xgb_08,2019,0.25,0.25,90,0.001401069211017962,-0.0022362505516707503,-0.0012987012987012987,0.49603174603174605,-0.002214614042266551,252
xgb_08,2019,0.25,0.5,90,0.001401069211017962,-0.0022362505516707503,-0.0012987012987012987,0.49603174603174605,-0.002214614042266551,252
xgb_08,2019,0.5,0.1,90,0.001401069211017962,-0.0026073264801846976,-0.00974025974025974,0.4880952380952381,-0.0023308419618054427,252
xgb_08,2019,0.5,0.25,90,0.001401069211017962,-0.002638237895350702,-0.00974025974025974,0.4880952380952381,-0.0023308419618054427,252
xgb_08,2019,0.5,0.5,90,0.001401069211017962,-0.002638237895350702,-0.00974025974025974,0.4880952380952381,-0.0023308419618054427,252
xgb_08,2019,0.75,0.1,90,0.001401069211017962,-0.0024125688373361283,-0.005844155844155844,0.4880952380952381,-0.0022900011464877966,252
xgb_08,2019,0.75,0.25,90,0.001401069211017962,-0.002634172630368492,-0.005844155844155844,0.4880952380952381,-0.0022558107396396317,252
xgb_08,2019,0.75,0.5,90,0.001401069211017962,-0.002634172630368492,-0.005844155844155844,0.4880952380952381,-0.0022558107396396317,252
xgb_08,2019,1.0,0.1,90,0.001401069211017962,-0.002458930937921692,-0.006493506493506494,0.4880952380952381,-0.002117806211481439,252
xgb_08,2019,1.0,0.25,90,0.001401069211017962,-0.00259292392905754,-0.006493506493506494,0.4880952380952381,-0.002143872664090986,252
xgb_08,2019,1.0,0.5,90,0.001401069211017962,-0.00259292392905754,-0.006493506493506494,0.4880952380952381,-0.002143872664090986,252
xgb_08,2020,0.05,0.1,475,-0.002575655504326612,0.03546031088314857,0.03529411764705882,0.5454545454545454,-0.006132077447960679,253
xgb_08,2020,0.05,0.25,475,-0.002575655504326612,0.03572482362084534,0.042105263157894736,0.549407114624506,-0.006132077447960679,253
xgb_08,2020,0.05,0.5,475,-0.002575655504326612,0.03572482362084534,0.042105263157894736,0.549407114624506,-0.006132077447960679,253
xgb_08,2020,0.1,0.1,475,-0.002575655504326612,0.0354533818486984,0.03529411764705882,0.5454545454545454,-0.006132077447960679,253
xgb_08,2020,0.1,0.25,475,-0.002575655504326612,0.035790293196159645,0.03529411764705882,0.549407114624506,-0.0057796668665218,253
xgb_08,2020,0.1,0.5,475,-0.002575655504326612,0.035790293196159645,0.03529411764705882,0.549407114624506,-0.0057796668665218,253
xgb_08,2020,0.25,0.1,475,-0.002575655504326612,0.03576557317880377,0.03529411764705882,0.5454545454545454,-0.005553607867355997,253
xgb_08,2020,0.25,0.25,475,-0.002575655504326612,0.03753417303907398,0.03529411764705882,0.549407114624506,-0.004466516654174248,253
xgb_08,2020,0.25,0.5,475,-0.002575655504326612,0.037545798242515034,0.03529411764705882,0.549407114624506,-0.004368043152895717,253
xgb_08,2020,0.5,0.1,475,-0.002575655504326612,0.03608695268000212,0.03090508562952616,0.5533596837944664,-0.004574556805244675,253
xgb_08,2020,0.5,0.25,475,-0.002575655504326612,0.03708341497992619,0.029870129870129873,0.5533596837944664,-0.003700735527432872,253
xgb_08,2020,0.5,0.5,475,-0.002575655504326612,0.03708341497992619,0.029870129870129873,0.5533596837944664,-0.003700735527432872,253
xgb_08,2020,0.75,0.1,475,-0.002575655504326612,0.0355598287230089,0.03090508562952616,0.5533596837944664,-0.00443284534187448,253
xgb_08,2020,0.75,0.25,475,-0.002575655504326612,0.037677276406335745,0.03684210526315789,0.5612648221343873,-0.0033632965545844977,253
xgb_08,2020,0.75,0.5,475,-0.002575655504326612,0.03772377722009999,0.03684210526315789,0.5612648221343873,-0.0033632965545844977,253
xgb_08,2020,1.0,0.1,475,-0.002575655504326612,0.035741389615412074,0.02857142857142857,0.5533596837944664,-0.004400964635204547,253
xgb_08,2020,1.0,0.25,475,-0.002575655504326612,0.038386342300976595,0.03508771929824562,0.5612648221343873,-0.0038731310362209283,253
xgb_08,2020,1.0,0.5,475,-0.002575655504326612,0.038386342300976595,0.03508771929824562,0.5612648221343873,-0.0038731310362209283,253
xgb_09,2018,0.05,0.1,0,-0.005374686057614655,0.03739897178482816,0.05714285714285714,0.5697211155378487,0.0019540688523365757,251
xgb_09,2018,0.05,0.25,0,-0.005374686057614655,0.03739897178482816,0.05714285714285714,0.5697211155378487,0.0019540688523365757,251
xgb_09,2018,0.05,0.5,0,-0.005374686057614655,0.03739897178482816,0.05714285714285714,0.5697211155378487,0.0019540688523365757,251
xgb_09,2018,0.1,0.1,0,-0.005374686057614655,0.03737827534978909,0.05714285714285714,0.5697211155378487,0.0019540688523365757,251
xgb_09,2018,0.1,0.25,0,-0.005374686057614655,0.03737827534978909,0.05714285714285714,0.5697211155378487,0.0019540688523365757,251
xgb_09,2018,0.1,0.5,0,-0.005374686057614655,0.03737827534978909,0.05714285714285714,0.5697211155378487,0.0019540688523365757,251
xgb_09,2018,0.25,0.1,0,-0.005374686057614655,0.037197181543197275,0.05714285714285714,0.5697211155378487,0.0019380355658290209,251
xgb_09,2018,0.25,0.25,0,-0.005374686057614655,0.037197181543197275,0.05714285714285714,0.5697211155378487,0.0019380355658290209,251
xgb_09,2018,0.25,0.5,0,-0.005374686057614655,0.037197181543197275,0.05714285714285714,0.5697211155378487,0.0019380355658290209,251
xgb_09,2018,0.5,0.1,0,-0.005374686057614655,0.03718678786737515,0.05714285714285714,0.5657370517928287,0.001946464913833736,251
xgb_09,2018,0.5,0.25,0,-0.005374686057614655,0.03718678786737515,0.05714285714285714,0.5657370517928287,0.001946464913833736,251
xgb_09,2018,0.5,0.5,0,-0.005374686057614655,0.03718678786737515,0.05714285714285714,0.5657370517928287,0.001946464913833736,251
xgb_09,2018,0.75,0.1,0,-0.005374686057614655,0.03675215264721068,0.062337662337662345,0.5657370517928287,0.0019064229186419909,251
xgb_09,2018,0.75,0.25,0,-0.005374686057614655,0.03675215264721068,0.062337662337662345,0.5657370517928287,0.0019064229186419909,251
xgb_09,2018,0.75,0.5,0,-0.005374686057614655,0.03675215264721068,0.062337662337662345,0.5657370517928287,0.0019064229186419909,251
xgb_09,2018,1.0,0.1,0,-0.005374686057614655,0.03660211021607354,0.06103896103896104,0.5617529880478087,0.0018854685167066097,251
xgb_09,2018,1.0,0.25,0,-0.005374686057614655,0.03660211021607354,0.06103896103896104,0.5617529880478087,0.0018854685167066097,251
xgb_09,2018,1.0,0.5,0,-0.005374686057614655,0.03660211021607354,0.06103896103896104,0.5617529880478087,0.0018854685167066097,251
xgb_09,2019,0.05,0.1,2,0.001401069211017962,-0.0032267898171297895,-0.0032467532467532465,0.49206349206349204,-0.002313918723144751,252
xgb_09,2019,0.05,0.25,2,0.001401069211017962,-0.0032267898171297895,-0.0032467532467532465,0.49206349206349204,-0.002313918723144751,252
xgb_09,2019,0.05,0.5,2,0.001401069211017962,-0.0032267898171297895,-0.0032467532467532465,0.49206349206349204,-0.002313918723144751,252
xgb_09,2019,0.1,0.1,2,0.001401069211017962,-0.003221636240547642,-0.0032467532467532465,0.49206349206349204,-0.002313918723144751,252
xgb_09,2019,0.1,0.25,2,0.001401069211017962,-0.003221636240547642,-0.0032467532467532465,0.49206349206349204,-0.002313918723144751,252
xgb_09,2019,0.1,0.5,2,0.001401069211017962,-0.003221636240547642,-0.0032467532467532465,0.49206349206349204,-0.002313918723144751,252
xgb_09,2019,0.25,0.1,2,0.001401069211017962,-0.003258004280203667,-0.007792207792207791,0.49206349206349204,-0.0023621708771231972,252
xgb_09,2019,0.25,0.25,2,0.001401069211017962,-0.003258004280203667,-0.007792207792207791,0.49206349206349204,-0.0023621708771231972,252
xgb_09,2019,0.25,0.5,2,0.001401069211017962,-0.003258004280203667,-0.007792207792207791,0.49206349206349204,-0.0023621708771231972,252
xgb_09,2019,0.5,0.1,2,0.001401069211017962,-0.003702295155704894,-0.0032467532467532465,0.49603174603174605,-0.0024099385520429195,252
xgb_09,2019,0.5,0.25,2,0.001401069211017962,-0.003702295155704894,-0.0032467532467532465,0.49603174603174605,-0.0024099385520429195,252
xgb_09,2019,0.5,0.5,2,0.001401069211017962,-0.003702295155704894,-0.0032467532467532465,0.49603174603174605,-0.0024099385520429195,252
xgb_09,2019,0.75,0.1,2,0.001401069211017962,-0.004475396931151836,0.00032478079010759317,0.5,-0.002390683474338948,252
xgb_09,2019,0.75,0.25,2,0.001401069211017962,-0.004470243354569688,0.00032478079010759317,0.5,-0.002390683474338948,252
xgb_09,2019,0.75,0.5,2,0.001401069211017962,-0.004470243354569688,0.00032478079010759317,0.5,-0.002390683474338948,252
xgb_09,2019,1.0,0.1,2,0.001401069211017962,-0.004563099806044776,0.0012987012987012987,0.5,-0.002464286611166074,252
xgb_09,2019,1.0,0.25,2,0.001401069211017962,-0.004503426814040957,0.0012987012987012987,0.5,-0.002464286611166074,252
xgb_09,2019,1.0,0.5,2,0.001401069211017962,-0.004503426814040957,0.0012987012987012987,0.5,-0.002464286611166074,252
xgb_09,2020,0.05,0.1,42,-0.002575655504326612,0.03443796882938751,0.02982456140350877,0.5375494071146245,-0.006652648928811594,253
xgb_09,2020,0.05,0.25,42,-0.002575655504326612,0.034598505892513405,0.02982456140350877,0.541501976284585,-0.006676336922074354,253
xgb_09,2020,0.05,0.5,42,-0.002575655504326612,0.03464969757784158,0.02982456140350877,0.541501976284585,-0.006676336922074354,253
xgb_09,2020,0.1,0.1,42,-0.002575655504326612,0.03493324381590687,0.02982456140350877,0.5375494071146245,-0.006789023512179419,253
xgb_09,2020,0.1,0.25,42,-0.002575655504326612,0.03499219212241888,0.02982456140350877,0.541501976284585,-0.006259259299580151,253
xgb_09,2020,0.1,0.5,42,-0.002575655504326612,0.035003613374922374,0.02982456140350877,0.541501976284585,-0.006259259299580151,253
xgb_09,2020,0.25,0.1,42,-0.002575655504326612,0.034388652538350474,0.02941176470588235,0.5375494071146245,-0.005679641156388735,253
xgb_09,2020,0.25,0.25,42,-0.002575655504326612,0.03579736923420767,0.02982456140350877,0.5375494071146245,-0.0048630442791799565,253
xgb_09,2020,0.25,0.5,42,-0.002575655504326612,0.03594095069425164,0.02982456140350877,0.5375494071146245,-0.0048630442791799565,253
xgb_09,2020,0.5,0.1,42,-0.002575655504326612,0.03378349268935829,0.04285714285714286,0.549407114624506,-0.005108609476169798,253
xgb_09,2020,0.5,0.25,42,-0.002575655504326612,0.034777200022736564,0.03529411764705882,0.541501976284585,-0.005031353179218643,253
xgb_09,2020,0.5,0.5,42,-0.002575655504326612,0.03520774045193091,0.03529411764705882,0.5454545454545454,-0.004950952849767237,253
xgb_09,2020,0.75,0.1,42,-0.002575655504326612,0.03355214438530178,0.042678451583631365,0.5533596837944664,-0.005338353998950227,253
xgb_09,2020,0.75,0.25,42,-0.002575655504326612,0.035723900544199376,0.044117647058823525,0.5612648221343873,-0.004371849321007362,253
xgb_09,2020,0.75,0.5,42,-0.002575655504326612,0.03567138052906357,0.044117647058823525,0.5573122529644269,-0.004212563600944994,253
xgb_09,2020,1.0,0.1,42,-0.002575655504326612,0.033444481585744534,0.03529411764705882,0.5573122529644269,-0.004826736797746517,253
xgb_09,2020,1.0,0.25,42,-0.002575655504326612,0.0353762926582589,0.04035087719298246,0.5731225296442688,-0.0031951721605918905,253
xgb_09,2020,1.0,0.5,42,-0.002575655504326612,0.03564094945995116,0.04656862745098039,0.5731225296442688,-0.003102514713667587,253
xgb_10,2018,0.05,0.1,16,-0.005374686057614655,0.03746277059833629,0.05714285714285714,0.5697211155378487,0.0019287004233309224,251
xgb_10,2018,0.05,0.25,16,-0.005374686057614655,0.03746277059833629,0.05714285714285714,0.5697211155378487,0.0019287004233309224,251
xgb_10,2018,0.05,0.5,16,-0.005374686057614655,0.03746277059833629,0.05714285714285714,0.5697211155378487,0.0019287004233309224,251
xgb_10,2018,0.1,0.1,16,-0.005374686057614655,0.03746277059833629,0.05714285714285714,0.5697211155378487,0.0019287004233309224,251
xgb_10,2018,0.1,0.25,16,-0.005374686057614655,0.03746277059833629,0.05714285714285714,0.5697211155378487,0.0019287004233309224,251
xgb_10,2018,0.1,0.5,16,-0.005374686057614655,0.03746277059833629,0.05714285714285714,0.5697211155378487,0.0019287004233309224,251
xgb_10,2018,0.25,0.1,16,-0.005374686057614655,0.03709540887639289,0.05714285714285714,0.5697211155378487,0.0019126671368233676,251
xgb_10,2018,0.25,0.25,16,-0.005374686057614655,0.03709540887639289,0.05714285714285714,0.5697211155378487,0.0019126671368233676,251
xgb_10,2018,0.25,0.5,16,-0.005374686057614655,0.03709540887639289,0.05714285714285714,0.5697211155378487,0.0019126671368233676,251
xgb_10,2018,0.5,0.1,16,-0.005374686057614655,0.03659869443545534,0.05714285714285714,0.5697211155378487,0.0019082527890239215,251
xgb_10,2018,0.5,0.25,16,-0.005374686057614655,0.03659869443545534,0.05714285714285714,0.5697211155378487,0.0019082527890239215,251
xgb_10,2018,0.5,0.5,16,-0.005374686057614655,0.03659869443545534,0.05714285714285714,0.5697211155378487,0.0019082527890239215,251
xgb_10,2018,0.75,0.1,16,-0.005374686057614655,0.03597262727552364,0.05714285714285714,0.5617529880478087,0.0017748327144118518,251
xgb_10,2018,0.75,0.25,16,-0.005374686057614655,0.035848448665289245,0.05714285714285714,0.5617529880478087,0.0017748327144118518,251
xgb_10,2018,0.75,0.5,16,-0.005374686057614655,0.035848448665289245,0.05714285714285714,0.5617529880478087,0.0017748327144118518,251
xgb_10,2018,1.0,0.1,16,-0.005374686057614655,0.036045064798160366,0.05714285714285714,0.5657370517928287,0.0018074500764018555,251
xgb_10,2018,1.0,0.25,16,-0.005374686057614655,0.036045064798160366,0.05714285714285714,0.5657370517928287,0.0018074500764018555,251
xgb_10,2018,1.0,0.5,16,-0.005374686057614655,0.036045064798160366,0.05714285714285714,0.5657370517928287,0.0018074500764018555,251
xgb_10,2019,0.05,0.1,27,0.001401069211017962,-0.002486984984483502,-0.0019480519480519483,0.49206349206349204,-0.002313763180629382,252
xgb_10,2019,0.05,0.25,27,0.001401069211017962,-0.002486984984483502,-0.0019480519480519483,0.49206349206349204,-0.002313763180629382,252
xgb_10,2019,0.05,0.5,27,0.001401069211017962,-0.002486984984483502,-0.0019480519480519483,0.49206349206349204,-0.002313763180629382,252
xgb_10,2019,0.1,0.1,27,0.001401069211017962,-0.0023632991465119503,0.0,0.49603174603174605,-0.002313763180629382,252
xgb_10,2019,0.1,0.25,27,0.001401069211017962,-0.0023632991465119503,0.0,0.49603174603174605,-0.002313763180629382,252
xgb_10,2019,0.1,0.5,27,0.001401069211017962,-0.0023632991465119503,0.0,0.49603174603174605,-0.002313763180629382,252
xgb_10,2019,0.25,0.1,27,0.001401069211017962,-0.002414834912333432,0.0,0.49603174603174605,-0.0023052363958289517,252
xgb_10,2019,0.25,0.25,27,0.001401069211017962,-0.002414834912333432,0.0,0.49603174603174605,-0.0023052363958289517,252
xgb_10,2019,0.25,0.5,27,0.001401069211017962,-0.002414834912333432,0.0,0.49603174603174605,-0.0023052363958289517,252
xgb_10,2019,0.5,0.1,27,0.001401069211017962,-0.0019561665965222635,-0.00974025974025974,0.49206349206349204,-0.0022812370643964944,252
xgb_10,2019,0.5,0.25,27,0.001401069211017962,-0.0019561665965222635,-0.00974025974025974,0.49206349206349204,-0.0022812370643964944,252
xgb_10,2019,0.5,0.5,27,0.001401069211017962,-0.0019561665965222635,-0.00974025974025974,0.49206349206349204,-0.0022812370643964944,252
xgb_10,2019,0.75,0.1,27,0.001401069211017962,-0.00226131257835997,-0.01038961038961039,0.4880952380952381,-0.002375934976453174,252
xgb_10,2019,0.75,0.25,27,0.001401069211017962,-0.00226131257835997,-0.01038961038961039,0.4880952380952381,-0.002375934976453174,252
xgb_10,2019,0.75,0.5,27,0.001401069211017962,-0.00226131257835997,-0.01038961038961039,0.4880952380952381,-0.002375934976453174,252
xgb_10,2019,1.0,0.1,27,0.001401069211017962,-0.0022149303891206345,-0.006493506493506494,0.49206349206349204,-0.0023116877179310494,252
xgb_10,2019,1.0,0.25,27,0.001401069211017962,-0.0022870804612707073,-0.006493506493506494,0.49206349206349204,-0.0023116877179310494,252
xgb_10,2019,1.0,0.5,27,0.001401069211017962,-0.0022870804612707073,-0.006493506493506494,0.49206349206349204,-0.0023116877179310494,252
xgb_10,2020,0.05,0.1,277,-0.002575655504326612,0.035523017755279086,0.0411764705882353,0.5375494071146245,-0.006267340574035082,253
xgb_10,2020,0.05,0.25,277,-0.002575655504326612,0.03589225674573023,0.0411764705882353,0.541501976284585,-0.006267340574035082,253
xgb_10,2020,0.05,0.5,277,-0.002575655504326612,0.03589225674573023,0.0411764705882353,0.541501976284585,-0.006267340574035082,253
xgb_10,2020,0.1,0.1,277,-0.002575655504326612,0.035807325362241155,0.0411764705882353,0.5375494071146245,-0.006267340574035082,253
xgb_10,2020,0.1,0.25,277,-0.002575655504326612,0.036257268003557115,0.03529411764705882,0.541501976284585,-0.0055882954960530685,253
xgb_10,2020,0.1,0.5,277,-0.002575655504326612,0.036586852718658046,0.03529411764705882,0.541501976284585,-0.0055882954960530685,253
xgb_10,2020,0.25,0.1,277,-0.002575655504326612,0.03537829469972746,0.044117647058823525,0.5375494071146245,-0.006044784270487331,253
xgb_10,2020,0.25,0.25,277,-0.002575655504326612,0.03720473665192764,0.02982456140350877,0.549407114624506,-0.004493831103189584,253
xgb_10,2020,0.25,0.5,277,-0.002575655504326612,0.03718148624504552,0.032352941176470584,0.549407114624506,-0.004395357601911053,253
xgb_10,2020,0.5,0.1,277,-0.002575655504326612,0.03622978743128849,0.029870129870129873,0.5454545454545454,-0.0047482217972046395,253
xgb_10,2020,0.5,0.25,277,-0.002575655504326612,0.038324036613908,0.03766233766233767,0.5454545454545454,-0.004034696216171168,253
xgb_10,2020,0.5,0.5,277,-0.002575655504326612,0.03841785404518673,0.03766233766233767,0.541501976284585,-0.004034696216171168,253
xgb_10,2020,0.75,0.1,277,-0.002575655504326612,0.035952099568271396,0.02857142857142857,0.5454545454545454,-0.004405177601919506,253
xgb_10,2020,0.75,0.25,277,-0.002575655504326612,0.04036232758133417,0.03766233766233767,0.5612648221343873,-0.0032837929241003425,253
xgb_10,2020,0.75,0.5,277,-0.002575655504326612,0.04046899392167934,0.03766233766233767,0.5573122529644269,-0.003203926349404552,253
xgb_10,2020,1.0,0.1,277,-0.002575655504326612,0.03548176782364515,0.03896103896103896,0.549407114624506,-0.0043427580655371,253
xgb_10,2020,1.0,0.25,277,-0.002575655504326612,0.04059092347342326,0.05294117647058824,0.5573122529644269,-0.002918852167153027,253
xgb_10,2020,1.0,0.5,277,-0.002575655504326612,0.04100983869917656,0.05294117647058824,0.5573122529644269,-0.002487792744001467,253
xgb_11,2018,0.05,0.1,6,-0.005374686057614655,0.037067553837463935,0.0669048427621642,0.5697211155378487,0.001760669366269274,251
xgb_11,2018,0.05,0.25,6,-0.005374686057614655,0.037067553837463935,0.0669048427621642,0.5697211155378487,0.001760669366269274,251
xgb_11,2018,0.05,0.5,6,-0.005374686057614655,0.037067553837463935,0.0669048427621642,0.5697211155378487,0.001760669366269274,251
xgb_11,2018,0.1,0.1,6,-0.005374686057614655,0.037046857402424874,0.0669048427621642,0.5697211155378487,0.001760669366269274,251
xgb_11,2018,0.1,0.25,6,-0.005374686057614655,0.037046857402424874,0.0669048427621642,0.5697211155378487,0.001760669366269274,251
xgb_11,2018,0.1,0.5,6,-0.005374686057614655,0.037046857402424874,0.0669048427621642,0.5697211155378487,0.001760669366269274,251
xgb_11,2018,0.25,0.1,6,-0.005374686057614655,0.03650359615133768,0.06623376623376624,0.5697211155378487,0.001801841565780914,251
xgb_11,2018,0.25,0.25,6,-0.005374686057614655,0.0365294666951365,0.06623376623376624,0.5697211155378487,0.001801841565780914,251
xgb_11,2018,0.25,0.5,6,-0.005374686057614655,0.0365294666951365,0.06623376623376624,0.5697211155378487,0.001801841565780914,251
xgb_11,2018,0.5,0.1,6,-0.005374686057614655,0.03600174625829282,0.06493506493506493,0.5697211155378487,0.0016716592173377219,251
xgb_11,2018,0.5,0.25,6,-0.005374686057614655,0.03622940704372254,0.06493506493506493,0.5697211155378487,0.0016716592173377219,251
xgb_11,2018,0.5,0.5,6,-0.005374686057614655,0.03622940704372254,0.06493506493506493,0.5697211155378487,0.0016716592173377219,251
xgb_11,2018,0.75,0.1,6,-0.005374686057614655,0.03618798223988803,0.06493506493506493,0.5617529880478087,0.001549864979835249,251
xgb_11,2018,0.75,0.25,6,-0.005374686057614655,0.03636907604647984,0.06493506493506493,0.5617529880478087,0.001549864979835249,251
xgb_11,2018,0.75,0.5,6,-0.005374686057614655,0.03636907604647984,0.06493506493506493,0.5617529880478087,0.001549864979835249,251
xgb_11,2018,1.0,0.1,6,-0.005374686057614655,0.035830970416188185,0.06493506493506493,0.5577689243027888,0.0015502267933078953,251
xgb_11,2018,1.0,0.25,6,-0.005374686057614655,0.036187983920612045,0.06493506493506493,0.5577689243027888,0.0015502267933078953,251
xgb_11,2018,1.0,0.5,6,-0.005374686057614655,0.036187983920612045,0.06493506493506493,0.5577689243027888,0.0015502267933078953,251
xgb_11,2019,0.05,0.1,2,0.001401069211017962,-0.0033122566985901267,-0.0038961038961038965,0.49206349206349204,-0.0023561155726865876,252
xgb_11,2019,0.05,0.25,2,0.001401069211017962,-0.0033122566985901267,-0.0038961038961038965,0.49206349206349204,-0.0023561155726865876,252
xgb_11,2019,0.05,0.5,2,0.001401069211017962,-0.0033122566985901267,-0.0038961038961038965,0.49206349206349204,-0.0023561155726865876,252
xgb_11,2019,0.1,0.1,2,0.001401069211017962,-0.0033019495454258306,-0.0038961038961038965,0.49206349206349204,-0.0023561155726865876,252
xgb_11,2019,0.1,0.25,2,0.001401069211017962,-0.0033019495454258306,-0.0038961038961038965,0.49206349206349204,-0.0023561155726865876,252
xgb_11,2019,0.1,0.5,2,0.001401069211017962,-0.0033019495454258306,-0.0038961038961038965,0.49206349206349204,-0.0023561155726865876,252
xgb_11,2019,0.25,0.1,2,0.001401069211017962,-0.0034771795194912646,-0.0038961038961038965,0.49206349206349204,-0.00238626017091431,252
xgb_11,2019,0.25,0.25,2,0.001401069211017962,-0.0034771795194912646,-0.0038961038961038965,0.49206349206349204,-0.00238626017091431,252
xgb_11,2019,0.25,0.5,2,0.001401069211017962,-0.0034771795194912646,-0.0038961038961038965,0.49206349206349204,-0.00238626017091431,252
xgb_11,2019,0.5,0.1,2,0.001401069211017962,-0.0034101495314067375,-0.0019480519480519483,0.49206349206349204,-0.00238626017091431,252
xgb_11,2019,0.5,0.25,2,0.001401069211017962,-0.0034101495314067375,-0.0019480519480519483,0.49206349206349204,-0.00238626017091431,252
xgb_11,2019,0.5,0.5,2,0.001401069211017962,-0.0034101495314067375,-0.0019480519480519483,0.49206349206349204,-0.00238626017091431,252
xgb_11,2019,0.75,0.1,2,0.001401069211017962,-0.003384448609042787,-0.006493506493506494,0.49206349206349204,-0.0024294578004147786,252
xgb_11,2019,0.75,0.25,2,0.001401069211017962,-0.003384448609042787,-0.006493506493506494,0.49206349206349204,-0.0024294578004147786,252
xgb_11,2019,0.75,0.5,2,0.001401069211017962,-0.003384448609042787,-0.006493506493506494,0.49206349206349204,-0.0024294578004147786,252
xgb_11,2019,1.0,0.1,2,0.001401069211017962,-0.003523744200311252,-0.007792207792207791,0.4880952380952381,-0.002495057711293267,252
xgb_11,2019,1.0,0.25,2,0.001401069211017962,-0.003523744200311252,-0.007792207792207791,0.4880952380952381,-0.002495057711293267,252
xgb_11,2019,1.0,0.5,2,0.001401069211017962,-0.003523744200311252,-0.007792207792207791,0.4880952380952381,-0.002495057711293267,252
xgb_11,2020,0.05,0.1,51,-0.002575655504326612,0.035301207080426195,0.03529411764705882,0.5454545454545454,-0.006360212659535644,253
xgb_11,2020,0.05,0.25,51,-0.002575655504326612,0.03540786670763021,0.03529411764705882,0.5454545454545454,-0.006360145760406584,253
xgb_11,2020,0.05,0.5,51,-0.002575655504326612,0.03540786670763021,0.03529411764705882,0.5454545454545454,-0.006360145760406584,253
xgb_11,2020,0.1,0.1,51,-0.002575655504326612,0.03518749409217458,0.03529411764705882,0.5454545454545454,-0.006360212659535644,253
xgb_11,2020,0.1,0.25,51,-0.002575655504326612,0.03579096602977676,0.02982456140350877,0.5454545454545454,-0.005935257725275281,253
xgb_11,2020,0.1,0.5,51,-0.002575655504326612,0.03602958862672483,0.02982456140350877,0.5454545454545454,-0.005859956843704809,253
xgb_11,2020,0.25,0.1,51,-0.002575655504326612,0.03495300179567296,0.03529411764705882,0.5454545454545454,-0.0061493147180251536,253
xgb_11,2020,0.25,0.25,51,-0.002575655504326612,0.037305411662787225,0.02941176470588235,0.549407114624506,-0.0049224531890815345,253
xgb_11,2020,0.25,0.5,51,-0.002575655504326612,0.037289299538719796,0.02982456140350877,0.549407114624506,-0.004854927824390215,253
xgb_11,2020,0.5,0.1,51,-0.002575655504326612,0.03420468882212106,0.02941176470588235,0.549407114624506,-0.0053713403771250565,253
xgb_11,2020,0.5,0.25,51,-0.002575655504326612,0.036473204934044795,0.032352941176470584,0.5533596837944664,-0.003918288386216159,253
xgb_11,2020,0.5,0.5,51,-0.002575655504326612,0.03647708000185849,0.032352941176470584,0.5533596837944664,-0.003918288386216159,253
xgb_11,2020,0.75,0.1,51,-0.002575655504326612,0.03404327484578558,0.03684210526315789,0.5573122529644269,-0.005099406964892522,253
xgb_11,2020,0.75,0.25,51,-0.002575655504326612,0.03799879767771412,0.03823529411764706,0.549407114624506,-0.004085643581231576,253
xgb_11,2020,0.75,0.5,51,-0.002575655504326612,0.03777751091045886,0.03823529411764706,0.5454545454545454,-0.004085643581231576,253
xgb_11,2020,1.0,0.1,51,-0.002575655504326612,0.03361087292850358,0.02857142857142857,0.541501976284585,-0.005452420900030736,253
xgb_11,2020,1.0,0.25,51,-0.002575655504326612,0.039302379230992814,0.04035087719298246,0.5533596837944664,-0.004506722523269246,253
xgb_11,2020,1.0,0.5,51,-0.002575655504326612,0.04055015106699994,0.04035087719298246,0.5573122529644269,-0.004123351046062922,253
xgb_12,2018,0.05,0.1,4,-0.005374686057614655,0.0376604506295122,0.05714285714285714,0.5816733067729084,0.002023457414749675,251
xgb_12,2018,0.05,0.25,4,-0.005374686057614655,0.0376604506295122,0.05714285714285714,0.5816733067729084,0.002023457414749675,251
xgb_12,2018,0.05,0.5,4,-0.005374686057614655,0.0376604506295122,0.05714285714285714,0.5816733067729084,0.002023457414749675,251
xgb_12,2018,0.1,0.1,4,-0.005374686057614655,0.03767079884703173,0.05714285714285714,0.5816733067729084,0.00200742412824212,251
xgb_12,2018,0.1,0.25,4,-0.005374686057614655,0.03767079884703173,0.05714285714285714,0.5816733067729084,0.00200742412824212,251
xgb_12,2018,0.1,0.5,4,-0.005374686057614655,0.03767079884703173,0.05714285714285714,0.5816733067729084,0.00200742412824212,251
xgb_12,2018,0.25,0.1,4,-0.005374686057614655,0.03719995663061703,0.05714285714285714,0.5816733067729084,0.0018038006752089315,251
xgb_12,2018,0.25,0.25,4,-0.005374686057614655,0.03698781817146662,0.05714285714285714,0.5816733067729084,0.0018038006752089315,251
xgb_12,2018,0.25,0.5,4,-0.005374686057614655,0.03698781817146662,0.05714285714285714,0.5816733067729084,0.0018038006752089315,251
xgb_12,2018,0.5,0.1,4,-0.005374686057614655,0.0365480189268865,0.06363636363636363,0.5737051792828686,0.001925820239012688,251
xgb_12,2018,0.5,0.25,4,-0.005374686057614655,0.03618063199408281,0.06363636363636363,0.5737051792828686,0.001925820239012688,251
xgb_12,2018,0.5,0.5,4,-0.005374686057614655,0.03618063199408281,0.06363636363636363,0.5737051792828686,0.001925820239012688,251
xgb_12,2018,0.75,0.1,4,-0.005374686057614655,0.037137875729119946,0.06363636363636363,0.5776892430278885,0.002199881702930025,251
xgb_12,2018,0.75,0.25,4,-0.005374686057614655,0.03641347529189238,0.06363636363636363,0.5776892430278885,0.0021726873119213654,251
xgb_12,2018,0.75,0.5,4,-0.005374686057614655,0.03641347529189238,0.06363636363636363,0.5776892430278885,0.0021726873119213654,251
xgb_12,2018,1.0,0.1,4,-0.005374686057614655,0.037805362650714096,0.06363636363636363,0.5816733067729084,0.0023280217894688575,251
xgb_12,2018,1.0,0.25,4,-0.005374686057614655,0.0372051643538572,0.06363636363636363,0.5816733067729084,0.00231968782924951,251
xgb_12,2018,1.0,0.5,4,-0.005374686057614655,0.0372051643538572,0.06363636363636363,0.5816733067729084,0.00231968782924951,251
xgb_12,2019,0.05,0.1,5,0.001401069211017962,-0.003023904045281247,-0.0032467532467532465,0.49206349206349204,-0.0023349988456659973,252
xgb_12,2019,0.05,0.25,5,0.001401069211017962,-0.003023904045281247,-0.0032467532467532465,0.49206349206349204,-0.0023349988456659973,252
xgb_12,2019,0.05,0.5,5,0.001401069211017962,-0.003023904045281247,-0.0032467532467532465,0.49206349206349204,-0.0023349988456659973,252
xgb_12,2019,0.1,0.1,5,0.001401069211017962,-0.003085728549667738,-0.0032467532467532465,0.49206349206349204,-0.0023349988456659973,252
xgb_12,2019,0.1,0.25,5,0.001401069211017962,-0.002936274828785444,-0.0032467532467532465,0.49206349206349204,-0.0023349988456659973,252
xgb_12,2019,0.1,0.5,5,0.001401069211017962,-0.002936274828785444,-0.0032467532467532465,0.49206349206349204,-0.0023349988456659973,252
xgb_12,2019,0.25,0.1,5,0.001401069211017962,-0.00352408225894923,-0.008441558441558441,0.49206349206349204,-0.00238582530222428,252
xgb_12,2019,0.25,0.25,5,0.001401069211017962,-0.0034055449753963847,-0.008441558441558441,0.49206349206349204,-0.00238582530222428,252
xgb_12,2019,0.25,0.5,5,0.001401069211017962,-0.0034055449753963847,-0.008441558441558441,0.49206349206349204,-0.00238582530222428,252
xgb_12,2019,0.5,0.1,5,0.001401069211017962,-0.003972451791868509,-0.008441558441558441,0.49206349206349204,-0.0023824916532122022,252
xgb_12,2019,0.5,0.25,5,0.001401069211017962,-0.004003364881088997,-0.008441558441558441,0.49206349206349204,-0.002360558078142098,252
xgb_12,2019,0.5,0.5,5,0.001401069211017962,-0.004003364881088997,-0.008441558441558441,0.49206349206349204,-0.002360558078142098,252
xgb_12,2019,0.75,0.1,5,0.001401069211017962,-0.004740386598297458,-0.01038961038961039,0.48412698412698413,-0.002360893490678251,252
xgb_12,2019,0.75,0.25,5,0.001401069211017962,-0.004874387959705709,-0.01038961038961039,0.48412698412698413,-0.002291750198263916,252
xgb_12,2019,0.75,0.5,5,0.001401069211017962,-0.004874387959705709,-0.01038961038961039,0.48412698412698413,-0.002291750198263916,252
xgb_12,2019,1.0,0.1,5,0.001401069211017962,-0.004823967290355857,-0.01103896103896104,0.48412698412698413,-0.002215443158754199,252
xgb_12,2019,1.0,0.25,5,0.001401069211017962,-0.00443229547011261,-0.01103896103896104,0.48412698412698413,-0.002262831584304791,252
xgb_12,2019,1.0,0.5,5,0.001401069211017962,-0.00443229547011261,-0.01103896103896104,0.48412698412698413,-0.002262831584304791,252
xgb_12,2020,0.05,0.1,11,-0.002575655504326612,0.035726238853388485,0.03529411764705882,0.549407114624506,-0.006530830396681531,253
xgb_12,2020,0.05,0.25,11,-0.002575655504326612,0.03555783018239729,0.03529411764705882,0.549407114624506,-0.006530830396681531,253
xgb_12,2020,0.05,0.5,11,-0.002575655504326612,0.03555783018239729,0.03529411764705882,0.549407114624506,-0.006530830396681531,253
xgb_12,2020,0.1,0.1,11,-0.002575655504326612,0.03555672383971238,0.03529411764705882,0.549407114624506,-0.006530830396681531,253
xgb_12,2020,0.1,0.25,11,-0.002575655504326612,0.03536196841578699,0.03529411764705882,0.549407114624506,-0.006551938483933665,253
xgb_12,2020,0.1,0.5,11,-0.002575655504326612,0.03536196841578699,0.03529411764705882,0.549407114624506,-0.006551938483933665,253
xgb_12,2020,0.25,0.1,11,-0.002575655504326612,0.03574154974162978,0.02982456140350877,0.549407114624506,-0.006374036412584089,253
xgb_12,2020,0.25,0.25,11,-0.002575655504326612,0.036745456357174563,0.02982456140350877,0.549407114624506,-0.005507422884899901,253
xgb_12,2020,0.25,0.5,11,-0.002575655504326612,0.036745456357174563,0.02982456140350877,0.549407114624506,-0.005507422884899901,253
xgb_12,2020,0.5,0.1,11,-0.002575655504326612,0.036639128343602445,0.02982456140350877,0.5533596837944664,-0.005639587189530457,253
xgb_12,2020,0.5,0.25,11,-0.002575655504326612,0.03789326177357112,0.02982456140350877,0.5573122529644269,-0.004231121296173664,253
xgb_12,2020,0.5,0.5,11,-0.002575655504326612,0.03796301299421749,0.02982456140350877,0.5573122529644269,-0.004231121296173664,253
xgb_12,2020,0.75,0.1,11,-0.002575655504326612,0.037328167381966586,0.02982456140350877,0.5573122529644269,-0.005906520399718764,253
xgb_12,2020,0.75,0.25,11,-0.002575655504326612,0.038863535844959995,0.032352941176470584,0.5652173913043478,-0.0042698386279403176,253
xgb_12,2020,0.75,0.5,11,-0.002575655504326612,0.03878215942087257,0.032352941176470584,0.5652173913043478,-0.0042698386279403176,253
xgb_12,2020,1.0,0.1,11,-0.002575655504326612,0.037993153892627834,0.02941176470588235,0.5533596837944664,-0.005503124739969622,253
xgb_12,2020,1.0,0.25,11,-0.002575655504326612,0.0396476331705593,0.032352941176470584,0.5533596837944664,-0.0041801424547289615,253
xgb_12,2020,1.0,0.5,11,-0.002575655504326612,0.0396476331705593,0.032352941176470584,0.5533596837944664,-0.0041801424547289615,253
xgb_13,2018,0.05,0.1,6,-0.005374686057614655,0.03714451590215966,0.062337662337662345,0.5697211155378487,0.001713805665143405,251
xgb_13,2018,0.05,0.25,6,-0.005374686057614655,0.03714451590215966,0.062337662337662345,0.5697211155378487,0.001713805665143405,251
xgb_13,2018,0.05,0.5,6,-0.005374686057614655,0.03714451590215966,0.062337662337662345,0.5697211155378487,0.001713805665143405,251
xgb_13,2018,0.1,0.1,6,-0.005374686057614655,0.03716521233719873,0.062337662337662345,0.5697211155378487,0.0016977723786358498,251
xgb_13,2018,0.1,0.25,6,-0.005374686057614655,0.03716521233719873,0.062337662337662345,0.5697211155378487,0.0016977723786358498,251
xgb_13,2018,0.1,0.5,6,-0.005374686057614655,0.03716521233719873,0.062337662337662345,0.5697211155378487,0.0016977723786358498,251
xgb_13,2018,0.25,0.1,6,-0.005374686057614655,0.03733080230547546,0.062337662337662345,0.5697211155378487,0.0017950198598467911,251
xgb_13,2018,0.25,0.25,6,-0.005374686057614655,0.03732045408795593,0.062337662337662345,0.5697211155378487,0.0017950198598467911,251
xgb_13,2018,0.25,0.5,6,-0.005374686057614655,0.03732045408795593,0.062337662337662345,0.5697211155378487,0.0017950198598467911,251
xgb_13,2018,0.5,0.1,6,-0.005374686057614655,0.03690134119407075,0.06623376623376624,0.5657370517928287,0.001693358030836405,251
xgb_13,2018,0.5,0.25,6,-0.005374686057614655,0.036958256390428185,0.06623376623376624,0.5657370517928287,0.001693358030836405,251
xgb_13,2018,0.5,0.5,6,-0.005374686057614655,0.036958256390428185,0.06623376623376624,0.5657370517928287,0.001693358030836405,251
xgb_13,2018,0.75,0.1,6,-0.005374686057614655,0.03678745029529117,0.06493506493506493,0.5657370517928287,0.0016724639223847282,251
xgb_13,2018,0.75,0.25,6,-0.005374686057614655,0.03688058761441501,0.06493506493506493,0.5657370517928287,0.0016724639223847282,251
xgb_13,2018,0.75,0.5,6,-0.005374686057614655,0.03688058761441501,0.06493506493506493,0.5657370517928287,0.0016724639223847282,251
xgb_13,2018,1.0,0.1,6,-0.005374686057614655,0.03708753683828948,0.06103896103896104,0.5657370517928287,0.0016915218755440499,251
xgb_13,2018,1.0,0.25,6,-0.005374686057614655,0.037253108318601985,0.06103896103896104,0.5657370517928287,0.0016915218755440499,251
xgb_13,2018,1.0,0.5,6,-0.005374686057614655,0.037253108318601985,0.06103896103896104,0.5657370517928287,0.0016915218755440499,251
xgb_13,2019,0.05,0.1,6,0.001401069211017962,-0.00254058085148905,-0.0022734655307531525,0.49206349206349204,-0.0023590041539003526,252
xgb_13,2019,0.05,0.25,6,0.001401069211017962,-0.0025302736983247535,-0.0022734655307531525,0.49206349206349204,-0.0023590041539003526,252
xgb_13,2019,0.05,0.5,6,0.001401069211017962,-0.0025302736983247535,-0.0022734655307531525,0.49206349206349204,-0.0023590041539003526,252
xgb_13,2019,0.1,0.1,6,0.001401069211017962,-0.0026127309236391207,-0.0022734655307531525,0.49206349206349204,-0.0023590041539003526,252
xgb_13,2019,0.1,0.25,6,0.001401069211017962,-0.0026281966755490062,-0.0022734655307531525,0.49206349206349204,-0.0023590041539003526,252
xgb_13,2019,0.1,0.5,6,0.001401069211017962,-0.0026281966755490062,-0.0022734655307531525,0.49206349206349204,-0.0023590041539003526,252
xgb_13,2019,0.25,0.1,6,0.001401069211017962,-0.0028446552622716217,0.0,0.49603174603174605,-0.0023891487521280753,252
xgb_13,2019,0.25,0.25,6,0.001401069211017962,-0.002834344760998365,0.0,0.49603174603174605,-0.0023891487521280753,252
xgb_13,2019,0.25,0.5,6,0.001401069211017962,-0.002834344760998365,0.0,0.49603174603174605,-0.0023891487521280753,252
xgb_13,2019,0.5,0.1,6,0.001401069211017962,-0.0018500350705708257,-0.0009743423703227796,0.49206349206349204,-0.002358553374991792,252
xgb_13,2019,0.5,0.25,6,0.001401069211017962,-0.001741809962345718,-0.0009743423703227796,0.49206349206349204,-0.002358553374991792,252
xgb_13,2019,0.5,0.5,6,0.001401069211017962,-0.001741809962345718,-0.0009743423703227796,0.49206349206349204,-0.002358553374991792,252
xgb_13,2019,0.75,0.1,6,0.001401069211017962,-0.0018655226047993372,-0.0009743423703227796,0.49206349206349204,-0.00237664143178321,252
xgb_13,2019,0.75,0.25,6,0.001401069211017962,-0.0018603690282171894,-0.0009743423703227796,0.49206349206349204,-0.00237664143178321,252
xgb_13,2019,0.75,0.5,6,0.001401069211017962,-0.0018603690282171894,-0.0009743423703227796,0.49206349206349204,-0.00237664143178321,252
xgb_13,2019,1.0,0.1,6,0.001401069211017962,-0.001937709506147982,0.0,0.49603174603174605,-0.0022790882126179526,252
xgb_13,2019,1.0,0.25,6,0.001401069211017962,-0.001881001749145069,0.0,0.49603174603174605,-0.0022564437534242604,252
xgb_13,2019,1.0,0.5,6,0.001401069211017962,-0.001881001749145069,0.0,0.49603174603174605,-0.0022564437534242604,252
xgb_13,2020,0.05,0.1,81,-0.002575655504326612,0.03573833659959097,0.03529411764705882,0.5375494071146245,-0.006392590433756055,253
xgb_13,2020,0.05,0.25,81,-0.002575655504326612,0.03593923947413385,0.044117647058823525,0.541501976284585,-0.006392523534626996,253
xgb_13,2020,0.05,0.5,81,-0.002575655504326612,0.03593923947413385,0.044117647058823525,0.541501976284585,-0.006392523534626996,253
xgb_13,2020,0.1,0.1,81,-0.002575655504326612,0.03579202867043939,0.03529411764705882,0.5375494071146245,-0.0064136985210081895,253
xgb_13,2020,0.1,0.25,81,-0.002575655504326612,0.036451664880402794,0.03529411764705882,0.541501976284585,-0.005930231748008266,253
xgb_13,2020,0.1,0.5,81,-0.002575655504326612,0.03654466650793128,0.03529411764705882,0.541501976284585,-0.005854930866437794,253
xgb_13,2020,0.25,0.1,81,-0.002575655504326612,0.035666478929844876,0.03090508562952616,0.5375494071146245,-0.006233693042767193,253
xgb_13,2020,0.25,0.25,81,-0.002575655504326612,0.037410328316274714,0.03529411764705882,0.5454545454545454,-0.004655553276790349,253
xgb_13,2020,0.25,0.5,81,-0.002575655504326612,0.037505165502241256,0.03529411764705882,0.5454545454545454,-0.004557079775511818,253
xgb_13,2020,0.5,0.1,81,-0.002575655504326612,0.035798468213056066,0.032352941176470584,0.5454545454545454,-0.00495919192219649,253
xgb_13,2020,0.5,0.25,81,-0.002575655504326612,0.0376268761440756,0.03333333333333333,0.5454545454545454,-0.004161203766966562,253
xgb_13,2020,0.5,0.5,81,-0.002575655504326612,0.03749186062340925,0.03333333333333333,0.5454545454545454,-0.004165174880624701,253
xgb_13,2020,0.75,0.1,81,-0.002575655504326612,0.03527573429162528,0.025449761116075977,0.5454545454545454,-0.004616017550210877,253
xgb_13,2020,0.75,0.25,81,-0.002575655504326612,0.04069067348062468,0.03823529411764706,0.5533596837944664,-0.003585051285575646,253
xgb_13,2020,0.75,0.5,81,-0.002575655504326612,0.04086872264911671,0.03823529411764706,0.549407114624506,-0.0035051847108798556,253
xgb_13,2020,1.0,0.1,81,-0.002575655504326612,0.03650850381158524,0.03090508562952616,0.5454545454545454,-0.004184870998100056,253
xgb_13,2020,1.0,0.25,81,-0.002575655504326612,0.04220706459368242,0.04736842105263158,0.5612648221343873,-0.003390140539488698,253
xgb_13,2020,1.0,0.5,81,-0.002575655504326612,0.04224397971338122,0.04736842105263158,0.5612648221343873,-0.003443175142724836,253
xgb_14,2018,0.05,0.1,24,-0.005374686057614655,0.03751765759089481,0.06493506493506493,0.5697211155378487,0.0018616523216694425,251
xgb_14,2018,0.05,0.25,24,-0.005374686057614655,0.03751765759089481,0.06493506493506493,0.5697211155378487,0.0018616523216694425,251
xgb_14,2018,0.05,0.5,24,-0.005374686057614655,0.03751765759089481,0.06493506493506493,0.5697211155378487,0.0018616523216694425,251
xgb_14,2018,0.1,0.1,24,-0.005374686057614655,0.03751765759089481,0.06493506493506493,0.5697211155378487,0.0018616523216694425,251
xgb_14,2018,0.1,0.25,24,-0.005374686057614655,0.03751765759089481,0.06493506493506493,0.5697211155378487,0.0018616523216694425,251
xgb_14,2018,0.1,0.5,24,-0.005374686057614655,0.03751765759089481,0.06493506493506493,0.5697211155378487,0.0018616523216694425,251
xgb_14,2018,0.25,0.1,24,-0.005374686057614655,0.03759528939097954,0.06493506493506493,0.5697211155378487,0.001869816916690185,251
xgb_14,2018,0.25,0.25,24,-0.005374686057614655,0.03759528939097954,0.06493506493506493,0.5697211155378487,0.001869816916690185,251
xgb_14,2018,0.25,0.5,24,-0.005374686057614655,0.03759528939097954,0.06493506493506493,0.5697211155378487,0.001869816916690185,251
xgb_14,2018,0.5,0.1,24,-0.005374686057614655,0.037621159934778374,0.06493506493506493,0.5657370517928287,0.0018302578549180886,251
xgb_14,2018,0.5,0.25,24,-0.005374686057614655,0.03747111078074516,0.06493506493506493,0.5657370517928287,0.0018302578549180886,251
xgb_14,2018,0.5,0.5,24,-0.005374686057614655,0.03747111078074516,0.06493506493506493,0.5657370517928287,0.0018302578549180886,251
xgb_14,2018,0.75,0.1,24,-0.005374686057614655,0.0367467271507578,0.06493506493506493,0.5657370517928287,0.001752745866401634,251
xgb_14,2018,0.75,0.25,24,-0.005374686057614655,0.03679846823835546,0.06493506493506493,0.5657370517928287,0.001752745866401634,251
xgb_14,2018,0.75,0.5,24,-0.005374686057614655,0.03679846823835546,0.06493506493506493,0.5657370517928287,0.001752745866401634,251
xgb_14,2018,1.0,0.1,24,-0.005374686057614655,0.03670009454492907,0.06493506493506493,0.5657370517928287,0.0017047278730684327,251
xgb_14,2018,1.0,0.25,24,-0.005374686057614655,0.03676735795880603,0.06493506493506493,0.5657370517928287,0.001711670306456637,251
xgb_14,2018,1.0,0.5,24,-0.005374686057614655,0.03676735795880603,0.06493506493506493,0.5657370517928287,0.001711670306456637,251
xgb_14,2019,0.05,0.1,12,0.001401069211017962,-0.0024949281467935647,-0.0022734655307531525,0.49206349206349204,-0.0023296994069268726,252
xgb_14,2019,0.05,0.25,12,0.001401069211017962,-0.0024949281467935647,-0.0022734655307531525,0.49206349206349204,-0.0023296994069268726,252
xgb_14,2019,0.05,0.5,12,0.001401069211017962,-0.0024949281467935647,-0.0022734655307531525,0.49206349206349204,-0.0023296994069268726,252
xgb_14,2019,0.1,0.1,12,0.001401069211017962,-0.0024949281467935647,-0.0022734655307531525,0.49206349206349204,-0.0023296994069268726,252
xgb_14,2019,0.1,0.25,12,0.001401069211017962,-0.0024949281467935647,-0.0022734655307531525,0.49206349206349204,-0.0023296994069268726,252
xgb_14,2019,0.1,0.5,12,0.001401069211017962,-0.0024949281467935647,-0.0022734655307531525,0.49206349206349204,-0.0023296994069268726,252
xgb_14,2019,0.25,0.1,12,0.001401069211017962,-0.002515542453122155,-0.0022734655307531525,0.49206349206349204,-0.0023296994069268726,252
xgb_14,2019,0.25,0.25,12,0.001401069211017962,-0.002515542453122155,-0.0022734655307531525,0.49206349206349204,-0.0023296994069268726,252
xgb_14,2019,0.25,0.5,12,0.001401069211017962,-0.002515542453122155,-0.0022734655307531525,0.49206349206349204,-0.0023296994069268726,252
xgb_14,2019,0.5,0.1,12,0.001401069211017962,-0.002701086276569808,0.0,0.49603174603174605,-0.0023598440051545953,252
xgb_14,2019,0.5,0.25,12,0.001401069211017962,-0.002701086276569808,0.0,0.49603174603174605,-0.0023598440051545953,252
xgb_14,2019,0.5,0.5,12,0.001401069211017962,-0.002701086276569808,0.0,0.49603174603174605,-0.0023598440051545953,252
xgb_14,2019,0.75,0.1,12,0.001401069211017962,-0.0028144783538129096,-0.0009743423703227796,0.49603174603174605,-0.0023337679236128455,252
xgb_14,2019,0.75,0.25,12,0.001401069211017962,-0.0028144783538129096,-0.0009743423703227796,0.49603174603174605,-0.0023337679236128455,252
xgb_14,2019,0.75,0.5,12,0.001401069211017962,-0.0028144783538129096,-0.0009743423703227796,0.49603174603174605,-0.0023337679236128455,252
xgb_14,2019,1.0,0.1,12,0.001401069211017962,-0.0027371797272441336,-0.005194805194805195,0.49603174603174605,-0.00238383241513437,252
xgb_14,2019,1.0,0.25,12,0.001401069211017962,-0.0027371797272441336,-0.005194805194805195,0.49603174603174605,-0.00238383241513437,252
xgb_14,2019,1.0,0.5,12,0.001401069211017962,-0.0027371797272441336,-0.005194805194805195,0.49603174603174605,-0.00238383241513437,252
xgb_14,2020,0.05,0.1,156,-0.002575655504326612,0.03490577967151896,0.04385964912280702,0.541501976284585,-0.006581945909278715,253
xgb_14,2020,0.05,0.25,156,-0.002575655504326612,0.034935799688182854,0.04385964912280702,0.541501976284585,-0.006634516403730169,253
xgb_14,2020,0.05,0.5,156,-0.002575655504326612,0.034935799688182854,0.04385964912280702,0.541501976284585,-0.006634516403730169,253
xgb_14,2020,0.1,0.1,156,-0.002575655504326612,0.034861087929058024,0.04385964912280702,0.541501976284585,-0.006581945909278715,253
xgb_14,2020,0.1,0.25,156,-0.002575655504326612,0.03494970278521228,0.04385964912280702,0.541501976284585,-0.006282105822291288,253
xgb_14,2020,0.1,0.5,156,-0.002575655504326612,0.03494970278521228,0.04385964912280702,0.541501976284585,-0.006282105822291288,253
xgb_14,2020,0.25,0.1,156,-0.002575655504326612,0.03464762546140743,0.03529411764705882,0.541501976284585,-0.006197006110647247,253
xgb_14,2020,0.25,0.25,156,-0.002575655504326612,0.0357196294937212,0.02982456140350877,0.5454545454545454,-0.005038774883559559,253
xgb_14,2020,0.25,0.5,156,-0.002575655504326612,0.0357196294937212,0.02982456140350877,0.5454545454545454,-0.005038774883559559,253
xgb_14,2020,0.5,0.1,156,-0.002575655504326612,0.035624924034855746,0.03529411764705882,0.541501976284585,-0.005423538745946621,253
xgb_14,2020,0.5,0.25,156,-0.002575655504326612,0.03608058954428832,0.02982456140350877,0.5454545454545454,-0.004827593463550161,253
xgb_14,2020,0.5,0.5,156,-0.002575655504326612,0.03608058954428832,0.02982456140350877,0.5454545454545454,-0.004827593463550161,253
xgb_14,2020,0.75,0.1,156,-0.002575655504326612,0.0361618786515056,0.03508771929824562,0.549407114624506,-0.004714080421744216,253
xgb_14,2020,0.75,0.25,156,-0.002575655504326612,0.03838792755599128,0.02647058823529412,0.5454545454545454,-0.004579589444158215,253
xgb_14,2020,0.75,0.5,156,-0.002575655504326612,0.03843626392819359,0.02647058823529412,0.5454545454545454,-0.004499722869462424,253
xgb_14,2020,1.0,0.1,156,-0.002575655504326612,0.03668162906405703,0.02857142857142857,0.5454545454545454,-0.004356111099362242,253
xgb_14,2020,1.0,0.25,156,-0.002575655504326612,0.03915821581388953,0.032352941176470584,0.549407114624506,-0.004391789192083138,253
xgb_14,2020,1.0,0.5,156,-0.002575655504326612,0.03924142779641501,0.032352941176470584,0.549407114624506,-0.004311922617387347,253
xgb_15,2018,0.05,0.1,2,-0.005374686057614655,0.03733513565316278,0.06623376623376624,0.5737051792828686,0.0020978674619209583,251
xgb_15,2018,0.05,0.25,2,-0.005374686057614655,0.03733513565316278,0.06623376623376624,0.5737051792828686,0.0020978674619209583,251
xgb_15,2018,0.05,0.5,2,-0.005374686057614655,0.03733513565316278,0.06623376623376624,0.5737051792828686,0.0020978674619209583,251
xgb_15,2018,0.1,0.1,2,-0.005374686057614655,0.03731443921812372,0.06623376623376624,0.5737051792828686,0.0020978674619209583,251
xgb_15,2018,0.1,0.25,2,-0.005374686057614655,0.03731443921812372,0.06623376623376624,0.5737051792828686,0.0020978674619209583,251
xgb_15,2018,0.1,0.5,2,-0.005374686057614655,0.03731443921812372,0.06623376623376624,0.5737051792828686,0.0020978674619209583,251
xgb_15,2018,0.25,0.1,2,-0.005374686057614655,0.03740757317579949,0.06623376623376624,0.5737051792828686,0.0020818341754134037,251
xgb_15,2018,0.25,0.25,2,-0.005374686057614655,0.03740757317579949,0.06623376623376624,0.5737051792828686,0.0020818341754134037,251
xgb_15,2018,0.25,0.5,2,-0.005374686057614655,0.03740757317579949,0.06623376623376624,0.5737051792828686,0.0020818341754134037,251
xgb_15,2018,0.5,0.1,2,-0.005374686057614655,0.03743866152718263,0.06623376623376624,0.5737051792828686,0.002225387533550706,251
xgb_15,2018,0.5,0.25,2,-0.005374686057614655,0.03743866152718263,0.06623376623376624,0.5737051792828686,0.002225387533550706,251
xgb_15,2018,0.5,0.5,2,-0.005374686057614655,0.03743866152718263,0.06623376623376624,0.5737051792828686,0.002225387533550706,251
xgb_15,2018,0.75,0.1,2,-0.005374686057614655,0.037381748011549226,0.06623376623376624,0.5737051792828686,0.0023626258529266613,251
xgb_15,2018,0.75,0.25,2,-0.005374686057614655,0.03722132542913618,0.06623376623376624,0.5737051792828686,0.0023626258529266613,251
xgb_15,2018,0.75,0.5,2,-0.005374686057614655,0.03722132542913618,0.06623376623376624,0.5737051792828686,0.0023626258529266613,251
xgb_15,2018,1.0,0.1,2,-0.005374686057614655,0.03677625278175111,0.06623376623376624,0.5657370517928287,0.0021969906804322394,251
xgb_15,2018,1.0,0.25,2,-0.005374686057614655,0.036558913322256616,0.06623376623376624,0.5657370517928287,0.0021969906804322394,251
xgb_15,2018,1.0,0.5,2,-0.005374686057614655,0.036558913322256616,0.06623376623376624,0.5657370517928287,0.0021969906804322394,251
xgb_15,2019,0.05,0.1,3,0.001401069211017962,-0.0028426196273953486,-0.0019480519480519483,0.49603174603174605,-0.002324712967262557,252
xgb_15,2019,0.05,0.25,3,0.001401069211017962,-0.0028426196273953486,-0.0019480519480519483,0.49603174603174605,-0.002324712967262557,252
xgb_15,2019,0.05,0.5,3,0.001401069211017962,-0.0028426196273953486,-0.0019480519480519483,0.49603174603174605,-0.002324712967262557,252
xgb_15,2019,0.1,0.1,3,0.001401069211017962,-0.0027601624020809805,-0.0019480519480519483,0.49603174603174605,-0.002324712967262557,252
xgb_15,2019,0.1,0.25,3,0.001401069211017962,-0.0027189337894237974,-0.0019480519480519483,0.49603174603174605,-0.002324712967262557,252
xgb_15,2019,0.1,0.5,3,0.001401069211017962,-0.0027189337894237974,-0.0019480519480519483,0.49603174603174605,-0.002324712967262557,252
xgb_15,2019,0.25,0.1,3,0.001401069211017962,-0.0030281667989519637,-0.0019480519480519483,0.49603174603174605,-0.002298636885720807,252
xgb_15,2019,0.25,0.25,3,0.001401069211017962,-0.0030281667989519637,-0.0019480519480519483,0.49603174603174605,-0.002298636885720807,252
xgb_15,2019,0.25,0.5,3,0.001401069211017962,-0.0030281667989519637,-0.0019480519480519483,0.49603174603174605,-0.002298636885720807,252
xgb_15,2019,0.5,0.1,3,0.001401069211017962,-0.0033064113868080227,0.003246753246753247,0.503968253968254,-0.002287149180164598,252
xgb_15,2019,0.5,0.25,3,0.001401069211017962,-0.0033064113868080227,0.003246753246753247,0.503968253968254,-0.002287149180164598,252
xgb_15,2019,0.5,0.5,3,0.001401069211017962,-0.0033064113868080227,0.003246753246753247,0.503968253968254,-0.002287149180164598,252
xgb_15,2019,0.75,0.1,3,0.001401069211017962,-0.003853859190341094,-0.0032467532467532465,0.5,-0.002420941219946789,252
xgb_15,2019,0.75,0.25,3,0.001401069211017962,-0.0039260092624911645,-0.0032467532467532465,0.5,-0.002420941219946789,252
xgb_15,2019,0.75,0.5,3,0.001401069211017962,-0.0039260092624911645,-0.0032467532467532465,0.5,-0.002420941219946789,252
xgb_15,2019,1.0,0.1,3,0.001401069211017962,-0.0034054561763322074,0.005194805194805195,0.503968253968254,-0.0022177751425361118,252
xgb_15,2019,1.0,0.25,3,0.001401069211017962,-0.003389995446585763,0.005194805194805195,0.503968253968254,-0.0022177751425361118,252
xgb_15,2019,1.0,0.5,3,0.001401069211017962,-0.003389995446585763,0.005194805194805195,0.503968253968254,-0.0022177751425361118,252
xgb_15,2020,0.05,0.1,24,-0.002575655504326612,0.0355351425167836,0.03529411764705882,0.549407114624506,-0.006522014582514004,253
xgb_15,2020,0.05,0.25,24,-0.002575655504326612,0.035609556907847395,0.044117647058823525,0.549407114624506,-0.006522014582514004,253
xgb_15,2020,0.05,0.5,24,-0.002575655504326612,0.035609556907847395,0.044117647058823525,0.549407114624506,-0.006522014582514004,253
xgb_15,2020,0.1,0.1,24,-0.002575655504326612,0.035549318431300936,0.03529411764705882,0.549407114624506,-0.006522014582514004,253
xgb_15,2020,0.1,0.25,24,-0.002575655504326612,0.035875408279316796,0.044117647058823525,0.549407114624506,-0.006510975043326617,253
xgb_15,2020,0.1,0.5,24,-0.002575655504326612,0.035875408279316796,0.044117647058823525,0.549407114624506,-0.006510975043326617,253
xgb_15,2020,0.25,0.1,24,-0.002575655504326612,0.035667262993621954,0.03529411764705882,0.549407114624506,-0.0059276985028111455,253
xgb_15,2020,0.25,0.25,24,-0.002575655504326612,0.03659286529824593,0.03529411764705882,0.5533596837944664,-0.005700281187530042,253
xgb_15,2020,0.25,0.5,24,-0.002575655504326612,0.03659286529824593,0.03529411764705882,0.5533596837944664,-0.005700281187530042,253
xgb_15,2020,0.5,0.1,24,-0.002575655504326612,0.0351429120236391,0.03529411764705882,0.5454545454545454,-0.006137699151517666,253
xgb_15,2020,0.5,0.25,24,-0.002575655504326612,0.03615147706301538,0.03333333333333333,0.549407114624506,-0.005752077154553275,253
xgb_15,2020,0.5,0.5,24,-0.002575655504326612,0.0361584113948925,0.03333333333333333,0.549407114624506,-0.005752077154553275,253
xgb_15,2020,0.75,0.1,24,-0.002575655504326612,0.03482010995071607,0.03684210526315789,0.5573122529644269,-0.006003394368746531,253
xgb_15,2020,0.75,0.25,24,-0.002575655504326612,0.03609504622243398,0.03529411764705882,0.549407114624506,-0.005465637790532813,253
xgb_15,2020,0.75,0.5,24,-0.002575655504326612,0.03612278354994248,0.03529411764705882,0.549407114624506,-0.005465637790532813,253
xgb_15,2020,1.0,0.1,24,-0.002575655504326612,0.03427383545961653,0.03636363636363636,0.5533596837944664,-0.00591051604292314,253
xgb_15,2020,1.0,0.25,24,-0.002575655504326612,0.03546393064100084,0.04025974025974026,0.5454545454545454,-0.005213655155571647,253
xgb_15,2020,1.0,0.5,24,-0.002575655504326612,0.03549166796850934,0.04025974025974026,0.5454545454545454,-0.005213655155571647,253
xgb_16,2018,0.05,0.1,0,-0.005374686057614655,0.03713182354520927,0.0669048427621642,0.5697211155378487,0.0018137674770390417,251
xgb_16,2018,0.05,0.25,0,-0.005374686057614655,0.03713182354520927,0.0669048427621642,0.5697211155378487,0.0018137674770390417,251
xgb_16,2018,0.05,0.5,0,-0.005374686057614655,0.03713182354520927,0.0669048427621642,0.5697211155378487,0.0018137674770390417,251
xgb_16,2018,0.1,0.1,0,-0.005374686057614655,0.03713182354520927,0.0669048427621642,0.5697211155378487,0.0018137674770390417,251
xgb_16,2018,0.1,0.25,0,-0.005374686057614655,0.03713182354520927,0.0669048427621642,0.5697211155378487,0.0018137674770390417,251
xgb_16,2018,0.1,0.5,0,-0.005374686057614655,0.03713182354520927,0.0669048427621642,0.5697211155378487,0.0018137674770390417,251
xgb_16,2018,0.25,0.1,0,-0.005374686057614655,0.03713182354520927,0.0669048427621642,0.5697211155378487,0.0018137674770390417,251
xgb_16,2018,0.25,0.25,0,-0.005374686057614655,0.03713182354520927,0.0669048427621642,0.5697211155378487,0.0018137674770390417,251
xgb_16,2018,0.25,0.5,0,-0.005374686057614655,0.03713182354520927,0.0669048427621642,0.5697211155378487,0.0018137674770390417,251
xgb_16,2018,0.5,0.1,0,-0.005374686057614655,0.03713182354520927,0.0669048427621642,0.5697211155378487,0.0018137674770390417,251
xgb_16,2018,0.5,0.25,0,-0.005374686057614655,0.03713182354520927,0.0669048427621642,0.5697211155378487,0.0018137674770390417,251
xgb_16,2018,0.5,0.5,0,-0.005374686057614655,0.03713182354520927,0.0669048427621642,0.5697211155378487,0.0018137674770390417,251
xgb_16,2018,0.75,0.1,0,-0.005374686057614655,0.03713182354520927,0.0669048427621642,0.5697211155378487,0.0018137674770390417,251
xgb_16,2018,0.75,0.25,0,-0.005374686057614655,0.03713182354520927,0.0669048427621642,0.5697211155378487,0.0018137674770390417,251
xgb_16,2018,0.75,0.5,0,-0.005374686057614655,0.03713182354520927,0.0669048427621642,0.5697211155378487,0.0018137674770390417,251
xgb_16,2018,1.0,0.1,0,-0.005374686057614655,0.03713182354520927,0.0669048427621642,0.5697211155378487,0.0018137674770390417,251
xgb_16,2018,1.0,0.25,0,-0.005374686057614655,0.03713182354520927,0.0669048427621642,0.5697211155378487,0.0018137674770390417,251
xgb_16,2018,1.0,0.5,0,-0.005374686057614655,0.03713182354520927,0.0669048427621642,0.5697211155378487,0.0018137674770390417,251
xgb_16,2019,0.05,0.1,8,0.001401069211017962,-0.0027958530501349284,-0.0038961038961038965,0.49603174603174605,-0.0023880046926189535,252
xgb_16,2019,0.05,0.25,8,0.001401069211017962,-0.0027958530501349284,-0.0038961038961038965,0.49603174603174605,-0.0023880046926189535,252
xgb_16,2019,0.05,0.5,8,0.001401069211017962,-0.0027958530501349284,-0.0038961038961038965,0.49603174603174605,-0.0023880046926189535,252
xgb_16,2019,0.1,0.1,8,0.001401069211017962,-0.0027958530501349284,-0.0038961038961038965,0.49603174603174605,-0.0023880046926189535,252
xgb_16,2019,0.1,0.25,8,0.001401069211017962,-0.0027958530501349284,-0.0038961038961038965,0.49603174603174605,-0.0023880046926189535,252
xgb_16,2019,0.1,0.5,8,0.001401069211017962,-0.0027958530501349284,-0.0038961038961038965,0.49603174603174605,-0.0023880046926189535,252
xgb_16,2019,0.25,0.1,8,0.001401069211017962,-0.0028370816627921124,0.0019480519480519483,0.5,-0.0023880046926189535,252
xgb_16,2019,0.25,0.25,8,0.001401069211017962,-0.0028370816627921124,0.0019480519480519483,0.5,-0.0023880046926189535,252
xgb_16,2019,0.25,0.5,8,0.001401069211017962,-0.0028370816627921124,0.0019480519480519483,0.5,-0.0023880046926189535,252
xgb_16,2019,0.5,0.1,8,0.001401069211017962,-0.002847388815956407,0.0019480519480519483,0.5,-0.0023880046926189535,252
xgb_16,2019,0.5,0.25,8,0.001401069211017962,-0.002847388815956407,0.0019480519480519483,0.5,-0.0023880046926189535,252
xgb_16,2019,0.5,0.5,8,0.001401069211017962,-0.002847388815956407,0.0019480519480519483,0.5,-0.0023880046926189535,252
xgb_16,2019,0.75,0.1,8,0.001401069211017962,-0.0032494163369438836,-0.0032467532467532465,0.5,-0.0024288926783622667,252
xgb_16,2019,0.75,0.25,8,0.001401069211017962,-0.0032494163369438836,-0.0032467532467532465,0.5,-0.0024288926783622667,252
xgb_16,2019,0.75,0.5,8,0.001401069211017962,-0.0032494163369438836,-0.0032467532467532465,0.5,-0.0024288926783622667,252
xgb_16,2019,1.0,0.1,8,0.001401069211017962,-0.003558610843219002,-0.0032467532467532465,0.5,-0.0024553445600702254,252
xgb_16,2019,1.0,0.25,8,0.001401069211017962,-0.003558610843219002,-0.0032467532467532465,0.5,-0.0024553445600702254,252
xgb_16,2019,1.0,0.5,8,0.001401069211017962,-0.003558610843219002,-0.0032467532467532465,0.5,-0.0024553445600702254,252
xgb_16,2020,0.05,0.1,289,-0.002575655504326612,0.03504249210320473,0.03529411764705882,0.5375494071146245,-0.0063841929824064395,253
xgb_16,2020,0.05,0.25,289,-0.002575655504326612,0.03519250505202364,0.03529411764705882,0.541501976284585,-0.006530717177832208,253
xgb_16,2020,0.05,0.5,289,-0.002575655504326612,0.03541338391740379,0.03529411764705882,0.541501976284585,-0.006530717177832208,253
xgb_16,2020,0.1,0.1,289,-0.002575655504326612,0.03499225660344097,0.03529411764705882,0.5375494071146245,-0.0063841929824064395,253
xgb_16,2020,0.1,0.25,289,-0.002575655504326612,0.0356977603909162,0.03333333333333333,0.541501976284585,-0.006036277764773956,253
xgb_16,2020,0.1,0.5,289,-0.002575655504326612,0.035825637628767865,0.03333333333333333,0.541501976284585,-0.006036277764773956,253
xgb_16,2020,0.25,0.1,289,-0.002575655504326612,0.03616686463222775,0.03090508562952616,0.5375494071146245,-0.005155008057401317,253
xgb_16,2020,0.25,0.25,289,-0.002575655504326612,0.036229725356489016,0.02941176470588235,0.541501976284585,-0.0050626294367112435,253
xgb_16,2020,0.25,0.5,289,-0.002575655504326612,0.03628996504704725,0.02982456140350877,0.541501976284585,-0.004964155935432713,253
xgb_16,2020,0.5,0.1,289,-0.002575655504326612,0.03609048150576368,0.03090508562952616,0.549407114624506,-0.005005732840569398,253
xgb_16,2020,0.5,0.25,289,-0.002575655504326612,0.036012938753427495,0.023529411764705882,0.5454545454545454,-0.004685094037603354,253
xgb_16,2020,0.5,0.5,289,-0.002575655504326612,0.03565949177863176,0.02647058823529412,0.5454545454545454,-0.004729802660639167,253
xgb_16,2020,0.75,0.1,289,-0.002575655504326612,0.03527763816795673,0.032352941176470584,0.549407114624506,-0.004541281772334317,253
xgb_16,2020,0.75,0.25,289,-0.002575655504326612,0.036194602091455946,0.032352941176470584,0.5533596837944664,-0.004433517952272756,253
xgb_16,2020,0.75,0.5,289,-0.002575655504326612,0.03572959395381354,0.032352941176470584,0.549407114624506,-0.004500633492775599,253
xgb_16,2020,1.0,0.1,289,-0.002575655504326612,0.03546232108315656,0.029870129870129873,0.541501976284585,-0.004283116037353866,253
xgb_16,2020,1.0,0.25,289,-0.002575655504326612,0.03922791935769334,0.031168831168831172,0.541501976284585,-0.0037636103385963178,253
xgb_16,2020,1.0,0.5,289,-0.002575655504326612,0.03930929578178075,0.03506493506493507,0.541501976284585,-0.0037407313093688163,253
xgb_17,2018,0.05,0.1,1,-0.005374686057614655,0.03746029580127344,0.05714285714285714,0.5697211155378487,0.001944593468706898,251
xgb_17,2018,0.05,0.25,1,-0.005374686057614655,0.03746029580127344,0.05714285714285714,0.5697211155378487,0.001944593468706898,251
xgb_17,2018,0.05,0.5,1,-0.005374686057614655,0.03746029580127344,0.05714285714285714,0.5697211155378487,0.001944593468706898,251
xgb_17,2018,0.1,0.1,1,-0.005374686057614655,0.03746029580127344,0.05714285714285714,0.5697211155378487,0.001944593468706898,251
xgb_17,2018,0.1,0.25,1,-0.005374686057614655,0.03746029580127344,0.05714285714285714,0.5697211155378487,0.001944593468706898,251
xgb_17,2018,0.1,0.5,1,-0.005374686057614655,0.03746029580127344,0.05714285714285714,0.5697211155378487,0.001944593468706898,251
xgb_17,2018,0.25,0.1,1,-0.005374686057614655,0.03743959936623438,0.05714285714285714,0.5697211155378487,0.001944593468706898,251
xgb_17,2018,0.25,0.25,1,-0.005374686057614655,0.03743959936623438,0.05714285714285714,0.5697211155378487,0.001944593468706898,251
xgb_17,2018,0.25,0.5,1,-0.005374686057614655,0.03743959936623438,0.05714285714285714,0.5697211155378487,0.001944593468706898,251
xgb_17,2018,0.5,0.1,1,-0.005374686057614655,0.03743442189602658,0.05714285714285714,0.5697211155378487,0.0019285601821993432,251
xgb_17,2018,0.5,0.25,1,-0.005374686057614655,0.03743442189602658,0.05714285714285714,0.5697211155378487,0.0019285601821993432,251
xgb_17,2018,0.5,0.5,1,-0.005374686057614655,0.03743442189602658,0.05714285714285714,0.5697211155378487,0.0019285601821993432,251
xgb_17,2018,0.75,0.1,1,-0.005374686057614655,0.037154929263902105,0.05714285714285714,0.5697211155378487,0.0018555105825167001,251
xgb_17,2018,0.75,0.25,1,-0.005374686057614655,0.037154929263902105,0.05714285714285714,0.5697211155378487,0.0018555105825167001,251
xgb_17,2018,0.75,0.5,1,-0.005374686057614655,0.037154929263902105,0.05714285714285714,0.5697211155378487,0.0018555105825167001,251
xgb_17,2018,1.0,0.1,1,-0.005374686057614655,0.03666858488989636,0.05714285714285714,0.5697211155378487,0.0018555105825167001,251
xgb_17,2018,1.0,0.25,1,-0.005374686057614655,0.03666858488989636,0.05714285714285714,0.5697211155378487,0.0018555105825167001,251
xgb_17,2018,1.0,0.5,1,-0.005374686057614655,0.03666858488989636,0.05714285714285714,0.5697211155378487,0.0018555105825167001,251
xgb_17,2019,0.05,0.1,11,0.001401069211017962,-0.0022068725704088416,-0.0025974025974025974,0.49206349206349204,-0.002306745696110787,252
xgb_17,2019,0.05,0.25,11,0.001401069211017962,-0.0021965654172445455,-0.0025974025974025974,0.49206349206349204,-0.002306745696110787,252
xgb_17,2019,0.05,0.5,11,0.001401069211017962,-0.0021965654172445455,-0.0025974025974025974,0.49206349206349204,-0.002306745696110787,252
xgb_17,2019,0.1,0.1,11,0.001401069211017962,-0.0020934938856015843,0.0,0.49603174603174605,-0.002306745696110787,252
xgb_17,2019,0.1,0.25,11,0.001401069211017962,-0.002108954615348028,0.0,0.49603174603174605,-0.002306745696110787,252
xgb_17,2019,0.1,0.5,11,0.001401069211017962,-0.002108954615348028,0.0,0.49603174603174605,-0.002306745696110787,252
xgb_17,2019,0.25,0.1,11,0.001401069211017962,-0.002217179723573137,0.0,0.49603174603174605,-0.00231081421279676,252
xgb_17,2019,0.25,0.25,11,0.001401069211017962,-0.002206872570408841,0.0,0.49603174603174605,-0.00231081421279676,252
xgb_17,2019,0.25,0.5,11,0.001401069211017962,-0.002206872570408841,0.0,0.49603174603174605,-0.00231081421279676,252
xgb_17,2019,0.5,0.1,11,0.001401069211017962,-0.00230476876276141,-0.005844155844155844,0.49206349206349204,-0.0024355203386561,252
xgb_17,2019,0.5,0.25,11,0.001401069211017962,-0.0021707757716255627,-0.005844155844155844,0.49206349206349204,-0.0024306462304424744,252
xgb_17,2019,0.5,0.5,11,0.001401069211017962,-0.0021707757716255627,-0.005844155844155844,0.49206349206349204,-0.0024306462304424744,252
xgb_17,2019,0.75,0.1,11,0.001401069211017962,-0.0026500148683488334,-0.0012987012987012987,0.4880952380952381,-0.002467900108307503,252
xgb_17,2019,0.75,0.25,11,0.001401069211017962,-0.002644861291766686,-0.0012987012987012987,0.4880952380952381,-0.0025152885338580954,252
xgb_17,2019,0.75,0.5,11,0.001401069211017962,-0.002644861291766686,-0.0012987012987012987,0.4880952380952381,-0.0025152885338580954,252
xgb_17,2019,1.0,0.1,11,0.001401069211017962,-0.0020212718291088513,-0.0012987012987012987,0.4880952380952381,-0.002300402535509745,252
xgb_17,2019,1.0,0.25,11,0.001401069211017962,-0.0019491217569587804,-0.0012987012987012987,0.4880952380952381,-0.0023587155427138417,252
xgb_17,2019,1.0,0.5,11,0.001401069211017962,-0.0019491217569587804,-0.0012987012987012987,0.4880952380952381,-0.0023587155427138417,252
xgb_17,2020,0.05,0.1,46,-0.002575655504326612,0.03601317879499283,0.03529411764705882,0.5454545454545454,-0.006402478567526065,253
xgb_17,2020,0.05,0.25,46,-0.002575655504326612,0.036018978993293815,0.044117647058823525,0.5454545454545454,-0.006402478567526065,253
xgb_17,2020,0.05,0.5,46,-0.002575655504326612,0.036018978993293815,0.044117647058823525,0.5454545454545454,-0.006402478567526065,253
xgb_17,2020,0.1,0.1,46,-0.002575655504326612,0.03598788887873508,0.03529411764705882,0.5454545454545454,-0.006402478567526065,253
xgb_17,2020,0.1,0.25,46,-0.002575655504326612,0.03602437972006902,0.044117647058823525,0.5454545454545454,-0.006402478567526065,253
xgb_17,2020,0.1,0.5,46,-0.002575655504326612,0.03602437972006902,0.044117647058823525,0.5454545454545454,-0.006402478567526065,253
xgb_17,2020,0.25,0.1,46,-0.002575655504326612,0.03629685164402978,0.03090508562952616,0.5454545454545454,-0.006330054623133373,253
xgb_17,2020,0.25,0.25,46,-0.002575655504326612,0.03741267600972226,0.02982456140350877,0.5454545454545454,-0.005079114599830873,253
xgb_17,2020,0.25,0.5,46,-0.002575655504326612,0.03741267600972226,0.02982456140350877,0.5454545454545454,-0.005079114599830873,253
xgb_17,2020,0.5,0.1,46,-0.002575655504326612,0.03688809084409924,0.03333333333333333,0.549407114624506,-0.0050360815984390305,253
xgb_17,2020,0.5,0.25,46,-0.002575655504326612,0.038386511276378044,0.03333333333333333,0.5533596837944664,-0.004124760426918794,253
xgb_17,2020,0.5,0.5,46,-0.002575655504326612,0.038386511276378044,0.03333333333333333,0.5533596837944664,-0.004124760426918794,253
xgb_17,2020,0.75,0.1,46,-0.002575655504326612,0.03602323781028998,0.03333333333333333,0.5573122529644269,-0.00440934720062306,253
xgb_17,2020,0.75,0.25,46,-0.002575655504326612,0.0381057900274609,0.02727272727272727,0.5533596837944664,-0.0035211502101032753,253
xgb_17,2020,0.75,0.5,46,-0.002575655504326612,0.038070914417137725,0.02727272727272727,0.5533596837944664,-0.0035211502101032753,253
xgb_17,2020,1.0,0.1,46,-0.002575655504326612,0.035168625062172075,0.023529411764705882,0.5573122529644269,-0.0043207512405723505,253
xgb_17,2020,1.0,0.25,46,-0.002575655504326612,0.03799139999065614,0.028070175438596492,0.5533596837944664,-0.0035717949881101086,253
xgb_17,2020,1.0,0.5,46,-0.002575655504326612,0.03799139999065614,0.028070175438596492,0.5533596837944664,-0.0035717949881101086,253
xgb_18,2018,0.05,0.1,7,-0.005374686057614655,0.037857589047304366,0.05714285714285714,0.5697211155378487,0.001973498759294019,251
xgb_18,2018,0.05,0.25,7,-0.005374686057614655,0.037857589047304366,0.05714285714285714,0.5697211155378487,0.001973498759294019,251
xgb_18,2018,0.05,0.5,7,-0.005374686057614655,0.037857589047304366,0.05714285714285714,0.5697211155378487,0.001973498759294019,251
xgb_18,2018,0.1,0.1,7,-0.005374686057614655,0.037857589047304366,0.05714285714285714,0.5697211155378487,0.001973498759294019,251
xgb_18,2018,0.1,0.25,7,-0.005374686057614655,0.037857589047304366,0.05714285714285714,0.5697211155378487,0.001973498759294019,251
xgb_18,2018,0.1,0.5,7,-0.005374686057614655,0.037857589047304366,0.05714285714285714,0.5697211155378487,0.001973498759294019,251
xgb_18,2018,0.25,0.1,7,-0.005374686057614655,0.03801283247878558,0.05714285714285714,0.5697211155378487,0.0020547129539974043,251
xgb_18,2018,0.25,0.25,7,-0.005374686057614655,0.03801283247878558,0.05714285714285714,0.5697211155378487,0.0020547129539974043,251
xgb_18,2018,0.25,0.5,7,-0.005374686057614655,0.03801283247878558,0.05714285714285714,0.5697211155378487,0.0020547129539974043,251
xgb_18,2018,0.5,0.1,7,-0.005374686057614655,0.037469551059010134,0.05714285714285714,0.5697211155378487,0.0019416213591230158,251
xgb_18,2018,0.5,0.25,7,-0.005374686057614655,0.037469551059010134,0.05714285714285714,0.5697211155378487,0.0019416213591230158,251
xgb_18,2018,0.5,0.5,7,-0.005374686057614655,0.037469551059010134,0.05714285714285714,0.5697211155378487,0.0019416213591230158,251
xgb_18,2018,0.75,0.1,7,-0.005374686057614655,0.037076278455891426,0.062337662337662345,0.5697211155378487,0.0018496192274667226,251
xgb_18,2018,0.75,0.25,7,-0.005374686057614655,0.037076278455891426,0.062337662337662345,0.5697211155378487,0.0018496192274667226,251
xgb_18,2018,0.75,0.5,7,-0.005374686057614655,0.037076278455891426,0.062337662337662345,0.5697211155378487,0.0018496192274667226,251
xgb_18,2018,1.0,0.1,7,-0.005374686057614655,0.03673476206688657,0.05714285714285714,0.5697211155378487,0.001766897758684458,251
xgb_18,2018,1.0,0.25,7,-0.005374686057614655,0.0367451102844061,0.05714285714285714,0.5697211155378487,0.001766897758684458,251
xgb_18,2018,1.0,0.5,7,-0.005374686057614655,0.0367451102844061,0.05714285714285714,0.5697211155378487,0.001766897758684458,251
xgb_18,2019,0.05,0.1,4,0.001401069211017962,-0.002379213067201429,-0.0038961038961038965,0.49206349206349204,-0.0023138048545738982,252
xgb_18,2019,0.05,0.25,4,0.001401069211017962,-0.002379213067201429,-0.0038961038961038965,0.49206349206349204,-0.0023138048545738982,252
xgb_18,2019,0.05,0.5,4,0.001401069211017962,-0.002379213067201429,-0.0038961038961038965,0.49206349206349204,-0.0023138048545738982,252
xgb_18,2019,0.1,0.1,4,0.001401069211017962,-0.002379213067201429,-0.0038961038961038965,0.49206349206349204,-0.0023138048545738982,252
xgb_18,2019,0.1,0.25,4,0.001401069211017962,-0.002379213067201429,-0.0038961038961038965,0.49206349206349204,-0.0023138048545738982,252
xgb_18,2019,0.1,0.5,4,0.001401069211017962,-0.002379213067201429,-0.0038961038961038965,0.49206349206349204,-0.0023138048545738982,252
xgb_18,2019,0.25,0.1,4,0.001401069211017962,-0.002348291607708538,0.0,0.49603174603174605,-0.0023138048545738982,252
xgb_18,2019,0.25,0.25,4,0.001401069211017962,-0.002348291607708538,0.0,0.49603174603174605,-0.0023138048545738982,252
xgb_18,2019,0.25,0.5,4,0.001401069211017962,-0.002348291607708538,0.0,0.49603174603174605,-0.0023138048545738982,252
xgb_18,2019,0.5,0.1,4,0.001401069211017962,-0.0023121864386528557,0.0,0.49603174603174605,-0.0023138048545738982,252
xgb_18,2019,0.5,0.25,4,0.001401069211017962,-0.0023121864386528557,0.0,0.49603174603174605,-0.0023138048545738982,252
xgb_18,2019,0.5,0.5,4,0.001401069211017962,-0.0023121864386528557,0.0,0.49603174603174605,-0.0023138048545738982,252
xgb_18,2019,0.75,0.1,4,0.001401069211017962,-0.002688454447001995,0.0,0.49603174603174605,-0.002372181902231823,252
xgb_18,2019,0.75,0.25,4,0.001401069211017962,-0.002688454447001995,0.0,0.49603174603174605,-0.002372181902231823,252
xgb_18,2019,0.75,0.5,4,0.001401069211017962,-0.002688454447001995,0.0,0.49603174603174605,-0.002372181902231823,252
xgb_18,2019,1.0,0.1,4,0.001401069211017962,-0.0025544614558661474,0.0,0.49603174603174605,-0.002369215407402715,252
xgb_18,2019,1.0,0.25,4,0.001401069211017962,-0.0025544614558661474,0.0,0.49603174603174605,-0.002369215407402715,252
xgb_18,2019,1.0,0.5,4,0.001401069211017962,-0.0025544614558661474,0.0,0.49603174603174605,-0.002369215407402715,252
xgb_18,2020,0.05,0.1,93,-0.002575655504326612,0.03476400225888171,0.03529411764705882,0.541501976284585,-0.006426977113520613,253
xgb_18,2020,0.05,0.25,93,-0.002575655504326612,0.03522614901058102,0.0411764705882353,0.541501976284585,-0.006479547607972068,253
xgb_18,2020,0.05,0.5,93,-0.002575655504326612,0.03522614901058102,0.0411764705882353,0.541501976284585,-0.006479547607972068,253
xgb_18,2020,0.1,0.1,93,-0.002575655504326612,0.035018098639949785,0.03529411764705882,0.541501976284585,-0.006426977113520613,253
xgb_18,2020,0.1,0.25,93,-0.002575655504326612,0.03614603925425154,0.044117647058823525,0.541501976284585,-0.005409523826369489,253
xgb_18,2020,0.1,0.5,93,-0.002575655504326612,0.03613910492237442,0.044117647058823525,0.541501976284585,-0.005409523826369489,253
xgb_18,2020,0.25,0.1,93,-0.002575655504326612,0.035535812176226256,0.03090508562952616,0.5454545454545454,-0.005490399991229085,253
xgb_18,2020,0.25,0.25,93,-0.002575655504326612,0.03710853802723502,0.02941176470588235,0.549407114624506,-0.0051335069815721165,253
xgb_18,2020,0.25,0.5,93,-0.002575655504326612,0.0371917500097605,0.02941176470588235,0.549407114624506,-0.0051335069815721165,253
xgb_18,2020,0.5,0.1,93,-0.002575655504326612,0.03534530328317647,0.03090508562952616,0.549407114624506,-0.005360709333657848,253
xgb_18,2020,0.5,0.25,93,-0.002575655504326612,0.0373718717965466,0.03333333333333333,0.549407114624506,-0.004412646294908151,253
xgb_18,2020,0.5,0.5,93,-0.002575655504326612,0.03745732723938527,0.03333333333333333,0.549407114624506,-0.004412646294908151,253
xgb_18,2020,0.75,0.1,93,-0.002575655504326612,0.03591906129440077,0.032352941176470584,0.5454545454545454,-0.004462938485557107,253
xgb_18,2020,0.75,0.25,93,-0.002575655504326612,0.0381570060934713,0.031578947368421054,0.5612648221343873,-0.003954478327940555,253
xgb_18,2020,0.75,0.5,93,-0.002575655504326612,0.03848985402357324,0.031578947368421054,0.5612648221343873,-0.0036016042351618405,253
xgb_18,2020,1.0,0.1,93,-0.002575655504326612,0.03635602906899941,0.031578947368421054,0.5533596837944664,-0.004479441629547335,253
xgb_18,2020,1.0,0.25,93,-0.002575655504326612,0.04024149194825537,0.044117647058823525,0.5731225296442688,-0.004074453745576663,253
xgb_18,2020,1.0,0.5,93,-0.002575655504326612,0.0405360659686459,0.044117647058823525,0.5731225296442688,-0.003806717262906153,253
xgb_19,2018,0.05,0.1,24,-0.005374686057614655,0.03769855642365602,0.05714285714285714,0.5737051792828686,0.001921656884341468,251
xgb_19,2018,0.05,0.25,24,-0.005374686057614655,0.03769855642365602,0.05714285714285714,0.5737051792828686,0.001921656884341468,251
xgb_19,2018,0.05,0.5,24,-0.005374686057614655,0.03769855642365602,0.05714285714285714,0.5737051792828686,0.001921656884341468,251
xgb_19,2018,0.1,0.1,24,-0.005374686057614655,0.03769855642365602,0.05714285714285714,0.5737051792828686,0.001921656884341468,251
xgb_19,2018,0.1,0.25,24,-0.005374686057614655,0.03768303409737672,0.05714285714285714,0.5737051792828686,0.0019056235978339132,251
xgb_19,2018,0.1,0.5,24,-0.005374686057614655,0.03768303409737672,0.05714285714285714,0.5737051792828686,0.0019056235978339132,251
xgb_19,2018,0.25,0.1,24,-0.005374686057614655,0.037631293009779056,0.05714285714285714,0.5737051792828686,0.0018314133838244384,251
xgb_19,2018,0.25,0.25,24,-0.005374686057614655,0.03747089563822631,0.05714285714285714,0.5737051792828686,0.0018314133838244384,251
xgb_19,2018,0.25,0.5,24,-0.005374686057614655,0.03747089563822631,0.05714285714285714,0.5737051792828686,0.0018314133838244384,251
xgb_19,2018,0.5,0.1,24,-0.005374686057614655,0.03687587313085321,0.07142857142857142,0.5737051792828686,0.0019073040343735232,251
xgb_19,2018,0.5,0.25,24,-0.005374686057614655,0.03679826149945672,0.07142857142857142,0.5737051792828686,0.0019073040343735232,251
xgb_19,2018,0.5,0.5,24,-0.005374686057614655,0.03679826149945672,0.07142857142857142,0.5737051792828686,0.0019073040343735232,251
xgb_19,2018,0.75,0.1,24,-0.005374686057614655,0.036544730170228176,0.05844155844155843,0.5657370517928287,0.0018301586008493745,251
xgb_19,2018,0.75,0.25,24,-0.005374686057614655,0.036575774822786775,0.05844155844155843,0.5657370517928287,0.0018301586008493745,251
xgb_19,2018,0.75,0.5,24,-0.005374686057614655,0.036575774822786775,0.05844155844155843,0.5657370517928287,0.0018301586008493745,251
xgb_19,2018,1.0,0.1,24,-0.005374686057614655,0.036223935427122676,0.06363636363636363,0.5657370517928287,0.0018215357861442684,251
xgb_19,2018,1.0,0.25,24,-0.005374686057614655,0.036006622859212495,0.06363636363636363,0.5657370517928287,0.0018215357861442684,251
xgb_19,2018,1.0,0.5,24,-0.005374686057614655,0.036006622859212495,0.06363636363636363,0.5657370517928287,0.0018215357861442684,251
xgb_19,2019,0.05,0.1,49,0.001401069211017962,-0.0020928945740975803,0.0019480519480519483,0.5,-0.002209917299638788,252
xgb_19,2019,0.05,0.25,49,0.001401069211017962,-0.002082587420933284,0.0019480519480519483,0.5,-0.002209917299638788,252
xgb_19,2019,0.05,0.5,49,0.001401069211017962,-0.002082587420933284,0.0019480519480519483,0.5,-0.002209917299638788,252
xgb_19,2019,0.1,0.1,49,0.001401069211017962,-0.002087740997515434,0.0019480519480519483,0.5,-0.002209917299638788,252
xgb_19,2019,0.1,0.25,49,0.001401069211017962,-0.002087740997515434,0.0019480519480519483,0.5,-0.002209917299638788,252
xgb_19,2019,0.1,0.5,49,0.001401069211017962,-0.002087740997515434,0.0019480519480519483,0.5,-0.002209917299638788,252
xgb_19,2019,0.25,0.1,49,0.001401069211017962,-0.0020258980785296593,0.0019480519480519483,0.5,-0.0021838412180970376,252
xgb_19,2019,0.25,0.25,49,0.001401069211017962,-0.002041358808276105,0.0019480519480519483,0.5,-0.0021838412180970376,252
xgb_19,2019,0.25,0.5,49,0.001401069211017962,-0.002041358808276105,0.0019480519480519483,0.5,-0.0021838412180970376,252
xgb_19,2019,0.5,0.1,49,0.001401069211017962,-0.001726990636765077,-0.006493506493506494,0.49603174603174605,-0.0022203997303814884,252
xgb_19,2019,0.5,0.25,49,0.001401069211017962,-0.0016651477177793007,-0.006493506493506494,0.49603174603174605,-0.0022155256221678627,252
xgb_19,2019,0.5,0.5,49,0.001401069211017962,-0.0016651477177793007,-0.006493506493506494,0.49603174603174605,-0.0022155256221678627,252
xgb_19,2019,0.75,0.1,49,0.001401069211017962,-0.0021343944276275085,-0.003246753246753247,0.4880952380952381,-0.0022495545617002627,252
xgb_19,2019,0.75,0.25,49,0.001401069211017962,-0.0023663053738241695,-0.003246753246753247,0.48412698412698413,-0.0022627525804026897,252
xgb_19,2019,0.75,0.5,49,0.001401069211017962,-0.0023663053738241695,-0.003246753246753247,0.48412698412698413,-0.0022627525804026897,252
xgb_19,2019,1.0,0.1,49,0.001401069211017962,-0.0025995725243845563,-0.003246753246753247,0.49603174603174605,-0.0021504379002020802,252
xgb_19,2019,1.0,0.25,49,0.001401069211017962,-0.002609879677548854,-0.003246753246753247,0.49603174603174605,-0.0021401816587040246,252
xgb_19,2019,1.0,0.5,49,0.001401069211017962,-0.002609879677548854,-0.003246753246753247,0.49603174603174605,-0.0021401816587040246,252
xgb_19,2020,0.05,0.1,197,-0.002575655504326612,0.034936614725456006,0.03529411764705882,0.5454545454545454,-0.006620017402648361,253
xgb_19,2020,0.05,0.25,197,-0.002575655504326612,0.035173014493919054,0.04035087719298246,0.5454545454545454,-0.006620017402648361,253
xgb_19,2020,0.05,0.5,197,-0.002575655504326612,0.035173014493919054,0.04035087719298246,0.5454545454545454,-0.006620017402648361,253
xgb_19,2020,0.1,0.1,197,-0.002575655504326612,0.03503982184600303,0.03529411764705882,0.5454545454545454,-0.006620017402648361,253
xgb_19,2020,0.1,0.25,197,-0.002575655504326612,0.03542414166718184,0.04035087719298246,0.5454545454545454,-0.006608977863460974,253
xgb_19,2020,0.1,0.5,197,-0.002575655504326612,0.03542414166718184,0.04035087719298246,0.5454545454545454,-0.006608977863460974,253
xgb_19,2020,0.25,0.1,197,-0.002575655504326612,0.036051961482575175,0.03529411764705882,0.549407114624506,-0.005455754269370905,253
xgb_19,2020,0.25,0.25,197,-0.002575655504326612,0.03700483824598168,0.02941176470588235,0.549407114624506,-0.00518567242801825,253
xgb_19,2020,0.25,0.5,197,-0.002575655504326612,0.03700483824598168,0.02941176470588235,0.549407114624506,-0.00518567242801825,253
xgb_19,2020,0.5,0.1,197,-0.002575655504326612,0.034178390491884494,0.02982456140350877,0.549407114624506,-0.005476076488191216,253
xgb_19,2020,0.5,0.25,197,-0.002575655504326612,0.03622862746475369,0.02647058823529412,0.5573122529644269,-0.004474917834193716,253
xgb_19,2020,0.5,0.5,197,-0.002575655504326612,0.03624025266819475,0.023529411764705882,0.5573122529644269,-0.004474917834193716,253
xgb_19,2020,0.75,0.1,197,-0.002575655504326612,0.03455779397964296,0.02857142857142857,0.541501976284585,-0.005065460299406813,253
xgb_19,2020,0.75,0.25,197,-0.002575655504326612,0.036762212118616376,0.021052631578947368,0.549407114624506,-0.004466773026585406,253
xgb_19,2020,0.75,0.5,197,-0.002575655504326612,0.03685521374614486,0.021052631578947368,0.549407114624506,-0.004466773026585406,253
xgb_19,2020,1.0,0.1,197,-0.002575655504326612,0.034445691026491566,0.032352941176470584,0.549407114624506,-0.005041406050439154,253
xgb_19,2020,1.0,0.25,197,-0.002575655504326612,0.03782185378264625,0.044117647058823525,0.5573122529644269,-0.003482898473739728,253
xgb_19,2020,1.0,0.5,197,-0.002575655504326612,0.0379536060883116,0.044117647058823525,0.5573122529644269,-0.0030501578062652234,253
xgb_20,2018,0.05,0.1,10,-0.005374686057614655,0.03749435308258136,0.06493506493506493,0.5697211155378487,0.0018529660558973763,251
xgb_20,2018,0.05,0.25,10,-0.005374686057614655,0.03749435308258136,0.06493506493506493,0.5697211155378487,0.0018529660558973763,251
xgb_20,2018,0.05,0.5,10,-0.005374686057614655,0.03749435308258136,0.06493506493506493,0.5697211155378487,0.0018529660558973763,251
xgb_20,2018,0.1,0.1,10,-0.005374686057614655,0.037458134321262986,0.06493506493506493,0.5697211155378487,0.0018357721550629892,251
xgb_20,2018,0.1,0.25,10,-0.005374686057614655,0.037458134321262986,0.06493506493506493,0.5697211155378487,0.0018357721550629892,251
xgb_20,2018,0.1,0.5,10,-0.005374686057614655,0.037458134321262986,0.06493506493506493,0.5697211155378487,0.0018357721550629892,251
xgb_20,2018,0.25,0.1,10,-0.005374686057614655,0.03726153835708012,0.06493506493506493,0.5697211155378487,0.001878953983884409,251
xgb_20,2018,0.25,0.25,10,-0.005374686057614655,0.03726153835708012,0.06493506493506493,0.5697211155378487,0.001878953983884409,251
xgb_20,2018,0.25,0.5,10,-0.005374686057614655,0.03726153835708012,0.06493506493506493,0.5697211155378487,0.001878953983884409,251
xgb_20,2018,0.5,0.1,10,-0.005374686057614655,0.0364077599899981,0.06493506493506493,0.5657370517928287,0.0018025927241687965,251
xgb_20,2018,0.5,0.25,10,-0.005374686057614655,0.036609550231628984,0.06493506493506493,0.5657370517928287,0.0017762577849377607,251
xgb_20,2018,0.5,0.5,10,-0.005374686057614655,0.036609550231628984,0.06493506493506493,0.5657370517928287,0.0017762577849377607,251
xgb_20,2018,0.75,0.1,10,-0.005374686057614655,0.03615940276952933,0.05844155844155843,0.5697211155378487,0.0017903204256610615,251
xgb_20,2018,0.75,0.25,10,-0.005374686057614655,0.03615940276952933,0.05844155844155843,0.5697211155378487,0.0017903204256610615,251
xgb_20,2018,0.75,0.5,10,-0.005374686057614655,0.03615940276952933,0.05844155844155843,0.5697211155378487,0.0017903204256610615,251
xgb_20,2018,1.0,0.1,10,-0.005374686057614655,0.03603522415929494,0.05844155844155843,0.5657370517928287,0.0016101094619177909,251
xgb_20,2018,1.0,0.25,10,-0.005374686057614655,0.035895523222781264,0.05844155844155843,0.5657370517928287,0.001617051895305995,251
xgb_20,2018,1.0,0.5,10,-0.005374686057614655,0.035895523222781264,0.05844155844155843,0.5657370517928287,0.001617051895305995,251
xgb_20,2019,0.05,0.1,10,0.001401069211017962,-0.002032904414840084,-0.0022734655307531525,0.49206349206349204,-0.0022970894112609576,252
xgb_20,2019,0.05,0.25,10,0.001401069211017962,-0.002032904414840084,-0.0022734655307531525,0.49206349206349204,-0.0022970894112609576,252
xgb_20,2019,0.05,0.5,10,0.001401069211017962,-0.002032904414840084,-0.0022734655307531525,0.49206349206349204,-0.0022970894112609576,252
xgb_20,2019,0.1,0.1,10,0.001401069211017962,-0.0021102080635723042,-0.0022734655307531525,0.49206349206349204,-0.0022970894112609576,252
xgb_20,2019,0.1,0.25,10,0.001401069211017962,-0.002130822369900896,-0.0022734655307531525,0.49206349206349204,-0.0022970894112609576,252
xgb_20,2019,0.1,0.5,10,0.001401069211017962,-0.002130822369900896,-0.0022734655307531525,0.49206349206349204,-0.0022970894112609576,252
xgb_20,2019,0.25,0.1,10,0.001401069211017962,-0.002130792236920248,0.0,0.49603174603174605,-0.0023272340094886803,252
xgb_20,2019,0.25,0.25,10,0.001401069211017962,-0.0021204850837559515,0.0,0.49603174603174605,-0.0023272340094886803,252
xgb_20,2019,0.25,0.5,10,0.001401069211017962,-0.0021204850837559515,0.0,0.49603174603174605,-0.0023272340094886803,252
xgb_20,2019,0.5,0.1,10,0.001401069211017962,-0.0018937427806317683,-0.0019480519480519483,0.49206349206349204,-0.0023544236283847566,252
xgb_20,2019,0.5,0.25,10,0.001401069211017962,-0.001852514167974584,-0.0019480519480519483,0.49206349206349204,-0.0023495495201711313,252
xgb_20,2019,0.5,0.5,10,0.001401069211017962,-0.001852514167974584,-0.0019480519480519483,0.49206349206349204,-0.0023495495201711313,252
xgb_20,2019,0.75,0.1,10,0.001401069211017962,-0.002348365920114494,-0.0071428571428571435,0.48412698412698413,-0.0022913322795317893,252
xgb_20,2019,0.75,0.25,10,0.001401069211017962,-0.0023535194966966422,-0.0071428571428571435,0.4801587301587302,-0.002257141872683625,252
xgb_20,2019,0.75,0.5,10,0.001401069211017962,-0.0023535194966966422,-0.0071428571428571435,0.4801587301587302,-0.002257141872683625,252
xgb_20,2019,1.0,0.1,10,0.001401069211017962,-0.003497638608750708,-0.004545454545454545,0.4801587301587302,-0.0022319406850514743,252
xgb_20,2019,1.0,0.25,10,0.001401069211017962,-0.0035697886809007806,-0.004545454545454545,0.4801587301587302,-0.0022428652667049794,252
xgb_20,2019,1.0,0.5,10,0.001401069211017962,-0.0035697886809007806,-0.004545454545454545,0.4801587301587302,-0.0022428652667049794,252
xgb_20,2020,0.05,0.1,104,-0.002575655504326612,0.03560505457834926,0.03090508562952616,0.541501976284585,-0.006268109139603091,253
xgb_20,2020,0.05,0.25,104,-0.002575655504326612,0.03578484214382843,0.02982456140350877,0.541501976284585,-0.00615315013778377,253
xgb_20,2020,0.05,0.5,104,-0.002575655504326612,0.03578484214382843,0.02982456140350877,0.541501976284585,-0.00615315013778377,253
xgb_20,2020,0.1,0.1,104,-0.002575655504326612,0.035852966213453595,0.03090508562952616,0.541501976284585,-0.006268109139603091,253
xgb_20,2020,0.1,0.25,104,-0.002575655504326612,0.03606385099948408,0.02982456140350877,0.541501976284585,-0.005586233271033095,253
xgb_20,2020,0.1,0.5,104,-0.002575655504326612,0.036145227423571506,0.02982456140350877,0.541501976284585,-0.005586233271033095,253
xgb_20,2020,0.25,0.1,104,-0.002575655504326612,0.03536028105746988,0.03090508562952616,0.541501976284585,-0.00573165055388163,253
xgb_20,2020,0.25,0.25,104,-0.002575655504326612,0.03584855297339542,0.02647058823529412,0.5454545454545454,-0.005365700839786927,253
xgb_20,2020,0.25,0.5,104,-0.002575655504326612,0.036081057042216626,0.02647058823529412,0.5454545454545454,-0.005365700839786927,253
xgb_20,2020,0.5,0.1,104,-0.002575655504326612,0.03493241601979002,0.02982456140350877,0.5335968379446641,-0.005224745943543174,253
xgb_20,2020,0.5,0.25,104,-0.002575655504326612,0.03691799090421198,0.02982456140350877,0.5454545454545454,-0.004895483808038063,253
xgb_20,2020,0.5,0.5,104,-0.002575655504326612,0.03702595246544634,0.02982456140350877,0.5454545454545454,-0.004895483808038063,253
xgb_20,2020,0.75,0.1,104,-0.002575655504326612,0.035211642885033805,0.03090508562952616,0.5375494071146245,-0.004862393894142526,253
xgb_20,2020,0.75,0.25,104,-0.002575655504326612,0.038158245691377525,0.032352941176470584,0.5454545454545454,-0.004563683064320874,253
xgb_20,2020,0.75,0.5,104,-0.002575655504326612,0.038326921062882095,0.032352941176470584,0.5454545454545454,-0.00421080897154216,253
xgb_20,2020,1.0,0.1,104,-0.002575655504326612,0.034368973464113384,0.032352941176470584,0.5335968379446641,-0.004811291418968909,253
xgb_20,2020,1.0,0.25,104,-0.002575655504326612,0.03907860343297634,0.042105263157894736,0.549407114624506,-0.004076155718521439,253
xgb_20,2020,1.0,0.5,104,-0.002575655504326612,0.03934091877195684,0.042105263157894736,0.549407114624506,-0.004076155718521439,253
xgb_21,2018,0.05,0.1,29,-0.005374686057614655,0.037512288508304445,0.062337662337662345,0.5737051792828686,0.0018811145170206068,251
xgb_21,2018,0.05,0.25,29,-0.005374686057614655,0.037512288508304445,0.062337662337662345,0.5737051792828686,0.0018811145170206068,251
xgb_21,2018,0.05,0.5,29,-0.005374686057614655,0.037512288508304445,0.062337662337662345,0.5737051792828686,0.0018811145170206068,251
xgb_21,2018,0.1,0.1,29,-0.005374686057614655,0.037491592073265384,0.062337662337662345,0.5737051792828686,0.0018639206161862201,251
xgb_21,2018,0.1,0.25,29,-0.005374686057614655,0.03742950276814818,0.062337662337662345,0.5737051792828686,0.0018639206161862201,251
xgb_21,2018,0.1,0.5,29,-0.005374686057614655,0.03742950276814818,0.062337662337662345,0.5737051792828686,0.0018639206161862201,251
xgb_21,2018,0.25,0.1,29,-0.005374686057614655,0.03688622134837274,0.062337662337662345,0.5737051792828686,0.001834052845324997,251
xgb_21,2018,0.25,0.25,29,-0.005374686057614655,0.03663269001914419,0.062337662337662345,0.5737051792828686,0.001834052845324997,251
xgb_21,2018,0.25,0.5,29,-0.005374686057614655,0.03663269001914419,0.062337662337662345,0.5737051792828686,0.001834052845324997,251
xgb_21,2018,0.5,0.1,29,-0.005374686057614655,0.03678791328193719,0.05714285714285714,0.5737051792828686,0.0018427030106041326,251
xgb_21,2018,0.5,0.25,29,-0.005374686057614655,0.03641537745123402,0.05714285714285714,0.5737051792828686,0.0018163680713730965,251
xgb_21,2018,0.5,0.5,29,-0.005374686057614655,0.03641537745123402,0.05714285714285714,0.5737051792828686,0.0018163680713730965,251
xgb_21,2018,0.75,0.1,29,-0.005374686057614655,0.03643089977751331,0.05844155844155843,0.5737051792828686,0.00176261271307481,251
xgb_21,2018,0.75,0.25,29,-0.005374686057614655,0.03590831479277694,0.05844155844155843,0.5737051792828686,0.0017692953074967771,251
xgb_21,2018,0.75,0.5,29,-0.005374686057614655,0.03590831479277694,0.05844155844155843,0.5737051792828686,0.0017692953074967771,251
xgb_21,2018,1.0,0.1,29,-0.005374686057614655,0.03656025249650747,0.05324675324675325,0.5737051792828686,0.0015354579155752758,251
xgb_21,2018,1.0,0.25,29,-0.005374686057614655,0.035628912919749574,0.05064935064935065,0.5776892430278885,0.001508224946403057,251
xgb_21,2018,1.0,0.5,29,-0.005374686057614655,0.035628912919749574,0.05064935064935065,0.5776892430278885,0.001508224946403057,251
xgb_21,2019,0.05,0.1,6,0.001401069211017962,-0.0025600781602695497,-0.0038961038961038965,0.49206349206349204,-0.002290949954427122,252
xgb_21,2019,0.05,0.25,6,0.001401069211017962,-0.0025600781602695497,-0.0038961038961038965,0.49206349206349204,-0.002290949954427122,252
xgb_21,2019,0.05,0.5,6,0.001401069211017962,-0.0025600781602695497,-0.0038961038961038965,0.49206349206349204,-0.002290949954427122,252
xgb_21,2019,0.1,0.1,6,0.001401069211017962,-0.0025497710071052536,-0.0038961038961038965,0.49206349206349204,-0.002290949954427122,252
xgb_21,2019,0.1,0.25,6,0.001401069211017962,-0.0025497710071052536,-0.0038961038961038965,0.49206349206349204,-0.002290949954427122,252
xgb_21,2019,0.1,0.5,6,0.001401069211017962,-0.0025497710071052536,-0.0038961038961038965,0.49206349206349204,-0.002290949954427122,252
xgb_21,2019,0.25,0.1,6,0.001401069211017962,-0.002405470862805108,0.0,0.49603174603174605,-0.002290949954427122,252
xgb_21,2019,0.25,0.25,6,0.001401069211017962,-0.002405470862805108,0.0,0.49603174603174605,-0.002290949954427122,252
xgb_21,2019,0.25,0.5,6,0.001401069211017962,-0.002405470862805108,0.0,0.49603174603174605,-0.002290949954427122,252
xgb_21,2019,0.5,0.1,6,0.001401069211017962,-0.002493051531720979,0.0,0.49603174603174605,-0.0023359064568564077,252
xgb_21,2019,0.5,0.25,6,0.001401069211017962,-0.002493051531720979,0.0,0.49603174603174605,-0.0023359064568564077,252
xgb_21,2019,0.5,0.5,6,0.001401069211017962,-0.002493051531720979,0.0,0.49603174603174605,-0.0023359064568564077,252
xgb_21,2019,0.75,0.1,6,0.001401069211017962,-0.002694084543841243,0.0,0.49603174603174605,-0.0023359064568564077,252
xgb_21,2019,0.75,0.25,6,0.001401069211017962,-0.002694084543841243,0.0,0.49603174603174605,-0.0023359064568564077,252
xgb_21,2019,0.75,0.5,6,0.001401069211017962,-0.002694084543841243,0.0,0.49603174603174605,-0.0023359064568564077,252
xgb_21,2019,1.0,0.1,6,0.001401069211017962,-0.0026992850135592232,0.0,0.49603174603174605,-0.002435907728249135,252
xgb_21,2019,1.0,0.25,6,0.001401069211017962,-0.0026992850135592232,0.0,0.49603174603174605,-0.002435907728249135,252
xgb_21,2019,1.0,0.5,6,0.001401069211017962,-0.0026992850135592232,0.0,0.49603174603174605,-0.002435907728249135,252
xgb_21,2020,0.05,0.1,89,-0.002575655504326612,0.03538297132158857,0.03333333333333333,0.5454545454545454,-0.006348857912090847,253
xgb_21,2020,0.05,0.25,89,-0.002575655504326612,0.035504776451496314,0.03529411764705882,0.5454545454545454,-0.0064014284065423,253
xgb_21,2020,0.05,0.5,89,-0.002575655504326612,0.035504776451496314,0.03529411764705882,0.5454545454545454,-0.0064014284065423,253
xgb_21,2020,0.1,0.1,89,-0.002575655504326612,0.0353933463322695,0.03333333333333333,0.5454545454545454,-0.006348857912090847,253
xgb_21,2020,0.1,0.25,89,-0.002575655504326612,0.035717364843700215,0.03529411764705882,0.5454545454545454,-0.0064014284065423,253
xgb_21,2020,0.1,0.5,89,-0.002575655504326612,0.035717364843700215,0.03529411764705882,0.5454545454545454,-0.0064014284065423,253
xgb_21,2020,0.25,0.1,89,-0.002575655504326612,0.03590108613795647,0.02982456140350877,0.5454545454545454,-0.006050081693044399,253
xgb_21,2020,0.25,0.25,89,-0.002575655504326612,0.03745619491437478,0.02941176470588235,0.549407114624506,-0.005127606595485981,253
xgb_21,2020,0.25,0.5,89,-0.002575655504326612,0.03745619491437478,0.02941176470588235,0.549407114624506,-0.005127606595485981,253
xgb_21,2020,0.5,0.1,89,-0.002575655504326612,0.035599072898588546,0.02982456140350877,0.549407114624506,-0.004991322929263459,253
xgb_21,2020,0.5,0.25,89,-0.002575655504326612,0.03671561595116705,0.032352941176470584,0.5533596837944664,-0.004440426784972085,253
xgb_21,2020,0.5,0.5,89,-0.002575655504326612,0.03671561595116705,0.032352941176470584,0.5533596837944664,-0.004440426784972085,253
xgb_21,2020,0.75,0.1,89,-0.002575655504326612,0.03613346500264373,0.03090508562952616,0.5573122529644269,-0.004563370412804651,253
xgb_21,2020,0.75,0.25,89,-0.002575655504326612,0.037820113577893284,0.03684210526315789,0.5652173913043478,-0.004088976509120029,253
xgb_21,2020,0.75,0.5,89,-0.002575655504326612,0.037820113577893284,0.03684210526315789,0.5652173913043478,-0.004088976509120029,253
xgb_21,2020,1.0,0.1,89,-0.002575655504326612,0.036319112808602914,0.03090508562952616,0.5652173913043478,-0.004057573046964236,253
xgb_21,2020,1.0,0.25,89,-0.002575655504326612,0.03990830763154213,0.03684210526315789,0.5652173913043478,-0.0035497019163451098,253
xgb_21,2020,1.0,0.5,89,-0.002575655504326612,0.03990830763154213,0.03684210526315789,0.5652173913043478,-0.0035497019163451098,253
xgb_22,2018,0.05,0.1,6,-0.005374686057614655,0.03737405610433519,0.05714285714285714,0.5697211155378487,0.0018125837613802882,251
xgb_22,2018,0.05,0.25,6,-0.005374686057614655,0.03737405610433519,0.05714285714285714,0.5697211155378487,0.0018125837613802882,251
xgb_22,2018,0.05,0.5,6,-0.005374686057614655,0.03737405610433519,0.05714285714285714,0.5697211155378487,0.0018125837613802882,251
xgb_22,2018,0.1,0.1,6,-0.005374686057614655,0.03737405610433519,0.05714285714285714,0.5697211155378487,0.0018125837613802882,251
xgb_22,2018,0.1,0.25,6,-0.005374686057614655,0.03737405610433519,0.05714285714285714,0.5697211155378487,0.0018125837613802882,251
xgb_22,2018,0.1,0.5,6,-0.005374686057614655,0.03737405610433519,0.05714285714285714,0.5697211155378487,0.0018125837613802882,251
xgb_22,2018,0.25,0.1,6,-0.005374686057614655,0.037612085275972665,0.05714285714285714,0.5697211155378487,0.0018937979560836738,251
xgb_22,2018,0.25,0.25,6,-0.005374686057614655,0.037612085275972665,0.05714285714285714,0.5697211155378487,0.0018937979560836738,251
xgb_22,2018,0.25,0.5,6,-0.005374686057614655,0.037612085275972665,0.05714285714285714,0.5697211155378487,0.0018937979560836738,251
xgb_22,2018,0.5,0.1,6,-0.005374686057614655,0.03714641548759372,0.05714285714285714,0.5697211155378487,0.0017497350746860415,251
xgb_22,2018,0.5,0.25,6,-0.005374686057614655,0.03714641548759372,0.05714285714285714,0.5697211155378487,0.0017497350746860415,251
xgb_22,2018,0.5,0.5,6,-0.005374686057614655,0.03714641548759372,0.05714285714285714,0.5697211155378487,0.0017497350746860415,251
xgb_22,2018,0.75,0.1,6,-0.005374686057614655,0.03705327312629784,0.05714285714285714,0.5657370517928287,0.0017862957733796331,251
xgb_22,2018,0.75,0.25,6,-0.005374686057614655,0.03705327312629784,0.05714285714285714,0.5657370517928287,0.0017862957733796331,251
xgb_22,2018,0.75,0.5,6,-0.005374686057614655,0.03705327312629784,0.05714285714285714,0.5657370517928287,0.0017862957733796331,251
xgb_22,2018,1.0,0.1,6,-0.005374686057614655,0.03705841025912914,0.05714285714285714,0.5697211155378487,0.001796300373752046,251
xgb_22,2018,1.0,0.25,6,-0.005374686057614655,0.03705841025912914,0.05714285714285714,0.5697211155378487,0.001796300373752046,251
xgb_22,2018,1.0,0.5,6,-0.005374686057614655,0.03705841025912914,0.05714285714285714,0.5697211155378487,0.001796300373752046,251
xgb_22,2019,0.05,0.1,16,0.001401069211017962,-0.0022728328262533637,-0.0025974025974025974,0.49206349206349204,-0.002368413368005591,252
xgb_22,2019,0.05,0.25,16,0.001401069211017962,-0.0022728328262533637,-0.0025974025974025974,0.49206349206349204,-0.002368413368005591,252
xgb_22,2019,0.05,0.5,16,0.001401069211017962,-0.0022728328262533637,-0.0025974025974025974,0.49206349206349204,-0.002368413368005591,252
xgb_22,2019,0.1,0.1,16,0.001401069211017962,-0.002159454141446107,0.0,0.49603174603174605,-0.002368413368005591,252
xgb_22,2019,0.1,0.25,16,0.001401069211017962,-0.002159454141446107,0.0,0.49603174603174605,-0.002368413368005591,252
xgb_22,2019,0.1,0.5,16,0.001401069211017962,-0.002159454141446107,0.0,0.49603174603174605,-0.002368413368005591,252
xgb_22,2019,0.25,0.1,16,0.001401069211017962,-0.0023604905016753326,-0.0012987012987012987,0.49603174603174605,-0.0023985579662333142,252
xgb_22,2019,0.25,0.25,16,0.001401069211017962,-0.0023759512314217783,-0.0012987012987012987,0.49603174603174605,-0.0023985579662333142,252
xgb_22,2019,0.25,0.5,16,0.001401069211017962,-0.0023759512314217783,-0.0012987012987012987,0.49603174603174605,-0.0023985579662333142,252
xgb_22,2019,0.5,0.1,16,0.001401069211017962,-0.0020255431789798044,-0.005194805194805195,0.49603174603174605,-0.0024971818347519622,252
xgb_22,2019,0.5,0.25,16,0.001401069211017962,-0.0019533931068297337,-0.005194805194805195,0.49603174603174605,-0.0024971818347519622,252
xgb_22,2019,0.5,0.5,16,0.001401069211017962,-0.0019533931068297337,-0.005194805194805195,0.49603174603174605,-0.0024971818347519622,252
xgb_22,2019,0.75,0.1,16,0.001401069211017962,-0.002345051534637137,-0.005194805194805195,0.49603174603174605,-0.0024650346914340017,252
xgb_22,2019,0.75,0.25,16,0.001401069211017962,-0.002499658832101577,-0.005194805194805195,0.49603174603174605,-0.0024650346914340017,252
xgb_22,2019,0.75,0.5,16,0.001401069211017962,-0.002499658832101577,-0.005194805194805195,0.49603174603174605,-0.0024650346914340017,252
xgb_22,2019,1.0,0.1,16,0.001401069211017962,-0.002808878449193896,-0.005194805194805195,0.49206349206349204,-0.0023809107303083073,252
xgb_22,2019,1.0,0.25,16,0.001401069211017962,-0.0031077858909584794,-0.005194805194805195,0.49206349206349204,-0.0024282991558588997,252
xgb_22,2019,1.0,0.5,16,0.001401069211017962,-0.0031077858909584794,-0.005194805194805195,0.49206349206349204,-0.0024282991558588997,252
xgb_22,2020,0.05,0.1,93,-0.002575655504326612,0.035043928965518625,0.03529411764705882,0.541501976284585,-0.006470775293084719,253
xgb_22,2020,0.05,0.25,93,-0.002575655504326612,0.03512901141696159,0.03529411764705882,0.5454545454545454,-0.006470775293084719,253
xgb_22,2020,0.05,0.5,93,-0.002575655504326612,0.03512901141696159,0.03529411764705882,0.5454545454545454,-0.006470775293084719,253
xgb_22,2020,0.1,0.1,93,-0.002575655504326612,0.034941103259711975,0.03529411764705882,0.541501976284585,-0.006470775293084719,253
xgb_22,2020,0.1,0.25,93,-0.002575655504326612,0.035934185880036905,0.03529411764705882,0.5454545454545454,-0.005506026651759778,253
xgb_22,2020,0.1,0.5,93,-0.002575655504326612,0.03592725154815978,0.03529411764705882,0.5454545454545454,-0.005506026651759778,253
xgb_22,2020,0.25,0.1,93,-0.002575655504326612,0.035802633636511344,0.03090508562952616,0.5454545454545454,-0.005518145505133596,253
xgb_22,2020,0.25,0.25,93,-0.002575655504326612,0.03605567839405747,0.02647058823529412,0.541501976284585,-0.004805362869637916,253
xgb_22,2020,0.25,0.5,93,-0.002575655504326612,0.03612542961470383,0.02647058823529412,0.541501976284585,-0.004706889368359387,253
xgb_22,2020,0.5,0.1,93,-0.002575655504326612,0.03683410636447285,0.03684210526315789,0.5533596837944664,-0.005301534079460779,253
xgb_22,2020,0.5,0.25,93,-0.002575655504326612,0.03712004536292645,0.029870129870129873,0.5454545454545454,-0.004268071595886607,253
xgb_22,2020,0.5,0.5,93,-0.002575655504326612,0.03708047888103934,0.029870129870129873,0.5454545454545454,-0.004268071595886607,253
xgb_22,2020,0.75,0.1,93,-0.002575655504326612,0.03687990661911484,0.03090508562952616,0.549407114624506,-0.004683222620586897,253
xgb_22,2020,0.75,0.25,93,-0.002575655504326612,0.03907248358049274,0.02647058823529412,0.5454545454545454,-0.0038673489078654803,253
xgb_22,2020,0.75,0.5,93,-0.002575655504326612,0.038948073508579636,0.02647058823529412,0.541501976284585,-0.0037874823331696898,253
xgb_22,2020,1.0,0.1,93,-0.002575655504326612,0.03792727992179621,0.031168831168831172,0.5454545454545454,-0.003868325824405777,253
xgb_22,2020,1.0,0.25,93,-0.002575655504326612,0.03955791859645308,0.04025974025974026,0.549407114624506,-0.0033520342410392244,253
xgb_22,2020,1.0,0.5,93,-0.002575655504326612,0.03974351394963492,0.04025974025974026,0.549407114624506,-0.0033790641547982625,253
xgb_23,2018,0.05,0.1,7,-0.005374686057614655,0.03723115760035377,0.05714285714285714,0.5737051792828686,0.0018146276614512584,251
xgb_23,2018,0.05,0.25,7,-0.005374686057614655,0.03723115760035377,0.05714285714285714,0.5737051792828686,0.0018146276614512584,251
xgb_23,2018,0.05,0.5,7,-0.005374686057614655,0.03723115760035377,0.05714285714285714,0.5737051792828686,0.0018146276614512584,251
xgb_23,2018,0.1,0.1,7,-0.005374686057614655,0.03721563527407447,0.05714285714285714,0.5737051792828686,0.0017985943749437036,251
xgb_23,2018,0.1,0.25,7,-0.005374686057614655,0.03719493883903541,0.05714285714285714,0.5737051792828686,0.0017985943749437036,251
xgb_23,2018,0.1,0.5,7,-0.005374686057614655,0.03719493883903541,0.05714285714285714,0.5737051792828686,0.0017985943749437036,251
xgb_23,2018,0.25,0.1,7,-0.005374686057614655,0.03666200563677949,0.05714285714285714,0.5737051792828686,0.0017573917654251261,251
xgb_23,2018,0.25,0.25,7,-0.005374686057614655,0.03659475230724665,0.05714285714285714,0.5737051792828686,0.0017573917654251261,251
xgb_23,2018,0.25,0.5,7,-0.005374686057614655,0.03659475230724665,0.05714285714285714,0.5737051792828686,0.0017573917654251261,251
xgb_23,2018,0.5,0.1,7,-0.005374686057614655,0.035911697679824654,0.05714285714285714,0.5697211155378487,0.001768103817997904,251
xgb_23,2018,0.5,0.25,7,-0.005374686057614655,0.03568403689439495,0.05714285714285714,0.5697211155378487,0.0017417688787668682,251
xgb_23,2018,0.5,0.5,7,-0.005374686057614655,0.03568403689439495,0.05714285714285714,0.5697211155378487,0.0017417688787668682,251
xgb_23,2018,0.75,0.1,7,-0.005374686057614655,0.03597377690059773,0.05324675324675325,0.5737051792828686,0.0018141158472688337,251
xgb_23,2018,0.75,0.25,7,-0.005374686057614655,0.035585718743615276,0.05324675324675325,0.5737051792828686,0.0018141158472688337,251
xgb_23,2018,0.75,0.5,7,-0.005374686057614655,0.035585718743615276,0.05324675324675325,0.5737051792828686,0.0018141158472688337,251
xgb_23,2018,1.0,0.1,7,-0.005374686057614655,0.03617555537716047,0.05844155844155843,0.5697211155378487,0.0018729451826213755,251
xgb_23,2018,1.0,0.25,7,-0.005374686057614655,0.03567366682746315,0.05844155844155843,0.5697211155378487,0.0018798876160095797,251
xgb_23,2018,1.0,0.5,7,-0.005374686057614655,0.03567366682746315,0.05844155844155843,0.5697211155378487,0.0018798876160095797,251
xgb_23,2019,0.05,0.1,4,0.001401069211017962,-0.0027923431537527975,-0.0022734655307531525,0.49603174603174605,-0.0023431986321817764,252
xgb_23,2019,0.05,0.25,4,0.001401069211017962,-0.0027923431537527975,-0.0022734655307531525,0.49603174603174605,-0.0023431986321817764,252
xgb_23,2019,0.05,0.5,4,0.001401069211017962,-0.0027923431537527975,-0.0022734655307531525,0.49603174603174605,-0.0023431986321817764,252
xgb_23,2019,0.1,0.1,4,0.001401069211017962,-0.0028335717664099806,-0.0022734655307531525,0.49603174603174605,-0.0023431986321817764,252
xgb_23,2019,0.1,0.25,4,0.001401069211017962,-0.0028335717664099806,-0.0022734655307531525,0.49603174603174605,-0.0023431986321817764,252
xgb_23,2019,0.1,0.5,4,0.001401069211017962,-0.0028335717664099806,-0.0022734655307531525,0.49603174603174605,-0.0023431986321817764,252
xgb_23,2019,0.25,0.1,4,0.001401069211017962,-0.002622265082215028,0.0019480519480519483,0.5,-0.002317122550640027,252
xgb_23,2019,0.25,0.25,4,0.001401069211017962,-0.002622265082215028,0.0019480519480519483,0.5,-0.002317122550640027,252
xgb_23,2019,0.25,0.5,4,0.001401069211017962,-0.002622265082215028,0.0019480519480519483,0.5,-0.002317122550640027,252
xgb_23,2019,0.5,0.1,4,0.001401069211017962,-0.002570777863973483,-0.0009743423703227796,0.49603174603174605,-0.002282956794257155,252
xgb_23,2019,0.5,0.25,4,0.001401069211017962,-0.002570777863973483,-0.0009743423703227796,0.49603174603174605,-0.002282956794257155,252
xgb_23,2019,0.5,0.5,4,0.001401069211017962,-0.002570777863973483,-0.0009743423703227796,0.49603174603174605,-0.002282956794257155,252
xgb_23,2019,0.75,0.1,4,0.001401069211017962,-0.0031119034050990303,-0.005194805194805195,0.49603174603174605,-0.0024131285782604036,252
xgb_23,2019,0.75,0.25,4,0.001401069211017962,-0.0031119034050990303,-0.005194805194805195,0.49603174603174605,-0.0024131285782604036,252
xgb_23,2019,0.75,0.5,4,0.001401069211017962,-0.0031119034050990303,-0.005194805194805195,0.49603174603174605,-0.0024131285782604036,252
xgb_23,2019,1.0,0.1,4,0.001401069211017962,-0.0023285346717520266,-0.004545454545454545,0.49603174603174605,-0.0024038448546128675,252
xgb_23,2019,1.0,0.25,4,0.001401069211017962,-0.0023285346717520266,-0.004545454545454545,0.49603174603174605,-0.0024038448546128675,252
xgb_23,2019,1.0,0.5,4,0.001401069211017962,-0.0023285346717520266,-0.004545454545454545,0.49603174603174605,-0.0024038448546128675,252
xgb_23,2020,0.05,0.1,108,-0.002575655504326612,0.03497159172144786,0.03422554081127459,0.541501976284585,-0.006709332121562123,253
xgb_23,2020,0.05,0.25,108,-0.002575655504326612,0.03507057264783123,0.03090508562952616,0.5454545454545454,-0.006709332121562123,253
xgb_23,2020,0.05,0.5,108,-0.002575655504326612,0.035122796210792874,0.03529411764705882,0.5454545454545454,-0.006709332121562123,253
xgb_23,2020,0.1,0.1,108,-0.002575655504326612,0.03516752765203546,0.03422554081127459,0.541501976284585,-0.006709332121562123,253
xgb_23,2020,0.1,0.25,108,-0.002575655504326612,0.035778428080414086,0.02982456140350877,0.5454545454545454,-0.005940599515739939,253
xgb_23,2020,0.1,0.5,108,-0.002575655504326612,0.035923653270904216,0.02982456140350877,0.5454545454545454,-0.005940599515739939,253
xgb_23,2020,0.25,0.1,108,-0.002575655504326612,0.03548897154627149,0.03090508562952616,0.541501976284585,-0.006218721900245492,253
xgb_23,2020,0.25,0.25,108,-0.002575655504326612,0.03668874852230001,0.02982456140350877,0.549407114624506,-0.005191552348418965,253
xgb_23,2020,0.25,0.5,108,-0.002575655504326612,0.03667122086461529,0.032352941176470584,0.549407114624506,-0.005082613296522227,253
xgb_23,2020,0.5,0.1,108,-0.002575655504326612,0.034537116656385786,0.03422554081127459,0.5454545454545454,-0.005599462905739893,253
xgb_23,2020,0.5,0.25,108,-0.002575655504326612,0.03492543639297754,0.032352941176470584,0.541501976284585,-0.0045342376718649005,253
xgb_23,2020,0.5,0.5,108,-0.002575655504326612,0.03527258095779492,0.032352941176470584,0.541501976284585,-0.004523545076669769,253
xgb_23,2020,0.75,0.1,108,-0.002575655504326612,0.033263690576984896,0.03090508562952616,0.541501976284585,-0.005732438154324347,253
xgb_23,2020,0.75,0.25,108,-0.002575655504326612,0.03589384841879359,0.03529411764705882,0.5533596837944664,-0.004823558209885252,253
xgb_23,2020,0.75,0.5,108,-0.002575655504326612,0.0371903766518238,0.03506493506493507,0.5533596837944664,-0.004390817542410747,253
xgb_23,2020,1.0,0.1,108,-0.002575655504326612,0.03473853394068152,0.032352941176470584,0.549407114624506,-0.005323417999480776,253
xgb_23,2020,1.0,0.25,108,-0.002575655504326612,0.03828717691345715,0.03823529411764706,0.5691699604743083,-0.00409275334680197,253
xgb_23,2020,1.0,0.5,108,-0.002575655504326612,0.03936965731315883,0.03823529411764706,0.5612648221343873,-0.00408053320408298,253
xgb_24,2018,0.05,0.1,7,-0.005374686057614655,0.037390346600245754,0.05714285714285714,0.5697211155378487,0.0018396554371534833,251
xgb_24,2018,0.05,0.25,7,-0.005374686057614655,0.037390346600245754,0.05714285714285714,0.5697211155378487,0.0018396554371534833,251
xgb_24,2018,0.05,0.5,7,-0.005374686057614655,0.037390346600245754,0.05714285714285714,0.5697211155378487,0.0018396554371534833,251
xgb_24,2018,0.1,0.1,7,-0.005374686057614655,0.037390346600245754,0.05714285714285714,0.5697211155378487,0.0018396554371534833,251
xgb_24,2018,0.1,0.25,7,-0.005374686057614655,0.037390346600245754,0.05714285714285714,0.5697211155378487,0.0018396554371534833,251
xgb_24,2018,0.1,0.5,7,-0.005374686057614655,0.037390346600245754,0.05714285714285714,0.5697211155378487,0.0018396554371534833,251
xgb_24,2018,0.25,0.1,7,-0.005374686057614655,0.03702815898706213,0.05714285714285714,0.5697211155378487,0.0018185640121587848,251
xgb_24,2018,0.25,0.25,7,-0.005374686057614655,0.03702815898706213,0.05714285714285714,0.5697211155378487,0.0018185640121587848,251
xgb_24,2018,0.25,0.5,7,-0.005374686057614655,0.03702815898706213,0.05714285714285714,0.5697211155378487,0.0018185640121587848,251
xgb_24,2018,0.5,0.1,7,-0.005374686057614655,0.03675910701227831,0.05714285714285714,0.5697211155378487,0.0018648256384056325,251
xgb_24,2018,0.5,0.25,7,-0.005374686057614655,0.03679532577359668,0.059740259740259746,0.5697211155378487,0.0018648256384056325,251
xgb_24,2018,0.5,0.5,7,-0.005374686057614655,0.03679532577359668,0.059740259740259746,0.5697211155378487,0.0018648256384056325,251
xgb_24,2018,0.75,0.1,7,-0.005374686057614655,0.03672802034161922,0.059740259740259746,0.5657370517928287,0.0017092662624713464,251
xgb_24,2018,0.75,0.25,7,-0.005374686057614655,0.036805631973015715,0.059740259740259746,0.5657370517928287,0.0017092662624713464,251
xgb_24,2018,0.75,0.5,7,-0.005374686057614655,0.036805631973015715,0.059740259740259746,0.5657370517928287,0.0017092662624713464,251
xgb_24,2018,1.0,0.1,7,-0.005374686057614655,0.03700226155167898,0.05714285714285714,0.5657370517928287,0.0017022560951274709,251
xgb_24,2018,1.0,0.25,7,-0.005374686057614655,0.03703330620423759,0.05714285714285714,0.5657370517928287,0.0017022560951274709,251
xgb_24,2018,1.0,0.5,7,-0.005374686057614655,0.03703330620423759,0.05714285714285714,0.5657370517928287,0.0017022560951274709,251
xgb_24,2019,0.05,0.1,2,0.001401069211017962,-0.0036478768263116077,-0.0038961038961038965,0.49206349206349204,-0.0022394276972966384,252
xgb_24,2019,0.05,0.25,2,0.001401069211017962,-0.0036478768263116077,-0.0038961038961038965,0.49206349206349204,-0.0022394276972966384,252
xgb_24,2019,0.05,0.5,2,0.001401069211017962,-0.0036478768263116077,-0.0038961038961038965,0.49206349206349204,-0.0022394276972966384,252
xgb_24,2019,0.1,0.1,2,0.001401069211017962,-0.0036478768263116077,-0.0038961038961038965,0.49206349206349204,-0.0022394276972966384,252
xgb_24,2019,0.1,0.25,2,0.001401069211017962,-0.0036478768263116077,-0.0038961038961038965,0.49206349206349204,-0.0022394276972966384,252
xgb_24,2019,0.1,0.5,2,0.001401069211017962,-0.0036478768263116077,-0.0038961038961038965,0.49206349206349204,-0.0022394276972966384,252
xgb_24,2019,0.25,0.1,2,0.001401069211017962,-0.0035344880971774663,0.0,0.49603174603174605,-0.0022394276972966384,252
xgb_24,2019,0.25,0.25,2,0.001401069211017962,-0.0035344880971774663,0.0,0.49603174603174605,-0.0022394276972966384,252
xgb_24,2019,0.25,0.5,2,0.001401069211017962,-0.0035344880971774663,0.0,0.49603174603174605,-0.0022394276972966384,252
xgb_24,2019,0.5,0.1,2,0.001401069211017962,-0.003488176237815444,-0.004545454545454545,0.49206349206349204,-0.0022682646335668625,252
xgb_24,2019,0.5,0.25,2,0.001401069211017962,-0.003488176237815444,-0.004545454545454545,0.49206349206349204,-0.0022682646335668625,252
xgb_24,2019,0.5,0.5,2,0.001401069211017962,-0.003488176237815444,-0.004545454545454545,0.49206349206349204,-0.0022682646335668625,252
xgb_24,2019,0.75,0.1,2,0.001401069211017962,-0.003580935600660378,-0.004545454545454545,0.49206349206349204,-0.0022883814834914256,252
xgb_24,2019,0.75,0.25,2,0.001401069211017962,-0.003580935600660378,-0.004545454545454545,0.49206349206349204,-0.0022883814834914256,252
xgb_24,2019,0.75,0.5,2,0.001401069211017962,-0.003580935600660378,-0.004545454545454545,0.49206349206349204,-0.0022883814834914256,252
xgb_24,2019,1.0,0.1,2,0.001401069211017962,-0.003431506984065582,-0.004545454545454545,0.49206349206349204,-0.0022069415340444216,252
xgb_24,2019,1.0,0.25,2,0.001401069211017962,-0.003431506984065582,-0.004545454545454545,0.49206349206349204,-0.0022069415340444216,252
xgb_24,2019,1.0,0.5,2,0.001401069211017962,-0.003431506984065582,-0.004545454545454545,0.49206349206349204,-0.0022069415340444216,252
xgb_24,2020,0.05,0.1,84,-0.002575655504326612,0.03574011158139108,0.03529411764705882,0.541501976284585,-0.006340583285400007,253
xgb_24,2020,0.05,0.25,84,-0.002575655504326612,0.03573533371591351,0.04385964912280702,0.5454545454545454,-0.006340583285400007,253
xgb_24,2020,0.05,0.5,84,-0.002575655504326612,0.03573533371591351,0.04385964912280702,0.5454545454545454,-0.006340583285400007,253
xgb_24,2020,0.1,0.1,84,-0.002575655504326612,0.03573624181100434,0.03529411764705882,0.541501976284585,-0.006340583285400007,253
xgb_24,2020,0.1,0.25,84,-0.002575655504326612,0.036345184101213915,0.03529411764705882,0.5454545454545454,-0.0057785354228763585,253
xgb_24,2020,0.1,0.5,84,-0.002575655504326612,0.0364381857287424,0.03529411764705882,0.5454545454545454,-0.005703234541305888,253
xgb_24,2020,0.25,0.1,84,-0.002575655504326612,0.03597551334275376,0.03529411764705882,0.5375494071146245,-0.006062106366425655,253
xgb_24,2020,0.25,0.25,84,-0.002575655504326612,0.037891589111011766,0.03529411764705882,0.5454545454545454,-0.004298988086289858,253
xgb_24,2020,0.25,0.5,84,-0.002575655504326612,0.03796134033165813,0.03529411764705882,0.5454545454545454,-0.004200514585011329,253
xgb_24,2020,0.5,0.1,84,-0.002575655504326612,0.03617356481028772,0.03529411764705882,0.541501976284585,-0.005149263117053339,253
xgb_24,2020,0.5,0.25,84,-0.002575655504326612,0.037755255855391676,0.03684210526315789,0.5573122529644269,-0.004114839977762541,253
xgb_24,2020,0.5,0.5,84,-0.002575655504326612,0.03781440162728479,0.03684210526315789,0.5573122529644269,-0.004114839977762541,253
xgb_24,2020,0.75,0.1,84,-0.002575655504326612,0.0361562501473305,0.03090508562952616,0.5573122529644269,-0.004687939615580039,253
xgb_24,2020,0.75,0.25,84,-0.002575655504326612,0.039345845379020035,0.03508771929824562,0.5652173913043478,-0.0032763922812741823,253
xgb_24,2020,0.75,0.5,84,-0.002575655504326612,0.03966156143036672,0.03508771929824562,0.5652173913043478,-0.0031965257065783917,253
xgb_24,2020,1.0,0.1,84,-0.002575655504326612,0.03554385469240966,0.031168831168831172,0.5533596837944664,-0.004651872094871136,253
xgb_24,2020,1.0,0.25,84,-0.002575655504326612,0.040723171088508404,0.03766233766233767,0.5612648221343873,-0.0036538521297273074,253
xgb_24,2020,1.0,0.5,84,-0.002575655504326612,0.04136867580589359,0.03766233766233767,0.5612648221343873,-0.0032687994081980376,253
xgb_25,2018,0.05,0.1,25,-0.005374686057614655,0.03725996058731863,0.062337662337662345,0.5697211155378487,0.0018153483688606285,251
xgb_25,2018,0.05,0.25,25,-0.005374686057614655,0.03725996058731863,0.062337662337662345,0.5697211155378487,0.0018153483688606285,251
xgb_25,2018,0.05,0.5,25,-0.005374686057614655,0.03725996058731863,0.062337662337662345,0.5697211155378487,0.0018153483688606285,251
xgb_25,2018,0.1,0.1,25,-0.005374686057614655,0.03724443826103933,0.062337662337662345,0.5697211155378487,0.0017993150823530737,251
xgb_25,2018,0.1,0.25,25,-0.005374686057614655,0.03724443826103933,0.062337662337662345,0.5697211155378487,0.0017993150823530737,251
xgb_25,2018,0.1,0.5,25,-0.005374686057614655,0.03724443826103933,0.062337662337662345,0.5697211155378487,0.0017993150823530737,251
xgb_25,2018,0.25,0.1,25,-0.005374686057614655,0.03722893610344828,0.062337662337662345,0.5697211155378487,0.0018565205683722685,251
xgb_25,2018,0.25,0.25,25,-0.005374686057614655,0.03722893610344828,0.062337662337662345,0.5697211155378487,0.0018565205683722685,251
xgb_25,2018,0.25,0.5,25,-0.005374686057614655,0.03722893610344828,0.062337662337662345,0.5697211155378487,0.0018565205683722685,251
xgb_25,2018,0.5,0.1,25,-0.005374686057614655,0.03683050956025804,0.062337662337662345,0.5697211155378487,0.001768565795322592,251
xgb_25,2018,0.5,0.25,25,-0.005374686057614655,0.03683050956025804,0.062337662337662345,0.5697211155378487,0.001768565795322592,251
xgb_25,2018,0.5,0.5,25,-0.005374686057614655,0.03683050956025804,0.062337662337662345,0.5697211155378487,0.001768565795322592,251
xgb_25,2018,0.75,0.1,25,-0.005374686057614655,0.036649343482533354,0.062337662337662345,0.5657370517928287,0.0017275080354402109,251
xgb_25,2018,0.75,0.25,25,-0.005374686057614655,0.036628647047494294,0.062337662337662345,0.5657370517928287,0.0017275080354402109,251
xgb_25,2018,0.75,0.5,25,-0.005374686057614655,0.036628647047494294,0.062337662337662345,0.5657370517928287,0.0017275080354402109,251
xgb_25,2018,1.0,0.1,25,-0.005374686057614655,0.03626126515686265,0.06623376623376624,0.5657370517928287,0.0016494777886499332,251
xgb_25,2018,1.0,0.25,25,-0.005374686057614655,0.03619917585174545,0.06623376623376624,0.5657370517928287,0.0016494777886499332,251
xgb_25,2018,1.0,0.5,25,-0.005374686057614655,0.03619917585174545,0.06623376623376624,0.5657370517928287,0.0016494777886499332,251
xgb_25,2019,0.05,0.1,5,0.001401069211017962,-0.00324852737391127,-0.0038961038961038965,0.49206349206349204,-0.002229839567214337,252
xgb_25,2019,0.05,0.25,5,0.001401069211017962,-0.00324852737391127,-0.0038961038961038965,0.49206349206349204,-0.002229839567214337,252
xgb_25,2019,0.05,0.5,5,0.001401069211017962,-0.00324852737391127,-0.0038961038961038965,0.49206349206349204,-0.002229839567214337,252
xgb_25,2019,0.1,0.1,5,0.001401069211017962,-0.00324852737391127,-0.0038961038961038965,0.49206349206349204,-0.002229839567214337,252
xgb_25,2019,0.1,0.25,5,0.001401069211017962,-0.00324852737391127,-0.0038961038961038965,0.49206349206349204,-0.002229839567214337,252
xgb_25,2019,0.1,0.5,5,0.001401069211017962,-0.00324852737391127,-0.0038961038961038965,0.49206349206349204,-0.002229839567214337,252
xgb_25,2019,0.25,0.1,5,0.001401069211017962,-0.0032279130675826775,-0.0038961038961038965,0.49206349206349204,-0.002229839567214337,252
xgb_25,2019,0.25,0.25,5,0.001401069211017962,-0.0032279130675826775,-0.0038961038961038965,0.49206349206349204,-0.002229839567214337,252
xgb_25,2019,0.25,0.5,5,0.001401069211017962,-0.0032279130675826775,-0.0038961038961038965,0.49206349206349204,-0.002229839567214337,252
xgb_25,2019,0.5,0.1,5,0.001401069211017962,-0.003336138175807784,0.0,0.49603174603174605,-0.0022599841654420603,252
xgb_25,2019,0.5,0.25,5,0.001401069211017962,-0.003336138175807784,0.0,0.49603174603174605,-0.0022599841654420603,252
xgb_25,2019,0.5,0.5,5,0.001401069211017962,-0.003336138175807784,0.0,0.49603174603174605,-0.0022599841654420603,252
xgb_25,2019,0.75,0.1,5,0.001401069211017962,-0.0031661304341473284,-0.006493506493506494,0.4880952380952381,-0.002258676503484561,252
xgb_25,2019,0.75,0.25,5,0.001401069211017962,-0.0031661304341473284,-0.006493506493506494,0.4880952380952381,-0.002258676503484561,252
xgb_25,2019,0.75,0.5,5,0.001401069211017962,-0.0031661304341473284,-0.006493506493506494,0.4880952380952381,-0.002258676503484561,252
xgb_25,2019,1.0,0.1,5,0.001401069211017962,-0.003475338332858286,-0.006493506493506494,0.4880952380952381,-0.002258676503484561,252
xgb_25,2019,1.0,0.25,5,0.001401069211017962,-0.003475338332858286,-0.006493506493506494,0.4880952380952381,-0.002258676503484561,252
xgb_25,2019,1.0,0.5,5,0.001401069211017962,-0.003475338332858286,-0.006493506493506494,0.4880952380952381,-0.002258676503484561,252
xgb_25,2020,0.05,0.1,352,-0.002575655504326612,0.03534098349442755,0.03529411764705882,0.5454545454545454,-0.006580534676605438,253
xgb_25,2020,0.05,0.25,352,-0.002575655504326612,0.03552485767270579,0.04385964912280702,0.549407114624506,-0.006580534676605438,253
xgb_25,2020,0.05,0.5,352,-0.002575655504326612,0.03552485767270579,0.04385964912280702,0.549407114624506,-0.006580534676605438,253
xgb_25,2020,0.1,0.1,352,-0.002575655504326612,0.035470977562932306,0.03529411764705882,0.5454545454545454,-0.006580534676605438,253
xgb_25,2020,0.1,0.25,352,-0.002575655504326612,0.03617357527953595,0.03529411764705882,0.549407114624506,-0.006024657349042149,253
xgb_25,2020,0.1,0.5,352,-0.002575655504326612,0.03646400141462489,0.03529411764705882,0.549407114624506,-0.005819551027245209,253
xgb_25,2020,0.25,0.1,352,-0.002575655504326612,0.03552968789985105,0.03090508562952616,0.5454545454545454,-0.006313362546054426,253
xgb_25,2020,0.25,0.25,352,-0.002575655504326612,0.03763356866093071,0.03529411764705882,0.549407114624506,-0.004720494216590212,253
xgb_25,2020,0.25,0.5,352,-0.002575655504326612,0.03772840584689725,0.03529411764705882,0.549407114624506,-0.004652968851898895,253
xgb_25,2020,0.5,0.1,352,-0.002575655504326612,0.03501933418701607,0.03090508562952616,0.5573122529644269,-0.005211328661491531,253
xgb_25,2020,0.5,0.25,352,-0.002575655504326612,0.03624449723153819,0.02647058823529412,0.5612648221343873,-0.0046584965788024875,253
xgb_25,2020,0.5,0.5,352,-0.002575655504326612,0.03663047835394536,0.025974025974025972,0.5612648221343873,-0.004578630004106697,253
xgb_25,2020,0.75,0.1,352,-0.002575655504326612,0.03518105031727432,0.03090508562952616,0.5573122529644269,-0.0053333045827053125,253
xgb_25,2020,0.75,0.25,352,-0.002575655504326612,0.04037732989445565,0.03766233766233767,0.5731225296442688,-0.004020952162574787,253
xgb_25,2020,0.75,0.5,352,-0.002575655504326612,0.041289297836122923,0.03823529411764706,0.5691699604743083,-0.0033972182461050313,253
xgb_25,2020,1.0,0.1,352,-0.002575655504326612,0.035363378527703895,0.03529411764705882,0.5573122529644269,-0.005233430564579254,253
xgb_25,2020,1.0,0.25,352,-0.002575655504326612,0.040701082142485,0.03859649122807017,0.5652173913043478,-0.003875071733584261,253
xgb_25,2020,1.0,0.5,352,-0.002575655504326612,0.04234696620861404,0.03859649122807017,0.5612648221343873,-0.003561765909785034,253
xgb_26,2018,0.05,0.1,57,-0.005374686057614655,0.03734467032638454,0.062337662337662345,0.5697211155378487,0.0018701329725060308,251
xgb_26,2018,0.05,0.25,57,-0.005374686057614655,0.03734467032638454,0.062337662337662345,0.5697211155378487,0.0018701329725060308,251
xgb_26,2018,0.05,0.5,57,-0.005374686057614655,0.03734467032638454,0.062337662337662345,0.5697211155378487,0.0018701329725060308,251
xgb_26,2018,0.1,0.1,57,-0.005374686057614655,0.03732914800010524,0.062337662337662345,0.5697211155378487,0.001854099685998476,251
xgb_26,2018,0.1,0.25,57,-0.005374686057614655,0.03732914800010524,0.062337662337662345,0.5697211155378487,0.001854099685998476,251
xgb_26,2018,0.1,0.5,57,-0.005374686057614655,0.03732914800010524,0.062337662337662345,0.5697211155378487,0.001854099685998476,251
xgb_26,2018,0.25,0.1,57,-0.005374686057614655,0.03716875062855249,0.062337662337662345,0.5697211155378487,0.0018496853381990298,251
xgb_26,2018,0.25,0.25,57,-0.005374686057614655,0.03708079077963646,0.062337662337662345,0.5697211155378487,0.0018496853381990298,251
xgb_26,2018,0.25,0.5,57,-0.005374686057614655,0.03708079077963646,0.062337662337662345,0.5697211155378487,0.0018496853381990298,251
xgb_26,2018,0.5,0.1,57,-0.005374686057614655,0.03615462531163833,0.062337662337662345,0.5697211155378487,0.0017820135409280392,251
xgb_26,2018,0.5,0.25,57,-0.005374686057614655,0.03611840655031997,0.062337662337662345,0.5697211155378487,0.0017556786016970035,251
xgb_26,2018,0.5,0.5,57,-0.005374686057614655,0.03611840655031997,0.062337662337662345,0.5697211155378487,0.0017556786016970035,251
xgb_26,2018,0.75,0.1,57,-0.005374686057614655,0.036180495855437166,0.062337662337662345,0.5657370517928287,0.0016710706081432929,251
xgb_26,2018,0.75,0.25,57,-0.005374686057614655,0.03605631724520278,0.062337662337662345,0.5657370517928287,0.0016710706081432929,251
xgb_26,2018,0.75,0.5,57,-0.005374686057614655,0.03605631724520278,0.062337662337662345,0.5657370517928287,0.0016710706081432929,251
xgb_26,2018,1.0,0.1,57,-0.005374686057614655,0.03616497352915787,0.06493506493506493,0.5617529880478087,0.0016301173089829383,251
xgb_26,2018,1.0,0.25,57,-0.005374686057614655,0.03606666546272231,0.06493506493506493,0.5617529880478087,0.0016301173089829383,251
xgb_26,2018,1.0,0.5,57,-0.005374686057614655,0.03606666546272231,0.06493506493506493,0.5617529880478087,0.0016301173089829383,251
xgb_26,2019,0.05,0.1,7,0.001401069211017962,-0.0028436039560579,-0.0022734655307531525,0.49206349206349204,-0.0023276095402369286,252
xgb_26,2019,0.05,0.25,7,0.001401069211017962,-0.0028436039560579,-0.0022734655307531525,0.49206349206349204,-0.0023276095402369286,252
xgb_26,2019,0.05,0.5,7,0.001401069211017962,-0.0028436039560579,-0.0022734655307531525,0.49206349206349204,-0.0023276095402369286,252
xgb_26,2019,0.1,0.1,7,0.001401069211017962,-0.0028436039560579,-0.0022734655307531525,0.49206349206349204,-0.0023276095402369286,252
xgb_26,2019,0.1,0.25,7,0.001401069211017962,-0.0028436039560579,-0.0022734655307531525,0.49206349206349204,-0.0023276095402369286,252
xgb_26,2019,0.1,0.5,7,0.001401069211017962,-0.0028436039560579,-0.0022734655307531525,0.49206349206349204,-0.0023276095402369286,252
xgb_26,2019,0.25,0.1,7,0.001401069211017962,-0.0028436039560579,-0.0022734655307531525,0.49206349206349204,-0.0023276095402369286,252
xgb_26,2019,0.25,0.25,7,0.001401069211017962,-0.0028436039560579,-0.0022734655307531525,0.49206349206349204,-0.0023276095402369286,252
xgb_26,2019,0.25,0.5,7,0.001401069211017962,-0.0028436039560579,-0.0022734655307531525,0.49206349206349204,-0.0023276095402369286,252
xgb_26,2019,0.5,0.1,7,0.001401069211017962,-0.002771443839580943,0.0,0.49603174603174605,-0.0023276095402369286,252
xgb_26,2019,0.5,0.25,7,0.001401069211017962,-0.002771443839580943,0.0,0.49603174603174605,-0.0023276095402369286,252
xgb_26,2019,0.5,0.5,7,0.001401069211017962,-0.002771443839580943,0.0,0.49603174603174605,-0.0023276095402369286,252
xgb_26,2019,0.75,0.1,7,0.001401069211017962,-0.002802365299073831,0.0,0.49603174603174605,-0.0023276095402369286,252
xgb_26,2019,0.75,0.25,7,0.001401069211017962,-0.002802365299073831,0.0,0.49603174603174605,-0.0023276095402369286,252
xgb_26,2019,0.75,0.5,7,0.001401069211017962,-0.002802365299073831,0.0,0.49603174603174605,-0.0023276095402369286,252
xgb_26,2019,1.0,0.1,7,0.001401069211017962,-0.0028590730560767432,-0.004221517478805101,0.4880952380952381,-0.0023263018782794295,252
xgb_26,2019,1.0,0.25,7,0.001401069211017962,-0.0028590730560767432,-0.004221517478805101,0.4880952380952381,-0.0023263018782794295,252
xgb_26,2019,1.0,0.5,7,0.001401069211017962,-0.0028590730560767432,-0.004221517478805101,0.4880952380952381,-0.0023263018782794295,252
xgb_26,2020,0.05,0.1,669,-0.002575655504326612,0.0355672275546605,0.03529411764705882,0.541501976284585,-0.006353825596881531,253
xgb_26,2020,0.05,0.25,669,-0.002575655504326612,0.035554659672367914,0.044117647058823525,0.5454545454545454,-0.006353758697752472,253
xgb_26,2020,0.05,0.5,669,-0.002575655504326612,0.035554659672367914,0.044117647058823525,0.5454545454545454,-0.006353758697752472,253
xgb_26,2020,0.1,0.1,669,-0.002575655504326612,0.03570180812484029,0.03529411764705882,0.541501976284585,-0.006353825596881531,253
xgb_26,2020,0.1,0.25,669,-0.002575655504326612,0.03575202061080498,0.03529411764705882,0.5454545454545454,-0.005870358823881608,253
xgb_26,2020,0.1,0.5,669,-0.002575655504326612,0.03583808790645634,0.03529411764705882,0.5454545454545454,-0.005795057942311136,253
xgb_26,2020,0.25,0.1,669,-0.002575655504326612,0.03589079580458255,0.03090508562952616,0.541501976284585,-0.006092831355772587,253
xgb_26,2020,0.25,0.25,669,-0.002575655504326612,0.037804061049879045,0.03529411764705882,0.549407114624506,-0.0045291918850719265,253
xgb_26,2020,0.25,0.5,669,-0.002575655504326612,0.03785056186364328,0.03529411764705882,0.549407114624506,-0.0044307183837933965,253
xgb_26,2020,0.5,0.1,669,-0.002575655504326612,0.03634372902222975,0.03090508562952616,0.5533596837944664,-0.004989278669181681,253
xgb_26,2020,0.5,0.25,669,-0.002575655504326612,0.03711640205754182,0.032352941176470584,0.5573122529644269,-0.00413605383603007,253
xgb_26,2020,0.5,0.5,669,-0.002575655504326612,0.03719716662881655,0.032352941176470584,0.5573122529644269,-0.00413605383603007,253
xgb_26,2020,0.75,0.1,669,-0.002575655504326612,0.035863450615973125,0.03090508562952616,0.5454545454545454,-0.004813483698677399,253
xgb_26,2020,0.75,0.25,669,-0.002575655504326612,0.03930436520164735,0.044117647058823525,0.5573122529644269,-0.0037853238440686845,253
xgb_26,2020,0.75,0.5,669,-0.002575655504326612,0.039756116528348207,0.044117647058823525,0.5573122529644269,-0.003434130995612916,253
xgb_26,2020,1.0,0.1,669,-0.002575655504326612,0.03609005775354004,0.03766233766233767,0.5454545454545454,-0.004465410301483645,253
xgb_26,2020,1.0,0.25,669,-0.002575655504326612,0.041259799114153665,0.047058823529411764,0.5573122529644269,-0.003103794583313579,253
xgb_26,2020,1.0,0.5,669,-0.002575655504326612,0.042028286246889014,0.047058823529411764,0.5573122529644269,-0.0030239280086177883,253
xgb_27,2018,0.05,0.1,1,-0.005374686057614655,0.03774148547548863,0.05714285714285714,0.5776892430278885,0.0019025585428152194,251
xgb_27,2018,0.05,0.25,1,-0.005374686057614655,0.03774148547548863,0.05714285714285714,0.5776892430278885,0.0019025585428152194,251
xgb_27,2018,0.05,0.5,1,-0.005374686057614655,0.03774148547548863,0.05714285714285714,0.5776892430278885,0.0019025585428152194,251
xgb_27,2018,0.1,0.1,1,-0.005374686057614655,0.03774148547548863,0.05714285714285714,0.5776892430278885,0.0019025585428152194,251
xgb_27,2018,0.1,0.25,1,-0.005374686057614655,0.03774148547548863,0.05714285714285714,0.5776892430278885,0.0019025585428152194,251
xgb_27,2018,0.1,0.5,1,-0.005374686057614655,0.03774148547548863,0.05714285714285714,0.5776892430278885,0.0019025585428152194,251
xgb_27,2018,0.25,0.1,1,-0.005374686057614655,0.03780359494929408,0.05714285714285714,0.5776892430278885,0.00199980602402616,251
xgb_27,2018,0.25,0.25,1,-0.005374686057614655,0.03780359494929408,0.05714285714285714,0.5776892430278885,0.00199980602402616,251
xgb_27,2018,0.25,0.5,1,-0.005374686057614655,0.03780359494929408,0.05714285714285714,0.5776892430278885,0.00199980602402616,251
xgb_27,2018,0.5,0.1,1,-0.005374686057614655,0.037270631494005786,0.05714285714285714,0.5776892430278885,0.0019060396735765379,251
xgb_27,2018,0.5,0.25,1,-0.005374686057614655,0.037270631494005786,0.05714285714285714,0.5776892430278885,0.0019060396735765379,251
xgb_27,2018,0.5,0.5,1,-0.005374686057614655,0.037270631494005786,0.05714285714285714,0.5776892430278885,0.0019060396735765379,251
xgb_27,2018,0.75,0.1,1,-0.005374686057614655,0.03746210545187352,0.05714285714285714,0.5776892430278885,0.0018698382522209364,251
xgb_27,2018,0.75,0.25,1,-0.005374686057614655,0.03746210545187352,0.05714285714285714,0.5776892430278885,0.0018698382522209364,251
xgb_27,2018,0.75,0.5,1,-0.005374686057614655,0.03746210545187352,0.05714285714285714,0.5776892430278885,0.0018698382522209364,251
xgb_27,2018,1.0,0.1,1,-0.005374686057614655,0.03743100869687029,0.05064935064935065,0.5737051792828686,0.0018778996029952962,251
xgb_27,2018,1.0,0.25,1,-0.005374686057614655,0.03743100869687029,0.05064935064935065,0.5737051792828686,0.0018778996029952962,251
xgb_27,2018,1.0,0.5,1,-0.005374686057614655,0.03743100869687029,0.05064935064935065,0.5737051792828686,0.0018778996029952962,251
xgb_27,2019,0.05,0.1,1,0.001401069211017962,-0.0033486353076697156,-0.0022734655307531525,0.49603174603174605,-0.0022610713993659053,252
xgb_27,2019,0.05,0.25,1,0.001401069211017962,-0.0033486353076697156,-0.0022734655307531525,0.49603174603174605,-0.0022610713993659053,252
xgb_27,2019,0.05,0.5,1,0.001401069211017962,-0.0033486353076697156,-0.0022734655307531525,0.49603174603174605,-0.0022610713993659053,252
xgb_27,2019,0.1,0.1,1,0.001401069211017962,-0.0033486353076697156,-0.0022734655307531525,0.49603174603174605,-0.0022610713993659053,252
xgb_27,2019,0.1,0.25,1,0.001401069211017962,-0.0033486353076697156,-0.0022734655307531525,0.49603174603174605,-0.0022610713993659053,252
xgb_27,2019,0.1,0.5,1,0.001401069211017962,-0.0033486353076697156,-0.0022734655307531525,0.49603174603174605,-0.0022610713993659053,252
xgb_27,2019,0.25,0.1,1,0.001401069211017962,-0.0031476290804211358,-0.0022734655307531525,0.49603174603174605,-0.0022758833035674683,252
xgb_27,2019,0.25,0.25,1,0.001401069211017962,-0.0031476290804211358,-0.0022734655307531525,0.49603174603174605,-0.0022758833035674683,252
xgb_27,2019,0.25,0.5,1,0.001401069211017962,-0.0031476290804211358,-0.0022734655307531525,0.49603174603174605,-0.0022758833035674683,252
xgb_27,2019,0.5,0.1,1,0.001401069211017962,-0.003663001805126259,-0.0019486847406455592,0.5,-0.0022758833035674683,252
xgb_27,2019,0.5,0.25,1,0.001401069211017962,-0.003663001805126259,-0.0019486847406455592,0.5,-0.0022758833035674683,252
xgb_27,2019,0.5,0.5,1,0.001401069211017962,-0.003663001805126259,-0.0019486847406455592,0.5,-0.0022758833035674683,252
xgb_27,2019,0.75,0.1,1,0.001401069211017962,-0.004771176457354767,-0.00617020221945066,0.49603174603174605,-0.0023155114535064673,252
xgb_27,2019,0.75,0.25,1,0.001401069211017962,-0.004771176457354767,-0.00617020221945066,0.49603174603174605,-0.0023155114535064673,252
xgb_27,2019,0.75,0.5,1,0.001401069211017962,-0.004771176457354767,-0.00617020221945066,0.49603174603174605,-0.0023155114535064673,252
xgb_27,2019,1.0,0.1,1,0.001401069211017962,-0.00454453794560837,-0.009416955466203906,0.49206349206349204,-0.0023103959214900538,252
xgb_27,2019,1.0,0.25,1,0.001401069211017962,-0.00454453794560837,-0.009416955466203906,0.49206349206349204,-0.0023103959214900538,252
xgb_27,2019,1.0,0.5,1,0.001401069211017962,-0.00454453794560837,-0.009416955466203906,0.49206349206349204,-0.0023103959214900538,252
xgb_27,2020,0.05,0.1,41,-0.002575655504326612,0.035800800745523435,0.04385964912280702,0.541501976284585,-0.0057554220884019555,253
xgb_27,2020,0.05,0.25,41,-0.002575655504326612,0.03610926584072363,0.04385964912280702,0.541501976284585,-0.0057554220884019555,253
xgb_27,2020,0.05,0.5,41,-0.002575655504326612,0.03610926584072363,0.04385964912280702,0.541501976284585,-0.0057554220884019555,253
xgb_27,2020,0.1,0.1,41,-0.002575655504326612,0.03625810907309449,0.04385964912280702,0.541501976284585,-0.0057554220884019555,253
xgb_27,2020,0.1,0.25,41,-0.002575655504326612,0.036325963711883756,0.04385964912280702,0.541501976284585,-0.0057554220884019555,253
xgb_27,2020,0.1,0.5,41,-0.002575655504326612,0.036407340135971175,0.04385964912280702,0.541501976284585,-0.0057554220884019555,253
xgb_27,2020,0.25,0.1,41,-0.002575655504326612,0.036471674483621236,0.03529411764705882,0.5375494071146245,-0.005359991962770471,253
xgb_27,2020,0.25,0.25,41,-0.002575655504326612,0.03652170496203096,0.02982456140350877,0.541501976284585,-0.005386572635473223,253
xgb_27,2020,0.25,0.5,41,-0.002575655504326612,0.03665855604113537,0.02982456140350877,0.541501976284585,-0.005386572635473223,253
xgb_27,2020,0.5,0.1,41,-0.002575655504326612,0.035747917452804145,0.047058823529411764,0.541501976284585,-0.0053241060846284695,253
xgb_27,2020,0.5,0.25,41,-0.002575655504326612,0.03590961906255779,0.044117647058823525,0.5454545454545454,-0.005479366984391349,253
xgb_27,2020,0.5,0.5,41,-0.002575655504326612,0.03613682040700237,0.044117647058823525,0.5454545454545454,-0.005479366984391349,253
xgb_27,2020,0.75,0.1,41,-0.002575655504326612,0.03522629304936437,0.047058823529411764,0.549407114624506,-0.004870533767786206,253
xgb_27,2020,0.75,0.25,41,-0.002575655504326612,0.03761047187943013,0.03823529411764706,0.5612648221343873,-0.0046786779263714925,253
xgb_27,2020,0.75,0.5,41,-0.002575655504326612,0.038147066796156974,0.049999999999999996,0.5612648221343873,-0.0046786779263714925,253
xgb_27,2020,1.0,0.1,41,-0.002575655504326612,0.0351579278189643,0.047058823529411764,0.5573122529644269,-0.005447345852960756,253
xgb_27,2020,1.0,0.25,41,-0.002575655504326612,0.039886257091864115,0.042105263157894736,0.5652173913043478,-0.004049372914668678,253
xgb_27,2020,1.0,0.5,41,-0.002575655504326612,0.040043911166599895,0.042105263157894736,0.5652173913043478,-0.003696498821889964,253
xgb_28,2018,0.05,0.1,8,-0.005374686057614655,0.0377426666042256,0.062337662337662345,0.5737051792828686,0.0018730845490027841,251
xgb_28,2018,0.05,0.25,8,-0.005374686057614655,0.0377426666042256,0.062337662337662345,0.5737051792828686,0.0018730845490027841,251
xgb_28,2018,0.05,0.5,8,-0.005374686057614655,0.0377426666042256,0.062337662337662345,0.5737051792828686,0.0018730845490027841,251
xgb_28,2018,0.1,0.1,8,-0.005374686057614655,0.0377271442779463,0.062337662337662345,0.5737051792828686,0.0018570512624952293,251
xgb_28,2018,0.1,0.25,8,-0.005374686057614655,0.03770644784290724,0.062337662337662345,0.5737051792828686,0.0018570512624952293,251
xgb_28,2018,0.1,0.5,8,-0.005374686057614655,0.03770644784290724,0.062337662337662345,0.5737051792828686,0.0018570512624952293,251
xgb_28,2018,0.25,0.1,8,-0.005374686057614655,0.03741154381228881,0.062337662337662345,0.5737051792828686,0.0019542987437061697,251
xgb_28,2018,0.25,0.25,8,-0.005374686057614655,0.037339106289652084,0.062337662337662345,0.5737051792828686,0.001914256748514424,251
xgb_28,2018,0.25,0.5,8,-0.005374686057614655,0.037339106289652084,0.062337662337662345,0.5737051792828686,0.001914256748514424,251
xgb_28,2018,0.5,0.1,8,-0.005374686057614655,0.036718172901103664,0.05714285714285714,0.5737051792828686,0.0018116310958538131,251
xgb_28,2018,0.5,0.25,8,-0.005374686057614655,0.03670782468358414,0.062337662337662345,0.5737051792828686,0.0018116310958538131,251
xgb_28,2018,0.5,0.5,8,-0.005374686057614655,0.03670782468358414,0.062337662337662345,0.5737051792828686,0.0018116310958538131,251
xgb_28,2018,0.75,0.1,8,-0.005374686057614655,0.036231769701757205,0.062337662337662345,0.5657370517928287,0.001711493591275662,251
xgb_28,2018,0.75,0.25,8,-0.005374686057614655,0.03607654643896423,0.062337662337662345,0.5657370517928287,0.001711493591275662,251
xgb_28,2018,0.75,0.5,8,-0.005374686057614655,0.03607654643896423,0.062337662337662345,0.5657370517928287,0.001711493591275662,251
xgb_28,2018,1.0,0.1,8,-0.005374686057614655,0.03654220614299905,0.05844155844155843,0.5657370517928287,0.001722177807773123,251
xgb_28,2018,1.0,0.25,8,-0.005374686057614655,0.03625245605245214,0.05844155844155843,0.5657370517928287,0.0016949834167644634,251
xgb_28,2018,1.0,0.5,8,-0.005374686057614655,0.03625245605245214,0.05844155844155843,0.5657370517928287,0.0016949834167644634,251
xgb_28,2019,0.05,0.1,9,0.001401069211017962,-0.00238063050412845,-0.0022734655307531525,0.49206349206349204,-0.0021994784364037174,252
xgb_28,2019,0.05,0.25,9,0.001401069211017962,-0.0023703233509641533,-0.0022734655307531525,0.49206349206349204,-0.0021994784364037174,252
xgb_28,2019,0.05,0.5,9,0.001401069211017962,-0.0023703233509641533,-0.0022734655307531525,0.49206349206349204,-0.0021994784364037174,252
xgb_28,2019,0.1,0.1,9,0.001401069211017962,-0.002267251819321192,0.0,0.49603174603174605,-0.0021994784364037174,252
xgb_28,2019,0.1,0.25,9,0.001401069211017962,-0.0022414889585738937,0.0,0.49603174603174605,-0.0021994784364037174,252
xgb_28,2019,0.1,0.5,9,0.001401069211017962,-0.0022414889585738937,0.0,0.49603174603174605,-0.0021994784364037174,252
xgb_28,2019,0.25,0.1,9,0.001401069211017962,-0.0028702219534869912,0.0,0.49603174603174605,-0.0021994784364037174,252
xgb_28,2019,0.25,0.25,9,0.001401069211017962,-0.0028599148003226947,0.0,0.49603174603174605,-0.0021994784364037174,252
xgb_28,2019,0.25,0.5,9,0.001401069211017962,-0.0028599148003226947,0.0,0.49603174603174605,-0.0021994784364037174,252
xgb_28,2019,0.5,0.1,9,0.001401069211017962,-0.002818717994700642,0.0,0.49603174603174605,-0.0022548059903571985,252
xgb_28,2019,0.5,0.25,9,0.001401069211017962,-0.002731107192804125,0.0,0.49603174603174605,-0.0022548059903571985,252
xgb_28,2019,0.5,0.5,9,0.001401069211017962,-0.002731107192804125,0.0,0.49603174603174605,-0.0022548059903571985,252
xgb_28,2019,0.75,0.1,9,0.001401069211017962,-0.002555890611174535,-0.0019480519480519483,0.49206349206349204,-0.0023051451241366335,252
xgb_28,2019,0.75,0.25,9,0.001401069211017962,-0.0027104979086389758,-0.0019480519480519483,0.49206349206349204,-0.0023051451241366335,252
xgb_28,2019,0.75,0.5,9,0.001401069211017962,-0.0027104979086389758,-0.0019480519480519483,0.49206349206349204,-0.0023051451241366335,252
xgb_28,2019,1.0,0.1,9,0.001401069211017962,-0.003107398637915992,-0.0038961038961038965,0.4880952380952381,-0.0022752344962775456,252
xgb_28,2019,1.0,0.25,9,0.001401069211017962,-0.0032156237461411,-0.0038961038961038965,0.4880952380952381,-0.0022861590779310508,252
xgb_28,2019,1.0,0.5,9,0.001401069211017962,-0.0032156237461411,-0.0038961038961038965,0.4880952380952381,-0.0022861590779310508,252
xgb_28,2020,0.05,0.1,74,-0.002575655504326612,0.03515226382277749,0.03529411764705882,0.541501976284585,-0.00639126127630527,253
xgb_28,2020,0.05,0.25,74,-0.002575655504326612,0.03541634650342539,0.03529411764705882,0.5454545454545454,-0.006443764871627664,253
xgb_28,2020,0.05,0.5,74,-0.002575655504326612,0.035548914612840994,0.03529411764705882,0.5454545454545454,-0.006443764871627664,253
xgb_28,2020,0.1,0.1,74,-0.002575655504326612,0.0353691796513226,0.03529411764705882,0.541501976284585,-0.006412369363557404,253
xgb_28,2020,0.1,0.25,74,-0.002575655504326612,0.03620719937274227,0.03333333333333333,0.5454545454545454,-0.005766193677128159,253
xgb_28,2020,0.1,0.5,74,-0.002575655504326612,0.0364319533059361,0.03333333333333333,0.5454545454545454,-0.005679853256370303,253
xgb_28,2020,0.25,0.1,74,-0.002575655504326612,0.03556890212328337,0.03090508562952616,0.5454545454545454,-0.005406691652375141,253
xgb_28,2020,0.25,0.25,74,-0.002575655504326612,0.03630232791719105,0.02982456140350877,0.5454545454545454,-0.004699012771458546,253
xgb_28,2020,0.25,0.5,74,-0.002575655504326612,0.03644285011317158,0.032352941176470584,0.5454545454545454,-0.0046314874067672285,253
xgb_28,2020,0.5,0.1,74,-0.002575655504326612,0.0354826984029265,0.03529411764705882,0.5533596837944664,-0.005347685567235647,253
xgb_28,2020,0.5,0.25,74,-0.002575655504326612,0.03666895091716736,0.02647058823529412,0.549407114624506,-0.004272895364597573,253
xgb_28,2020,0.5,0.5,74,-0.002575655504326612,0.037037898163217856,0.02727272727272727,0.549407114624506,-0.004113609644535206,253
xgb_28,2020,0.75,0.1,74,-0.002575655504326612,0.03566156268524649,0.03090508562952616,0.5573122529644269,-0.004620780040231883,253
xgb_28,2020,0.75,0.25,74,-0.002575655504326612,0.03860942357161106,0.03333333333333333,0.5612648221343873,-0.0036233708153217943,253
xgb_28,2020,0.75,0.5,74,-0.002575655504326612,0.03872587955695923,0.03508771929824562,0.5573122529644269,-0.0031906301478472903,253
xgb_28,2020,1.0,0.1,74,-0.002575655504326612,0.036216954744714605,0.032352941176470584,0.549407114624506,-0.004282027484366732,253
xgb_28,2020,1.0,0.25,74,-0.002575655504326612,0.04077231399396379,0.044117647058823525,0.549407114624506,-0.00366204285048135,253
xgb_28,2020,1.0,0.5,74,-0.002575655504326612,0.04221159576034207,0.045454545454545456,0.549407114624506,-0.0031233516818048716,253
xgb_29,2018,0.05,0.1,8,-0.005374686057614655,0.03676370119249707,0.05714285714285714,0.5737051792828686,0.0017080239309985152,251
xgb_29,2018,0.05,0.25,8,-0.005374686057614655,0.03676370119249707,0.05714285714285714,0.5737051792828686,0.0017080239309985152,251
xgb_29,2018,0.05,0.5,8,-0.005374686057614655,0.03676370119249707,0.05714285714285714,0.5737051792828686,0.0017080239309985152,251
xgb_29,2018,0.1,0.1,8,-0.005374686057614655,0.03676370119249707,0.05714285714285714,0.5737051792828686,0.0017080239309985152,251
xgb_29,2018,0.1,0.25,8,-0.005374686057614655,0.03676370119249707,0.05714285714285714,0.5737051792828686,0.0017080239309985152,251
xgb_29,2018,0.1,0.5,8,-0.005374686057614655,0.03676370119249707,0.05714285714285714,0.5737051792828686,0.0017080239309985152,251
xgb_29,2018,0.25,0.1,8,-0.005374686057614655,0.03673265653993847,0.05714285714285714,0.5737051792828686,0.0016908300301641285,251
xgb_29,2018,0.25,0.25,8,-0.005374686057614655,0.03673265653993847,0.05714285714285714,0.5737051792828686,0.0016908300301641285,251
xgb_29,2018,0.25,0.5,8,-0.005374686057614655,0.03673265653993847,0.05714285714285714,0.5737051792828686,0.0016908300301641285,251
xgb_29,2018,0.5,0.1,8,-0.005374686057614655,0.03625146442528022,0.05714285714285714,0.5737051792828686,0.0016895744886306482,251
xgb_29,2018,0.5,0.25,8,-0.005374686057614655,0.03625146442528022,0.05714285714285714,0.5737051792828686,0.0016895744886306482,251
xgb_29,2018,0.5,0.5,8,-0.005374686057614655,0.03625146442528022,0.05714285714285714,0.5737051792828686,0.0016895744886306482,251
xgb_29,2018,0.75,0.1,8,-0.005374686057614655,0.035703008896745006,0.05714285714285714,0.5737051792828686,0.0014937994976453952,251
xgb_29,2018,0.75,0.25,8,-0.005374686057614655,0.035703008896745006,0.05714285714285714,0.5737051792828686,0.0014937994976453952,251
xgb_29,2018,0.75,0.5,8,-0.005374686057614655,0.035703008896745006,0.05714285714285714,0.5737051792828686,0.0014937994976453952,251
xgb_29,2018,1.0,0.1,8,-0.005374686057614655,0.035387388262399275,0.05714285714285714,0.5697211155378487,0.0014935318231749498,251
xgb_29,2018,1.0,0.25,8,-0.005374686057614655,0.035387388262399275,0.05714285714285714,0.5697211155378487,0.0014935318231749498,251
xgb_29,2018,1.0,0.5,8,-0.005374686057614655,0.035387388262399275,0.05714285714285714,0.5697211155378487,0.0014935318231749498,251
xgb_29,2019,0.05,0.1,8,0.001401069211017962,-0.002283379369208365,-0.0022734655307531525,0.49603174603174605,-0.0021794110912818796,252
xgb_29,2019,0.05,0.25,8,0.001401069211017962,-0.002283379369208365,-0.0022734655307531525,0.49603174603174605,-0.0021794110912818796,252
xgb_29,2019,0.05,0.5,8,0.001401069211017962,-0.002283379369208365,-0.0022734655307531525,0.49603174603174605,-0.0021794110912818796,252
xgb_29,2019,0.1,0.1,8,0.001401069211017962,-0.0022730722160440686,-0.0022734655307531525,0.49603174603174605,-0.0021794110912818796,252
xgb_29,2019,0.1,0.25,8,0.001401069211017962,-0.0022730722160440686,-0.0022734655307531525,0.49603174603174605,-0.0021794110912818796,252
xgb_29,2019,0.1,0.5,8,0.001401069211017962,-0.0022730722160440686,-0.0022734655307531525,0.49603174603174605,-0.0021794110912818796,252
xgb_29,2019,0.25,0.1,8,0.001401069211017962,-0.0023400687116119927,-0.0022734655307531525,0.49603174603174605,-0.0021794110912818796,252
xgb_29,2019,0.25,0.25,8,0.001401069211017962,-0.0023400687116119927,-0.0022734655307531525,0.49603174603174605,-0.0021794110912818796,252
xgb_29,2019,0.25,0.5,8,0.001401069211017962,-0.0023400687116119927,-0.0022734655307531525,0.49603174603174605,-0.0021794110912818796,252
xgb_29,2019,0.5,0.1,8,0.001401069211017962,-0.0023194979306998906,0.002272410876430467,0.5,-0.0021533350097401294,252
xgb_29,2019,0.5,0.25,8,0.001401069211017962,-0.0023194979306998906,0.002272410876430467,0.5,-0.0021533350097401294,252
xgb_29,2019,0.5,0.5,8,0.001401069211017962,-0.0023194979306998906,0.002272410876430467,0.5,-0.0021533350097401294,252
xgb_29,2019,0.75,0.1,8,0.001401069211017962,-0.0021082180313766246,-0.0012987012987012987,0.5,-0.0021533350097401294,252
xgb_29,2019,0.75,0.25,8,0.001401069211017962,-0.0021082180313766246,-0.0012987012987012987,0.5,-0.0021533350097401294,252
xgb_29,2019,0.75,0.5,8,0.001401069211017962,-0.0021082180313766246,-0.0012987012987012987,0.5,-0.0021533350097401294,252
xgb_29,2019,1.0,0.1,8,0.001401069211017962,-0.002587520742170157,-0.004545454545454545,0.49603174603174605,-0.002231542999859858,252
xgb_29,2019,1.0,0.25,8,0.001401069211017962,-0.002587520742170157,-0.004545454545454545,0.49603174603174605,-0.002231542999859858,252
xgb_29,2019,1.0,0.5,8,0.001401069211017962,-0.002587520742170157,-0.004545454545454545,0.49603174603174605,-0.002231542999859858,252
xgb_29,2020,0.05,0.1,144,-0.002575655504326612,0.03522497231426435,0.031578947368421054,0.5454545454545454,-0.006435384877088861,253
xgb_29,2020,0.05,0.25,144,-0.002575655504326612,0.03553649347100074,0.03529411764705882,0.549407114624506,-0.006417696811857078,253
xgb_29,2020,0.05,0.5,144,-0.002575655504326612,0.03553649347100074,0.03529411764705882,0.549407114624506,-0.006417696811857078,253
xgb_29,2020,0.1,0.1,144,-0.002575655504326612,0.03538286477321287,0.031578947368421054,0.5454545454545454,-0.006435384877088861,253
xgb_29,2020,0.1,0.25,144,-0.002575655504326612,0.035586898488426895,0.03529411764705882,0.549407114624506,-0.006065286230418196,253
xgb_29,2020,0.1,0.5,144,-0.002575655504326612,0.0356450245056322,0.03529411764705882,0.549407114624506,-0.006065286230418196,253
xgb_29,2020,0.25,0.1,144,-0.002575655504326612,0.0354850220403026,0.031578947368421054,0.549407114624506,-0.005792386899668881,253
xgb_29,2020,0.25,0.25,144,-0.002575655504326612,0.03659505710864636,0.02982456140350877,0.5454545454545454,-0.005196805672948473,253
xgb_29,2020,0.25,0.5,144,-0.002575655504326612,0.03659505710864636,0.02982456140350877,0.5454545454545454,-0.005196805672948473,253
xgb_29,2020,0.5,0.1,144,-0.002575655504326612,0.03432410724107505,0.03090508562952616,0.5533596837944664,-0.00525397853083735,253
xgb_29,2020,0.5,0.25,144,-0.002575655504326612,0.03522864939610127,0.029870129870129873,0.5533596837944664,-0.0049977162671279935,253
xgb_29,2020,0.5,0.5,144,-0.002575655504326612,0.03522864939610127,0.029870129870129873,0.5533596837944664,-0.0049977162671279935,253
xgb_29,2020,0.75,0.1,144,-0.002575655504326612,0.03514153688503705,0.031578947368421054,0.549407114624506,-0.004763627526084652,253
xgb_29,2020,0.75,0.25,144,-0.002575655504326612,0.03696044978121362,0.023529411764705882,0.5573122529644269,-0.0045412794690934165,253
xgb_29,2020,0.75,0.5,144,-0.002575655504326612,0.03696044978121362,0.023529411764705882,0.5573122529644269,-0.0045412794690934165,253
xgb_29,2020,1.0,0.1,144,-0.002575655504326612,0.03530802083995119,0.032352941176470584,0.541501976284585,-0.00454549895368396,253
xgb_29,2020,1.0,0.25,144,-0.002575655504326612,0.039176054899142554,0.04385964912280702,0.5454545454545454,-0.0036933779673353766,253
xgb_29,2020,1.0,0.5,144,-0.002575655504326612,0.039176054899142554,0.04385964912280702,0.5454545454545454,-0.0036933779673353766,253
xgb_30,2018,0.05,0.1,4,-0.005374686057614655,0.03734974527242711,0.062337662337662345,0.5737051792828686,0.0018462157098544489,251
xgb_30,2018,0.05,0.25,4,-0.005374686057614655,0.03734974527242711,0.062337662337662345,0.5737051792828686,0.0018462157098544489,251
xgb_30,2018,0.05,0.5,4,-0.005374686057614655,0.03734974527242711,0.062337662337662345,0.5737051792828686,0.0018462157098544489,251
xgb_30,2018,0.1,0.1,4,-0.005374686057614655,0.037246263097231794,0.062337662337662345,0.5737051792828686,0.0018450550955276175,251
xgb_30,2018,0.1,0.25,4,-0.005374686057614655,0.03740666046878454,0.06363636363636363,0.5737051792828686,0.0018290218090200626,251
xgb_30,2018,0.1,0.5,4,-0.005374686057614655,0.03740666046878454,0.06363636363636363,0.5737051792828686,0.0018290218090200626,251
xgb_30,2018,0.25,0.1,4,-0.005374686057614655,0.03761877539779866,0.06363636363636363,0.5776892430278885,0.0017690641528173149,251
xgb_30,2018,0.25,0.25,4,-0.005374686057614655,0.03736006995981036,0.062337662337662345,0.5776892430278885,0.0017690641528173149,251
xgb_30,2018,0.25,0.5,4,-0.005374686057614655,0.03736006995981036,0.062337662337662345,0.5776892430278885,0.0017690641528173149,251
xgb_30,2018,0.5,0.1,4,-0.005374686057614655,0.03759804702900322,0.06103896103896104,0.5776892430278885,0.0021515310810099964,251
xgb_30,2018,0.5,0.25,4,-0.005374686057614655,0.03756700237644462,0.06493506493506493,0.5776892430278885,0.0021365388074658406,251
xgb_30,2018,0.5,0.5,4,-0.005374686057614655,0.03756700237644462,0.06493506493506493,0.5776892430278885,0.0021365388074658406,251
xgb_30,2018,0.75,0.1,4,-0.005374686057614655,0.03740143089613211,0.06103896103896104,0.5737051792828686,0.001934154787193375,251
xgb_30,2018,0.75,0.25,4,-0.005374686057614655,0.03710133258806568,0.06103896103896104,0.5737051792828686,0.001946301903998653,251
xgb_30,2018,0.75,0.5,4,-0.005374686057614655,0.03710133258806568,0.06103896103896104,0.5737051792828686,0.001946301903998653,251
xgb_30,2018,1.0,0.1,4,-0.005374686057614655,0.038570735777014725,0.045454545454545456,0.5737051792828686,0.0022378547584727473,251
xgb_30,2018,1.0,0.25,4,-0.005374686057614655,0.03801193203095999,0.05454545454545454,0.5697211155378487,0.002209432466524231,251
xgb_30,2018,1.0,0.5,4,-0.005374686057614655,0.03801193203095999,0.05454545454545454,0.5697211155378487,0.002209432466524231,251
xgb_30,2019,0.05,0.1,2,0.001401069211017962,-0.0022328995131824674,-0.0025974025974025974,0.49206349206349204,-0.002202680964211722,252
xgb_30,2019,0.05,0.25,2,0.001401069211017962,-0.0022328995131824674,-0.0025974025974025974,0.49206349206349204,-0.002202680964211722,252
xgb_30,2019,0.05,0.5,2,0.001401069211017962,-0.0022328995131824674,-0.0025974025974025974,0.49206349206349204,-0.002202680964211722,252
xgb_30,2019,0.1,0.1,2,0.001401069211017962,-0.0021555958644502472,0.0,0.49603174603174605,-0.002202680964211722,252
xgb_30,2019,0.1,0.25,2,0.001401069211017962,-0.0021555958644502472,0.0,0.49603174603174605,-0.002202680964211722,252
xgb_30,2019,0.1,0.5,2,0.001401069211017962,-0.0021555958644502472,0.0,0.49603174603174605,-0.002202680964211722,252
xgb_30,2019,0.25,0.1,2,0.001401069211017962,-0.0024545736165030125,0.0,0.49603174603174605,-0.002176604882669972,252
xgb_30,2019,0.25,0.25,2,0.001401069211017962,-0.002428805733592272,0.0,0.49603174603174605,-0.002176604882669972,252
xgb_30,2019,0.25,0.5,2,0.001401069211017962,-0.002428805733592272,0.0,0.49603174603174605,-0.002176604882669972,252
xgb_30,2019,0.5,0.1,2,0.001401069211017962,-0.0024906536747414925,0.0,0.49603174603174605,-0.002218103724242168,252
xgb_30,2019,0.5,0.25,2,0.001401069211017962,-0.0024081964494271253,0.0,0.49603174603174605,-0.002218103724242168,252
xgb_30,2019,0.5,0.5,2,0.001401069211017962,-0.0024081964494271253,0.0,0.49603174603174605,-0.002218103724242168,252
xgb_30,2019,0.75,0.1,2,0.001401069211017962,-0.003067869318432384,-0.004545454545454545,0.49603174603174605,-0.002011548596017372,252
xgb_30,2019,0.75,0.25,2,0.001401069211017962,-0.00307817647159668,-0.004545454545454545,0.49603174603174605,-0.002011548596017372,252
xgb_30,2019,0.75,0.5,2,0.001401069211017962,-0.00307817647159668,-0.004545454545454545,0.49603174603174605,-0.002011548596017372,252
xgb_30,2019,1.0,0.1,2,0.001401069211017962,-0.0018211826532278034,-0.005844155844155844,0.4880952380952381,-0.001865259802184233,252
xgb_30,2019,1.0,0.25,2,0.001401069211017962,-0.0019500438304897467,-0.005844155844155844,0.4880952380952381,-0.0018435387520458427,252
xgb_30,2019,1.0,0.5,2,0.001401069211017962,-0.0019500438304897467,-0.005844155844155844,0.4880952380952381,-0.0018435387520458427,252
xgb_30,2020,0.05,0.1,26,-0.002575655504326612,0.03526268700464498,0.03529411764705882,0.5454545454545454,-0.006225909523830254,253
xgb_30,2020,0.05,0.25,26,-0.002575655504326612,0.03536969359246176,0.03529411764705882,0.5454545454545454,-0.006277564220417774,253
xgb_30,2020,0.05,0.5,26,-0.002575655504326612,0.03534005296049619,0.03529411764705882,0.5454545454545454,-0.006277564220417774,253
xgb_30,2020,0.1,0.1,26,-0.002575655504326612,0.03526316112435697,0.03529411764705882,0.549407114624506,-0.005469013392586367,253
xgb_30,2020,0.1,0.25,26,-0.002575655504326612,0.03616329979943573,0.03529411764705882,0.549407114624506,-0.004974736247252059,253
xgb_30,2020,0.1,0.5,26,-0.002575655504326612,0.036370854107855295,0.03529411764705882,0.549407114624506,-0.004974736247252059,253
xgb_30,2020,0.25,0.1,26,-0.002575655504326612,0.03516649626598391,0.03529411764705882,0.549407114624506,-0.00488661115450613,253
xgb_30,2020,0.25,0.25,26,-0.002575655504326612,0.0365242089132041,0.02982456140350877,0.5612648221343873,-0.004815020916132009,253
xgb_30,2020,0.25,0.5,26,-0.002575655504326612,0.03664305312116714,0.029870129870129873,0.5612648221343873,-0.004815020916132009,253
xgb_30,2020,0.5,0.1,26,-0.002575655504326612,0.03392641933729878,0.029870129870129873,0.5573122529644269,-0.004421844673736015,253
xgb_30,2020,0.5,0.25,26,-0.002575655504326612,0.03529529011035446,0.04025974025974026,0.5573122529644269,-0.003851897975449696,253
xgb_30,2020,0.5,0.5,26,-0.002575655504326612,0.03562432216111287,0.04025974025974026,0.5573122529644269,-0.003851897975449696,253
xgb_30,2020,0.75,0.1,26,-0.002575655504326612,0.03421566757060913,0.028070175438596492,0.5533596837944664,-0.004261843799144736,253
xgb_30,2020,0.75,0.25,26,-0.002575655504326612,0.0360197560326382,0.047058823529411764,0.549407114624506,-0.0033850365076646114,253
xgb_30,2020,0.75,0.5,26,-0.002575655504326612,0.035970416307302466,0.047058823529411764,0.5533596837944664,-0.0032395743937143713,253
xgb_30,2020,1.0,0.1,26,-0.002575655504326612,0.03440086247072266,0.047058823529411764,0.549407114624506,-0.003954588343697495,253
xgb_30,2020,1.0,0.25,26,-0.002575655504326612,0.03692275013305273,0.0411764705882353,0.5533596837944664,-0.0033603611640067883,253
xgb_30,2020,1.0,0.5,26,-0.002575655504326612,0.037476901231964316,0.0411764705882353,0.5612648221343873,-0.002987628417717171,253
xgb_31,2018,0.05,0.1,6,-0.005374686057614655,0.03734635912237392,0.06493506493506493,0.5697211155378487,0.0018520229682107722,251
xgb_31,2018,0.05,0.25,6,-0.005374686057614655,0.03734635912237392,0.06493506493506493,0.5697211155378487,0.0018520229682107722,251
xgb_31,2018,0.05,0.5,6,-0.005374686057614655,0.03734635912237392,0.06493506493506493,0.5697211155378487,0.0018520229682107722,251
xgb_31,2018,0.1,0.1,6,-0.005374686057614655,0.03723252872965907,0.06493506493506493,0.5697211155378487,0.0018508623538839412,251
xgb_31,2018,0.1,0.25,6,-0.005374686057614655,0.0371963099683407,0.06493506493506493,0.5697211155378487,0.001834829067376386,251
xgb_31,2018,0.1,0.5,6,-0.005374686057614655,0.0371963099683407,0.06493506493506493,0.5697211155378487,0.001834829067376386,251
xgb_31,2018,0.25,0.1,6,-0.005374686057614655,0.03704629442878789,0.06493506493506493,0.5697211155378487,0.0017642372706594299,251
xgb_31,2018,0.25,0.25,6,-0.005374686057614655,0.036880733032819496,0.06493506493506493,0.5697211155378487,0.0017642372706594299,251
xgb_31,2018,0.25,0.5,6,-0.005374686057614655,0.036880733032819496,0.06493506493506493,0.5697211155378487,0.0017642372706594299,251
xgb_31,2018,0.5,0.1,6,-0.005374686057614655,0.03667888732729595,0.062337662337662345,0.5657370517928287,0.0017051183152295253,251
xgb_31,2018,0.5,0.25,6,-0.005374686057614655,0.03671510776933833,0.062337662337662345,0.5657370517928287,0.0017051183152295253,251
xgb_31,2018,0.5,0.5,6,-0.005374686057614655,0.03671510776933833,0.062337662337662345,0.5657370517928287,0.0017051183152295253,251
xgb_31,2018,0.75,0.1,6,-0.005374686057614655,0.03574235851526209,0.059740259740259746,0.5697211155378487,0.0016361840319500044,251
xgb_31,2018,0.75,0.25,6,-0.005374686057614655,0.035907929995574614,0.059740259740259746,0.5697211155378487,0.0016399501711592023,251
xgb_31,2018,0.75,0.5,6,-0.005374686057614655,0.035907929995574614,0.059740259740259746,0.5697211155378487,0.0016399501711592023,251
xgb_31,2018,1.0,0.1,6,-0.005374686057614655,0.035794022289554826,0.059740259740259746,0.5697211155378487,0.0015258699366359789,251
xgb_31,2018,1.0,0.25,6,-0.005374686057614655,0.035395615915052844,0.059740259740259746,0.5737051792828686,0.0014507607606750622,251
xgb_31,2018,1.0,0.5,6,-0.005374686057614655,0.035395615915052844,0.059740259740259746,0.5737051792828686,0.0014507607606750622,251
xgb_31,2019,0.05,0.1,3,0.001401069211017962,-0.00304583183986758,-0.0022734655307531525,0.49206349206349204,-0.002333554273961846,252
xgb_31,2019,0.05,0.25,3,0.001401069211017962,-0.00304583183986758,-0.0022734655307531525,0.49206349206349204,-0.002333554273961846,252
xgb_31,2019,0.05,0.5,3,0.001401069211017962,-0.00304583183986758,-0.0022734655307531525,0.49206349206349204,-0.002333554273961846,252
xgb_31,2019,0.1,0.1,3,0.001401069211017962,-0.0031592105246748352,-0.0022734655307531525,0.49206349206349204,-0.002333554273961846,252
xgb_31,2019,0.1,0.25,3,0.001401069211017962,-0.0031592105246748352,-0.0022734655307531525,0.49206349206349204,-0.002333554273961846,252
xgb_31,2019,0.1,0.5,3,0.001401069211017962,-0.0031592105246748352,-0.0022734655307531525,0.49206349206349204,-0.002333554273961846,252
xgb_31,2019,0.25,0.1,3,0.001401069211017962,-0.0029736918120443923,0.0,0.49603174603174605,-0.0022786886146806957,252
xgb_31,2019,0.25,0.25,3,0.001401069211017962,-0.0029736918120443923,0.0,0.49603174603174605,-0.0022786886146806957,252
xgb_31,2019,0.25,0.5,3,0.001401069211017962,-0.0029736918120443923,0.0,0.49603174603174605,-0.0022786886146806957,252
xgb_31,2019,0.5,0.1,3,0.001401069211017962,-0.0030149271209194963,-0.005194805194805195,0.49603174603174605,-0.002312683704007952,252
xgb_31,2019,0.5,0.25,3,0.001401069211017962,-0.0030819453791956666,-0.005194805194805195,0.49603174603174605,-0.002312683704007952,252
xgb_31,2019,0.5,0.5,3,0.001401069211017962,-0.0030819453791956666,-0.005194805194805195,0.49603174603174605,-0.002312683704007952,252
xgb_31,2019,0.75,0.1,3,0.001401069211017962,-0.0032005211660015606,-0.01038961038961039,0.4880952380952381,-0.0024114898819347645,252
xgb_31,2019,0.75,0.25,3,0.001401069211017962,-0.0032005211660015606,-0.01038961038961039,0.4880952380952381,-0.0024114898819347645,252
xgb_31,2019,0.75,0.5,3,0.001401069211017962,-0.0032005211660015606,-0.01038961038961039,0.4880952380952381,-0.0024114898819347645,252
xgb_31,2019,1.0,0.1,3,0.001401069211017962,-0.0028809944153553252,-0.01038961038961039,0.48412698412698413,-0.0022864824635881516,252
xgb_31,2019,1.0,0.25,3,0.001401069211017962,-0.0028809944153553252,-0.01038961038961039,0.48412698412698413,-0.0022864824635881516,252
xgb_31,2019,1.0,0.5,3,0.001401069211017962,-0.0028809944153553252,-0.01038961038961039,0.48412698412698413,-0.0022864824635881516,252
xgb_31,2020,0.05,0.1,32,-0.002575655504326612,0.0354810331312329,0.03529411764705882,0.541501976284585,-0.006046874277583104,253
xgb_31,2020,0.05,0.25,32,-0.002575655504326612,0.03546051353410857,0.04035087719298246,0.5454545454545454,-0.006099377872905498,253
xgb_31,2020,0.05,0.5,32,-0.002575655504326612,0.03546051353410857,0.04035087719298246,0.5454545454545454,-0.006099377872905498,253
xgb_31,2020,0.1,0.1,32,-0.002575655504326612,0.0356545053228404,0.03529411764705882,0.541501976284585,-0.006046874277583104,253
xgb_31,2020,0.1,0.25,32,-0.002575655504326612,0.03600065640253494,0.04035087719298246,0.5454545454545454,-0.005746967291466619,253
xgb_31,2020,0.1,0.5,32,-0.002575655504326612,0.036093658030063425,0.04035087719298246,0.5454545454545454,-0.005671666409896149,253
xgb_31,2020,0.25,0.1,32,-0.002575655504326612,0.03599225495152088,0.03529411764705882,0.541501976284585,-0.005081905429729192,253
xgb_31,2020,0.25,0.25,32,-0.002575655504326612,0.03706962948413667,0.04035087719298246,0.549407114624506,-0.004921516049144434,253
xgb_31,2020,0.25,0.5,32,-0.002575655504326612,0.03706962948413667,0.04035087719298246,0.549407114624506,-0.004921516049144434,253
xgb_31,2020,0.5,0.1,32,-0.002575655504326612,0.03533202916049303,0.03422554081127459,0.5533596837944664,-0.004751096094433847,253
xgb_31,2020,0.5,0.25,32,-0.002575655504326612,0.035929926482259636,0.03506493506493507,0.5533596837944664,-0.004150108655424792,253
xgb_31,2020,0.5,0.5,32,-0.002575655504326612,0.03581367444784903,0.03506493506493507,0.5533596837944664,-0.004150108655424792,253
xgb_31,2020,0.75,0.1,32,-0.002575655504326612,0.03504943273966062,0.02941176470588235,0.549407114624506,-0.004371286797279223,253
xgb_31,2020,0.75,0.25,32,-0.002575655504326612,0.03702894392080643,0.02941176470588235,0.5533596837944664,-0.003503208571387646,253
xgb_31,2020,0.75,0.5,32,-0.002575655504326612,0.037237585729932826,0.02941176470588235,0.5533596837944664,-0.003503208571387646,253
xgb_31,2020,1.0,0.1,32,-0.002575655504326612,0.03358992293375979,0.023529411764705882,0.5454545454545454,-0.0044102901863540085,253
xgb_31,2020,1.0,0.25,32,-0.002575655504326612,0.03649671805695635,0.03506493506493507,0.5335968379446641,-0.0036023624998719203,253
xgb_31,2020,1.0,0.5,32,-0.002575655504326612,0.03670556381702031,0.03506493506493507,0.5335968379446641,-0.003218991022665595,253
