symbol,name,exchange,is_etf
A,"Agilent Technologies, Inc. Common Stock",NYSE,False
AA,Alcoa Corporation Common Stock,NYSE,False
AAA,Alternative Access First Priority CLO Bond ETF,NYSE Arca,True
AAAA,Amplius Aggressive Asset Allocation ETF,Cboe BZX,True
AAAC,Columbia AAA CLO ETF,NYSE Arca,True
AAAD,PGIM AAA CLO Aggregate Duration ETF,NYSE Arca,True
AAAP,Pacer Barings CLO Market Flex ETF,NASDAQ,True
AAAU,Goldman Sachs Physical Gold ETF Shares,Cboe BZX,True
AAC.U,"Ares Acquisition Corporation III Units, each consisting of one Class A ordinary share and one-tenth of one redeemable warrant",NYSE,False
AACB,Artius II Acquisition Inc. - Class A Ordinary Shares,NASDAQ,False
AACBR,Artius II Acquisition Inc. - Rights,NASDAQ,False
AACBU,Artius II Acquisition Inc. - Units,NASDAQ,False
AACG,"ATA Creativity Global - American Depositary Shares, each representing two common shares",NASDAQ,False
AACI,Armada Acquisition Corp. III - Class A Ordinary Share,NASDAQ,False
AACIU,Armada Acquisition Corp. III - Units,NASDAQ,False
AACIW,Armada Acquisition Corp. III - Warrant,NASDAQ,False
AACO,Abony Acquisition Corp. I - Class A Ordinary Share,NASDAQ,False
AACOU,Abony Acquisition Corp. I - Units,NASDAQ,False
AACOW,Abony Acquisition Corp. I - Warrants,NASDAQ,False
AACP,Apogee Acquisition Corp - Class A Ordinary Shares,NASDAQ,False
AACPR,Apogee Acquisition Corp - Rights,NASDAQ,False
AACPU,Apogee Acquisition Corp - Units,NASDAQ,False
AACPW,Apogee Acquisition Corp - Warrant,NASDAQ,False
AADR,AdvisorShares Dorsey Wright ADR ETF,NASDAQ,True
AADX,"Applied Aerospace & Defense, Inc. Common Stock",NYSE,False
AAEQ,Alpha Architect US Equity 2 ETF,NASDAQ,True
AAL,"American Airlines Group, Inc. - Common Stock",NASDAQ,False
AALG,Leverage Shares 2X Long AAL Daily ETF,NASDAQ,True
AAME,Atlantic American Corporation - Common Stock,NASDAQ,False
AAMI,Acadian Asset Management Inc. Common Stock,NYSE,False
AAOG,Leverage Shares 2X Long AAOI Daily ETF,Cboe BZX,True
AAOI,"Applied Optoelectronics, Inc. - Common Stock",NASDAQ,False
AAON,"AAON, Inc. - Common Stock",NASDAQ,False
AAOX,Tradr 2X Long AAOI Daily ETF,Cboe BZX,True
AAOZ,Tradr 2X Short AAOI Daily ETF,Cboe BZX,True
AAP,Advance Auto Parts Inc.,NYSE,False
AAPB,GraniteShares 2x Long AAPL Daily ETF,NASDAQ,True
AAPD,Direxion Daily AAPL Bear 1X ETF,NASDAQ,True
AAPE,Leverage Shares 2X Long AAPL Daily ETF,Cboe BZX,True
AAPG,Ascentage Pharma Group International - American Depository Shares,NASDAQ,False
AAPL,Apple Inc. - Common Stock,NASDAQ,False
AAPR,Innovator Equity Defined Protection ETF - 2 Yr to April 2028,Cboe BZX,True
AAPU,Direxion Daily AAPL Bull 2X ETF,NASDAQ,True
AAPW,Roundhill AAPL WeeklyPay ETF,Cboe BZX,True
AAPX,T-Rex 2X Long Apple Daily Target ETF,Cboe BZX,True
AAPY,Kurv Yield Premium Strategy Apple (AAPL) ETF,Cboe BZX,True
AARD,"Aardvark Therapeutics, Inc. - Common Stock",NASDAQ,False
AAT,"American Assets Trust, Inc. Common Stock",NYSE,False
AAUA,Alpha Architect US Equity 3 ETF,Cboe BZX,True
AAUB,Alpha Architect US Equity 4 ETF,NASDAQ,True
AAUC,Allied Gold Corporation Common Shares,NYSE,False
AAUS,Alpha Architect US Equity ETF,NASDAQ,True
AAVM,Alpha Architect Global Factor Equity ETF,NASDAQ,True
AAXJ,iShares MSCI All Country Asia ex Japan ETF,NASDAQ,True
AB,AllianceBernstein Holding L.P.  Units,NYSE,False
ABAT,American Battery Technology Company - Common Stock,NASDAQ,False
ABBV,AbbVie Inc. Common Stock,NYSE,False
ABCB,Ameris Bancorp Common Stock,NYSE,False
ABCL,AbCellera Biologics Inc. - Common Shares,NASDAQ,False
ABCS,Alpha Blue Capital US Small-Mid Cap Dynamic ETF,NASDAQ,True
ABEO,Abeona Therapeutics Inc. - Common Stock,NASDAQ,False
ABEQ,Absolute Select Value ETF,NYSE Arca,True
ABEV,Ambev S.A. American Depositary Shares (Each representing 1 Common Share),NYSE,False
ABFL,Abacus FCF Leaders ETF,Cboe BZX,True
ABG,Asbury Automotive Group Inc Common Stock,NYSE,False
ABI,VictoryShares Pioneer Asset-Based Income ETF,NASDAQ,True
ABIG,Argent Large Cap ETF,NASDAQ,True
ABLD,Abacus FCF Real Assets Leaders ETF,Cboe BZX,True
ABLG,Abacus FCF International Leaders ETF,Cboe BZX,True
ABLS,Abacus FCF Small Cap Leaders ETF,Cboe BZX,True
ABLV,Able View Global Inc. - Class B Ordinary Shares,NASDAQ,False
ABLVW,Able View Global Inc. - Warrant,NASDAQ,False
ABM,ABM Industries Incorporated Common Stock,NYSE,False
ABNB,"Airbnb, Inc. - Class A Common Stock",NASDAQ,False
ABNG,Leverage Shares 2x Long ABNB Daily ETF,NASDAQ,True
ABOS,"Acumen Pharmaceuticals, Inc. - Common Stock",NASDAQ,False
ABOT,Abacus FCF Innovation Leaders ETF,Cboe BZX,True
ABR,Arbor Realty Trust Common Stock,NYSE,False
ABR$D,"Arbor Realty Trust 6.375% Series D Cumulative Redeemable Preferred Stock, Liquidation Preference $25.00 per Share",NYSE,False
ABR$E,Arbor Realty Trust 6.25% Series E Cumulative Redeemable Preferred Stock,NYSE,False
ABR$F,"Arbor Realty Trust 6.25% Series F Fixed-to-Floating Rate Cumulative Redeemable Preferred Stock, Liquidation Preference $25.00 per share",NYSE,False
ABSI,Absci Corporation - Common Stock,NASDAQ,False
ABT,Abbott Laboratories Common Stock,NYSE,False
ABTC,American Bitcoin Corp. - Class A Common Stock,NASDAQ,False
ABTS,Abits Group Inc - Ordinary Shares,NASDAQ,False
ABUF,Aptus Laddered Buffer ETF,Cboe BZX,True
ABUS,Arbutus Biopharma Corporation - Common Stock,NASDAQ,False
ABVC,"ABVC BioPharma, Inc. - Common Stock",NASDAQ,False
ABVX,Abivax SA - American Depositary Shares,NASDAQ,False
ABX,"Abacus Global Management, Inc. Class A Common Stock",NYSE,False
ABXB,Abacus Flexible Bond Leaders ETF,Cboe BZX,True
ABXL,"Abacus Global Management, Inc. 9.875% Fixed Rate Senior Notes due 2028",NYSE,False
ACA,"Arcosa, Inc. Common Stock",NYSE,False
ACAA,Averin Capital Acquisition Corp. - Class A Ordinary Shares,NASDAQ,False
ACAAU,Averin Capital Acquisition Corp. - Units,NASDAQ,False
ACAAW,Averin Capital Acquisition Corp. - Warrants,NASDAQ,False
ACAD,ACADIA Pharmaceuticals Inc. - Common Stock,NASDAQ,False
ACB,Aurora Cannabis Inc. - Common Shares,NASDAQ,False
ACCL,Acco Group Holdings Limited - Class A Ordinary Shares,NASDAQ,False
ACCO,Acco Brands Corporation Common Stock,NYSE,False
ACCS,ACCESS Newswire Inc. Common Stock,NYSE American,False
ACDC,ProFrac Holding Corp. - Class A Common Stock,NASDAQ,False
ACEI,Innovator Equity Autocallable Income Strategy ETF,NYSE Arca,True
ACEL,"Accel Entertainment, Inc.",NYSE,False
ACEP,ARS Core Equity Portfolio ETF,NASDAQ,True
ACES,ALPS Clean Energy ETF,NYSE Arca,True
ACET,"Adicet Bio, Inc. - Common Stock",NASDAQ,False
ACFN,"Acorn Energy, Inc. - Common Stock",NASDAQ,False
ACGC,ACP Holdings Acquisition Corp. - Class A Ordinary Shares,NASDAQ,False
ACGCU,ACP Holdings Acquisition Corp. - Units,NASDAQ,False
ACGCW,ACP Holdings Acquisition Corp. - Warrants,NASDAQ,False
ACGL,Arch Capital Group Ltd. - Common Stock,NASDAQ,False
ACGLN,"Arch Capital Group Ltd. - Depositary Shares, each Representing a 1/1,000th Interest in a 4.550% Non-Cumulative Preferred Share, Series G",NASDAQ,False
ACGLO,"Arch Capital Group Ltd. - Depositary Shares Each Representing 1/1,000th Interest in a Share of5.45% Non-Cumulative Preferred Shares, Series F",NASDAQ,False
ACGO,Hartford Alpha Capture Growth ETF,Cboe BZX,True
ACGR,American Century Large Cap Growth ETF,NYSE Arca,True
ACH,"Accendra Health, Inc. Common Stock",NYSE,False
ACHC,"Acadia Healthcare Company, Inc. - Common Stock",NASDAQ,False
ACHR,Archer Aviation Inc. Class A Common Stock,NYSE,False
ACHR.W,"Archer Aviation Inc. Redeemable Warrants, each whole warrant exercisable for one Class A common stock at an exercise price of $11.50",NYSE,False
ACHV,"Achieve Life Sciences, Inc.  - Common Shares",NASDAQ,False
ACHX,Corgi ACHR 2x Daily ETF,Cboe BZX,True
ACI,"Albertsons Companies, Inc. Class A Common Stock",NYSE,False
ACIC,American Coastal Insurance Corporation - Common Stock,NASDAQ,False
ACII,Innovator Index Autocallable Income Strategy ETF,NYSE Arca,True
ACIO,Aptus Collared Investment Opportunity ETF,Cboe BZX,True
ACIU,AC Immune SA - Common Stock,NASDAQ,False
ACIW,"ACI Worldwide, Inc. - Common Stock",NASDAQ,False
ACKY,VistaShares Target 15 ACKtivist Distribution ETF,NYSE Arca,True
ACLC,American Century Large Cap Equity ETF,NYSE Arca,True
ACLO,TCW AAA CLO ETF,NYSE,True
ACLS,"Axcelis Technologies, Inc. - Common Stock",NASDAQ,False
ACLZ,Corgi ACLS 2x Daily ETF,Cboe BZX,True
ACM,AECOM Common Stock,NYSE,False
ACMM,Corgi ACMR 2x Daily ETF,Cboe BZX,True
ACMR,"ACM Research, Inc. - Class A Common Stock",NASDAQ,False
ACN,Accenture plc Class A Ordinary Shares (Ireland),NYSE,False
ACNB,ACNB Corporation - Common Stock,NASDAQ,False
ACNT,Ascent Industries Co. - Common Stock,NASDAQ,False
ACOG,Alpha Cognition Inc. - Common Stock,NASDAQ,False
ACOM,Harbor Active Commodity ETF,NYSE Arca,True
ACON,"Aclarion, Inc. - Common Stock",NASDAQ,False
ACONW,"Aclarion, Inc. - Warrant",NASDAQ,False
ACP,abrdn Income Credit Strategies Fund Common Shares,NYSE,False
ACP$A,abrdn Income Credit Strategies Fund 5.250% Series A Perpetual Preferred Stock,NYSE,False
ACR,ACRES Commercial Realty Corp. Common Stock,NYSE,False
ACR$C,ACRES Commercial Realty Corp. 8.625% Fixed-to-Floating Series C Cumulative Redeemable Preferred Stock,NYSE,False
ACR$D,ACRES Commercial Realty Corp. 7.875% Series D Cumulative Redeemable Preferred Stock,NYSE,False
ACRE,Ares Commercial Real Estate Corporation Common Stock,NYSE,False
ACRS,"Aclaris Therapeutics, Inc. - Common Stock",NASDAQ,False
ACRV,"Acrivon Therapeutics, Inc. - Common Stock",NASDAQ,False
ACSG,American Century Small Cap Growth Insights ETF,Cboe BZX,True
ACSI,American Customer Satisfaction ETF,Cboe BZX,True
ACSV,American Century Small Cap Value Insights ETF,Cboe BZX,True
ACT,"Enact Holdings, Inc. - Common Stock",NASDAQ,False
ACTG,Acacia Research Corporation - Common Stock,NASDAQ,False
ACTS,FIS Tactical Equity ETF,NYSE Arca,True
ACTU,"Actuate Therapeutics, Inc. - Common stock",NASDAQ,False
ACU,Acme United Corporation. Common Stock,NYSE American,False
ACV,Virtus Diversified Income & Convertible Fund Common Shares of Beneficial Interest,NYSE,False
ACVA,ACV Auctions Inc. Class A Common Stock,NYSE,False
ACVF,American Conservative Values ETF,NYSE Arca,True
ACVT,Advent Convertible Bond ETF,NYSE Arca,True
ACVU,Hartford Alpha Capture Value ETF,Cboe BZX,True
ACWI,iShares MSCI ACWI ETF,NASDAQ,True
ACWV,iShares MSCI Global Min Vol Factor ETF,Cboe BZX,True
ACWX,iShares MSCI ACWI ex U.S. ETF,NASDAQ,True
ACXP,"Acurx Pharmaceuticals, Inc. - Common Stock",NASDAQ,False
ACYN,FT Vest Laddered Autocallable Barrier & Income ETF,NYSE Arca,True
ACYQ,FT Vest Autocallable Barrier & High Income ETF,NYSE Arca,True
ACYS,FT Vest Laddered Autocallable Barrier & Resilient Income ETF,NYSE Arca,True
AD,"Array Digital Infrastructure, Inc. Common Shares",NYSE,False
ADAC,American Drive Acquisition Company - Class A Ordinary Shares,NASDAQ,False
ADACU,American Drive Acquisition Company - Units,NASDAQ,False
ADACW,American Drive Acquisition Company - Warrant,NASDAQ,False
ADAG,"Adagene Inc. - ADS, each representing 1.25 ordinary shares",NASDAQ,False
ADAM,"Adamas Trust, Inc. - Common Stock",NASDAQ,False
ADAMG,"Adamas Trust, Inc. - 9.125% Senior Notes Due 2030",NASDAQ,False
ADAMH,"Adamas Trust, Inc. - 9.875% Senior Notes Due 2030",NASDAQ,False
ADAMI,"Adamas Trust, Inc. - 9.125% Senior Notes Due 2029",NASDAQ,False
ADAML,"Adamas Trust, Inc. - 6.875% Series F Fixed-to-Floating Rate Cumulative Redeemable Preferred Stock, $0.01 par value per share",NASDAQ,False
ADAMM,"Adamas Trust, Inc. - 7.875% Series E Fixed-to-Floating Rate Cumulative Redeemable Preferred Stock",NASDAQ,False
ADAMN,"Adamas Trust, Inc. - 8.00% Series D Fixed-to-Floating Rate Cumulative Redeemable Preferred Stock",NASDAQ,False
ADAMO,"Adamas Trust, Inc. - 9.250% Senior Notes Due 2031",NASDAQ,False
ADAMZ,"Adamas Trust, Inc. - 7.000% Series G Cumulative Redeemable Preferred Stock, $0.01 par value per share",NASDAQ,False
ADBE,Adobe Inc. - Common Stock,NASDAQ,False
ADBG,Leverage Shares 2X Long ADBE Daily ETF,NASDAQ,True
ADBU,Direxion Daily ADBE Bull 2X ETF,NYSE Arca,True
ADC,Agree Realty Corporation Common Stock,NYSE,False
ADC$A,"Agree Realty Corporation Depositary Shares, each representing 1/1,000th of a 4.250% Series A Cumulative Redeemable Preferred Stock",NYSE,False
ADCT,ADC Therapeutics SA Common Shares,NYSE,False
ADDS,Hedgeye Index Adds ETF,NYSE Arca,True
ADEA,Adeia Inc.  - Common Stock,NASDAQ,False
ADGM,"Adagio Medical Holdings, Inc - Common Stock",NASDAQ,False
ADI,"Analog Devices, Inc. - Common Stock",NASDAQ,False
ADIL,"Adial Pharmaceuticals, Inc - Common Stock",NASDAQ,False
ADIU,Leverage Shares 2X Long ADI Daily ETF,Cboe BZX,True
ADIV,Guinness Atkinson Asia Pacific Dividend Builder ETF,NYSE Arca,True
ADM,Archer-Daniels-Midland Company Common Stock,NYSE,False
ADMA,ADMA Biologics Inc - Common Stock,NASDAQ,False
ADME,Aptus Drawdown Managed Equity ETF,Cboe BZX,True
ADNT,Adient plc Ordinary Shares,NYSE,False
ADP,"Automatic Data Processing, Inc. - Common Stock",NASDAQ,False
ADPT,Adaptive Biotechnologies Corporation - Common Stock,NASDAQ,False
ADPV,Adaptiv Select ETF,NYSE Arca,True
ADSE,ADS-TEC ENERGY PLC - Ordinary Shares,NASDAQ,False
ADSEW,ADS-TEC ENERGY PLC - Warrant,NASDAQ,False
ADSK,"Autodesk, Inc. - Common Stock",NASDAQ,False
ADT,ADT Inc. Common Stock,NYSE,False
ADTN,"ADTRAN Holdings, Inc. - Common Stock",NASDAQ,False
ADUR,Aduro Clean Technologies Inc. - Common Stock,NASDAQ,False
ADUS,Addus HomeCare Corporation - Common Stock,NASDAQ,False
ADV,Advantage Solutions Inc.  - Class A Common Stock,NASDAQ,False
ADVB,Advanced Biomed Inc. - Common Stock,NASDAQ,False
ADVE,Matthews Asia Dividend Active ETF,NYSE Arca,True
ADX,Adams Diversified Equity Fund Inc.,NYSE,False
ADXN,Addex Therapeutics Ltd - American Depositary Shares,NASDAQ,False
AEAQ,Activate Energy Acquisition Corp. - Class A Ordinary Share,NASDAQ,False
AEAQU,Activate Energy Acquisition Corp. - Unit,NASDAQ,False
AEAQW,Activate Energy Acquisition Corp. - Warrant,NASDAQ,False
AEBI,Aebi Schmidt Holding AG - Common Stock,NASDAQ,False
AEC,Anfield Energy Inc. - Common Shares,NASDAQ,False
AEE,Ameren Corporation Common Stock,NYSE,False
AEF,"abrdn Emerging Markets ex-China Fund, Inc. Common Stock",NYSE American,False
AEFC,Aegon Funding Company LLC 5.10% Subordinated Notes due 2049,NYSE,False
AEG,Aegon Ltd. New York Registry Shares,NYSE,False
AEHG,Leverage Shares 2X Long AEHR Daily ETF,Cboe BZX,True
AEHL,Antelope Enterprise Holdings Limited - Class A Ordinary Shares,NASDAQ,False
AEHR,Aehr Test Systems - Common Stock,NASDAQ,False
AEI,Alset Inc. - Common Stock,NASDAQ,False
AEIS,"Advanced Energy Industries, Inc. - Common Stock",NASDAQ,False
AEM,Agnico Eagle Mines Limited Common Stock,NYSE,False
AEMD,"Aethlon Medical, Inc. - Common Stock",NASDAQ,False
AENT,Alliance Entertainment Holding Corporation - common stock,NASDAQ,False
AENTW,Alliance Entertainment Holding Corporation - Warrants,NASDAQ,False
AEO,"American Eagle Outfitters, Inc. Common Stock",NYSE,False
AEON,"AEON Biopharma, Inc. Class A Common Stock",NYSE American,False
AEP,"American Electric Power Company, Inc. - Common Stock",NASDAQ,False
AER,AerCap Holdings N.V. Ordinary Shares,NYSE,False
AERO,"Grupo Aeromexico, S.A.B. de C.V. American Depositary Shares (each representing ten (10) Common Shares)",NYSE,False
AERT,"Aeries Technology, Inc. - Class A Ordinary Share",NASDAQ,False
AERTW,"Aeries Technology, Inc. - Warrant",NASDAQ,False
AES,The AES Corporation Common Stock,NYSE,False
AESI,Atlas Energy Solutions Inc. Common Stock,NYSE,False
AESP,Aeon Acquisition I Corp. - Class A Ordinary Shares,NASDAQ,False
AESPR,Aeon Acquisition I Corp. - Rights,NASDAQ,False
AESPU,Aeon Acquisition I Corp. - Units,NASDAQ,False
AESPW,Aeon Acquisition I Corp. - Warrants,NASDAQ,False
AESR,Anfield U.S. Equity Sector Rotation ETF,Cboe BZX,True
AETH,Bitwise Trendwise Ether and Treasuries Rotation Strategy ETF,NYSE Arca,True
AEVA,"Aeva Technologies, Inc. - Common Stock",NASDAQ,False
AEXA,American Exceptionalism Acquisition Corp. A Class A Ordinary Shares,NYSE,False
AEYE,"AudioEye, Inc. - Common Stock",NASDAQ,False
AFB,AllianceBernstein National Municipal Income Fund Inc,NYSE,False
AFBI,"Affinity Bancshares, Inc. - Common Stock",NASDAQ,False
AFCG,Advanced Flower Capital Inc. - Common Stock,NASDAQ,False
AFG,"American Financial Group, Inc. Common Stock",NYSE,False
AFGB,"American Financial Group, Inc. 5.875% Subordinated Debentures due 2059",NYSE,False
AFGC,"American Financial Group, Inc. 5.125% Subordinated Debentures due 2059",NYSE,False
AFGD,"American Financial Group, Inc. 5.625% Subordinated Debentures due 2060",NYSE,False
AFGE,"American Financial Group, Inc. 4.500% Subordinated Debentures due 2060",NYSE,False
AFGR,First Trust Multi-Manager Large Growth ETF,NYSE Arca,True
AFIF,Anfield Universal Fixed Income ETF,Cboe BZX,True
AFIX,Allspring Broad Market Core Bond ETF,NYSE Arca,True
AFJK,"Aimei Health Technology Co., Ltd - Ordinary Share",NASDAQ,False
AFJKR,"Aimei Health Technology Co., Ltd - Right",NASDAQ,False
AFJKU,"Aimei Health Technology Co., Ltd - Unit",NASDAQ,False
AFK,VanEck Africa Index ETF,NYSE Arca,True
AFL,AFLAC Incorporated Common Stock,NYSE,False
AFLG,First Trust Active Factor Large Cap ETF,NYSE Arca,True
AFMC,First Trust Active Factor Mid Cap ETF,NYSE Arca,True
AFOS,ARS Focused Opportunity Strategy ETF,NASDAQ,True
AFRI,Forafric Global PLC - Ordinary Shares,NASDAQ,False
AFRIW,Forafric Global PLC - Warrants,NASDAQ,False
AFRM,"Affirm Holdings, Inc. - Class A Common Stock",NASDAQ,False
AFRU,T-REX 2X Long AFRM Daily Target ETF,Cboe BZX,True
AFSC,abrdn Focused U.S. Small Cap Active ETF,NASDAQ,True
AFSM,First Trust Active Factor Small Cap ETF,NYSE Arca,True
AFYA,Afya Limited - Class A Common Shares,NASDAQ,False
AG,First Majestic Silver Corp. Ordinary Shares (Canada),NYSE,False
AGBK,AGI Inc Class A Common Shares,NYSE,False
AGCC,Agencia Comercial Spirits Ltd - Class A Ordinary Share,NASDAQ,False
AGCO,AGCO Corporation Common Stock,NYSE,False
AGD,abrdn Global Dynamic Dividend Fund Common Shares of Beneficial Interest,NYSE,False
AGEM,abrdn Emerging Markets Dividend Active ETF,NASDAQ,True
AGEN,Agenus Inc. - Common Stock,NASDAQ,False
AGG,iShares Core U.S. Aggregate Bond ETF,NYSE Arca,True
AGGA,EA Astoria Beacon Dynamic Core US Fixed Income ETF,NASDAQ,True
AGGH,Simplify Aggregate Bond ETF,NYSE Arca,True
AGGS,Harbor Disciplined Bond ETF,NYSE Arca,True
AGGY,WisdomTree Yield Enhanced U.S. Aggregate Bond Fund,NYSE Arca,True
AGI,Alamos Gold Inc. Class A Common Shares,NYSE,False
AGIG,Abundia Global Impact Group Inc. Common stock,NYSE American,False
AGIO,"Agios Pharmaceuticals, Inc. - Common Stock",NASDAQ,False
AGIQ,SoFi Agentic AI ETF,NYSE Arca,True
AGIX,KraneShares Public-Private AI & Technology ETF,NASDAQ,True
AGL,"agilon health, inc. Common Stock",NYSE,False
AGM,Federal Agricultural Mortgage Corporation Common Stock,NYSE,False
AGM$D,"Federal Agricultural Mortgage Corporation 5.700% Non-Cumulative Preferred Stock, Series D",NYSE,False
AGM$E,"Federal Agricultural Mortgage Corporation 5.750% Non-Cumulative Preferred Stock, Series E",NYSE,False
AGM$F,"Federal Agricultural Mortgage Corporation 5.250% Non-Cumulative Preferred Stock, Series F",NYSE,False
AGM$G,"Federal Agricultural Mortgage Corporation 4.875% Non-Cumulative Preferred Stock, Series G",NYSE,False
AGM$H,"Federal Agricultural Mortgage Corporation 6.500% Non-Cumulative Preferred Stock, Series H",NYSE,False
AGM$I,"Federal Agricultural Mortgage Corporation 6.875% Non-Cumulative Preferred Stock, Series I",NYSE,False
AGM.A,Federal Agricultural Mortgage Corporation Common Stock,NYSE,False
AGMB,AgomAb Therapeutics NV - ADRs representing one common share.,NASDAQ,False
AGMH,AGM Group Holdings Inc. - Class A Ordinary Shares,NASDAQ,False
AGMI,Themes Silver Miners ETF,NASDAQ,True
AGNC,AGNC Investment Corp. - Common Stock,NASDAQ,False
AGNCL,"AGNC Investment Corp. - Depositary Shares Each Representing a 1/1,000th Interest in a Share of 7.75% Series G Fixed-Rate Reset Cumulative Redeemable Preferred Stock",NASDAQ,False
AGNCM,AGNC Investment Corp. - Depositary Shares rep 6.875% Series D Fixed-to-Floating Cumulative Redeemable Preferred Stock,NASDAQ,False
AGNCN,"AGNC Investment Corp. - Depositary Shares Each Representing a 1/1,000th Interest in a Share of 7.00% Series C Fixed-To-Floating Rate Cumulative Redeemable Preferred Stock",NASDAQ,False
AGNCO,"AGNC Investment Corp. - Depositary Shares, each representing a 1/1,000th interest in a share of Series E Fixed-to-Floating Cumulative Redeemable Preferred Stock",NASDAQ,False
AGNCP,"AGNC Investment Corp. - Depositary Shares Each Representing a 1/1,000th Interest in a Share of 6.125% Series F Fixed-to-Floating Rate Cumulative Redeemable Preferred Stock",NASDAQ,False
AGNCZ,"AGNC Investment Corp. - Depositary Shares Each Representing a 1/1,000th Interest in a Share of 8.75% Series H Fixed-Rate Cumulative Redeemable Preferred Stock",NASDAQ,False
AGNG,Global X Aging Population ETF,NASDAQ,True
AGNT,"AGNT, Inc. - Common Stock",NASDAQ,False
AGO,Assured Guaranty Ltd. Common Stock,NYSE,False
AGOX,Adaptive Alpha Opportunities ETF,NYSE Arca,True
AGPU,Axe Compute Inc. - Common Stock,NASDAQ,False
AGQ,ProShares Ultra Silver,NYSE Arca,True
AGQI,First Trust Active Global Quality Income ETF,NYSE Arca,True
AGRH,iShares Interest Rate Hedged U.S. Aggregate Bond ETF,NYSE Arca,True
AGRO,Adecoagro S.A. Common Shares,NYSE,False
AGRW,Allspring LT Large Growth ETF,NYSE Arca,True
AGRZ,Agroz Inc. - Class A Ordinary Shares,NASDAQ,False
AGX,"Argan, Inc. Common Stock",NYSE,False
AGYS,"Agilysys, Inc. - Common Stock",NASDAQ,False
AGZ,iShares  Agency Bond ETF,NYSE Arca,True
AGZD,WisdomTree Interest Rate Hedged U.S. Aggregate Bond Fund,NASDAQ,True
AHCO,AdaptHealth Corp.  - Common Stock,NASDAQ,False
AHD,GraniteShares Autocallable HOOD ETF,NASDAQ,True
AHG,Akso Health Group - American Depositary Shares,NASDAQ,False
AHL$D,Aspen Insurance Holdings Limited 5.625% Perpetual Non-Cumulative Preference Shares,NYSE,False
AHL$E,"Aspen Insurance Holdings Limited Depositary Shares, each representing a 1/1000th interest in a share of 5.625% Perpetual Non-Cumulative Preference Shares",NYSE,False
AHL$F,"Aspen Insurance Holdings Limited Depositary Shares, each representing a 1/1,000th Interest in a 7.00% Perpetual Non-Cumulative Preference Share",NYSE,False
AHLT,AHL Trend ETF,NYSE Arca,True
AHMA,Ambitions Enterprise Management Co. L.L.C - Class A Ordinary Shares,NASDAQ,False
AHR,"American Healthcare REIT, Inc. Common Stock",NYSE,False
AHRT,"AH Realty Trust, Inc. Common Stock",NYSE,False
AHRT$A,"AH Realty Trust, Inc. 6.75% Series A Cumulative Redeemable Perpetual Preferred Stock",NYSE,False
AHT,Ashford Hospitality Trust Inc Common Stock,NYSE,False
AHT$D,Ashford Hospitality Trust Inc 8.45% Series D Cumulative Preferred Stock,NYSE,False
AHT$F,Ashford Hospitality Trust Inc 7.375% Series F Cumulative Preferred Stock,NYSE,False
AHT$G,Ashford Hospitality Trust Inc 7.375% Series G Cumulative Preferred Stock,NYSE,False
AHT$H,Ashford Hospitality Trust Inc 7.50% Series H Cumulative Preferred Stock,NYSE,False
AHT$I,Ashford Hospitality Trust Inc 7.50% Series I Cumulative Preferred Stock,NYSE,False
AHYB,American Century Select High Yield ETF,NYSE Arca,True
AI,"C3.ai, Inc. Class A Common Stock",NYSE,False
AIA,iShares Asia 50 ETF,NASDAQ,True
AIAI,AIAI Holdings Corporation - Class A common stock,NASDAQ,False
AIB,AIB Data Centers Inc. Common Stock,NYSE American,False
AIBD,Direxion Daily AI and Big Data Bear 2X ETF,NYSE Arca,True
AIBU,Direxion Daily AI and Big Data Bull 2X ETF,NYSE Arca,True
AIBZ,Bitzero Holdings Inc. - Common Shares,NASDAQ,False
AIDX,"20/20 Biolabs, Inc. - Common Stock",NASDAQ,False
AIEQ,Amplify AI Powered Equity ETF,NYSE Arca,True
AIFA,"All In FutureTech Alliance, Inc. - Common Stock",NASDAQ,False
AIFC,AI Financial Corporation - Common Stock,NASDAQ,False
AIFD,TCW Artificial Intelligence ETF,NASDAQ,True
AIFF,"Firefly Neuroscience, Inc.  - Common Stock",NASDAQ,False
AIFU,AIFU Inc. - Class A Ordinary Share,NASDAQ,False
AIG,"American International Group, Inc. New Common Stock",NYSE,False
AIHS,Senmiao Technology Limited - Common Stock,NASDAQ,False
AIHY,Defiance AI Hyperscale Leaders ETF,NYSE Arca,True
AII,"American Integrity Insurance Group, Inc. Common Stock",NYSE,False
AIIA,AI Infrastructure Acquisition Corp. Class A Ordinary Shares,NYSE,False
AIIA.R,"AI Infrastructure Acquisition Corp. Rights, each entitling the holder to receive one-fifth (1/5) of one Class A Ordinary Share",NYSE,False
AIIA.U,"AI Infrastructure Acquisition Corp. Units, each consisting of one Class A Ordinary Share and one Right",NYSE,False
AIIO,Robo.ai Inc. - Class B Ordinary Shares,NASDAQ,False
AIIOW,Robo.ai Inc. - Warrant,NASDAQ,False
AIIR,Air Global PLC - Ordinary shares,NASDAQ,False
AIM,AIM ImmunoTech Inc. Common Stock,NYSE American,False
AIMD,"Ainos, Inc. - Common Stock",NASDAQ,False
AIMDW,"Ainos, Inc. - warrants",NASDAQ,False
AIMS,Acuitas Small Cap Active ETF,NASDAQ,True
AIN,Albany International Corporation Common Stock,NYSE,False
AINP,Allspring Income Plus ETF,NYSE Arca,True
AINT,FINQ DOLLAR NEUTRAL U.S. Large Cap AI-Managed Equity ETF,NYSE Arca,True
AIO,Virtus Artificial Intelligence & Technology Opportunities Fund Common Shares of Beneficial Interest,NYSE,False
AIOO,AllianzIM U.S. Equity Buffer100 Protection ETF,Cboe BZX,True
AIOS,AIOS Tech Inc. - Class A Common Shares,NASDAQ,False
AIOT,"PowerFleet, Inc. - Common Stock",NASDAQ,False
AIP,"Arteris, Inc.  - Common Stock",NASDAQ,False
AIPI,REX AI Equity Premium Income ETF,NASDAQ,True
AIPO,Defiance AI & Power Infrastructure ETF,NASDAQ,True
AIQ,Global X Artificial Intelligence & Technology ETF,NASDAQ,True
AIQD,MicroSectors -3? Short Artificial Intelligence (AI) ETNs,NYSE Arca,True
AIQU,MicroSectors 3? Long Artificial Intelligence (AI) ETNs,NYSE Arca,True
AIR,AAR Corp. Common Stock,NYSE,False
AIRE,reAlpha Tech Corp. - Common Stock,NASDAQ,False
AIRG,"Airgain, Inc. - Common Stock",NASDAQ,False
AIRI,Air Industries Group Common Stock,NYSE American,False
AIRJ,AirJoule Technologies Corporation - Class A Common Stock,NASDAQ,False
AIRJW,AirJoule Technologies Corporation - Warrant,NASDAQ,False
AIRO,"AIRO Group Holdings, Inc. - Common Stock",NASDAQ,False
AIRR,First Trust RBA American Industrial Renaissance ETF,NASDAQ,True
AIRS,"AirSculpt Technologies, Inc. - Common Stock",NASDAQ,False
AIRT,"Air T, Inc. - Common Stock",NASDAQ,False
AIRTP,"Air T, Inc. - Trust Preferred Securities",NASDAQ,False
AIS,VistaShares Artificial Intelligence Supercycle ETF,NYSE Arca,True
AISP,"Airship AI Holdings, Inc - Class A Common Stock",NASDAQ,False
AISPW,"Airship AI Holdings, Inc - Warrants",NASDAQ,False
AIT,"Applied Industrial Technologies, Inc. Common Stock",NYSE,False
AIUP,FINQ FIRST U.S. Large Cap AI-Managed Equity ETF,NYSE Arca,True
AIV,Apartment Investment and Management Company Common Stock,NYSE,False
AIVC,Amplify Bloomberg AI Equal Weight ETF,NYSE Arca,True
AIVI,WisdomTree International AI Enhanced Value Fund,NYSE Arca,True
AIVL,WisdomTree U.S. AI Enhanced Value Fund,NYSE Arca,True
AIX,Defiance US 100 Tech AI Moat ETF,NASDAQ,True
AIXC,"AIxCrypto Holdings, Inc. - Common Stock",NASDAQ,False
AIXI,XIAO-I Corporation - American Depositary Shares,NASDAQ,False
AIYY,YieldMax AI Option Income Strategy ETF,NYSE Arca,True
AIZ,"Assurant, Inc. Common Stock",NYSE,False
AIZN,"Assurant, Inc. 5.25% Subordinated Notes due 2061",NYSE,False
AJAN,Innovator Equity Defined Protection ETF - 2 Yr to January 2028,Cboe BZX,True
AJG,Arthur J. Gallagher & Co. Common Stock,NYSE,False
AJUL,Innovator Equity Defined Protection ETF - 2 Yr to July 2026,Cboe BZX,True
AKA,a.k.a. Brands Holding Corp. Common Stock,NYSE,False
AKAF,The Frontier Economic Fund,NYSE,True
AKAM,"Akamai Technologies, Inc. - Common Stock",NASDAQ,False
AKAN,Akanda Corp. - Common Shares,NASDAQ,False
AKBA,"Akebia Therapeutics, Inc. - Common Stock",NASDAQ,False
AKO.A,Embotelladora Andina S.A. Common Stock,NYSE,False
AKO.B,Embotelladora Andina S.A. Common Stock,NYSE,False
AKR,Acadia Realty Trust Common Stock,NYSE,False
AKRE,Akre Focus ETF,NYSE Arca,True
AKTS,"Aktis Oncology, Inc. - Common stock",NASDAQ,False
AKTX,Akari Therapeutics Plc - American Depositary Shares,NASDAQ,False
ALA,Corgi ALAB 2x Daily ETF,Cboe BZX,True
ALAB,"Astera Labs, Inc. - Common Stock",NASDAQ,False
ALAI,Alger AI Enablers & Adopters ETF,NYSE Arca,True
ALAR,Alarum Technologies Ltd. - American Depositary Shares,NASDAQ,False
ALB,Albemarle Corporation Common Stock,NYSE,False
ALB$A,Albemarle Corporation Depositary Shares each representing a 1/20th of 7.25% Series A Mandatory Convertible Preferred Stock,NYSE,False
ALBG,Leverage Shares 2X Long ALB Daily ETF,NASDAQ,True
ALC,Alcon Inc. Ordinary Shares,NYSE,False
ALCO,"Alico, Inc. - Common Stock",NASDAQ,False
ALDB,Aptus Laddered Deep Buffer ETF,Cboe BZX,True
ALDF,Aldel Financial II Inc. - Class A Ordinary Shares,NASDAQ,False
ALDFU,Aldel Financial II Inc. - Units,NASDAQ,False
ALDFW,Aldel Financial II Inc. - Warrants,NASDAQ,False
ALDX,"Aldeyra Therapeutics, Inc. - Common Stock",NASDAQ,False
ALEC,"Alector, Inc. - Common Stock",NASDAQ,False
ALF,Centurion Acquisition Corp. - Class A Ordinary Shares,NASDAQ,False
ALFUU,Centurion Acquisition Corp. - Unit,NASDAQ,False
ALFUW,Centurion Acquisition Corp. - Warrant,NASDAQ,False
ALG,"Alamo Group, Inc. Common Stock",NYSE,False
ALGM,"Allegro MicroSystems, Inc. - Common Stock",NASDAQ,False
ALGN,"Align Technology, Inc. - Common Stock",NASDAQ,False
ALGS,"Aligos Therapeutics, Inc. - Common stock",NASDAQ,False
ALGT,Allegiant Travel Company - Common Stock,NASDAQ,False
ALH,Alliance Laundry Holdings Inc. Common Stock,NYSE,False
ALHC,"Alignment Healthcare, Inc. - Common Stock",NASDAQ,False
ALIL,Argent Focused Small Cap ETF,NASDAQ,True
ALIS,Calisa Acquisition Corp - Ordinary shares,NASDAQ,False
ALISR,Calisa Acquisition Corp - Right,NASDAQ,False
ALISU,Calisa Acquisition Corp - Units,NASDAQ,False
ALIT,"Alight, Inc. Class A Common Stock",NYSE,False
ALK,"Alaska Air Group, Inc. Common Stock",NYSE,False
ALKS,Alkermes plc - Ordinary Shares,NASDAQ,False
ALKT,"Alkami Technology, Inc. - Common Stock",NASDAQ,False
ALL,Allstate Corporation (The) Common Stock,NYSE,False
ALL$B,Allstate Corporation (The) 5.100% Fixed-to-Floating Rate Subordinated Debentures due 2053,NYSE,False
ALL$H,"Allstate Corporation (The) Depositary Shares each representing a 1/1,000th interest in a share of Fixed Rate Noncumulative Perpetual Preferred Stock, Series H",NYSE,False
ALL$I,"Allstate Corporation (The) Depositary Shares each representing a 1/1,000th interest in a share of Fixed Rate Noncumulative Perpetual Preferred Stock, Series I",NYSE,False
ALL$J,"Allstate Corporation (The) Depositary Shares each representing a 1/1,000th interest in a share of Fixed Rate Noncumulative Perpetual Preferred Stock, Series J",NYSE,False
ALLE,Allegion plc Ordinary Shares,NYSE,False
ALLO,"Allogene Therapeutics, Inc. - Common Stock",NASDAQ,False
ALLR,"Allarity Therapeutics, Inc. - Common stock",NASDAQ,False
ALLT,Allot Ltd. - Ordinary Shares,NASDAQ,False
ALLW,State Street Bridgewater All Weather ETF,NASDAQ,True
ALLY,Ally Financial Inc. Common Stock,NYSE,False
ALM,Almonty Industries Inc. - Common Shares,NASDAQ,False
ALMR,"Alamar Biosciences, Inc. - Class A common stock",NASDAQ,False
ALMS,Alumis Inc. - Common Stock,NASDAQ,False
ALMU,"Aeluma, Inc. - Common Stock",NASDAQ,False
ALNT,Allient Inc. - Common Stock,NASDAQ,False
ALNY,"Alnylam Pharmaceuticals, Inc. - Common Stock",NASDAQ,False
ALOT,"AstroNova, Inc. - Common Stock",NASDAQ,False
ALOV,"Aldabra 4 Liquidity Opportunity Vehicle, Inc. - Class A Ordinary Shares",NASDAQ,False
ALOVU,"Aldabra 4 Liquidity Opportunity Vehicle, Inc. - Units",NASDAQ,False
ALOVW,"Aldabra 4 Liquidity Opportunity Vehicle, Inc. - Warrants",NASDAQ,False
ALOY,REalloys Inc. - Common Stock,NASDAQ,False
ALP,Alpha Compute Corp  - Common Stock,NASDAQ,False
ALPS,ALPS Group Inc - Ordinary Share,NASDAQ,False
ALPX,Alpex Acquisition Corporation - Class A Ordinary Shares,NASDAQ,False
ALPXR,Alpex Acquisition Corporation - Rights,NASDAQ,False
ALPXU,Alpex Acquisition Corporation - Units,NASDAQ,False
ALPXW,Alpex Acquisition Corporation - Warrants,NASDAQ,False
ALRG,Allspring LT Large Core ETF,NYSE Arca,True
ALRM,"Alarm.com Holdings, Inc. - Common Stock",NASDAQ,False
ALRS,Alerus Financial Corporation - Common Stock,NASDAQ,False
ALSN,"Allison Transmission Holdings, Inc. Common Stock",NYSE,False
ALT,"Altimmune, Inc. - Common Stock",NASDAQ,False
ALTG,Alta Equipment Group Inc. Class A Common Stock,NYSE,False
ALTG$A,Alta Equipment Group Inc. Depositary Shares (each representing 1/1000th in a share of 10% Series A Cumulative Perpetual Preferred Stock),NYSE,False
ALTI,"AlTi Global, Inc. - Class A Common Stock",NASDAQ,False
ALTL,Pacer Lunt Large Cap Alternator ETF,NYSE Arca,True
ALTO,"Alto Ingredients, Inc. - Common Stock",NASDAQ,False
ALTY,Global X Alternative Income ETF,NASDAQ,True
ALUB,Alussa Energy Acquisition Corp. II Class A Ordinary Shares,NYSE,False
ALUB.U,"Alussa Energy Acquisition Corp. II Units, each consisting of one Class A ordinary share and one-third of one redeemable warrant",NYSE,False
ALUB.W,"Alussa Energy Acquisition Corp. II Redeemable Warrants, each whole warrant exercisable for one Class A ordinary share at an exercise price of $11.50 per share",NYSE,False
ALV,"Autoliv, Inc. Common Stock",NYSE,False
ALVO,Alvotech - Ordinary Shares,NASDAQ,False
ALVOW,Alvotech - Warrant,NASDAQ,False
ALX,"Alexander's, Inc. Common Stock",NYSE,False
ALXO,ALX Oncology Holdings Inc. - Common Stock,NASDAQ,False
ALZN,"Alzamend Neuro, Inc. - Common Stock",NASDAQ,False
AM,Antero Midstream Corporation Common Stock,NYSE,False
AMA,Defiance Daily Target 2X Long AMAT ETF,NASDAQ,True
AMAA,Corgi AMZN 2x Daily ETF,Cboe BZX,True
AMACU,AMR Resources Acquisition Corp - Units,NASDAQ,False
AMAL,Amalgamated Financial Corp. - Common Stock,NASDAQ,False
AMAN,Amanat Acquisition Corp - Class A Ordinary Shares,NASDAQ,False
AMAT,"Applied Materials, Inc. - Common Stock",NASDAQ,False
AMAU,Leverage Shares 2X Long AMAT Daily ETF,Cboe BZX,True
AMAX,Adaptive Hedged Multi-Asset Income ETF,NYSE Arca,True
AMBA,"Ambarella, Inc. - Ordinary Shares",NASDAQ,False
AMBO,Ambow Education Holding Ltd. American Depository Shares (each representing twenty (20) Class A Ordinary Shares),NYSE American,False
AMBP,Ardagh Metal Packaging S.A. Ordinary Shares,NYSE,False
AMBQ,"Ambiq Micro, Inc. Common Stock",NYSE,False
AMBR,Amber International Holding Limited - American Depositary Shares,NASDAQ,False
AMC,"AMC Entertainment Holdings, Inc. Class A Common Stock",NYSE,False
AMCI,AMC Robotics Corporation - Common Stock,NASDAQ,False
AMCR,Amcor plc Ordinary Shares,NYSE,False
AMCX,AMC Global Media Inc. - Class A Common Stock,NASDAQ,False
AMD,"Advanced Micro Devices, Inc. - Common Stock",NASDAQ,False
AMDC,Corgi AMD 2x Daily ETF,Cboe BZX,True
AMDD,Direxion Daily AMD Bear 1X ETF,NASDAQ,True
AMDG,Leverage Shares 2X Long AMD Daily ETF,NASDAQ,True
AMDL,GraniteShares 2x Long AMD Daily ETF,NASDAQ,True
AMDW,Roundhill AMD WeeklyPay ETF,Cboe BZX,True
AMDY,Yieldmax AMD Option Income Strategy ETF,NYSE Arca,True
AME,"AMETEK, Inc.",NYSE,False
AMEI,Amana Equity Income ETF,NASDAQ,True
AMEM,Amana Developing World ETF,NASDAQ,True
AMG,"Affiliated Managers Group, Inc. Common Stock",NYSE,False
AMGN,Amgen Inc. - Common Stock,NASDAQ,False
AMGR,Amana Growth ETF,NASDAQ,True
AMH,American Homes 4 Rent Common Shares of Beneficial Interest,NYSE,False
AMH$G,American Homes 4 Rent Series G cumulative redeemable perpetual preferred shares of beneficial interest,NYSE,False
AMH$H,American Homes 4 Rent Series H cumulative redeemable perpetual Preferred Shares of Beneficial Interest,NYSE,False
AMHI,American Beacon Aberdeen Municipal High Income ETF,NYSE Arca,True
AMID,Argent Mid Cap ETF,NASDAQ,True
AMIX,"Autonomix Medical, Inc. - Common Stock",NASDAQ,False
AMJB,Alerian MLP Index ETN,NYSE Arca,True
AMKL,Defiance Daily Target 2X Long AMKR ETF,Cboe BZX,True
AMKR,"Amkor Technology, Inc. - Common Stock",NASDAQ,False
AMKX,Corgi AMKR 2x Daily ETF,Cboe BZX,True
AMLP,Alerian MLP ETF,NYSE Arca,True
AMLX,"Amylyx Pharmaceuticals, Inc. - Common Stock",NASDAQ,False
AMMO,VistaShares Defense Supercycle ETF,NYSE Arca,True
AMN,AMN Healthcare Services Inc,NYSE,False
AMOD,"Alpha Modus Holdings, Inc. - Class A Common Stock",NASDAQ,False
AMODW,"Alpha Modus Holdings, Inc. - Warrant",NASDAQ,False
AMOM,QRAFT AI-Enhanced U.S. Large Cap Momentum ETF,NYSE Arca,True
AMP,"Ameriprise Financial, Inc. Common Stock",NYSE,False
AMPG,"Amplitech Group, Inc. - Common Stock",NASDAQ,False
AMPGZ,"Amplitech Group, Inc. - Series B Right",NASDAQ,False
AMPH,"Amphastar Pharmaceuticals, Inc. - Common Stock",NASDAQ,False
AMPL,"Amplitude, Inc. - Class A Common Stock",NASDAQ,False
AMPU,Defiance Daily Target 2X Long AMPX ETF,Cboe BZX,True
AMPX,"Amprius Technologies, Inc. Common Stock",NYSE,False
AMPX.W,"Amprius Technologies, Inc. Warrants to purchase one share of Common Stock at an exercise price of $11.50 per share",NYSE,False
AMPY,Amplify Energy Corp. Common Stock,NYSE,False
AMR,"Alpha Metallurgical Resources, Inc. Common Stock",NYSE,False
AMRC,"Ameresco, Inc. Class A Common Stock",NYSE,False
AMRN,Amarin Corporation plc - American Depositary Shares,NASDAQ,False
AMRX,"Amneal Pharmaceuticals, Inc. - Class A Common Stock",NASDAQ,False
AMRZ,Amrize Ltd Ordinary Shares,NYSE,False
AMS,American Shared Hospital Services Common Stock,NYSE American,False
AMSC,American Superconductor Corporation - Common Stock,NASDAQ,False
AMSF,"AMERISAFE, Inc. - Common Stock",NASDAQ,False
AMSS,AMASS Brands Inc. - Common Stock,NASDAQ,False
AMST,Amesite Inc. - Common Stock,NASDAQ,False
AMT,American Tower Corporation (REIT) Common Stock,NYSE,False
AMTB,Amerant Bancorp Inc. Class A Common Stock,NYSE,False
AMTD,"AMTD IDEA Group American Depositary Shares, each representing six (6) Class A Ordinary Shares",NYSE,False
AMTM,"Amentum Holdings, Inc. Common Stock",NYSE,False
AMTX,"Aemetis, Inc - Common Stock",NASDAQ,False
AMUB,"ETRACS Alerian MLP Index ETN Series B due July 18, 2042",NYSE Arca,False
AMUN,abrdn Ultra Short Municipal Income Active ETF,NASDAQ,True
AMUU,Direxion Daily AMD Bull 2X ETF,NASDAQ,True
AMWL,American Well Corporation Class A Common Stock,NYSE,False
AMX,"America Movil, S.A.B. de C.V. American Depositary Shares (each representing the right to receive twenty (20) Series B Shares",NYSE,False
AMYY,GraniteShares YieldBOOST AMD ETF,NASDAQ,True
AMZA,InfraCap MLP ETF,NYSE Arca,True
AMZD,Direxion Daily AMZN Bear 1X ETF,NASDAQ,True
AMZE,"Amaze Holdings, Inc. Common Stock",NYSE American,False
AMZG,Leverage Shares 2X Long AMZN Daily ETF,Cboe BZX,True
AMZN,"Amazon.com, Inc. - Common Stock",NASDAQ,False
AMZO,Tradr 2X Short AMZN Daily ETF,Cboe BZX,True
AMZP,Kurv Yield Premium Strategy Amazon (AMZN) ETF,Cboe BZX,True
AMZU,Direxion Daily AMZN Bull 2X ETF,NASDAQ,True
AMZW,Roundhill AMZN WeeklyPay ETF,Cboe BZX,True
AMZY,YieldMax AMZN Option Income Strategy ETF,NYSE Arca,True
AMZZ,GraniteShares 2x Long AMZN Daily ETF,NASDAQ,True
AN,"AutoNation, Inc. Common Stock",NYSE,False
ANAB,"AnaptysBio, Inc. - Common Stock",NASDAQ,False
ANDE,"The Andersons, Inc. - Common Stock",NASDAQ,False
ANDG,Andersen Group Inc. Class A Common Stock,NYSE,False
ANEL,Defiance Daily Target 2x Long ANET ETF,NASDAQ,True
ANET,"Arista Networks, Inc. Common Stock",NYSE,False
ANEW,ProShares MSCI Transformational Changes ETF,NYSE Arca,True
ANF,Abercrombie & Fitch Company Common Stock,NYSE,False
ANG$D,"American National Group Inc. Depositary Shares, each representing a 1/1000th interest in a share of 7.375% Fixed-Rate Non-Cumulative Preferred Stock, Series D",NYSE,False
ANGH,Anghami Inc. - Ordinary Shares,NASDAQ,False
ANGHW,Anghami Inc. - Warrants,NASDAQ,False
ANGI,Angi Inc. - Class A Common Stock,NASDAQ,False
ANGL,VanEck Fallen Angel High Yield Bond ETF,NASDAQ,True
ANGO,"AngioDynamics, Inc. - Common Stock",NASDAQ,False
ANGX,"Angel Studios, Inc. Class A Common Stock",NYSE,False
ANIK,Anika Therapeutics Inc. - Common Stock,NASDAQ,False
ANIP,"ANI Pharmaceuticals, Inc. - Common Stock",NASDAQ,False
ANIX,"Anixa Biosciences, Inc. - Common Stock",NASDAQ,False
ANL,Adlai Nortye Ltd. - American Depositary Shares,NASDAQ,False
ANNA,"AleAnna, Inc. - Class A Common Stock",NASDAQ,False
ANNAW,"AleAnna, Inc. - Warrant",NASDAQ,False
ANNX,"Annexon, Inc. - common stock",NASDAQ,False
ANPA,Rich Sparkle Holdings Limited - Ordinary Shares,NASDAQ,False
ANRO,"Alto Neuroscience, Inc. Common Stock",NYSE,False
ANSC,Agriculture & Natural Solutions Acquisition Corporation - Class A Ordinary Shares,NASDAQ,False
ANSCU,Agriculture & Natural Solutions Acquisition Corporation - Unit,NASDAQ,False
ANSCW,Agriculture & Natural Solutions Acquisition Corporation - Warrant,NASDAQ,False
ANTA,Antalpha Platform Holding Company - Class A Ordinary Shares,NASDAQ,False
ANTX,"AN2 Therapeutics, Inc. - Common Stock",NASDAQ,False
ANV,GraniteShares Autocallable NVDA ETF,NASDAQ,True
ANVS,"Annovis Bio, Inc. Common Stock",NYSE,False
ANY,Sphere 3D Corp. - Common Shares,NASDAQ,False
AOA,iShares Core 80/20 Aggressive Allocation ETF,NYSE Arca,True
AOCT,Innovator Equity Defined Protection ETF - 2 Yr to October 2026,Cboe BZX,True
AOD,abrdn Total Dynamic Dividend Fund Common Shares of Beneficial Interest,NYSE,False
AOHY,Angel Oak High Yield Opportunities ETF,NASDAQ,True
AOK,iShares Core 30/70 Conservative Allocation ETF,NYSE Arca,True
AOM,iShares Core 40/60 Moderate Allocation ETF,NYSE Arca,True
AOMD,"Angel Oak Mortgage REIT, Inc. 9.750% Senior Notes due 2030",NYSE,False
AOMN,"Angel Oak Mortgage REIT, Inc. 9.500% Senior Notes due 2029",NYSE,False
AOMR,"Angel Oak Mortgage REIT, Inc. Common Stock",NYSE,False
AON,Aon plc Class A Ordinary Shares (Ireland),NYSE,False
AOR,iShares Core 60/40 Balanced Allocation ETF,NYSE Arca,True
AORT,"Artivion, Inc. Common Stock",NYSE,False
AOS,A.O. Smith Corporation Common Stock,NYSE,False
AOSL,Alpha and Omega Semiconductor Limited - Common Shares,NASDAQ,False
AOTG,AOT Growth and Innovation ETF,NASDAQ,True
AOTS,AOT Software Platform ETF,NYSE Arca,True
AOUT,"American Outdoor Brands, Inc. - Common Stock",NASDAQ,False
AP,Ampco-Pittsburgh Corporation Common Stock,NYSE,False
APA,APA Corporation - Common Stock,NASDAQ,False
APAC,StoneBridge Acquisition II Corporation - Class A Ordinary Shares,NASDAQ,False
APACR,StoneBridge Acquisition II Corporation - Rights,NASDAQ,False
APACU,StoneBridge Acquisition II Corporation - Units,NASDAQ,False
APAM,Artisan Partners Asset Management Inc. Class A Common Stock,NYSE,False
APC,ARKO Petroleum Corp. - Class A Common Stock,NASDAQ,False
APCB,ActivePassive Core Bond ETF,NYSE Arca,True
APD,"Air Products and Chemicals, Inc. Common Stock",NYSE,False
APDB,Aptus April Deep Buffer ETF,Cboe BZX,True
APEI,"American Public Education, Inc. - Common Stock",NASDAQ,False
APG,APi Group Corporation Common Stock,NYSE,False
APGE,"Apogee Therapeutics, Inc. - Common Stock",NASDAQ,False
APH,Amphenol Corporation Common Stock,NYSE,False
APHG,Leverage Shares 2X Long APH Daily ETF,Cboe BZX,True
APHU,T-REX 2X Long APH Daily Target ETF,Cboe BZX,True
API,"Agora, Inc. - ADS",NASDAQ,False
APIE,ActivePassive International Equity ETF,NYSE Arca,True
APLD,Applied Digital Corporation - Common Stock,NASDAQ,False
APLE,"Apple Hospitality REIT, Inc. Common Shares",NYSE,False
APLM,Apollomics Inc. - Class A Ordinary Shares,NASDAQ,False
APLMW,Apollomics Inc. - Warrant,NASDAQ,False
APLU,Allspring Core Plus ETF,NYSE Arca,True
APLX,Tradr 2X Long APLD Daily ETF,Cboe BZX,True
APLY,YieldMax AAPL Option Income Strategy ETF,NYSE Arca,True
APLZ,Tradr 2X Short APLD Daily ETF,Cboe BZX,True
APMC,AmperCap Acquisition Company - Ordinary Shares,NASDAQ,False
APMCR,AmperCap Acquisition Company - Right,NASDAQ,False
APMCU,AmperCap Acquisition Company - Unit,NASDAQ,False
APMI,Corgi AMAT 2x Daily ETF,Cboe BZX,True
APMU,ActivePassive Intermediate Municipal Bond ETF,NYSE Arca,True
APO,"Apollo Global Management, Inc. (New) Common Stock",NYSE,False
APO$A,"Apollo Global Management, Inc. 6.75% Series A Mandatory Convertible Preferred Stock",NYSE,False
APOC,Innovator Equity Defined Protection ETF - 6mo Apr/Oct,Cboe BZX,True
APOG,"Apogee Enterprises, Inc. - Common Stock",NASDAQ,False
APOS,"Apollo Global Management, Inc. 7.625% Fixed-Rate Resettable Junior Subordinated Notes due 2053",NYSE,False
APP,Applovin Corporation - Class A Common Stock,NASDAQ,False
APPC,Corgi APP 2x Daily ETF,Cboe BZX,True
APPF,"AppFolio, Inc. - Class A Common Stock",NASDAQ,False
APPN,Appian Corporation - Class A Common Stock,NASDAQ,False
APPS,"Digital Turbine, Inc. - Common Stock",NASDAQ,False
APPX,Tradr 2X Long APP Daily ETF,NASDAQ,True
APRB,Aptus April Buffer ETF,Cboe BZX,True
APRE,"Aprea Therapeutics, Inc. - Common Stock",NASDAQ,False
APRH,Innovator Premium Income 20 Barrier ETF - April,Cboe BZX,True
APRJ,Innovator Premium Income 30 Barrier ETF - April,Cboe BZX,True
APRP,PGIM S&P 500 Buffer 12 ETF - April,Cboe BZX,True
APRT,AllianzIM U.S. Large Cap Buffer10 Apr ETF,Cboe BZX,True
APRW,AllianzIM U.S. Large Cap Buffer20 Apr ETF,Cboe BZX,True
APRZ,TrueShares Structured Outcome (April) ETF,Cboe BZX,True
APT,"Alpha Pro Tech, Ltd. Common Stock",NYSE American,False
APTV,Aptiv PLC Ordinary Shares,NYSE,False
APUE,ActivePassive U.S. Equity ETF,NYSE Arca,True
APUR,Aperture AC - Class A Ordinary Shares,NASDAQ,False
APURR,Aperture AC - Rights,NASDAQ,False
APUS,"Apimeds Pharmaceuticals US, Inc. Common Stock",NYSE American,False
APVO,Aptevo Therapeutics Inc. - Common Stock,NASDAQ,False
APWC,"Asia Pacific Wire & Cable Corporation Limited  - Common shares, Par value .01 per share",NASDAQ,False
APXM,FT Vest U.S. Equity Max Buffer ETF - April,Cboe BZX,True
APXT,Apex Treasury Corporation - Class A Ordinary Share,NASDAQ,False
APXTU,Apex Treasury Corporation - Units,NASDAQ,False
APXTW,Apex Treasury Corporation - Warrants,NASDAQ,False
APYX,Apyx Medical Corporation - Common Stock,NASDAQ,False
AQB,"AquaBounty Technologies, Inc. - Common Stock",NASDAQ,False
AQEC,AQE Core ETF,Cboe BZX,True
AQLG,HCM Large Cap Growth ETF,NASDAQ,True
AQLT,iShares MSCI Global Quality Factor ETF,Cboe BZX,True
AQMS,"Aqua Metals, Inc. - Common Stock",NASDAQ,False
AQN,Algonquin Power & Utilities Corp. Common Shares,NYSE,False
AQNB,"Algonquin Power & Utilities Corp. 6.20% Fixed-to-Floating Subordinated Notes Series 2019-A due July 1, 2079",NYSE,False
AQST,"Aquestive Therapeutics, Inc. - Common Stock",NASDAQ,False
AQWA,Global X Clean Water ETF,NASDAQ,True
AR,Antero Resources Corporation Common Stock,NYSE,False
ARAI,Arrive AI Inc. - Common Stock,NASDAQ,False
ARAY,Accuray Incorporated - Common Stock,NASDAQ,False
ARB,AltShares Merger Arbitrage ETF,NYSE Arca,True
ARBB,ARB IOT Group Limited - Ordinary Shares,NASDAQ,False
ARBE,Arbe Robotics Ltd. - Ordinary Shares,NASDAQ,False
ARBEW,Arbe Robotics Ltd. - Warrant,NASDAQ,False
ARBK,Argo Blockchain plc - American Depositary Shares,NASDAQ,False
ARCB,ArcBest Corporation - Common Stock,NASDAQ,False
ARCC,Ares Capital Corporation - Closed End Fund,NASDAQ,False
ARCI,Archimedes Tech SPAC Partners III Co. - Ordinary Share,NASDAQ,False
ARCIU,Archimedes Tech SPAC Partners III Co. - Unit,NASDAQ,False
ARCIW,Archimedes Tech SPAC Partners III Co. - Warrant,NASDAQ,False
ARCL,ARC Group Acquisition I Corp - Class A Ordinary Shares,NASDAQ,False
ARCLR,ARC Group Acquisition I Corp - Right,NASDAQ,False
ARCLU,ARC Group Acquisition I Corp - Unit,NASDAQ,False
ARCLW,ARC Group Acquisition I Corp - Warrants,NASDAQ,False
ARCM,Arrow Reserve Capital Management ETF,Cboe BZX,True
ARCO,Arcos Dorados Holdings Inc. Class A Shares,NYSE,False
ARCT,Arcturus Therapeutics Holdings Inc. - Common Stock,NASDAQ,False
ARCX,Tradr 2X Long ACHR Daily ETF,Cboe BZX,True
ARDC,"Ares Dynamic Credit Allocation Fund, Inc. Common Shares",NYSE,False
ARDT,"Ardent Health, Inc. Common Stock",NYSE,False
ARDX,"Ardelyx, Inc. - Common Stock",NASDAQ,False
ARE,"Alexandria Real Estate Equities, Inc. Common Stock",NYSE,False
AREC,American Resources Corporation - Class A Common Stock,NASDAQ,False
AREN,"The Arena Group Holdings, Inc. Common Stock",NYSE American,False
ARES,Ares Management Corporation Class A Common Stock,NYSE,False
ARES$B,Ares Management Corporation 6.75% Series B Mandatory Convertible Preferred Stock,NYSE,False
ARGT,Global X MSCI Argentina ETF,NYSE Arca,True
ARGX,argenx SE - American Depositary Shares,NASDAQ,False
ARHS,"Arhaus, Inc. - Class A Common Stock",NASDAQ,False
ARI,"Apollo Commercial Real Estate Finance, Inc",NYSE,False
ARIS,Aris Mining Corporation Common Shares,NYSE,False
ARKB,ARK 21Shares Bitcoin ETF,Cboe BZX,True
ARKD,ARK DIET Q1 Buffer ETF,Cboe BZX,True
ARKE,ARK DIET Q3 Buffer ETF,Cboe BZX,True
ARKF,ARK Blockchain & Fintech Innovation ETF,Cboe BZX,True
ARKG,ARK Genomic Revolution ETF,Cboe BZX,True
ARKI,ARK DIET Q2 Buffer ETF,Cboe BZX,True
ARKK,ARK Innovation ETF,Cboe BZX,True
ARKO,ARKO Corp. - Common Stock,NASDAQ,False
ARKQ,ARK Autonomous Technology & Robotics ETF,Cboe BZX,True
ARKR,Ark Restaurants Corp. - Common Stock,NASDAQ,False
ARKT,ARK DIET Q4 Buffer ETF,Cboe BZX,True
ARKW,ARK Next Generation Internet ETF,Cboe BZX,True
ARKX,ARK Space & Defense Innovation ETF,Cboe BZX,True
ARL,"American Realty Investors, Inc. Common Stock",NYSE,False
ARLI,AllianzIM International Equity Buffer15 Uncapped Apr ETF,Cboe BZX,True
ARLO,"Arlo Technologies, Inc. Common Stock",NYSE,False
ARLP,"Alliance Resource Partners, L.P. - Common Units Representing Limited Partnership Interests",NASDAQ,False
ARLU,AllianzIM U.S. Equity Buffer15 Uncapped Apr ETF,Cboe BZX,True
ARM,Arm Holdings plc - American Depositary Shares,NASDAQ,False
ARMA,Corgi ARM 2x Daily ETF,Cboe BZX,True
ARMG,Leverage Shares 2X Long ARM Daily ETF,NASDAQ,True
ARMH,Arm Holdings PLC ADRhedged,NYSE Arca,True
ARMK,Aramark Common Stock,NYSE,False
ARMP,"Armata Pharmaceuticals, Inc. Common Stock",NYSE American,False
ARMW,Roundhill ARM WeeklyPay ETF,Cboe BZX,True
ARMY,Tema International Defense ETF,NASDAQ,True
AROC,"Archrock, Inc. Common Stock",NYSE,False
AROW,Arrow Financial Corporation - Common Stock,NASDAQ,False
ARP,PMV Adaptive Risk Parity ETF,NYSE Arca,True
ARQ,"Arq, Inc. - Common Stock",NASDAQ,False
ARQQ,Arqit Quantum Inc. - Ordinary Shares,NASDAQ,False
ARQQW,Arqit Quantum Inc. - Warrants,NASDAQ,False
ARQT,"Arcutis Biotherapeutics, Inc. - Common stock",NASDAQ,False
ARR,"ARMOUR Residential REIT, Inc.",NYSE,False
ARR$C,"ARMOUR Residential REIT, Inc. 7% Series C Cumulative Redeemable Preferred Stock (liquidation preference $25.00 per share)",NYSE,False
ARRY,"Array Technologies, Inc. - Common Stock",NASDAQ,False
ARTC,Art Technology Acquisition Corp. - Class A Ordinary Shares,NASDAQ,False
ARTCU,Art Technology Acquisition Corp. - Units,NASDAQ,False
ARTCW,Art Technology Acquisition Corp. - Warrants,NASDAQ,False
ARTL,"Artelo Biosciences, Inc. - Common Stock",NASDAQ,False
ARTNA,Artesian Resources Corporation - Class A Non-Voting Common Stock,NASDAQ,False
ARTV,"Artiva Biotherapeutics, Inc. - Common Stock",NASDAQ,False
ARTW,"Art's-Way Manufacturing Co., Inc. - Common Stock",NASDAQ,False
ARTY,iShares Future AI & Tech ETF,NYSE Arca,True
ARVN,"Arvinas, Inc. - Common Stock",NASDAQ,False
ARVR,First Trust Indxx Metaverse ETF,NASDAQ,True
ARW,"Arrow Electronics, Inc. Common Stock",NYSE,False
ARWG,Archer Growth ETF,Cboe BZX,True
ARWR,"Arrowhead Pharmaceuticals, Inc. - Common Stock",NASDAQ,False
ARX,Accelerant Holdings Class A Common Shares,NYSE,False
ARXS,"Arxis, Inc. - Class A Common Stock",NASDAQ,False
AS,"Amer Sports, Inc. Ordinary Shares",NYSE,False
ASA,ASA  Gold and Precious Metals Limited,NYSE,False
ASAN,"Asana, Inc. Class A Common Stock",NYSE,False
ASB,Associated Banc-Corp Common Stock,NYSE,False
ASB$E,"Associated Banc-Corp Depositary Shares, each representing a 1/40th interest in a share of 5.875% Non-Cumulative Perpetual Preferred Stock, Series E",NYSE,False
ASB$F,"Associated Banc-Corp Depositary Shares, each representing a 1/40th interest in a share of Associated Banc-Corp 5.625% Non-Cumulative Perpetual Preferred Stock, Series F",NYSE,False
ASBA,Associated Banc-Corp 6.625% Fixed-Rate Reset Subordinated Notes due 2033,NYSE,False
ASBP,"Aspire Biopharma Holdings, Inc.  - Common Stock",NASDAQ,False
ASBPW,"Aspire Biopharma Holdings, Inc.  - Warrant",NASDAQ,False
ASC,Ardmore Shipping Corporation Common Stock,NYSE,False
ASCE,Allspring SMID Core ETF,NYSE Arca,True
ASCI,abrdn International Small Cap Active ETF,NASDAQ,True
ASD,Defiance Autism Impact ETF,NASDAQ,True
ASEA,Global X FTSE Southeast Asia ETF,NYSE Arca,True
ASEC,American Century Securitized Credit ETF,NASDAQ,True
ASG,"Liberty All-Star Growth Fund, Inc.",NYSE,False
ASGI,abrdn Global Infrastructure Income Fund Common Shares of Beneficial Interest,NYSE,False
ASGM,Virtus AlphaSimplex Global Macro ETF,NYSE Arca,True
ASH,Ashland Inc. Common Stock,NYSE,False
ASHR,Xtrackers Harvest CSI 300 China A-Shares ETF,NYSE Arca,True
ASHS,Xtrackers Harvest CSI 500 China A-Shares Small Cap ETF,NYSE Arca,True
ASIA,Matthews Pacific Tiger Active ETF,NYSE Arca,True
ASIC,Ategrity Specialty Insurance Company Holdings Common Stock,NYSE,False
ASIX,AdvanSix Inc. Common Stock,NYSE,False
ASLE,AerSale Corporation - Common Stock,NASDAQ,False
ASLV,Allspring Special Large Value ETF,NYSE Arca,True
ASM,Avino Silver & Gold Mines Ltd. Common Shares (Canada),NYSE American,False
ASMB,"Assembly Biosciences, Inc. - Common Stock",NASDAQ,False
ASMF,Virtus AlphaSimplex Managed Futures ETF,NYSE Arca,True
ASMG,Leverage Shares 2X Long ASML Daily ETF,NASDAQ,True
ASMH,ASML Holding NV ADRhedged,NYSE Arca,True
ASML,ASML Holding N.V. - New York Registry Shares,NASDAQ,False
ASMU,Direxion Daily ASML Bull 2X ETF,NASDAQ,True
ASMZ,Corgi ASML 2x Daily ETF,Cboe BZX,True
ASND,Ascendis Pharma A/S - Ordinary Share,NASDAQ,False
ASO,"Academy Sports and Outdoors, Inc. - Common Stock",NASDAQ,False
ASPC,A SPAC III Acquisition Corp. - Class A Ordinary Shares,NASDAQ,False
ASPCR,A SPAC III Acquisition Corp. - Right,NASDAQ,False
ASPCU,A SPAC III Acquisition Corp. - Unit,NASDAQ,False
ASPI,ASP Isotopes Inc. - Common Stock,NASDAQ,False
ASPN,"Aspen Aerogels, Inc. Common Stock",NYSE,False
ASPS,Altisource Portfolio Solutions S.A. - Common Stock,NASDAQ,False
ASPSW,Altisource Portfolio Solutions S.A. - Net Settle Stakeholder Warrants,NASDAQ,False
ASPSZ,Altisource Portfolio Solutions S.A. - Cash Exercise Stakeholder Warrants,NASDAQ,False
ASR,"Grupo Aeroportuario del Sureste, S.A. de C.V. Common Stock",NYSE,False
ASRV,AmeriServ Financial Inc. - Common Stock,NASDAQ,False
ASST,"Strive, Inc. - Class A Common Stock",NASDAQ,False
ASTC,Astrotech Corporation - Common Stock,NASDAQ,False
ASTE,"Astec Industries, Inc. - Common Stock",NASDAQ,False
ASTG,Leverage Shares 2X Long ASTS Daily ETF,Cboe BZX,True
ASTH,Astrana Health Inc. - Common Stock,NASDAQ,False
ASTI,"Ascent Solar Technologies, Inc - Common Stock",NASDAQ,False
ASTL,Algoma Steel Group Inc. - Common Shares,NASDAQ,False
ASTLW,Algoma Steel Group Inc. - Warrant,NASDAQ,False
ASTN,Defiance Daily Target 2X Short ASTS ETF,Cboe BZX,True
ASTS,"AST SpaceMobile, Inc. - Class A Common Stock",NASDAQ,False
ASTT,Corgi ASTS 2x Daily ETF,Cboe BZX,True
ASTX,Tradr 2X Long ASTS Daily ETF,Cboe BZX,True
ASTY,Defiance Daily Target 2X Long ASTS ETF,Cboe BZX,True
ASUP,T-REX 2X Long ASTS Daily Target ETF,Cboe BZX,True
ASUR,Asure Software Inc - Common Stock,NASDAQ,False
ASX,"ASE Technology Holding Co., Ltd. American Depositary Shares (each representing Two Common Shares)",NYSE,False
ASYS,"Amtech Systems, Inc. - Common Stock",NASDAQ,False
ATAI,AtaiBeckley Inc. - Common Stock,NASDAQ,False
ATAT,Atour Lifestyle Holdings Limited - American Depositary Shares,NASDAQ,False
ATC,GraniteShares Autocallable COIN ETF,NASDAQ,True
ATCH,"AtlasClear Holdings, Inc. Common Stock",NYSE American,False
ATCL,REX Autocallable Income ETF,NYSE Arca,True
ATCX,Atlas Critical Minerals Corporation - Common Stock,NASDAQ,False
ATEC,"Alphatec Holdings, Inc. - Common Stock",NASDAQ,False
ATEN,"A10 Networks, Inc. Common Stock",NYSE,False
ATER,"Aterian, Inc. - Common Stock",NASDAQ,False
ATEX,Anterix Inc. - Common Stock,NASDAQ,False
ATFV,Alger 35 ETF,NYSE Arca,True
ATGL,Alpha Technology Group Limited - Class A Ordinary Shares,NASDAQ,False
ATH$A,"Athene Holding Ltd. Depositary Shares, Each Representing a 1/1,000th Interest in a 6.35% Fixed-to-Floating Rate Perpetual Non-Cumulative Preference Share, Series A",NYSE,False
ATH$B,"Athene Holding Ltd. Depositary Shares, Each Representing a 1/1,000th Interest in a 5.625% Fixed Rate Perpetual Non- Cumulative Preference Share, Series B, par value $1.00 per share",NYSE,False
ATH$D,"Athene Holding Ltd. Depositary Shares, Each Representing a 1/1,000th Interest in a 4.875% Fixed-Rate Perpetual Non-Cumulative Preference Share, Series D",NYSE,False
ATH$E,"Athene Holding Ltd. Depositary Shares, Each Representing a 1/1,000th Interest in a 7.750% Fixed-Rate Reset Perpetual Non-Cumulative Preference Share, Series E",NYSE,False
ATHE,Alterity Therapeutics Limited - American Depositary Shares,NASDAQ,False
ATHM,"Autohome Inc. American Depositary Shares, each representing four class A ordinary shares.",NYSE,False
ATHR,"Aether Holdings, Inc. - Common Stock",NASDAQ,False
ATHS,Athene Holding Ltd. 7.250% Fixed-Rate Reset Junior Subordinated Debentures due 2064,NYSE,False
ATI,ATI Inc. Common Stock,NYSE,False
ATII,Archimedes Tech SPAC Partners II Co. - Ordinary Shares,NASDAQ,False
ATIIU,Archimedes Tech SPAC Partners II Co. - Unit,NASDAQ,False
ATIIW,Archimedes Tech SPAC Partners II Co. - Warrant,NASDAQ,False
ATKR,Atkore Inc. Common Stock,NYSE,False
ATLC,Atlanticus Holdings Corporation - Common Stock,NASDAQ,False
ATLCL,Atlanticus Holdings Corporation - 6.125% Senior Notes due 2026,NASDAQ,False
ATLCP,"Atlanticus Holdings Corporation - 7.625% Series B Cumulative Perpetual Preferred Stock, no par value per share",NASDAQ,False
ATLCZ,Atlanticus Holdings Corporation - 9.25% Senior Notes due 2029,NASDAQ,False
ATLO,Ames National Corporation - Common Stock,NASDAQ,False
ATLX,Atlas Lithium Corporation - Common Stock,NASDAQ,False
ATMP,iPath Select MLP ETN,Cboe BZX,False
ATMU,Atmus Filtration Technologies Inc. Common Stock,NYSE,False
ATNI,"ATN International, Inc. - Common Stock",NASDAQ,False
ATNM,"Actinium Pharmaceuticals, Inc. (Delaware) Common Stock",NYSE American,False
ATO,Atmos Energy Corporation Common Stock,NYSE,False
ATOM,Atomera Incorporated - Common Stock,NASDAQ,False
ATOS,"Atossa Therapeutics, Inc. - Common Stock",NASDAQ,False
ATPC,Agape ATP Corporation - Common Stock,NASDAQ,False
ATR,"AptarGroup, Inc. Common Stock",NYSE,False
ATRA,"Atara Biotherapeutics, Inc. - Common Stock",NASDAQ,False
ATRC,"AtriCure, Inc. - Common Stock",NASDAQ,False
ATRO,Astronics Corporation - Common Stock,NASDAQ,False
ATS,ATS Corporation Common Shares,NYSE,False
ATTR,Arin Tactical Tail Risk ETF,Cboe BZX,True
ATXG,Addentax Group Corp. - Common Stock,NASDAQ,False
ATYR,"aTyr Pharma, Inc. - Common Stock",NASDAQ,False
AU,AngloGold Ashanti PLC Ordinary Shares,NYSE,False
AUAU,Global X Gold Miners ETF,NYSE Arca,True
AUB,Atlantic Union Bankshares Corporation Common Stock,NYSE,False
AUB$A,"Atlantic Union Bankshares Corporation Depositary Shares each representing a 1/400th ownership interest in a share of 6.875% Perpetual Non-Cumulative Preferred Stock, Series A",NYSE,False
AUBN,"Auburn National Bancorporation, Inc. - Common Stock",NASDAQ,False
AUC,ATIF Holdings Limited - Ordinary Shares,NASDAQ,False
AUDC,AudioCodes Ltd. - Ordinary Shares,NASDAQ,False
AUGM,FT Vest U.S. Equity Max Buffer ETF - August,Cboe BZX,True
AUGO,Aura Minerals Inc. - Common Shares,NASDAQ,False
AUGP,PGIM S&P 500 Buffer 12 ETF - August,Cboe BZX,True
AUGT,AllianzIM U.S. Large Cap Buffer10 Aug ETF,Cboe BZX,True
AUGU,AllianzIM U.S. Equity Buffer15 Uncapped Aug ETF,Cboe BZX,True
AUGW,AllianzIM U.S. Large Cap Buffer20 Aug ETF,Cboe BZX,True
AUGZ,TrueShares Structured Outcome (August) ETF,Cboe BZX,True
AUID,authID Inc. - Common Stock,NASDAQ,False
AUMI,Themes Gold Miners ETF,NASDAQ,True
AUNA,Auna SA Class A Ordinary Shares,NYSE,False
AUPH,Aurinia Pharmaceuticals Inc - Common Shares,NASDAQ,False
AUR,"Aurora Innovation, Inc.  - Class A Common Stock",NASDAQ,False
AURA,"Aura Biosciences, Inc. - Common Stock",NASDAQ,False
AURE,Aurelion Inc.  - Class A Ordinary Shares,NASDAQ,False
AUROW,"Aurora Innovation, Inc.  - Warrant",NASDAQ,False
AUSF,Global X Adaptive U.S. Factor ETF,NYSE Arca,True
AUSM,Allspring Ultra Short Municipal ETF,NYSE Arca,True
AUST,Austin Gold Corp. Common Shares,NYSE American,False
AUTL,Autolus Therapeutics plc - American Depositary Shares,NASDAQ,False
AUUD,Auddia Inc. - Common Stock,NASDAQ,False
AV,Corgi Aerospace & Commercial Aviation ETF,Cboe BZX,True
AVA,Avista Corporation Common Stock,NYSE,False
AVAH,Aveanna Healthcare Holdings Inc. - Common Stock,NASDAQ,False
AVAL,Grupo Aval Acciones y Valores S.A. ADR (Each representing 20 preferred shares),NYSE,False
AVAT,Avalanche Treasury Corporation - Class A Common Stock,NASDAQ,False
AVAV,"AeroVironment, Inc. - Common Stock",NASDAQ,False
AVAZ,2x Avalanche ETF,Cboe BZX,True
AVB,"AvalonBay Communities, Inc. Common Stock",NYSE,False
AVBC,"Avidia Bancorp, Inc. Common Stock",NYSE,False
AVBH,"Avidbank Holdings, Inc. - Common Stock",NASDAQ,False
AVBP,"ArriVent BioPharma, Inc. - Common Stock",NASDAQ,False
AVD,American Vanguard Corporation Common Stock ($0.10 Par Value),NYSE,False
AVDE,Avantis International Equity ETF,NYSE Arca,True
AVDS,Avantis International Small Cap Equity ETF,NYSE Arca,True
AVDV,Avantis International Small Cap Value ETF,NYSE Arca,True
AVEE,Avantis Emerging Markets Small Cap Equity ETF,NYSE Arca,True
AVEM,Avantis Emerging Markets Equity ETF,NYSE Arca,True
AVES,Avantis Emerging Markets Value ETF,NYSE Arca,True
AVEX,AEVEX Corp. Class A Common Stock,NYSE,False
AVGB,Avantis Credit ETF,NASDAQ,True
AVGC,Corgi AVGO 2x Daily ETF,Cboe BZX,True
AVGE,Avantis All Equity Markets ETF,NYSE Arca,True
AVGG,Leverage Shares 2X Long AVGO Daily ETF,NASDAQ,True
AVGO,Broadcom Inc. - Common Stock,NASDAQ,False
AVGU,GraniteShares 2x Long AVGO Daily ETF,NASDAQ,True
AVGV,Avantis All Equity Markets Value ETF,NYSE Arca,True
AVGW,Roundhill AVGO WeeklyPay ETF,Cboe BZX,True
AVGX,Defiance Daily Target 2X Long AVGO ETF,NASDAQ,True
AVIE,Avantis Inflation Focused Equity ETF,NYSE Arca,True
AVIG,Avantis Core Fixed Income ETF,NYSE Arca,True
AVIR,"Atea Pharmaceuticals, Inc. - common stock",NASDAQ,False
AVIV,Avantis International Large Cap Value ETF,NYSE Arca,True
AVK,Advent Convertible and Income Fund,NYSE,False
AVL,Direxion Daily AVGO Bull 2X ETF,NASDAQ,True
AVLC,Avantis U.S. Large Cap Equity ETF,NYSE Arca,True
AVLN,Avalyn Pharma Inc. - common stock,NASDAQ,False
AVLV,Avantis U.S. Large Cap Value ETF,NYSE Arca,True
AVMA,Avantis Moderate Allocation ETF,NYSE Arca,True
AVMC,Avantis U.S. Mid Cap Equity ETF,NYSE Arca,True
AVMU,Avantis Core Municipal Fixed Income ETF,NYSE Arca,True
AVMV,Avantis U.S. Mid Cap Value ETF,NYSE Arca,True
AVNM,Avantis All International Markets Equity ETF,NYSE Arca,True
AVNT,Avient Corporation Common Stock,NYSE,False
AVNV,Avantis All International Markets Value ETF,NYSE Arca,True
AVNW,"Aviat Networks, Inc. - Common Stock",NASDAQ,False
AVO,"Mission Produce, Inc. - Common Stock",NASDAQ,False
AVOS,Avos Global Equities ETF,NASDAQ,True
AVPT,"AvePoint, Inc. - Class A Common Stock",NASDAQ,False
AVR,Anteris Technologies Global Corp. - Common Stock,NASDAQ,False
AVRE,Avantis Real Estate ETF,NYSE Arca,True
AVRY,Avory Foundational ETF,Cboe BZX,True
AVS,Direxion Daily AVGO Bear 1X ETF,NASDAQ,True
AVSC,Avantis U.S Small Cap Equity ETF,NYSE Arca,True
AVSD,Avantis Responsible International Equity ETF,NYSE Arca,True
AVSE,Avantis Responsible Emerging Markets Equity ETF,NYSE Arca,True
AVSF,Avantis Short-Term Fixed Income ETF,NYSE Arca,True
AVSU,Avantis Responsible U.S. Equity ETF,NYSE Arca,True
AVT,"Avnet, Inc. - Common Stock",NASDAQ,False
AVTM,Avantis Total Equity Markets ETF,NYSE Arca,True
AVTR,"Avantor, Inc. Common Stock",NYSE,False
AVTX,"Avalo Therapeutics, Inc. - Common Stock",NASDAQ,False
AVUQ,Avantis U.S. Quality ETF,NASDAQ,True
AVUS,Avantis U.S. Equity ETF,NYSE Arca,True
AVUV,Avantis U.S. Small Cap Value ETF,NYSE Arca,True
AVX,Avax One Technology Ltd. - Common Shares,NASDAQ,False
AVXC,Avantis Emerging Markets ex-China Equity ETF,NASDAQ,True
AVXL,Anavex Life Sciences Corp. - Common Stock,NASDAQ,False
AVXX,Defiance Daily Target 2x Long AVAV ETF,NASDAQ,True
AVY,Avery Dennison Corporation Common Stock,NYSE,False
AWAY,Amplify Travel Tech ETF,NYSE Arca,True
AWF,Alliancebernstein Global High Income Fund,NYSE,False
AWI,Armstrong World Industries Inc Common Stock,NYSE,False
AWK,"American Water Works Company, Inc. Common Stock",NYSE,False
AWP,abrdn Global Premier Properties Fund Common Shares of Beneficial Interest,NYSE,False
AWR,American States Water Company Common Stock,NYSE,False
AWRE,"Aware, Inc. - Common Stock",NASDAQ,False
AWX,Avalon Holdings Corporation Common Stock,NYSE American,False
AX,"Axos Financial, Inc. Common Stock",NYSE,False
AXG,Solowin Holdings - Class A Ordinary Share,NASDAQ,False
AXGN,"Axogen, Inc. - Common Stock",NASDAQ,False
AXIA,AXIA Energia American Depositary Shares (Each representing one Common Share),NYSE,False
AXIA$C,"AXIA Energia American Depositary Shares, each representing one Preferred Class C Share",NYSE,False
AXIL,"AXIL Brands, Inc. Common Stock",NYSE American,False
AXIN,Axiom Intelligence Acquisition Corp 1 - Class A Ordinary Shares,NASDAQ,False
AXINR,Axiom Intelligence Acquisition Corp 1 - Right,NASDAQ,False
AXINU,Axiom Intelligence Acquisition Corp 1 - Units,NASDAQ,False
AXON,"Axon Enterprise, Inc. - Common Stock",NASDAQ,False
AXP,American Express Company Common Stock,NYSE,False
AXPG,Leverage Shares 2x Long AXP Daily ETF,NASDAQ,True
AXR,AMREP Corporation Common Stock,NYSE,False
AXS,Axis Capital Holdings Limited Common Stock,NYSE,False
AXS$E,"Axis Capital Holdings Limited Depositary Shares, each representing 1/100th interest in a share of a 5.50% Series E Preferred Shares",NYSE,False
AXSM,"Axsome Therapeutics, Inc. - Common Stock",NASDAQ,False
AXTA,Axalta Coating Systems Ltd. Common Shares,NYSE,False
AXTC,Corgi AXTI 2x Daily ETF,Cboe BZX,True
AXTI,AXT Inc - Common Stock,NASDAQ,False
AXTL,Leverage Shares 2X Long AXTI Daily ETF,Cboe BZX,True
AXTU,T-REX 2X Long AXTI Daily Target ETF,Cboe BZX,True
AXTX,Tradr 2X Long AXTI Daily ETF,Cboe BZX,True
AYA,Aya Gold & Silver Inc. - Common Shares,NASDAQ,False
AYI,Acuity Inc. Common Stock,NYSE,False
AYTU,"Aytu BioPharma, Inc.  - Common Stock",NASDAQ,False
AZ,A2Z Cust2Mate Solutions Corp. - Common Shares,NASDAQ,False
AZI,Autozi Internet Technology (Global) Ltd. - Class A Ordinary Shares,NASDAQ,False
AZIO,"Azio AI Holdings, Inc. - Common stock",NASDAQ,False
AZN,AstraZeneca PLC Ordinary Shares,NYSE,False
AZO,"AutoZone, Inc. Common Stock",NYSE,False
AZTA,"Azenta, Inc. - Common Stock",NASDAQ,False
AZTD,Aztlan Global Stock Selection DM SMID ETF,NYSE Arca,True
AZTR,Azitra Inc Common Stock,NYSE American,False
AZUL,"Azul S.A. American Depositary Shares, each representing two (2) Common Shares",NYSE,False
AZYY,GraniteShares YieldBoost AMZN ETF,NASDAQ,True
AZZ,AZZ Inc.,NYSE,False
B,Barrick Mining Corporation Common Shares,NYSE,False
BA,Boeing Company (The) Common Stock,NYSE,False
BA$A,"Boeing Company (The) Depositary Shares, each representing a 1/20th interest in a share of 6.00% Series A Mandatory Convertible Preferred Stock, par value $1.00",NYSE,False
BAB,Invesco Taxable Municipal Bond ETF,NYSE Arca,True
BABA,Alibaba Group Holding Limited American Depositary Shares each representing eight Ordinary share,NYSE,False
BABC,Corgi BABA 2x Daily ETF,Cboe BZX,True
BABO,YieldMax BABA Option Income Strategy ETF,NYSE Arca,True
BABU,Direxion Daily BABA Bull 2X ETF,NASDAQ,True
BABW,Roundhill BABA WeeklyPay ETF,Cboe BZX,True
BABX,GraniteShares 2x Long BABA Daily ETF,NASDAQ,True
BAC,Bank of America Corporation Common Stock,NYSE,False
BAC$B,"Bank of America Corporation Depositary Shares, each representing a 1/1,000th interest in a share of 6.000% Non-Cumulative Preferred Stock, Series GG",NYSE,False
BAC$E,Bank of America Corporation Depositary Sh repstg 1/1000th Perp Pfd Ser E,NYSE,False
BAC$K,"Bank of America Corporation Depositary Shares, each representing a 1/1,000th interest in a share of 5.875% Non- Cumulative Preferred Stock, Series HH",NYSE,False
BAC$L,Bank of America Corporation Non Cumulative Perpetual Conv Pfd Ser L,NYSE,False
BAC$M,"Bank of America Corporation Depositary Shares, each representing a 1/1,000th interest in a share of 5.375% Non-Cumulative Preferred Stock, Series KK",NYSE,False
BAC$N,"Bank of America Corporation Depositary shares, each representing 1/1,000th interest in a share of 5.000% Non-Cumulative Preferred Stock, Series LL",NYSE,False
BAC$O,"Bank of America Corporation Depositary shares, each representing 1/1,000th interest in a share of 4.375% Non-Cumulative Preferred Stock, Series NN",NYSE,False
BAC$P,"Bank of America Corporation Depositary Shares, each representing a 1/1,000th interest in a share of 4.125% Non-Cumulative Preferred Stock, Series PP",NYSE,False
BAC$Q,"Bank of America Corporation Depositary shares, each representing 1/1,000th interest in a share of 4.250% Non-Cumulative Preferred Stock, Series QQ",NYSE,False
BAC$S,"Bank of America Corporation Depositary shares, each representing 1/1,000th interest in a share of 4.750% Non-Cumulative Preferred Stock, Series SS",NYSE,False
BACC,Blue Acquisition Corp. - Class A Ordinary Shares,NASDAQ,False
BACCR,Blue Acquisition Corp. - Right,NASDAQ,False
BACCU,Blue Acquisition Corp. - Unit,NASDAQ,False
BAER,"Bridger Aerospace Group Holdings, Inc. - Common Stock",NASDAQ,False
BAERW,"Bridger Aerospace Group Holdings, Inc. - Warrant",NASDAQ,False
BAFE,Brown Advisory Flexible Equity ETF,NASDAQ,True
BAFN,BayFirst Financial Corp. - Common Stock,NASDAQ,False
BAGX,EA Bridgeway Aggressive Investors ETF,Cboe BZX,True
BAGY,Amplify Bitcoin Max Income Covered Call ETF,Cboe BZX,True
BAH,Booz Allen Hamilton Holding Corporation Common Stock,NYSE,False
BAI,iShares A.I. Innovation and Tech Active ETF,NYSE Arca,True
BAIG,Leverage Shares 2X Long BBAI Daily ETF,NASDAQ,True
BAIV,Brown Advisory International Value Select ETF,NASDAQ,True
BAK,Braskem SA ADR,NYSE,False
BALI,iShares U.S. Large Cap Premium Income Active ETF,Cboe BZX,True
BALL,Ball Corporation Common Stock,NYSE,False
BALQ,iShares Nasdaq Premium Income Active ETF,NASDAQ,True
BALT,Innovator Defined Wealth Shield ETF,Cboe BZX,True
BALY,Bally's Corporation Common Stock,NYSE,False
BAM,Brookfield Asset Management Inc Class A Limited Voting Shares,NYSE,False
BAMA,Brookstone Active ETF,Cboe BZX,True
BAMB,Brookstone Intermediate Bond ETF,Cboe BZX,True
BAMD,Brookstone Dividend Stock ETF,Cboe BZX,True
BAMG,Brookstone Growth Stock ETF,Cboe BZX,True
BAMO,Brookstone Opportunities ETF,Cboe BZX,True
BAMU,Brookstone Ultra-Short Bond ETF,Cboe BZX,True
BAMV,Brookstone Value Stock ETF,Cboe BZX,True
BAMY,Brookstone Yield ETF,Cboe BZX,True
BANC,"Banc of California, Inc. Common Stock",NYSE,False
BANC$F,"Banc of California, Inc. Depositary Shares, each representing a 1/40th interest in a share of 7.75% non-cumulative perpetual preferred stock, Series F",NYSE,False
BAND,Bandwidth Inc. - Class A Common Stock,NASDAQ,False
BANF,BancFirst Corporation - Common Stock,NASDAQ,False
BANFP,BancFirst Corporation - 7.2% Cumulative Trust Preferred Securities,NASDAQ,False
BANL,CBL International Limited - Class B Ordinary Shares,NASDAQ,False
BANR,Banner Corporation - Common Stock,NASDAQ,False
BANX,ArrowMark Financial Corp. - Closed End Fund,NASDAQ,False
BAOS,Baosheng Media Group Holdings Limited - Ordinary shares,NASDAQ,False
BAP,Credicorp Ltd. Common Stock,NYSE,False
BAPR,Innovator U.S. Equity Buffer ETF - April,Cboe BZX,True
BAR,GraniteShares Gold Trust Shares of Beneficial Interest,NYSE Arca,False
BARK,"BARK, Inc. Class A Common Stock",NYSE,False
BASG,Brown Advisory Sustainable Growth ETF,NASDAQ,True
BASV,Brown Advisory Sustainable Value ETF,NASDAQ,True
BATL,Battalion Oil Corporation Common Stock,NYSE American,False
BATRA,"Atlanta Braves Holdings, Inc. - Series A Common Stock",NASDAQ,False
BATRK,"Atlanta Braves Holdings, Inc. - Series C Common Stock",NASDAQ,False
BATT,Amplify Lithium & Battery Technology ETF,NYSE Arca,True
BAUG,Innovator U.S. Equity Buffer ETF - August,Cboe BZX,True
BAVA,Common Shares of Beneficial Interest of Bitwise Avalanche ETF,NYSE Arca,True
BAX,Baxter International Inc. Common Stock,NYSE,False
BAY,Corgi Bay Area Based ETF,Cboe BZX,True
BB,BlackBerry Limited Common Stock,NYSE,False
BBAG,JPMorgan BetaBuilders U.S. Aggregate Bond ETF,Cboe BZX,True
BBAI,"BigBear.ai, Inc. Common Stock",NYSE,False
BBAI.W,"BigBear.ai, Inc. Redeemable Warrants, each exercisable for one share of Common Stock at an exercise price of $11.50 per share",NYSE,False
BBAR,Banco BBVA Argentina S.A. ADS,NYSE,False
BBAX,JPMorgan BetaBuilders Developed Asia Pacific-ex Japan ETF,Cboe BZX,True
BBB,CYBER HORNET S&P 500 and Bitcoin 75/25 Strategy ETF,NASDAQ,True
BBBI,BondBloxx BBB Rated 5-10 Year Corporate Bond ETF,NYSE Arca,True
BBBL,BondBloxx BBB Rated 10+ Year Corporate Bond ETF,NYSE Arca,True
BBBS,BondBloxx BBB Rated 1-5 Year Corporate Bond ETF,NYSE Arca,True
BBBY,"Bed Bath & Beyond, Inc. Common Stock",NYSE,False
BBBY.W,"Bed Bath & Beyond, Inc. Warrants to Purchase Common Stock",NYSE,False
BBC,Virtus Biotech Clinical Trials ETF,NYSE Arca,True
BBCA,JPMorgan BetaBuilders Canada ETF,Cboe BZX,True
BBCB,JPMorgan BetaBuilders USD Investment Grade Corporate Bond ETF,Cboe BZX,True
BBCP,"Concrete Pumping Holdings, Inc.  - Common Stock",NASDAQ,False
BBCQ,Bleichroeder Acquisition Corp. II - Class A Ordinary Shares,NASDAQ,False
BBCQU,Bleichroeder Acquisition Corp. II - Units,NASDAQ,False
BBCQW,Bleichroeder Acquisition Corp. II - Warrants,NASDAQ,False
BBD,Banco Bradesco Sa American Depositary Shares,NYSE,False
BBDC,"Barings BDC, Inc. Common Stock",NYSE,False
BBDO,Banco Bradesco Sa American Depositary Shares (each representing one Common Share),NYSE,False
BBEM,JPMorgan BetaBuilders Emerging Markets Equity ETF,Cboe BZX,True
BBEU,JPMorgan BetaBuilders Europe ETF,Cboe BZX,True
BBGI,"Beasley Broadcast Group, Inc. - Class A Common Stock",NASDAQ,False
BBH,VanEck Biotech ETF,NASDAQ,True
BBHL,BBH Select Large Cap ETF,NYSE Arca,True
BBHM,BBH Select Mid Cap ETF,NYSE Arca,True
BBHY,JPMorgan BetaBuilders USD High Yield Corporate Bond ETF,Cboe BZX,True
BBIB,JPMorgan BetaBuilders U.S. Treasury Bond 3-10 Year ETF,Cboe BZX,True
BBIN,JPMorgan BetaBuilders International Equity ETF,Cboe BZX,True
BBIO,"BridgeBio Pharma, Inc. - Common Stock",NASDAQ,False
BBJP,JPMorgan BetaBuilders Japan ETF,Cboe BZX,True
BBLB,JPMorgan BetaBuilders U.S. Treasury Bond 20+ Year ETF,Cboe BZX,True
BBLG,Bone Biologics Corp - Common Stock,NASDAQ,False
BBLGW,Bone Biologics Corp - warrants,NASDAQ,False
BBLU,EA Bridgeway Blue Chip ETF,NYSE Arca,True
BBMC,JPMorgan BetaBuilders U.S. Mid Cap Equity ETF,Cboe BZX,True
BBN,BlackRock Taxable Municipal Bond Trust Common Shares of Beneficial Interest,NYSE,False
BBNX,"Beta Bionics, Inc. - Common Stock",NASDAQ,False
BBOT,"BridgeBio Oncology Therapeutics, Inc. - Common Stock",NASDAQ,False
BBP,Virtus Biotech ETF,NYSE Arca,True
BBRE,JPMorgan BetaBuilders MSCI U.S. REIT ETF,Cboe BZX,True
BBSB,JPMorgan BetaBuilders U.S. Treasury Bond 1-3 Year ETF,Cboe BZX,True
BBSC,JPMorgan BetaBuilders U.S. Small Cap Equity ETF,Cboe BZX,True
BBSI,"Barrett Business Services, Inc. - Common Stock",NASDAQ,False
BBT,Beacon Financial Corporation Common stock,NYSE,False
BBUC,Brookfield Business Corporation Class A Subordinate Voting Shares,NYSE,False
BBUL,GraniteShares 2x Long BB Daily ETF,NASDAQ,True
BBUS,JPMorgan BetaBuilders U.S. Equity ETF,Cboe BZX,True
BBVA,Banco Bilbao Vizcaya Argentaria S.A. Common Stock,NYSE,False
BBW,"Build-A-Bear Workshop, Inc. Common Stock",NYSE,False
BBWI,"Bath & Body Works, Inc.",NYSE,False
BBY,"Best Buy Co., Inc. Common Stock",NYSE,False
BBYY,GraniteShares YieldBOOST BABA ETF,NASDAQ,True
BC,Brunswick Corporation Common Stock,NYSE,False
BC$C,Brunswick Corporation 6.375% Notes due 2049,NYSE,False
BCAB,"BioAtla, Inc. - Common Stock",NASDAQ,False
BCAL,California BanCorp - Common Stock,NASDAQ,False
BCAR,D. Boral ARC Acquisition I Corp. - Class A Ordinary Shares,NASDAQ,False
BCARU,D. Boral ARC Acquisition I Corp. - Units,NASDAQ,False
BCARW,D. Boral ARC Acquisition I Corp. - Warrant,NASDAQ,False
BCAT,BlackRock Capital Allocation Term Trust Common Shares of Beneficial Interest,NYSE,False
BCAX,Bicara Therapeutics Inc. - Common Stock,NASDAQ,False
BCBP,"BCB Bancorp, Inc. (NJ) - Common Stock",NASDAQ,False
BCC,"Boise Cascade, L.L.C. Common Stock",NYSE,False
BCCC,Global X Bitcoin Covered Call ETF,Cboe BZX,True
BCCQU,Bleichroeder Acquisition Corp. III - Units,NASDAQ,False
BCD,abrdn Bloomberg All Commodity Longer Dated Strategy K-1 Free ETF,NYSE Arca,True
BCDA,"BioCardia, Inc. - Common Stock",NASDAQ,False
BCDF,Horizon Kinetics Blockchain Development ETF,NYSE Arca,True
BCE,"BCE, Inc. Common Stock",NYSE,False
BCEM,Baron Emerging Markets Select ETF,NYSE,True
BCFN,Baron Financials ETF,NASDAQ,True
BCG,"Binah Capital Group, Inc. - Common Stock",NASDAQ,False
BCGD,Baron Global Durable Advantage ETF,NYSE,True
BCGS,Bancreek Global Select ETF,NYSE Arca,True
BCGWW,"Binah Capital Group, Inc. - Warrants",NASDAQ,False
BCH,Banco De Chile ADS,NYSE,False
BCHI,GMO Beyond China ETF,NYSE Arca,True
BCHP,Principal Focused Blue Chip ETF,Cboe BZX,True
BCHT,Birchtech Corp. Common Stock,NYSE American,False
BCI,abrdn Bloomberg All Commodity Strategy K-1 Free ETF,NYSE Arca,True
BCIC,BCP Investment Corporation - Closed End Fund,NASDAQ,False
BCIL,Bancreek International Large Cap ETF,NYSE Arca,True
BCKT,LifeX 2030 Income Bucket ETF,Cboe BZX,True
BCLO,iShares BBB-B CLO Active ETF,NASDAQ,True
BCML,BayCom Corp - Common Stock,NASDAQ,False
BCO,Brinks Company (The) Common Stock,NYSE,False
BCOR,Grayscale Bitcoin Adopters ETF,NYSE Arca,True
BCPC,Balchem Corporation - Common Stock,NASDAQ,False
BCPL,BNY Mellon Core Plus ETF,NYSE Arca,True
BCRX,"BioCryst Pharmaceuticals, Inc. - Common Stock",NASDAQ,False
BCS,Barclays PLC Common Stock,NYSE,False
BCSF,"Bain Capital Specialty Finance, Inc. Common Stock",NYSE,False
BCSM,Baron SMID Cap ETF,NYSE,True
BCSS,Bain Capital GSS Investment Corp. Class A Ordinary Shares,NYSE,False
BCSS.U,"Bain Capital GSS Investment Corp. Units, each consisting of one Class A Ordinary Share and one-fifth of one redeemable warrant",NYSE,False
BCSS.W,"Bain Capital GSS Investment Corp. Redeemable warrants, each whole warrant exercisable for one Class A ordinary share at an exercise price of $11.50",NYSE,False
BCTK,Baron Technology ETF,NASDAQ,True
BCTX,BriaCell Therapeutics Corp. - Common Shares,NASDAQ,False
BCTXL,BriaCell Therapeutics Corp. - Warrants,NASDAQ,False
BCTXZ,BriaCell Therapeutics Corp. - Warrant,NASDAQ,False
BCUS,Bancreek U.S. Large Cap ETF,NYSE Arca,True
BCV,"Bancroft Fund, Ltd.",NYSE American,False
BCV$A,Bancroft Fund Limited 5.375% Series A Cumulative Preferred Shares,NYSE American,False
BCX,BlackRock Resources Common Shares of Beneficial Interest,NYSE,False
BCYC,Bicycle Therapeutics plc - American Depositary Shares,NASDAQ,False
BD,Russell Investments Core Plus Bond ETF,NYSE Arca,True
BDBT,Bluemonte Core Bond ETF,NYSE Arca,True
BDC,Belden Inc Common Stock,NYSE,False
BDCI,BTC Development Corp. - Class A Ordinary Shares,NASDAQ,False
BDCIU,BTC Development Corp. - Unit,NASDAQ,False
BDCIW,BTC Development Corp. - Warrant,NASDAQ,False
BDCX,"ETRACS Quarterly Pay 1.5x Leveraged MarketVector BDC Liquid Index ETN due June 10, 2050",NYSE Arca,True
BDCZ,"ETRACS MarketVector Business Development Companies Liquid Index ETN due April 26, 2041",NYSE Arca,False
BDEC,Innovator U.S. Equity Buffer ETF - December,Cboe BZX,True
BDGS,Bridges Capital Tactical ETF,NASDAQ,True
BDIV,AAM Brentview Dividend Growth ETF,NYSE Arca,True
BDJ,Blackrock Enhanced Equity Dividend Trust,NYSE,False
BDL,"Flanigan's Enterprises, Inc. Common Stock",NYSE American,False
BDMD,Baird Medical Investment Holdings Ltd - Ordinary Share,NASDAQ,False
BDMDW,Baird Medical Investment Holdings Ltd - Warrant,NASDAQ,False
BDN,Brandywine Realty Trust Common Stock,NYSE,False
BDRX,Biodexa Pharmaceuticals plc - American Depositary Shares,NASDAQ,False
BDRY,Breakwave Dry Bulk Shipping ETF,NYSE Arca,True
BDSX,"Biodesix, Inc. - Common Stock",NASDAQ,False
BDTX,"Black Diamond Therapeutics, Inc. - Common Stock",NASDAQ,False
BDVG,IMGP Berkshire Dividend Growth ETF,NYSE Arca,True
BDVL,iShares Disciplined Volatility Equity Active ETF,NASDAQ,True
BDX,"Becton, Dickinson and Company Common Stock",NYSE,False
BDYN,iShares Dynamic Equity Active ETF,NASDAQ,True
BE,Bloom Energy Corporation Class A Common Stock,NYSE,False
BEAG,Bold Eagle Acquisition Corp. - Class A Ordinary Shares,NASDAQ,False
BEAGR,Bold Eagle Acquisition Corp. - Right,NASDAQ,False
BEAGU,Bold Eagle Acquisition Corp. - Units,NASDAQ,False
BEAM,Beam Therapeutics Inc. - Common Stock,NASDAQ,False
BEAT,"Heartbeam, Inc. - Common Stock",NASDAQ,False
BEATW,"Heartbeam, Inc. - Warrant",NASDAQ,False
BEBE,TGE Value Creative Solutions Corp Class A Ordinary Shares,NYSE,False
BEBE.U,"TGE Value Creative Solutions Corp Units, each consisting of one Class A ordinary share and one-half of one redeemable warrant",NYSE,False
BEBE.W,"TGE Value Creative Solutions Corp Redeemable warrants, each whole warrant exercisable for one Class A ordinary share at an exercise price of $11.50 per share",NYSE,False
BEC,Corgi BE 2x Daily ETF,Cboe BZX,True
BEDY,BNY Mellon Enhanced Dividend and Income ETF,NASDAQ,True
BEDZ,AdvisorShares Hotel ETF,NYSE Arca,True
BEEM,Beam Global - Common Stock,NASDAQ,False
BEEP,Mobile Infrastructure Corporation - Common Stock,NASDAQ,False
BEEX,The Beehive ETF,NASDAQ,True
BEEZ,Honeytree U.S. Equity ETF,NASDAQ,True
BEG,Leverage Shares 2x Long BE Daily ETF,NASDAQ,True
BEGS,Rareview 2x Bull Cryptocurrency & Precious Metals ETF,Cboe BZX,True
BEKE,KE Holdings Inc American Depositary Shares (each representing three Class A Ordinary Shares),NYSE,False
BELFA,Bel Fuse Inc. - Class A Common Stock,NASDAQ,False
BELFB,Bel Fuse Inc. - Class B Common Stock,NASDAQ,False
BELT,iShares U.S. Select Equity Active ETF,NASDAQ,True
BEMB,iShares J.P. Morgan Broad USD Emerging Markets Bond ETF,Cboe BZX,True
BEN,"Franklin Resources, Inc. Common Stock",NYSE,False
BENF,Beneficient - Class A Common Stock,NASDAQ,False
BENFW,Beneficient - Warrant,NASDAQ,False
BENJ,Horizon Landmark ETF,NYSE Arca,True
BEP,Brookfield Renewable Partners L.P. Limited Partnership Units,NYSE,False
BEP$A,"Brookfield Renewable Partners L.P. 5.25% Class A Preferred Limited Partnership Units, Series 17",NYSE,False
BEPC,Brookfield Renewable Corporation Brookfield Renewable Corporation Class A Subordinate Voting Shares,NYSE,False
BEPH,Brookfield BRP Holdings (Canada) Inc. 4.625% Perpetual Subordinated Notes,NYSE,False
BEPI,Brookfield BRP Holdings (Canada) Inc. 4.875% Perpetual Subordinated Notes,NYSE,False
BEPJ,Brookfield BRP Holdings (Canada) Inc. 7.250% Perpetual Subordinated Notes,NYSE,False
BERZ,MicroSectors FANG & Innovation -3x Inverse Leveraged ETN,NYSE Arca,True
BESF,Bastion Energy ETF,Cboe BZX,True
BESO,GSR Crypto Core3 ETF,NASDAQ,True
BESS,Bimergen Energy Corporation Common Stock,NYSE American,False
BESS.W,"Bimergen Energy Corporation Warrants, each share exercisable to purchase one share of Common Stock",NYSE American,False
BETA,"Beta Technologies, Inc. Class A Common Stock",NYSE,False
BETE,ProShares Bitcoin & Ether Equal Weight ETF,NYSE Arca,True
BETH,ProShares Bitcoin & Ether Market Cap Weight ETF,NYSE Arca,True
BETR,Better Home & Finance Holding Company - Class A Common Stock,NASDAQ,False
BETRW,Better Home & Finance Holding Company - Warrant,NASDAQ,False
BETZ,Roundhill Sports Betting & iGaming ETF,NYSE Arca,True
BEX,Tradr 2X Long BE Daily ETF,Cboe BZX,True
BEZ,Tradr 2X Short BE Daily ETF,Cboe BZX,True
BF.A,Brown Forman Inc Class A Common Stock,NYSE,False
BF.B,Brown Forman Inc Class B Common Stock,NYSE,False
BFAM,Bright Horizons Family Solutions Inc. Common Stock,NYSE,False
BFAP,FT Vest Bitcoin Strategy Floor15 ETF April,NYSE Arca,True
BFC,Bank First Corporation - Common Stock,NASDAQ,False
BFEB,Innovator U.S. Equity Buffer ETF - February,Cboe BZX,True
BFEW,FT Vest Laddered U.S. Equity Equal Weight Buffer ETF,Cboe BZX,True
BFH,"Bread Financial Holdings, Inc. Common Stock",NYSE,False
BFH$A,"Bread Financial Holdings, Inc. Depositary Shares, each representing a 1/40th interest in a share of 8.625% Non-Cumulative Perpetual Preferred Stock, Series A",NYSE,False
BFH$B,"Bread Financial Holdings, Inc. Depositary Shares, each representing a 1/40th interest in a share of 8.875% Fixed Rate Reset Non-Cumulative Perpetual Preferred Stock, Series B",NYSE,False
BFIX,Build Bond Innovation ETF,NYSE Arca,True
BFJA,FT Vest Bitcoin Strategy Floor15 ETF - January,NYSE Arca,True
BFJL,FT Vest Bitcoin Strategy Floor15 ETF July,NYSE Arca,True
BFLB,BufferLABS US Equity Dynamic Buffer ETF,Cboe BZX,True
BFLX,iShares Flexible Equity Active ETF,NASDAQ,True
BFLY,"Butterfly Network, Inc. Class A Common Stock",NYSE,False
BFOC,FT Vest Bitcoin Strategy Floor15 ETF - October,NYSE Arca,True
BFOR,Barron's 400 ETF,NYSE Arca,True
BFRG,"Bullfrog AI Holdings, Inc. - Common Stock",NASDAQ,False
BFRGW,"Bullfrog AI Holdings, Inc. - Warrants",NASDAQ,False
BFRI,Biofrontera Inc. - Common Stock,NASDAQ,False
BFRIW,Biofrontera Inc. - Warrants,NASDAQ,False
BFRZ,Innovator Equity Managed 100 Buffer ETF,NYSE Arca,True
BFS,"Saul Centers, Inc. Common Stock",NYSE,False
BFS$D,"Saul Centers, Inc. Depositary Shares, each representing 1/100th of a share of 6.125% Series D Cumulative Redeemable Preferred Stock",NYSE,False
BFS$E,"Saul Centers, Inc. Depositary shares, each representing a 1/100th fractional interest in a share of 6.000% Series E Cumulative Redeemable Preferred Stock",NYSE,False
BFST,"Business First Bancshares, Inc. - Common Stock",NASDAQ,False
BFXU,FT Vest Laddered U.S. Equity Uncapped Accelerator ETF,Cboe BZX,True
BG,Bunge Limited Common Shares,NYSE,False
BGB,Blackstone Strategic Credit 2027 Term Fund Common Shares of Beneficial Interest,NYSE,False
BGC,"BGC Group, Inc. - Class A Common Stock",NASDAQ,False
BGCG,Baillie Gifford International Concentrated Growth ETF,NASDAQ,True
BGDE,"Big Digital Energy, Inc. - Common Stock",NASDAQ,False
BGDV,Bahl & Gaynor Dividend ETF,NYSE Arca,True
BGEG,Baillie Gifford Emerging Markets ETF,NASDAQ,True
BGFI,BNY Mellon Global Fixed Income ETF,Cboe BZX,True
BGGG,Baillie Gifford Long Term Global Growth ETF,NASDAQ,True
BGH,Barings Global Short Duration High Yield Fund Common Shares of Beneficial Interests,NYSE,False
BGI,Birks Group Inc. Common Stock,NYSE American,False
BGIA,Baillie Gifford International Alpha ETF,NASDAQ,True
BGIG,Bahl & Gaynor Income Growth ETF,NYSE Arca,True
BGIN,Bgin Blockchain Limited - Class A Ordinary Shares,NASDAQ,False
BGL,Blue Gold Limited - Class A ordinary shares,NASDAQ,False
BGLC,BioNexus Gene Lab Corp - Common stock,NASDAQ,False
BGLD,FT Vest Gold Strategy Quarterly Buffer ETF,Cboe BZX,True
BGLWW,Blue Gold Limited - Warrant,NASDAQ,False
BGM,BGM Group Ltd. - Class A Ordinary Shares,NASDAQ,False
BGMS,"Bio Green Med Solution, Inc. - Common Stock",NASDAQ,False
BGR,BlackRock Energy and Resources Trust,NYSE,False
BGRN,iShares USD Green Bond ETF,NASDAQ,True
BGRO,iShares Large Cap Growth Active ETF,NASDAQ,True
BGS,"B&G Foods, Inc. Common Stock",NYSE,False
BGSF,"BGSF, Inc. Common Stock",NYSE,False
BGSI,Boyd Group Services Inc. Common Shares,NYSE,False
BGT,BlackRock Floating Rate Income Trust,NYSE,False
BGX,Blackstone Long Short Credit Income Fund Common Shares,NYSE,False
BGY,Blackrock Enhanced International Dividend Trust,NYSE,False
BH,Biglari Holdings Inc. Class B Common Stock,NYSE,False
BH.A,Biglari Holdings Inc. Class A Common Stock,NYSE,False
BHAV,BHAV Acquisition Corp - Class A Ordinary Shares,NASDAQ,False
BHAVR,BHAV Acquisition Corp - Rights,NASDAQ,False
BHAVU,BHAV Acquisition Corp - Units,NASDAQ,False
BHB,"Bar Harbor Bankshares, Inc. Common Stock",NYSE American,False
BHC,Bausch Health Companies Inc. Common Stock,NYSE,False
BHDG,Nicholas Bitcoin Tail ETF,NASDAQ,True
BHE,"Benchmark Electronics, Inc. Common Stock",NYSE,False
BHF,"Brighthouse Financial, Inc. - Common Stock",NASDAQ,False
BHFAL,"Brighthouse Financial, Inc. - Junior Subordinated Debentures due 2058",NASDAQ,False
BHFAM,"Brighthouse Financial, Inc. - Depositary shares each representing a 1/1,000th Interest in a Share of 4.625% Non-Cumulative Preferred Stock, Series D",NASDAQ,False
BHFAN,"Brighthouse Financial, Inc. - depositary shares, each representing a 1/1,000th interest in a share of 5.375% Non-Cumulative Preferred Stock, Series C",NASDAQ,False
BHFAO,"Brighthouse Financial, Inc. - Depositary Shares, each representing a 1/1,000th interest in a share of 6.750% Non-Cumulative Preferred Stock, Series B",NASDAQ,False
BHFAP,"Brighthouse Financial, Inc. - Depositary Shares 6.6% Non-Cumulative Preferred Stock, Series A",NASDAQ,False
BHK,Blackrock Core Bond Trust,NYSE,False
BHM,"Bluerock Homes Trust, Inc. Class A Common Stock",NYSE American,False
BHP,BHP Group Limited American Depositary Shares (Each representing two Ordinary Shares),NYSE,False
BHR,Braemar Hotels & Resorts Inc. Common Stock,NYSE,False
BHR$B,"Braemar Hotels & Resorts Inc. 5.50% Series B Cumulative Convertible Preferred Stock, par value $0.01 per share",NYSE,False
BHR$D,"Braemar Hotels & Resorts Inc. 8.25% Series D Cumulative Preferred Stock,  par value $0.01 per share",NYSE,False
BHRB,Burke & Herbert Financial Services Corp. - Common Stock,NASDAQ,False
BHST,BioHarvest Sciences Inc. - Common Stock,NASDAQ,False
BHV,BlackRock Virginia Municipal Bond Trust,NYSE,False
BHVN,Biohaven Ltd. Common Shares,NYSE,False
BHYB,Xtrackers USD High Yield BB-B ex Financials ETF,Cboe BZX,True
BHYP,Common Shares of Beneficial Interest of Bitwise Hyperliquid ETF,NYSE Arca,True
BIAF,"bioAffinity Technologies, Inc. - Common Stock",NASDAQ,False
BIAFW,"bioAffinity Technologies, Inc. - Warrant",NASDAQ,False
BIB,ProShares Ultra Nasdaq Biotechnology,NASDAQ,True
BIBL,Inspire 100 ETF,NYSE Arca,True
BID,Tribeca Strategic Acquisition Corp. - Class A Ordinary Shares,NASDAQ,False
BIDD,iShares International Dividend Active ETF,NYSE Arca,True
BIDG,Leverage Shares 2X Long BIDU Daily ETF,NASDAQ,True
BIDU,"Baidu, Inc. - American Depositary Shares, each representing 8 ordinary share",NASDAQ,False
BIDWR,Tribeca Strategic Acquisition Corp. - Rights,NASDAQ,False
BIDWU,Tribeca Strategic Acquisition Corp. - Unit,NASDAQ,False
BIGY,YieldMax Target 12 Big 50 Option Income ETF,NYSE Arca,True
BIIB,Biogen Inc. - Common Stock,NASDAQ,False
BIII,Black Spade Acquisition III Co Class A Ordinary Shares,NYSE,False
BIII.U,"Black Spade Acquisition III Co Units, each consisting of one Class A ordinary share and one-third of one redeemable warrant",NYSE,False
BIII.W,"Black Spade Acquisition III Co Redeemable warrants, each whole warrant exercisable for one Class A ordinary share at an exercise price of $11.50",NYSE,False
BIL,State Street SPDR Bloomberg 1-3 Month T-Bill ETF,NYSE Arca,True
BILD,Nomura Global Listed Infrastructure ETF,NYSE Arca,True
BILI,Bilibili Inc. - American Depositary Shares,NASDAQ,False
BILL,"BILL Holdings, Inc. Common Stock",NYSE,False
BILS,State Street SPDR Bloomberg 3-12 Month T-Bill ETF,NYSE Arca,True
BILT,iShares Infrastructure Active ETF,Cboe BZX,True
BILZ,PIMCO Ultra Short Government Active Exchange-Traded Fund,NYSE Arca,True
BINC,iShares Flexible Income Active ETF,NYSE Arca,True
BINT,Bluemonte Global Equity ETF,NYSE Arca,True
BINV,Brandes International ETF,Cboe BZX,True
BIO,"Bio-Rad Laboratories, Inc. Class A Common Stock",NYSE,False
BIO.B,"Bio-Rad Laboratories, Inc. Class B  Common Stock",NYSE,False
BIOA,"BioAge Labs, Inc. - Common Stock",NASDAQ,False
BIOT,Instinct Bio Technical Company Holdings Inc. - Common stock,NASDAQ,False
BIOTW,Instinct Bio Technical Company Holdings Inc. - Warrants,NASDAQ,False
BIOX,Bioceres Crop Solutions Corp. - Ordinary Shares,NASDAQ,False
BIOY,GraniteShares YieldBOOST Biotech ETF,NASDAQ,True
BIP,Brookfield Infrastructure Partners LP Limited Partnership Units,NYSE,False
BIP$A,"Brookfield Infrastructure Partners LP 5.125% Class A Preferred Limited Partnership Units, Series 13",NYSE,False
BIP$B,"Brookfield Infrastructure Partners LP 5.000% Class A Preferred Limited Partnership Units, Series 14",NYSE,False
BIPC,Brookfield Infrastructure Corporation Brookfield Infrastructure Corporation,NYSE,False
BIPH,Brookfield Infrastructure Corporation 5.000% Subordinated Notes due 2081,NYSE,False
BIPI,BIP Bermuda Holdings I Limited 5.125% Perpetual Subordinated Notes,NYSE,False
BIPJ,Brookfield Infrastructure Corporation 7.250% Subordinated Notes due 2084,NYSE,False
BIRD,"Smartbird, Inc. - Class A Common Stock",NASDAQ,False
BIRK,Birkenstock Holding plc Ordinary Shares,NYSE,False
BIS,ProShares UltraShort Nasdaq Biotechnology,NASDAQ,True
BIT,BlackRock Multi-Sector Income Trust Common Shares of Beneficial Interest,NYSE,False
BITA,iShares Bitcoin Premium Income ETF,NASDAQ,True
BITB,Bitwise Bitcoin ETF,NYSE Arca,True
BITC,Bitwise Trendwise Bitcoin and Treasuries Rotation Strategy ETF,NYSE Arca,True
BITI,ProShares Short Bitcoin ETF,NYSE Arca,True
BITO,ProShares Bitcoin ETF,NYSE Arca,True
BITQ,Bitwise Crypto Industry Innovators ETF,NYSE Arca,True
BITS,Global X Blockchain & Bitcoin Strategy ETF,NASDAQ,True
BITU,ProShares Ultra Bitcoin ETF,NYSE Arca,True
BITW,Common Shares of Beneficial Interest,NYSE Arca,True
BITX,2x Bitcoin ETF,Cboe BZX,True
BITY,Amplify Bitcoin 2% Monthly Option Income ETF,Cboe BZX,True
BIV,Vanguard Intermediate-Term Bond ETF,NYSE Arca,True
BIVI,BioVie Inc. - Common stock,NASDAQ,False
BIVIW,BioVie Inc. - Warrant,NASDAQ,False
BIXI,Bitcoin Infrastructure Acquisition Corp Ltd. - Class A Ordinary Shares,NASDAQ,False
BIXIU,Bitcoin Infrastructure Acquisition Corp Ltd. - Units,NASDAQ,False
BIXIW,Bitcoin Infrastructure Acquisition Corp Ltd. - Warrants,NASDAQ,False
BIYA,Baiya International Group Inc.  - Ordinary Shares,NASDAQ,False
BIZD,VanEck BDC Income ETF,NYSE Arca,True
BJ,"BJ's Wholesale Club Holdings, Inc. Common Stock",NYSE,False
BJAN,Innovator U.S. Equity Buffer ETF - January,Cboe BZX,True
BJDX,"Bluejay Diagnostics, Inc. - Common Stock",NASDAQ,False
BJRI,"BJ's Restaurants, Inc. - Common Stock",NASDAQ,False
BJUL,Innovator U.S. Equity Buffer ETF - July,Cboe BZX,True
BJUN,Innovator U.S. Equity Buffer ETF - June,Cboe BZX,True
BKAG,BNY Mellon Core Bond ETF,NYSE Arca,True
BKCG,BNY Mellon Concentrated Growth ETF,NYSE Arca,True
BKCH,Global X Blockchain ETF,NASDAQ,True
BKCI,BNY Mellon Concentrated International ETF,NYSE Arca,True
BKD,Brookdale Senior Living Inc. Common Stock,NYSE,False
BKDV,BNY Mellon Dynamic Value ETF,NYSE Arca,True
BKE,"Buckle, Inc. (The) Common Stock",NYSE,False
BKEM,BNY Mellon Emerging Markets Equity ETF,NYSE Arca,True
BKF,iShares MSCI BIC ETF,NYSE Arca,True
BKFI,BNY Mellon Active Core Bond ETF,NYSE Arca,True
BKGI,BNY Mellon Global Infrastructure Income ETF,Cboe BZX,True
BKH,Black Hills Corporation Common Stock,NYSE,False
BKHA,Black Hawk Acquisition Corporation - Class A Ordinary Shares,NASDAQ,False
BKHAR,Black Hawk Acquisition Corporation - Rights,NASDAQ,False
BKHAU,Black Hawk Acquisition Corporation - Units,NASDAQ,False
BKHY,BNY Mellon High Yield ETF,NYSE Arca,True
BKIE,BNY Mellon International Equity ETF,NYSE Arca,True
BKKT,"Bakkt, Inc. Class A Common Stock",NYSE,False
BKKT.W,"Bakkt, Inc. Warrants to purchase Class A Common Stock, each Warrant entitles a holder to purchase 1/25th of a share of Class A common stock at an exercise price of $287.50 for one share",NYSE,False
BKLC,BNY Mellon US Large Cap Core Equity ETF,NYSE Arca,True
BKLG,BNY Mellon US Large Cap Equity Growth ETF,NYSE Arca,True
BKLN,Invesco Senior Loan ETF,NYSE Arca,True
BKMC,BNY Mellon US Mid Cap Core Equity ETF,NYSE Arca,True
BKMI,BNY Mellon Municipal Intermediate ETF,NASDAQ,True
BKMS,BNY Mellon Municipal Short Duration ETF,NASDAQ,True
BKNG,Booking Holdings Inc. - Common Stock,NASDAQ,False
BKR,Baker Hughes Company - Common Stock,NASDAQ,False
BKSE,BNY Mellon US Small Cap Core Equity ETF,NYSE Arca,True
BKSY,BlackSky Technology Inc. Class A Common Stock,NYSE,False
BKSY.W,"BlackSky Technology Inc. Redeemable Warrants, each whole Warrant exercisable for one share of Class A Common Stock",NYSE,False
BKT,BlackRock Income Trust Inc. (The),NYSE,False
BKTI,BK Technologies Corporation Common Stock,NYSE American,False
BKU,"BankUnited, Inc. Common Stock",NYSE,False
BKUI,BNY Mellon Ultra Short Income ETF,NYSE Arca,True
BKV,BKV Corporation Common Stock,NYSE,False
BKYI,"BIO-key International, Inc. - Common Stock",NASDAQ,False
BL,"BlackLine, Inc. - Common Stock",NASDAQ,False
BLBD,Blue Bird Corporation - Common Stock,NASDAQ,False
BLCK,Corgi Crypto Infrastructure ETF,Cboe BZX,True
BLCO,Bausch + Lomb Corporation Common Shares,NYSE,False
BLCR,iShares Large Cap Core Active ETF,NASDAQ,True
BLCV,iShares Large Cap Value Active ETF,NYSE Arca,True
BLDG,Cambria Global Real Estate ETF,Cboe BZX,True
BLDP,"Ballard Power Systems, Inc. - Common Shares",NASDAQ,False
BLDR,"Builders FirstSource, Inc. Common Stock",NYSE,False
BLDX,Impax Global Sustainable Infrastructure ETF,NYSE Arca,True
BLES,Inspire Global Hope ETF,NYSE Arca,True
BLFS,"BioLife Solutions, Inc. - Common Stock",NASDAQ,False
BLGR,Bluemonte Large Cap Growth ETF,NYSE Arca,True
BLIN,"Bridgeline Digital, Inc. - Common Stock",NASDAQ,False
BLIV,BeLive Holdings - ordinary shares,NASDAQ,False
BLK,"BlackRock, Inc. Common Stock",NYSE,False
BLKB,"Blackbaud, Inc. - Common Stock",NASDAQ,False
BLLN,"BillionToOne, Inc. - Class A common stock",NASDAQ,False
BLMN,"Bloomin' Brands, Inc. - Common Stock",NASDAQ,False
BLND,"Blend Labs, Inc. Class A Common Stock",NYSE,False
BLNE,"Beeline Holdings, Inc. - Common Stock",NASDAQ,False
BLNK,Blink Charging Co. - Common Stock,NASDAQ,False
BLOK,Amplify Blockchain Technology ETF,NYSE Arca,True
BLOX,Nicholas Crypto Income ETF,NYSE Arca,True
BLRK,Bluerock Acquisition Corp. - Class A Ordinary Shares,NASDAQ,False
BLRKU,Bluerock Acquisition Corp. - Units,NASDAQ,False
BLRKW,Bluerock Acquisition Corp. - Warrants,NASDAQ,False
BLRX,BioLineRx Ltd. - American Depositary Shares,NASDAQ,False
BLSG,Leverage Shares 2X Long BLSH Daily ETF,NASDAQ,True
BLSH,Bullish Ordinary Shares,NYSE,False
BLST,Bluemonte Short Term Bond ETF,NYSE Arca,True
BLTD,Bluemonte Long Term Bond ETF,NYSE Arca,True
BLTE,"Belite Bio, Inc - American Depositary Shares",NASDAQ,False
BLUC,Bluemonte Large Cap Core ETF,NYSE Arca,True
BLUI,Bluemonte Diversified Income ETF,NYSE Arca,True
BLUW,Blue Water Acquisition Corp. III - Class A Ordinary Shares,NASDAQ,False
BLUWU,Blue Water Acquisition Corp. III - Unit.,NASDAQ,False
BLUWW,Blue Water Acquisition Corp. III - Warrant.,NASDAQ,False
BLUX,Bluemonte Dynamic Total Market ETF,NYSE Arca,True
BLV,Vanguard Long-Term Bond ETF,NYSE Arca,True
BLW,Blackrock Limited Duration Income Trust,NYSE,False
BLX,"Bladex, Inc. Class E Common Stock",NYSE,False
BLZE,"Backblaze, Inc. - Common Stock",NASDAQ,False
BLZR,Trailblazer Acquisition Corp. - Class A Ordinary Shares,NASDAQ,False
BLZRU,Trailblazer Acquisition Corp. - Unit,NASDAQ,False
BLZRW,Trailblazer Acquisition Corp. - Warrant,NASDAQ,False
BMA,Banco Macro S.A.  ADR (representing Ten Class B Common Shares),NYSE,False
BMAR,Innovator U.S. Equity Buffer ETF - March,Cboe BZX,True
BMAY,Innovator U.S. Equity Buffer ETF - May,Cboe BZX,True
BMBL,Bumble Inc. - common stock,NASDAQ,False
BME,Blackrock Health Sciences Trust,NYSE,False
BMEA,"Biomea Fusion, Inc. - Common Stock",NASDAQ,False
BMED,iShares Health Innovation Active ETF,NYSE Arca,True
BMEZ,BlackRock Health Sciences Term Trust Common Shares of Beneficial Interest,NYSE,False
BMGL,Basel Medical Group Ltd - ordinary shares,NASDAQ,False
BMHL,Bluemount Holdings Limited - Class B Ordinary Shares,NASDAQ,False
BMI,"Badger Meter, Inc. Common Stock",NYSE,False
BML$G,"Bank of America Corporation Depositary Shares (Each representing a 1/1200th interest in a share of Floating Rate Non-Cumulative Preferred Stock , Series 1)",NYSE,False
BML$H,"Bank of America Corporation Depositary Shares (Each representing a 1/1200th interest in a Share of Floating Rate Non-Cumulative Preferred Stock, Series 2)",NYSE,False
BML$J,"Bank of America Corporation Depositary Shares (Each representing a 1/1200th interest in a Share of Floating Rate Non-Cumulative Preferred Stock, Series 4)",NYSE,False
BML$L,"Bank of America Corporation Depositary Shares (Each representing a 1/1200th Interest in a Share of Floating Rate Non-Cumulative Preferred Stock, Series 5)",NYSE,False
BMM,Blue Moon Metals Inc. - Common Shares,NASDAQ,False
BMN,BlackRock 2037 Municipal Target Term Trust Common Shares of Beneficial Interest,NYSE,False
BMNG,Leverage Shares 2X Long BMNR Daily ETF,NASDAQ,True
BMNP,"BitMine Immersion Technologies, Inc. 9.5% Series A Perpetual Preferred Stock",NYSE,False
BMNR,"BitMine Immersion Technologies, Inc. Common Stock",NYSE,False
BMNU,T-REX 2X Long BMNR Daily Target ETF,Cboe BZX,True
BMNZ,Defiance Daily Target 2X Short BMNR ETF,NYSE Arca,True
BMO,Bank Of Montreal Common Stock,NYSE,False
BMOP,BNY Mellon Municipal Opportunities ETF,NASDAQ,True
BMR,Beamr Imaging Ltd. - Ordinary Share,NASDAQ,False
BMRA,"Biomerica, Inc. - Common Stock",NASDAQ,False
BMRC,Bank of Marin Bancorp - Common Stock,NASDAQ,False
BMRN,BioMarin Pharmaceutical Inc. - Common Stock,NASDAQ,False
BMSI,BNY Mellon Muti-Sector Income ETF,Cboe BZX,True
BMVP,Invesco Bloomberg MVP Multi-factor ETF,NYSE Arca,True
BMY,Bristol-Myers Squibb Company Common Stock,NYSE,False
BN,Brookfield Corporation Class A Limited Voting Shares,NYSE,False
BNAI,Brand Engagement Network Inc. - Common Stock,NASDAQ,False
BNAIW,Brand Engagement Network Inc. - Warrant,NASDAQ,False
BNC,CEA Industries Inc. - Common Stock,NASDAQ,False
BNCWW,CEA Industries Inc. - Warrant,NASDAQ,False
BNCWZ,CEA Industries Inc. - Warrants,NASDAQ,False
BND,Vanguard Total Bond Market ETF,NASDAQ,True
BNDC,FlexShares Core Select Bond Fund,NYSE Arca,True
BNDD,Quadratic Deflation ETF,NYSE Arca,True
BNDI,NEOS Enhanced Income Aggregate Bond ETF,NYSE Arca,True
BNDP,Vanguard Core-Plus Bond Index ETF,NASDAQ,True
BNDS,Infrastructure Capital Bond Income ETF,NYSE Arca,True
BNDW,Vanguard Total World Bond ETF,NASDAQ,True
BNDX,Vanguard Total International Bond ETF,NASDAQ,True
BNDY,Horizon Core Bond ETF,Cboe BZX,True
BNED,"Barnes & Noble Education, Inc Common Stock",NYSE,False
BNGE,First Trust S-Network Streaming and Gaming ETF,NYSE Arca,True
BNGO,"Bionano Genomics, Inc. - Common Stock",NASDAQ,False
BNH,"Brookfield Finance Inc. 4.625% Subordinated Notes due October 16, 2080",NYSE,False
BNJ,Brookfield Finance Inc. 4.50% Perpetual Subordinated Notes,NYSE,False
BNKD,"MicroSectors U.S. Big Banks -3 Inverse Leveraged ETNs due February 17, 2045",NYSE Arca,True
BNKK,"Bonk, Inc. - Common Stock",NASDAQ,False
BNKU,"MicroSectors U.S. Big Banks 3 Leveraged ETNs due February 17, 2045",NYSE Arca,True
BNL,"Broadstone Net Lease, Inc. Common Stock",NYSE,False
BNMC,Corgi BMNR 2x Daily ETF,Cboe BZX,True
BNO,"United States Brent Oil Fund, LP ETV",NYSE Arca,True
BNOV,Innovator U.S. Equity Buffer ETF - November,Cboe BZX,True
BNR,Burning Rock Biotech Limited - American Depositary Shares,NASDAQ,False
BNRG,Brenmiller Energy Ltd - Ordinary Shares,NASDAQ,False
BNS,Bank Nova Scotia Halifax Pfd 3 Ordinary Shares,NYSE,False
BNT,Brookfield Wealth Solutions Ltd. Class A Exchangeable Limited Voting Shares,NYSE,False
BNTC,Benitec Biopharma Inc. - Common Stock,NASDAQ,False
BNTX,BioNTech SE - American Depositary Shares,NASDAQ,False
BNY,The Bank of New York Mellon Corporation Common Stock,NYSE,False
BNY$K,"The Bank Of New York Mellon Corporation  Depositary Shares, each representing a 1/4,000th interest in a share of Series K Noncumulative Perpetual Preferred Stock",NYSE,False
BNZI,"Banzai International, Inc. - Class A Common Stock",NASDAQ,False
BNZIW,"Banzai International, Inc. - Warrant",NASDAQ,False
BOAT,SonicShares Global Shipping ETF,NYSE Arca,True
BOBP,CORE16 Best of Breed Premier Index ETF,NYSE Arca,True
BOBS,"Bob's Discount Furniture, Inc. Common Stock",NYSE,False
BOC,Boston Omaha Corporation Class A Common Stock,NYSE,False
BOCT,Innovator U.S. Equity Buffer ETF - October,Cboe BZX,True
BODI,"The Beachbody Company, Inc. - Class A Common Stock",NASDAQ,False
BOE,Blackrock Enhanced Global Dividend Trust Common Shares of Beneficial Interest,NYSE,False
BOEG,Leverage Shares 2X Long BA Daily ETF,NASDAQ,True
BOEU,Direxion Daily BA Bull 2X ETF,NASDAQ,True
BOF,BranchOut Food Inc. - Common Stock,NASDAQ,False
BOH,Bank of Hawaii Corporation Common Stock,NYSE,False
BOH$A,"Bank of Hawaii Corporation Depositary Shares Each Representing a 1/40th Interest in a Share of 4.375% Fixed Rate Non-Cumulative Perpetual Preferred Stock, Series A",NYSE,False
BOH$B,"Bank of Hawaii Corporation Depositary Shares, Each Representing a 1/40th Interest in a Share of 8.000% Fixed Rate Non-Cumulative Perpetual Preferred Stock, Series B",NYSE,False
BOIL,ProShares Ultra Bloomberg Natural Gas,NYSE Arca,True
BOKF,BOK Financial Corporation - Common Stock,NASDAQ,False
BOLD,"Boundless Bio, Inc. - Common Stock",NASDAQ,False
BOLT,"Bolt Biotherapeutics, Inc. - Common Stock",NASDAQ,False
BON,Bon Natural Life Limited - Class A Ordinary Shares,NASDAQ,False
BOND,PIMCO Active Bond Exchange-Traded Fund Exchange-Traded Fund,NYSE,True
BOOM,DMC Global Inc. - Common Stock,NASDAQ,False
BOOT,"Boot Barn Holdings, Inc. Common Stock",NYSE,False
BORR,Borr Drilling Limited Common Shares,NYSE,False
BOSC,B.O.S. Better Online Solutions - Ordinary Shares,NASDAQ,False
BOT,"RoboStrategy, Inc. - Common Stock",NASDAQ,False
BOTJ,"Bank of the James Financial Group, Inc. - Common Stock",NASDAQ,False
BOTT,Themes Humanoid Robotics ETF,NASDAQ,True
BOTZ,Global X Robotics & Artificial Intelligence ETF,NASDAQ,True
BOUT,CapForce IBD Breakout Opportunities ETF,NYSE Arca,True
BOW,Bowhead Specialty Holdings Inc. Common Stock,NYSE,False
BOX,"Box, Inc. Class A Common Stock",NYSE,False
BOXA,Alpha Architect Aggregate Bond ETF,Cboe BZX,True
BOXL,Boxlight Corporation - Class A Common Stock,NASDAQ,False
BOXX,Alpha Architect 1-3 Month Box ETF,Cboe BZX,True
BP,BP p.l.c. Common Stock,NYSE,False
BPAC,Blueport Acquisition Ltd - Class A Ordinary Shares,NASDAQ,False
BPACR,Blueport Acquisition Ltd - Rights,NASDAQ,False
BPACU,Blueport Acquisition Ltd - Units,NASDAQ,False
BPAY,iShares FinTech Active ETF,NYSE Arca,True
BPH,BP plc ADRhedged,NYSE Arca,True
BPI,Grayscale Bitcoin Premium Income ETF,NYSE Arca,True
BPOP,"Popular, Inc. - Common Stock",NASDAQ,False
BPOPM,"Popular, Inc. - Popular Capital Trust II - 6.125% Cumulative Monthly Income Trust Preferred Securities",NASDAQ,False
BPRE,Bluerock Private Real Estate Fund Common Shares of Beneficial Interest,NYSE,False
BPRN,"Princeton Bancorp, Inc. - Common Stock",NASDAQ,False
BPRO,Bitwise Proficio Currency Debasement ETF,NYSE Arca,True
BPYPM,"Brookfield Property Partners L.P. - 6.25% Class A Cumulative Redeemable Preferred Units, Series 1",NASDAQ,False
BPYPN,"Brookfield Property Partners L.P. - 5.750% Class A Cumulative Redeemable Perpetual Preferred Units, Series 3",NASDAQ,False
BPYPO,"Brookfield Property Partners L.P. - 6.375% Class A Cumulative Redeemable Perpetual Preferred Units, Series 2",NASDAQ,False
BPYPP,Brookfield Property Partners L.P. - 6.50% Class A Cumulative Redeemable Perpetual Preferred Units,NASDAQ,False
BQ,Boqii Holding Limited Class A Ordinary Shares,NYSE American,False
BR,"Broadridge Financial Solutions, Inc. Common Stock",NYSE,False
BRAG,Bragg Gaming Group Inc. - Common Shares,NASDAQ,False
BRAI,Braiin Limited - Common Stock,NASDAQ,False
BRAZ,Global X Brazil Active ETF,NYSE Arca,True
BRBI,BRBI BR Partners S.A. - ADSs,NASDAQ,False
BRBR,"BellRing Brands, Inc. Common Stock",NYSE,False
BRBS,"Blue Ridge Bankshares, Inc. Common Stock",NYSE American,False
BRC,Brady Corporation Common Stock,NYSE,False
BRCB,"Black Rock Coffee Bar, Inc. - Class A Common Stock",NASDAQ,False
BRCC,BRC Inc. Class A Common Stock,NYSE,False
BRCE,MFS Blended Research Core Equity ETF,NYSE,True
BREE,MFS Blended Research Emerging Markets Equity ETF,NYSE,True
BREM,iShares Emerging Markets Bond Active ETF,NASDAQ,True
BRES,Burney U.S. Equity Select ETF,NASDAQ,True
BREW,Corgi Coffee & Energy Drinks ETF,Cboe BZX,True
BREZ,Breeze Acquisition Corp. II - Ordinary Shares,NASDAQ,False
BREZR,Breeze Acquisition Corp. II - Rights,NASDAQ,False
BRF,VanEck Brazil Small-Cap ETF,NYSE Arca,True
BRFH,Barfresh Food Group Inc. - Common Stock,NASDAQ,False
BRHY,iShares High Yield Active ETF,NASDAQ,True
BRIA,BrilliA Inc Class A Ordinary Shares,NYSE American,False
BRIB,FIS Bright Portfolios Core Bond ETF,NYSE Arca,True
BRID,Bridgford Foods Corporation - Common Stock,NASDAQ,False
BRIE,MFS Blended Research International Equity ETF,NYSE,True
BRIF,FIS Bright Portfolios Focused Equity ETF,NYSE Arca,True
BRK.A,Berkshire Hathaway Inc. Common Stock,NYSE,False
BRK.B,Berkshire Hathaway Inc. New Common Stock,NYSE,False
BRKC,YieldMax BRK.B Option Income Strategy ETF,NYSE Arca,True
BRKH,Burtech Acquisition Corp II - Class A Ordinary Shares,NASDAQ,False
BRKHU,Burtech Acquisition Corp II - Units,NASDAQ,False
BRKHW,Burtech Acquisition Corp II - Warrants,NASDAQ,False
BRKL,Corgi BRKB 2x Daily ETF,Cboe BZX,True
BRKR,Bruker Corporation - Common Stock,NASDAQ,False
BRKRP,"Bruker Corporation - 6.375% Mandatory Convertible Preferred Stock, Series A",NASDAQ,False
BRKU,Direxion Daily BRKB Bull 2X ETF,NASDAQ,True
BRKW,Roundhill BRKB WeeklyPay ETF,Cboe BZX,True
BRLN,iShares Floating Rate Loan Active ETF,Cboe BZX,True
BRLS,Borealis Foods Inc. - Class A Common Shares,NASDAQ,False
BRLSW,Borealis Foods Inc. - Warrant,NASDAQ,False
BRLT,"Brilliant Earth Group, Inc. - Class A Common Stock",NASDAQ,False
BRN,"Barnwell Industries, Inc. Common Stock",NYSE American,False
BRNS,Barinthus Biotherapeutics plc - American Depositary Shares,NASDAQ,False
BRNY,Burney U.S. Factor Rotation ETF,NASDAQ,True
BRO,"Brown & Brown, Inc. Common Stock",NYSE,False
BROL,Baron Risk Optimized Large Cap ETF,NYSE,True
BROS,Dutch Bros Inc. Class A Common Stock,NYSE,False
BRR,"ProCap Financial, Inc. - Common Stock",NASDAQ,False
BRRR,Coinshares Bitcoin ETF,NASDAQ,True
BRRWW,"ProCap Financial, Inc. - Warrant.",NASDAQ,False
BRSL,"Brightstar Lottery PLC Trading under the Legal Name to begin at the market open on July 21, 2025. Ordinary Shares",NYSE,False
BRSM,MFS Blended Research Small-Mid Cap ETF,NYSE Arca,True
BRSP,"BrightSpire Capital, Inc. Class A Common Stock",NYSE,False
BRSV,EA Bridgeway Select Small-Cap Value ETF,Cboe BZX,True
BRT,BRT Apartments Corp. (MD) Common Stock,NYSE,False
BRTMU,B&R Technology Merger Corp. - Units,NASDAQ,False
BRTR,iShares Total Return Active ETF,NASDAQ,True
BRTX,"BioRestorative Therapies, Inc. - Common Stock",NASDAQ,False
BRUN,Boost Run Inc. - Class A Common Stock,NASDAQ,False
BRUNW,Boost Run Inc. - Warrant,NASDAQ,False
BRW,Saba Capital Income & Opportunities Fund SBI,NYSE,False
BRX,Brixmor Property Group Inc. Common Stock,NYSE,False
BRZE,"Braze, Inc. - Class A Common Stock",NASDAQ,False
BRZU,Direxion Daily Brazil Bull 2X ETF,NYSE Arca,True
BRZX,Corgi Brazil 2x Daily ETF,Cboe BZX,True
BSAA,BEST SPAC I Acquisition Corp. - Class A Ordinary Shares,NASDAQ,False
BSAAR,BEST SPAC I Acquisition Corp. - Rights,NASDAQ,False
BSAAU,BEST SPAC I Acquisition Corp. - Unit,NASDAQ,False
BSAC,Banco Santander - Chile ADS,NYSE,False
BSBK,Bogota Financial Corp. - Common Stock,NASDAQ,False
BSBR,"Banco Santander Brasil SA American Depositary Shares, each representing one unit",NYSE,False
BSCA,Invesco BulletShares 2036 Corporate Bond ETF,NASDAQ,True
BSCQ,Invesco BulletShares 2026 Corporate Bond ETF,NASDAQ,True
BSCR,Invesco BulletShares 2027 Corporate Bond ETF,NASDAQ,True
BSCS,Invesco BulletShares 2028 Corporate Bond ETF,NASDAQ,True
BSCT,Invesco BulletShares 2029 Corporate Bond ETF,NASDAQ,True
BSCU,Invesco BulletShares 2030 Corporate Bond ETF,NASDAQ,True
BSCV,Invesco BulletShares 2031 Corporate Bond ETF,NASDAQ,True
BSCW,Invesco BulletShares 2032 Corporate Bond ETF,NASDAQ,True
BSCX,Invesco BulletShares 2033 Corporate Bond ETF,NASDAQ,True
BSCY,Invesco BulletShares 2034 Corporate Bond ETF,NASDAQ,True
BSCZ,Invesco BulletShares 2035 Corporate Bond ETF,NASDAQ,True
BSEP,Innovator U.S. Equity Buffer ETF - September,Cboe BZX,True
BSET,"Bassett Furniture Industries, Incorporated - Common Stock",NASDAQ,False
BSGR,Invesco BulletShares 2027 Treasury Bond ETF,NASDAQ,True
BSGT,Invesco BulletShares 2029 Treasury Bond ETF,NASDAQ,True
BSIN,Big Sky Industrial Inc. - Common Stock,NASDAQ,False
BSJQ,Invesco BulletShares 2026 High Yield Corporate Bond ETF,NASDAQ,True
BSJR,Invesco BulletShares 2027 High Yield Corporate Bond ETF,NASDAQ,True
BSJS,Invesco BulletShares 2028 High Yield Corporate Bond ETF,NASDAQ,True
BSJT,Invesco BulletShares 2029 High Yield Corporate Bond ETF,NASDAQ,True
BSJU,Invesco BulletShares 2030 High Yield Corporate Bond ETF,NASDAQ,True
BSJV,Invesco BulletShares 2031 High Yield Corporate Bond ETF,NASDAQ,True
BSJW,Invesco BulletShares 2032 High Yield Corporate Bond ETF,NASDAQ,True
BSJX,Invesco BulletShares 2033 High Yield Corporate Bond ETF,NASDAQ,True
BSJY,Invesco BulletShares 2034 High Yield Corporate Bond ETF,NASDAQ,True
BSL,Blackstone Senior Floating Rate 2027 Term Fund Common Shares of Beneficial Interest,NYSE,False
BSM,"Black Stone Minerals, L.P. Common units representing limited partner interests",NYSE,False
BSMC,Brandes U.S. Small-Mid Cap Value ETF,Cboe BZX,True
BSMQ,Invesco BulletShares 2026 Municipal Bond ETF,NASDAQ,True
BSMR,Invesco BulletShares 2027 Municipal Bond ETF,NASDAQ,True
BSMS,Invesco BulletShares 2028 Municipal Bond ETF,NASDAQ,True
BSMT,Invesco BulletShares 2029 Municipal Bond ETF,NASDAQ,True
BSMU,Invesco BulletShares 2030 Municipal Bond ETF,NASDAQ,True
BSMV,Invesco BulletShares 2031 Municipal Bond ETF,NASDAQ,True
BSMW,Invesco BulletShares 2032 Municipal Bond ETF,NASDAQ,True
BSMY,Invesco BulletShares 2034 Municipal Bond ETF,NASDAQ,True
BSMZ,Invesco BulletShares 2035 Municipal Bond ETF,NASDAQ,True
BSOL,Bitwise Solana Staking ETF,NYSE Arca,True
BSP,Bending Spoons S.p.A. - Ordinary Shares,NASDAQ,False
BSR,Beacon Unified Catalyst ETF,NYSE Arca,True
BSRR,Sierra Bancorp - Common Stock,NASDAQ,False
BSSX,Invesco BulletShares 2033 Municipal Bond ETF,NASDAQ,True
BST,BlackRock Science and Technology Trust Common Shares of Beneficial Interest,NYSE,False
BSTP,Innovator Buffer Step-Up Strategy ETF,NYSE Arca,True
BSTS,Invesco BulletShares 2028 Treasury Bond ETF,NASDAQ,True
BSTU,Invesco BulletShares 2030 Treasury Bond ETF,NASDAQ,True
BSTV,Invesco BulletShares 2031 Treasury Bond ETF,NASDAQ,True
BSTZ,BlackRock Science and Technology Term Trust Common Shares of Beneficial Interest,NYSE,False
BSV,Vanguard Short-Term Bond ETF,NYSE Arca,True
BSVN,Bank7 Corp. - Common stock,NASDAQ,False
BSVO,EA Bridgeway Omni Small-Cap Value ETF,NASDAQ,True
BSX,Boston Scientific Corporation Common Stock,NYSE,False
BSY,"Bentley Systems, Incorporated - Class B Common Stock",NASDAQ,False
BTAI,"BioXcel Therapeutics, Inc. - Common Stock",NASDAQ,False
BTAL,AGF U.S. Market Neutral Anti-Beta Fund,NYSE Arca,True
BTBD,"BT Brands, Inc. - Common Stock",NASDAQ,False
BTBDW,"BT Brands, Inc. - Warrant",NASDAQ,False
BTBT,"Bit Digital, Inc. - Ordinary Share",NASDAQ,False
BTC,Grayscale Bitcoin Mini Trust (BTC),NYSE Arca,True
BTCC,Grayscale Bitcoin Covered Call ETF,NYSE Arca,True
BTCI,NEOS Bitcoin High Income ETF,Cboe BZX,True
BTCK,7RCC Spot Bitcoin and Carbon Credit Futures ETF,NYSE Arca,True
BTCL,T-Rex 2X Long Bitcoin Daily Target ETF,Cboe BZX,True
BTCO,Invesco Galaxy Bitcoin ETF,Cboe BZX,True
BTCS,BTCS Inc. - Common Stock,NASDAQ,False
BTCT,BTC Digital Ltd. - Ordinary Shares,NASDAQ,False
BTCU,Direxion Daily Bitcoin Bull 2X ETF,NYSE Arca,True
BTCW,WisdomTree Bitcoin Fund,Cboe BZX,True
BTCZ,T-Rex 2X Inverse Bitcoin Daily Target ETF,Cboe BZX,True
BTDL,GraniteShares 2x Long BTDR Daily ETF,NASDAQ,True
BTDR,Bitdeer Technologies Group - Ordinary Shares,NASDAQ,False
BTE,Baytex Energy Corp Common Shares,NYSE,False
BTF,CoinShares Bitcoin and Ether ETF,NASDAQ,True
BTG,B2Gold Corp Common shares (Canada),NYSE American,False
BTGD,STKd 100% Bitcoin & 100% Gold ETF,NASDAQ,True
BTGO,"BitGo Holdings, Inc. Class A Common Stock",NYSE,False
BTI,"British American Tobacco  Industries, p.l.c. Common Stock ADR",NYSE,False
BTMD,Biote Corp. - Class A common stock,NASDAQ,False
BTO,John Hancock Financial Opportunities Fund Common Stock,NYSE,False
BTOC,Armlogi Holding Corp. - common stock,NASDAQ,False
BTOG,Bit Origin Limited - Class A Ordinary Shares,NASDAQ,False
BTOT,iShares Total USD Fixed Income Market ETF,NYSE Arca,True
BTQ,BTQ Technologies Corp. - Common Stock,NASDAQ,False
BTR,Beacon Tactical Risk ETF,NYSE Arca,True
BTRN,Global X Bitcoin Trend Strategy ETF,NYSE Arca,True
BTSG,"BrightSpring Health Services, Inc. - Common Stock",NASDAQ,False
BTSGU,"BrightSpring Health Services, Inc. - Tangible Equity Unit",NASDAQ,False
BTT,BlackRock Municipal 2030 Target Term Trust,NYSE,False
BTTC,Black Titan Corp - Ordinary Shares,NASDAQ,False
BTU,Peabody Energy Corporation Common Stock,NYSE,False
BTX,BlackRock Technology and Private Equity Term Trust Common Shares of Beneficial Interest,NYSE,False
BTZ,BlackRock Credit Allocation Income Trust,NYSE,False
BUCK,Simplify Treasury Option Income ETF,NYSE Arca,True
BUD,Anheuser-Busch Inbev SA Sponsored ADR (Belgium),NYSE,False
BUDA,"Buda Juice, Inc. Common Stock",NYSE American,False
BUFB,Innovator Laddered Allocation Buffer ETF,Cboe BZX,True
BUFC,AB Conservative Buffer ETF,NASDAQ,True
BUFD,FT Vest Laddered Deep Buffer ETF,Cboe BZX,True
BUFE,FT Vest Laddered Emerging Markets Buffer ETF,Cboe BZX,True
BUFF,Innovator Laddered Allocation Power Buffer ETF,Cboe BZX,True
BUFG,FT Vest Buffered Allocation Growth ETF,Cboe BZX,True
BUFH,FT Vest Laddered Max Buffer ETF,Cboe BZX,True
BUFI,AB International Buffer ETF,NASDAQ,True
BUFM,AB Moderate Buffer ETF,NASDAQ,True
BUFP,PGIM Laddered S&P 500 Buffer 12 ETF,Cboe BZX,True
BUFQ,FT Vest Laddered Nasdaq Buffer ETF,Cboe BZX,True
BUFR,FT Vest Laddered Buffer ETF,Cboe BZX,True
BUFS,FT Vest Laddered Small Cap Moderate Buffer ETF,Cboe BZX,True
BUFT,FT Vest Buffered Allocation Defensive ETF,Cboe BZX,True
BUFX,FT Vest Laddered Enhance & Moderate Buffer ETF,Cboe BZX,True
BUFY,FT Vest Laddered International Moderate Buffer ETF,Cboe BZX,True
BUFZ,FT Vest Laddered Moderate Buffer ETF,Cboe BZX,True
BUG,Global X Cybersecurity ETF,NASDAQ,True
BUI,"BlackRock Utility, Infrastructure & Power Opportunities Trust",NYSE,False
BUL,Pacer US Cash Cows Growth ETF,NYSE Arca,True
BULD,Pacer BlueStar Engineering the Future ETF,NASDAQ,True
BULG,Leverage Shares 2X Long BULL Daily ETF,NASDAQ,True
BULL,Webull Corporation - Class A Ordinary Shares,NASDAQ,False
BULLW,Webull Corporation - Warrants,NASDAQ,False
BULZ,MicroSectors FANG & Innovation 3x Leveraged ETN,NYSE Arca,True
BUR,Burford Capital Limited Ordinary Shares,NYSE,False
BURL,"Burlington Stores, Inc. Common Stock",NYSE,False
BUSA,Brandes U.S. Value ETF,Cboe BZX,True
BUSE,First Busey Corporation - Common Stock,NASDAQ,False
BUSEP,"First Busey Corporation - Depositary Shares, Each Representing a 1/40th Interest in a Share of 8.25% Fixed-Rate Series B Non-Cumulative Perpetual Preferred Stock, $0.001 par value",NASDAQ,False
BUSM,EA Bridgeway Ultra-Small Company Market ETF,Cboe BZX,True
BUUU,BUUU Group Limited - Class A Ordinary Share,NASDAQ,False
BUXX,Strive Enhanced Income Short Maturity ETF,NYSE,True
BUYB,ProShares S&P 500 Buyback Aristocrats ETF,NYSE Arca,True
BUYO,KraneShares Man Buyout Beta Index ETF,NYSE Arca,True
BUYW,Main BuyWrite ETF,Cboe BZX,True
BUYZ,Franklin Disruptive Commerce ETF,Cboe BZX,True
BUZZ,VanEck Social Sentiment ETF,NYSE Arca,True
BV,"BrightView Holdings, Inc. Common Stock",NYSE,False
BVAL,Bluemonte Large Cap Value ETF,NYSE Arca,True
BVC,BitVentures Limited - Ordinary Share,NASDAQ,False
BVFL,"BV Financial, Inc. - Common Stock",NASDAQ,False
BVN,Buenaventura Mining Company Inc.,NYSE,False
BVS,Bioventus Inc. - Class A Common Stock,NASDAQ,False
BW,"Babcock & Wilcox Enterprises, Inc. Common Stock",NYSE,False
BW$A,"Babcock & Wilcox Enterprises, Inc. 7.75% Series A Cumulative Perpetual Preferred Stock",NYSE,False
BWA,BorgWarner Inc. Common Stock,NYSE,False
BWAY,BrainsWay Ltd. - American Depositary Shares,NASDAQ,False
BWB,"Bridgewater Bancshares, Inc. - Common Stock",NASDAQ,False
BWBBP,"Bridgewater Bancshares, Inc. - Depositary Shares, Each Representing a 1/100th Interest in a Share of 5.875% Non-Cumulative Perpetual Preferred Stock, Series A",NASDAQ,False
BWEN,"Broadwind, Inc. - Common Stock",NASDAQ,False
BWET,Breakwave Tanker Shipping ETF,NYSE Arca,True
BWFG,"Bankwell Financial Group, Inc. - Common Stock",NASDAQ,False
BWG,BrandywineGLOBAL Global Income Opportunities Fund Inc.,NYSE,False
BWIN,"The Baldwin Insurance Group, Inc. - Class A Common Stock",NASDAQ,False
BWIV,Blue Water Acquisition Corp. IV Class A Ordinary Shares,NYSE,False
BWIV.U,"Blue Water Acquisition Corp. IV Units, each consisting of one Class A ordinary share and one-half of one redeemable warrant",NYSE,False
BWIV.W,Blue Water Acquisition Corp. IV Warrants entitling the holder to purchase one Class A ordinary share at a price of $11.50 per share,NYSE,False
BWLP,BW LPG Limited Common Shares,NYSE,False
BWMN,Bowman Consulting Group Ltd. - Common Stock,NASDAQ,False
BWMX,"Betterware de Mexico, S.A.P.I. de C.V. Ordinary Shares",NYSE,False
BWNB,"Babcock & Wilcox Enterprises, Inc. 6.50% Senior Notes due 2026",NYSE,False
BWOW,Bitwise Dogecoin ETF,NYSE Arca,True
BWQG,BWM Quality Growth ETF,Cboe BZX,True
BWTG,Brendan Wood TopGun Index ETF,Cboe BZX,True
BWX,State Street SPDR Bloomberg International Treasury Bond ETF,NYSE Arca,True
BWXT,"BWX Technologies, Inc. Common Stock",NYSE,False
BWZ,State Street SPDR Bloomberg Short Term International Treasury Bond ETF,NYSE Arca,True
BX,Blackstone Inc. Common Stock,NYSE,False
BXBL,"BOXABL, Inc.  - Common stock",NASDAQ,False
BXC,Bluelinx Holdings Inc. Common Stock,NYSE,False
BXDC,Blackstone Digital Infrastructure Trust Inc. Common Stock,NYSE,False
BXMT,"Blackstone Mortgage Trust, Inc. Common Stock",NYSE,False
BXP,"BXP, Inc. Common Stock",NYSE,False
BXSL,Blackstone Secured Lending Fund Common Shares of Beneficial Interest,NYSE,False
BY,"Byline Bancorp, Inc. Common Stock",NYSE,False
BYAH,"Park Ha Biological Technology Co., Ltd. - Class A Ordinary Shares",NASDAQ,False
BYD,Boyd Gaming Corporation Common Stock,NYSE,False
BYFC,Broadway Financial Corporation - Class A Common Stock,NASDAQ,False
BYLD,iShares Yield Optimized Bond ETF,NYSE Arca,True
BYND,"Beyond Meat, Inc. - Common stock",NASDAQ,False
BYRE,Principal Real Estate Active Opportunities ETF,NYSE Arca,True
BYRN,"Byrna Technologies, Inc. - Common Stock",NASDAQ,False
BYSI,"BeyondSpring, Inc. - Ordinary Shares",NASDAQ,False
BZ,KANZHUN LIMITED - American Depository Shares,NASDAQ,False
BZAI,"Blaize Holdings, Inc. - Common Stock",NASDAQ,False
BZAIW,"Blaize Holdings, Inc. - Warrant",NASDAQ,False
BZFD,"BuzzFeed, Inc. - Class A Common Stock",NASDAQ,False
BZFDW,"BuzzFeed, Inc. - Warrant",NASDAQ,False
BZH,"Beazer Homes USA, Inc. Common Stock",NYSE,False
BZQ,ProShares UltraShort MSCI Brazil Capped,NYSE Arca,True
BZUN,Baozun Inc. - American Depositary Shares,NASDAQ,False
BZZ,Corgi Drones & Urban Air Mobility ETF,Cboe BZX,True
C,"Citigroup, Inc. Common Stock",NYSE,False
C$N,Citigroup Capital XIII 7.875% Fixed rate Floating Rate trust Preferred Securities (TruPS),NYSE,False
C$R,"Citigroup Inc. Depositary Shares, Each Representing a 1/1,000th Interest in a Share of 6.250% Noncumulative Preferred Stock, Series II",NYSE,False
CAAA,First Trust AAA CMBS ETF,NYSE Arca,True
CAAP,Corporacion America Airports SA Common Shares,NYSE,False
CAAS,"China Automotive Systems, Inc. - Ordinary Share",NASDAQ,False
CABA,"Cabaletta Bio, Inc. - Common Stock",NASDAQ,False
CABO,"Cable One, Inc. Common Stock",NYSE,False
CABR,"Caring Brands, Inc. - Common Stock",NASDAQ,False
CABZ,"Roundhill Robotaxi, Autonomous Vehicles & Technology ETF",Cboe BZX,True
CAC,Camden National Corporation - Common Stock,NASDAQ,False
CACC,Credit Acceptance Corporation - Common Stock,NASDAQ,False
CACI,"CACI International, Inc. Class A Common Stock",NYSE,False
CADL,"Candel Therapeutics, Inc. - Common Stock",NASDAQ,False
CAE,CAE Inc - Common Shares,NASDAQ,False
CAES,"Cantor Equity Partners VII, Inc. - Class A Ordinary Shares",NASDAQ,False
CAF,Morgan Stanley China A Share Fund Inc. Common Stock,NYSE,False
CAFG,Pacer US Small Cap Cash Cows Growth Leaders ETF,NASDAQ,True
CAFX,Congress Intermediate Bond ETF,NYSE Arca,True
CAG,"ConAgra Brands, Inc. Common Stock",NYSE,False
CAGE,Calamos Autocallable Growth ETF,NYSE Arca,True
CAH,"Cardinal Health, Inc. Common Stock",NYSE,False
CAI,"Caris Life Sciences, Inc. - Common Stock",NASDAQ,False
CAIE,Calamos Autocallable Income ETF,NYSE Arca,True
CAII,Collective Acquisition Corp. II - Class A Ordinary Shares,NASDAQ,False
CAIIU,Collective Acquisition Corp. II - Units,NASDAQ,False
CAIIW,Collective Acquisition Corp. II - Warrants,NASDAQ,False
CAIQ,Calamos Nasdaq Autocallable Income ETF,NASDAQ,True
CAKE,The Cheesecake Factory Incorporated - Common Stock,NASDAQ,False
CAL,"Caleres, Inc. Common Stock",NYSE,False
CALC,"CalciMedica, Inc. - Common Stock",NASDAQ,False
CALF,Pacer US Small Cap Cash Cows ETF,Cboe BZX,True
CALI,iShares Short-Term California Muni Active ETF,NASDAQ,True
CALM,"Cal-Maine Foods, Inc. - Common Stock",NASDAQ,False
CALX,"Calix, Inc Common Stock",NYSE,False
CALY,Callaway Golf Company Common Stock,NYSE,False
CAM,AB California Intermediate Municipal ETF,NYSE Arca,True
CAMC,Corgi CAMT 2x Daily ETF,Cboe BZX,True
CAML,Congress Large Cap Growth ETF,NYSE Arca,True
CAMP,CAMP4 Therapeutics Corporation - Common Stock,NASDAQ,False
CAMT,Camtek Ltd. - Ordinary Shares,NASDAQ,False
CAMX,Cambiar Aggressive Value ETF,NYSE Arca,True
CAN,Canaan Inc. - American Depositary Shares,NASDAQ,False
CANC,Tema Oncology ETF,NASDAQ,True
CANE,Teucrium Sugar Fund ETV,NYSE Arca,True
CANF,"Can-Fite Biopharma Ltd American Depositary Shares, each representing two (2) Ordinary Shares",NYSE American,False
CANG,Cango Inc. Class A Ordinary Shares,NYSE,False
CANQ,Calamos Nasdaq Equity & Income ETF,NASDAQ,True
CAOS,Alpha Architect Tail Risk ETF,Cboe BZX,True
CAPE,DoubleLine Shiller CAPE U.S. Equities ETF,NYSE Arca,True
CAPL,CrossAmerica Partners LP Common Units representing limited partner interests,NYSE,False
CAPN,Cayson Acquisition Corp - Ordinary Shares,NASDAQ,False
CAPNR,Cayson Acquisition Corp - Right,NASDAQ,False
CAPNU,Cayson Acquisition Corp - Units,NASDAQ,False
CAPR,"Capricor Therapeutics, Inc. - Common Stock",NASDAQ,False
CAPS,Capstone Holding Corp. - Common Stock,NASDAQ,False
CAQ,Cambridge Acquisition Corp. - Class A Ordinary Shares,NASDAQ,False
CAQUU,Cambridge Acquisition Corp. - Unit,NASDAQ,False
CAQUW,Cambridge Acquisition Corp. - Warrants,NASDAQ,False
CAR,"Avis Budget Group, Inc. - Common Stock",NASDAQ,False
CARD,MAX Auto Industry -3x Inverse Leveraged ETN,NYSE Arca,True
CARE,"Carter Bankshares, Inc. - Common Stock",NASDAQ,False
CARG,"CarGurus, Inc. - Class A Common Stock",NASDAQ,False
CARK,CastleArk Large Growth ETF,NYSE Arca,True
CARL,"Carlsmed, Inc. - Common Stock",NASDAQ,False
CARR,Carrier Global Corporation Common Stock,NYSE,False
CARS,Cars.com Inc. Common Stock,NYSE,False
CART,Maplebear Inc. - Common Stock,NASDAQ,False
CARU,MAX Auto Industry 3x Leveraged ETN,NYSE Arca,True
CARX,Corgi CART 2x Daily ETF,Cboe BZX,True
CARY,Angel Oak Income ETF,NASDAQ,True
CARZ,First Trust S-Network Future Vehicles & Technology ETF,NASDAQ,True
CAS,Simplify China A Shares PLUS Income ETF,NYSE Arca,True
CASH,"Pathward Financial, Inc. - Common Stock",NASDAQ,False
CASS,"Cass Information Systems, Inc - Common Stock",NASDAQ,False
CAST,"FreeCast, Inc. - Class A common stock",NASDAQ,False
CASY,"Caseys General Stores, Inc. - Common Stock",NASDAQ,False
CAT,"Caterpillar, Inc. Common Stock",NYSE,False
CATF,American Century California Municipal Bond ETF,NYSE Arca,True
CATG,Leverage Shares 2X Long CAT Daily ETF,Cboe BZX,True
CATH,Global X S&P 500 Catholic Values ETF,NASDAQ,True
CATO,Cato Corporation (The) Class A Common Stock,NYSE,False
CATX,"Perspective Therapeutics, Inc. Common Stock",NYSE American,False
CATY,Cathay General Bancorp - Common Stock,NASDAQ,False
CAVA,"CAVA Group, Inc. Common Stock",NYSE,False
CB,Chubb Limited  Common Stock,NYSE,False
CBAN,"Colony Bankcorp, Inc. Common Stock",NYSE,False
CBAT,CBAK Energy Technology Limited - Ordinary Shares,NASDAQ,False
CBC,"Central Bancompany, Inc. - Class A Common Stock",NASDAQ,False
CBFV,"CB Financial Services, Inc. - Common Stock",NASDAQ,False
CBIL,Corgi 3-12 Month T-Bill ETF,Cboe BZX,True
CBIO,"Crescent Biopharma, Inc. - Common Stock",NASDAQ,False
CBK,"Commercial Bancgroup, Inc. - Common Stock",NASDAQ,False
CBL,"CBL & Associates Properties, Inc. Common Stock",NYSE,False
CBLL,"CeriBell, Inc. - Common Stock",NASDAQ,False
CBLS,Clough Hedged Equity ETF,NYSE Arca,True
CBNA,"Chain Bridge Bancorp, Inc. Class A Common Stock",NYSE,False
CBNK,"Capital Bancorp, Inc. - Common Stock",NASDAQ,False
CBOA,Calamos Bitcoin Structured Alt Protection ETF - April,Cboe BZX,True
CBOE,"Cboe Global Markets, Inc. Common Stock",Cboe BZX,False
CBOJ,Calamos Bitcoin Structured Alt Protection ETF - January,Cboe BZX,True
CBOL,Calamos Laddered Bitcoin Structured Alt Protection ETF,Cboe BZX,True
CBON,VanEck China Bond ETF,NYSE Arca,True
CBOO,Calamos Bitcoin Structured Alt Protection ETF - October,Cboe BZX,True
CBOT,Corgi Robots & Humanoids ETF,Cboe BZX,True
CBOX,Calamos Tax-Aware Collateral ETF,Cboe BZX,True
CBOY,Calamos Bitcoin Structured Alt Protection ETF - July,Cboe BZX,True
CBRE,CBRE Group Inc Common Stock Class A,NYSE,False
CBRG,Leverage Shares 2X Long CBRS Daily ETF,Cboe BZX,True
CBRL,"Cracker Barrel Old Country Store, Inc. - Common Stock",NASDAQ,False
CBRS,Cerebras Systems Inc. - Class A Common Stock,NASDAQ,False
CBRX,Tradr 2X Long CBRS Daily ETF,Cboe BZX,True
CBRZ,Tradr 2X Short CBRS Daily ETF,Cboe BZX,True
CBSE,Clough Select Equity ETF,NYSE Arca,True
CBSH,"Commerce Bancshares, Inc. - Common Stock",NASDAQ,False
CBT,Cabot Corporation Common Stock,NYSE,False
CBTA,Calamos Bitcoin 80 Series Structured Alt Protection ETF - April,Cboe BZX,True
CBTJ,Calamos Bitcoin 80 Series Structured Alt Protection ETF - January,Cboe BZX,True
CBTL,Calamos Laddered Bitcoin 80 Series Structured Alt Protection ETF,Cboe BZX,True
CBTO,Calamos Bitcoin 80 Series Structured Alt Protection ETF - October,Cboe BZX,True
CBTY,Calamos Bitcoin 80 Series Structured Alt Protection ETF - July,Cboe BZX,True
CBU,"Community Financial System, Inc. Common Stock",NYSE,False
CBUS,"Cibus, Inc. - Class A Common Stock",NASDAQ,False
CBXA,Calamos Bitcoin 90 Series Structured Alt Protection ETF - April,Cboe BZX,True
CBXJ,Calamos Bitcoin 90 Series Structured Alt Protection ETF - January,Cboe BZX,True
CBXL,Calamos Laddered Bitcoin 90 Series Structured Alt Protection ETF,Cboe BZX,True
CBXO,Calamos Bitcoin 90 Series Structured Alt Protection ETF - October,Cboe BZX,True
CBXY,Calamos Bitcoin 90 Series Structured Alt Protection ETF - July,Cboe BZX,True
CBZ,"CBIZ, Inc. Common Stock",NYSE,False
CC,Chemours Company (The) Common Stock,NYSE,False
CCAP,"Crescent Capital BDC, Inc. - Common Stock",NASDAQ,False
CCAQ,Collective Acquisition Corp. - Class A ordinary shares,NASDAQ,False
CCAQU,Collective Acquisition Corp. - Units,NASDAQ,False
CCAQW,Collective Acquisition Corp. - Warrants,NASDAQ,False
CCB,Coastal Financial Corporation - Common Stock,NASDAQ,False
CCBG,Capital City Bank Group - Common Stock,NASDAQ,False
CCC,CCC Intelligent Solutions Holdings Inc. - Common Stock,NASDAQ,False
CCCC,"C4 Therapeutics, Inc. - Common Stock",NASDAQ,False
CCCTU,Columbus Circle Capital Corp III - Units,NASDAQ,False
CCD,Calamos Dynamic Convertible & Income Fund - Closed End Fund,NASDAQ,False
CCEC,Capital Clean Energy Carriers Corp. - Common Share,NASDAQ,False
CCEF,Calamos CEF Income & Arbitrage ETF,NYSE Arca,True
CCEL,"Cryo-Cell International, Inc. Common Stock",NYSE American,False
CCEP,Coca-Cola Europacific Partners plc - Ordinary Shares,NASDAQ,False
CCFE,Concourse Capital Focused Equity ETF,NASDAQ,True
CCG,Cheche Group Inc. - Class A Ordinary Shares,NASDAQ,False
CCGWW,Cheche Group Inc. - Warrant,NASDAQ,False
CCHH,CCH Holdings Ltd - Class A Ordinary Shares,NASDAQ,False
CCI,Crown Castle Inc. Common Stock,NYSE,False
CCID,Carlyle Credit Income Fund 7.375% Series D Term Preferred Shares due 2028,NYSE,False
CCIF,Carlyle Credit Income Fund Shares of Beneficial Interest,NYSE,False
CCII,Cohen Circle Acquisition Corp. II - Class A Ordinary Shares,NASDAQ,False
CCIIU,Cohen Circle Acquisition Corp. II - Unit,NASDAQ,False
CCIIW,Cohen Circle Acquisition Corp. II - Warrant,NASDAQ,False
CCJ,Cameco Corporation Common Stock,NYSE,False
CCK,"Crown Holdings, Inc.",NYSE,False
CCL,Carnival Corporation Ltd. Common Shares,NYSE,False
CCLD,"CareCloud, Inc. - Common Stock",NASDAQ,False
CCM,Concord Medical Services Holdings Limited American Depositary Shares (Each represents thirty (30) Class A ordinary shares),NYSE,False
CCNE,CNB Financial Corporation - Common Stock,NASDAQ,False
CCNEP,"CNB Financial Corporation - Depositary shares, each representing a 1/40th ownership interest in a share of 7.125% Series A Fixed- Rate Non-Cumulative Perpetual Preferred Stock",NASDAQ,False
CCNR,ALPS/CoreCommodity Natural Resources ETF,NASDAQ,True
CCO,"Clear Channel Outdoor Holdings, Inc. Common Stock",NYSE,False
CCOI,"Cogent Communications Holdings, Inc. - Common Stock",NASDAQ,False
CCOM,Simplify Chinese Commodities Strategy No K-1 ETF,NYSE Arca,True
CCOR,Core Alternative ETF,NYSE Arca,True
CCPX,Corgi China 2x Daily ETF,Cboe BZX,True
CCRP,Columbia Corporate Bond ETF,NYSE Arca,True
CCS,"Century Communities, Inc. Common Stock",NYSE,False
CCSB,Carbon Collective Short Duration Green Bond ETF,NASDAQ,True
CCSI,"Consensus Cloud Solutions, Inc. - Common Stock",NASDAQ,False
CCSO,Carbon Collective Climate Solutions U.S. Equity ETF,NASDAQ,True
CCTG,CCSC Technology International Holdings Limited - Class A Ordinary Shares,NASDAQ,False
CCU,"Compania Cervecerias Unidas, S.A. Common Stock",NYSE,False
CCUP,T-REX 2X Long CRCL Daily Target ETF,Cboe BZX,True
CCXI,Churchill Capital Corp XI - Class A Ordinary Shares,NASDAQ,False
CCXIU,Churchill Capital Corp XI - Units,NASDAQ,False
CCXIW,Churchill Capital Corp XI - Warrants,NASDAQ,False
CCZ,Comcast Holdings ZONES,NYSE,False
CD,Chaince Digital Holdings Inc. - American Ordinary Shares,NASDAQ,False
CDC,VictoryShares US EQ Income Enhanced Volatility Wtd ETF,NASDAQ,True
CDE,"Coeur Mining, Inc. Common Stock",NYSE,False
CDEI,"Calvert US Large-Cap Diversity, Equity and Inclusion Index ETF",NYSE Arca,True
CDIG,City Different Investments Global Equity ETF,NASDAQ,True
CDIO,Cardio Diagnostics Holdings Inc. - Common stock,NASDAQ,False
CDIOW,Cardio Diagnostics Holdings Inc. - Warrant,NASDAQ,False
CDL,VictoryShares US Large Cap High Div Volatility Wtd ETF,NASDAQ,True
CDLR,Cadeler A/S American Depositary Share (each representing four (4) Ordinary Shares),NYSE,False
CDLX,"Cardlytics, Inc. - Common Stock",NASDAQ,False
CDNA,"CareDx, Inc. - Common Stock",NASDAQ,False
CDNG,Leverage Shares 2X Long CDNS Daily ETF,Cboe BZX,True
CDNL,Cardinal Infrastructure Group Inc. - Class A Common Stock,NASDAQ,False
CDNS,"Cadence Design Systems, Inc. - Common Stock",NASDAQ,False
CDP,COPT Defense Properties Common Shares of Beneficial Interest,NYSE,False
CDPI,Columbia High Dividend Premium Income ETF,NYSE Arca,True
CDR$B,"Cedar Realty Trust, Inc. 7.25% Series B Cumulative Redeemable Preferred Stock",NYSE,False
CDR$C,"Cedar Realty Trust, Inc. 6.50% Series C Cumulative Redeemable Preferred Stock",NYSE,False
CDRE,"Cadre Holdings, Inc. Common Stock",NYSE,False
CDRO,"Codere Online Luxembourg, S.A. - Ordinary Shares",NASDAQ,False
CDROW,"Codere Online Luxembourg, S.A. - Warrants",NASDAQ,False
CDT,CDT Equity Inc. - Common Stock,NASDAQ,False
CDTG,CDT Environmental Technology Investment Holdings Limited - ordinary shares,NASDAQ,False
CDTTW,CDT Equity Inc. - Warrant,NASDAQ,False
CDW,CDW Corporation - Common Stock,NASDAQ,False
CDX,Simplify High Yield ETF,NYSE Arca,True
CDXS,"Codexis, Inc. - Common Stock",NASDAQ,False
CDZI,"Cadiz, Inc. - Common Stock",NASDAQ,False
CDZIP,"Cadiz, Inc. - Depositary Shares",NASDAQ,False
CE,Celanese Corporation Common Stock,NYSE,False
CECO,CECO Environmental Corp. - Common Stock,NASDAQ,False
CEE,"The Central and Eastern Europe Fund, Inc. (The) Common Stock",NYSE,False
CEF,Sprott Physical Gold and Silver Trust Units,NYSE Arca,True
CEFA,Global X S&P Catholic Values Developed ex-U.S. ETF,NASDAQ,True
CEFD,ETRACS Monthly Pay 1.5X Leveraged Closed-End Fund Index ETN,NYSE Arca,True
CEFS,Saba Closed-End Funds ETF,Cboe BZX,True
CEFZ,RiverNorth Active Income ETF,Cboe BZX,True
CEG,Constellation Energy Corporation - Common Stock When-Issued,NASDAQ,False
CEGX,Tradr 2X Long CEG Daily ETF,Cboe BZX,True
CELC,Celcuity Inc. - Common Stock,NASDAQ,False
CELG.R,Bristol-Myers Squibb Company Celegne Contingent Value Rights,NYSE,False
CELH,"Celsius Holdings, Inc. - Common Stock",NASDAQ,False
CELU,Celularity Inc. - Class A Common Stock,NASDAQ,False
CELZ,"Creative Medical Technology Holdings, Inc. - Common Stock",NASDAQ,False
CEMB,iShares J.P. Morgan EM Corporate Bond ETF,Cboe BZX,True
CENN,Cenntro Inc. - Common Stock,NASDAQ,False
CENT,Central Garden & Pet Company - Common Stock,NASDAQ,False
CENTA,Central Garden & Pet Company - Class A Common Stock Nonvoting,NASDAQ,False
CENX,Century Aluminum Company - Common Stock,NASDAQ,False
CEPF,"Cantor Equity Partners IV, Inc. - Class A Ordinary Shares",NASDAQ,False
CEPI,REX Crypto Equity Premium Income ETF,NASDAQ,True
CEPL,"Capstone Energy Plus, Inc. - Common Stock",NASDAQ,False
CEPO,"Cantor Equity Partners I, Inc. - Class A Ordinary Shares",NASDAQ,False
CEPS,"Cantor Equity Partners VI, Inc. - Class A Ordinary Shares",NASDAQ,False
CEPU,Central Puerto S.A. American Depositary Shares (each represents ten Common Shares),NYSE,False
CEPV,"Cantor Equity Partners V, Inc. - Class A Ordinary Shares",NASDAQ,False
CERS,Cerus Corporation - Common Stock,NASDAQ,False
CERT,"Certara, Inc. - Common Stock",NASDAQ,False
CERY,State Street SPDR Bloomberg Enhanced Roll Yield Commodity Strategy No K-1 ETF,NYSE Arca,True
CET,Central Securities Corporation Common Stock,NYSE American,False
CETX,Cemtrex Inc. - Common Stock,NASDAQ,False
CETY,"Clean Energy Technologies, Inc. - Common Stock",NASDAQ,False
CEV,Eaton Vance California Municipal Income Trust Shares of Beneficial Interest,NYSE American,False
CEVA,"CEVA, Inc. - Common Stock",NASDAQ,False
CEW,WisdomTree Emerging Currency Strategy Fund,NYSE Arca,True
CF,"CF Industries Holdings, Inc. Common Stock",NYSE,False
CFA,VictoryShares US 500 Volatility Wtd ETF,NASDAQ,True
CFBK,CF Bankshares Inc. - Common Stock,NASDAQ,False
CFFI,C&F Financial Corporation - Common Stock,NASDAQ,False
CFFN,"Capitol Federal Financial, Inc. - Common Stock",NASDAQ,False
CFG,"Citizens Financial Group, Inc. Common Stock",NYSE,False
CFG$E,"Citizens Financial Group, Inc. Depositary Shares Each Representing 1/40th Interest in a Share of 5.000% Fixed-Rate Non-Cumulative Perpetual Preferred Stock, Series E",NYSE,False
CFG$H,"Citizens Financial Group, Inc. Depositary Shares Each Representing a 1/40th Interest in a Share of 7.375% Fixed-Rate Non-Cumulative Perpetual Preferred Stock, Series H",NYSE,False
CFG$I,"Citizens Financial Group, Inc. Depositary Shares, Each Representing a 1/40th Interest in a Share of 6.500% Fixed-Rate Reset Non-Cumulative Perpetual Preferred Stock, Series I",NYSE,False
CFIT,Cambria Fixed Income Trend ETF,Cboe BZX,True
CFND,C1 Fund Inc. Common Stock,NYSE,False
CFO,VictoryShares US 500 Enhanced Volatility Wtd ETF,NASDAQ,True
CFR,"Cullen/Frost Bankers, Inc. Common Stock",NYSE,False
CFR$B,"Cullen/Frost Bankers, Inc. Depositary Shares, each representing a 1/40th ownership interest in a share of 4.450% non-cumulative perpetual preferred stock, Series B",NYSE,False
CFTR$A,"Cantor Fitzgerald Income Trust, Inc. 9.50% Series A Cumulative Redeemable Preferred Stock",NYSE,False
CG,The Carlyle Group Inc. - Common Stock,NASDAQ,False
CGABL,The Carlyle Group Inc. - 4.625% Subordinated Notes due 2061,NASDAQ,False
CGAU,Centerra Gold Inc. Common Shares,NYSE,False
CGBD,"Carlyle Secured Lending, Inc. - Closed End Fund",NASDAQ,False
CGBL,Capital Group Core Balanced ETF,NYSE Arca,True
CGC,Canopy Growth Corporation - Common Shares,NASDAQ,False
CGCB,Capital Group Core Bond ETF,NYSE Arca,True
CGCFU,Cartesian Growth Corporation IV - Units,NASDAQ,False
CGCP,Capital Group Core Plus Income ETF,NYSE Arca,True
CGCV,Capital Group Conservative Equity ETF,NYSE Arca,True
CGDG,Capital Group Dividend Growers ETF,NYSE Arca,True
CGDV,Capital Group Dividend Value ETF,NYSE Arca,True
CGEM,"Cullinan Therapeutics, Inc. - Common Stock",NASDAQ,False
CGEN,Compugen Ltd. - Ordinary Shares,NASDAQ,False
CGGE,Capital Group Global Equity ETF,NYSE Arca,True
CGGG,Capital Group U.S. Large Growth ETF,NYSE Arca,True
CGGO,Capital Group Global Growth Equity ETF,NYSE Arca,True
CGGR,Capital Group Growth ETF,NYSE Arca,True
CGHM,Capital Group Municipal High-Income ETF,NYSE Arca,True
CGHY,Capital Group High Yield Bond ETF,NYSE Arca,True
CGIB,Capital Group International Bond ETF (USD-Hedged),NYSE Arca,True
CGIC,Capital Group International Core Equity ETF,NYSE Arca,True
CGIE,Capital Group International Equity ETF,NYSE Arca,True
CGMM,Capital Group U.S. Small and Mid Cap ETF,NYSE Arca,True
CGMS,Capital Group U.S. Multi-Sector Income ETF,NYSE Arca,True
CGMU,Capital Group Municipal Income ETF,NYSE Arca,True
CGNG,Capital Group New Geography Equity ETF,NYSE Arca,True
CGNT,Cognyte Software Ltd. - Ordinary Shares,NASDAQ,False
CGNX,Cognex Corporation - Common Stock,NASDAQ,False
CGO,Calamos Global Total Return Fund - Closed End Fund,NASDAQ,False
CGON,"CG Oncology, Inc. - Common stock",NASDAQ,False
CGOV,Corgi 0-3 Month T-Bill ETF,Cboe BZX,True
CGRO,CoreValues Alpha Greater China Growth ETF,NYSE Arca,True
CGSD,Capital Group Short Duration Income ETF,NYSE Arca,True
CGSM,Capital Group Short Duration Municipal Income ETF,NYSE Arca,True
CGTL,Creative Global Technology Holdings Limited - Class A Ordinary Shares,NASDAQ,False
CGTX,"Cognition Therapeutics, Inc. - Common Stock",NASDAQ,False
CGUI,Capital Group Ultra Short Income ETF,NYSE Arca,True
CGUS,Capital Group Core Equity ETF,NYSE Arca,True
CGV,Conductor Global Equity Value ETF,NYSE,True
CGVV,Capital Group U.S. Large Value ETF,NYSE Arca,True
CGW,Invesco S&P Global Water Index ETF,NYSE Arca,True
CGXU,Capital Group International Focus Equity ETF,NYSE Arca,True
CHA,"Chagee Holdings Limited - American Depositary Shares, each representing 1 Class A ordinary share",NASDAQ,False
CHAI,"Core AI Holdings, Inc. - Common Shares",NASDAQ,False
CHAR,Charlton Aria Acquisition Corporation - Class A Ordinary Shares,NASDAQ,False
CHARR,Charlton Aria Acquisition Corporation - Rights,NASDAQ,False
CHARU,Charlton Aria Acquisition Corporation - Units,NASDAQ,False
CHAT,Roundhill Generative AI & Technology ETF,NYSE Arca,True
CHAU,Direxion Daily CSI 300 China A Share Bull 2X ETF,NYSE Arca,True
CHCI,"Comstock Holding Companies, Inc. - Class A Common Stock",NASDAQ,False
CHCO,City Holding Company - Common Stock,NASDAQ,False
CHCT,Community Healthcare Trust Incorporated Common Stock,NYSE,False
CHD,"Church & Dwight Company, Inc. Common Stock",NYSE,False
CHDN,"Churchill Downs, Incorporated - Common Stock",NASDAQ,False
CHE,Chemed Corp,NYSE,False
CHEC,Chenghe Acquisition III Co. - Class A Ordinary Shares,NASDAQ,False
CHECU,Chenghe Acquisition III Co. - Units,NASDAQ,False
CHECW,Chenghe Acquisition III Co. - Warrants,NASDAQ,False
CHEF,"The Chefs' Warehouse, Inc. - Common Stock",NASDAQ,False
CHGA,Change Agents Corporation  - Common Stock,NASDAQ,False
CHGG,"Chegg, Inc. Common Stock",NYSE,False
CHGX,Stance Sustainable Beta ETF,NASDAQ,True
CHH,"Choice Hotels International, Inc. Common Stock",NYSE,False
CHI,Calamos Convertible Opportunities and Income Fund - Closed End Fund,NASDAQ,False
CHIQ,Global X MSCI China Consumer Discretionary ETF,NYSE Arca,True
CHKP,Check Point Software Technologies Ltd. - Ordinary Shares,NASDAQ,False
CHMG,Chemung Financial Corp  - Common Stock,NASDAQ,False
CHMI,Cherry Hill Mortgage Investment Corporation Common Stock,NYSE,False
CHMI$A,Cherry Hill Mortgage Investment Corporation 8.20% Series A Cumulative Redeemable Preferred Stock,NYSE,False
CHMI$B,Cherry Hill Mortgage Investment Corporation 8.250% Series B Fixed-to-Floating Rate Cumulative Redeemable Preferred Stock,NYSE,False
CHNL,Chainlink ETF,Cboe BZX,True
CHNR,"China Natural Resources, Inc. - Common Shares",NASDAQ,False
CHNU,2x Chainlink ETF,Cboe BZX,True
CHOW,ChowChow Cloud International Holdings Limited Ordinary Shares,NYSE American,False
CHPG,ChampionsGate Acquisition Corporation - Class A Ordinary Share,NASDAQ,False
CHPGR,ChampionsGate Acquisition Corporation - Rights,NASDAQ,False
CHPGU,ChampionsGate Acquisition Corporation - Unit,NASDAQ,False
CHPS,Xtrackers Semiconductor Select Equity ETF,NASDAQ,True
CHPT,"ChargePoint Holdings, Inc. Common Stock",NYSE,False
CHPX,Global X AI Semiconductor & Quantum ETF,NASDAQ,True
CHPY,YieldMax Semiconductor Portfolio Option Income ETF,NYSE Arca,True
CHR,"Cheer Holding, Inc.  - Class A Ordinary Share",NASDAQ,False
CHRD,Chord Energy Corporation - Common Stock,NASDAQ,False
CHRI,Global X S&P 500 Christian Values ETF,NASDAQ,True
CHRN,ChronoScale Holdings Corporation - Common Stock,NASDAQ,False
CHRS,"Coherus Oncology, Inc. - Common Stock",NASDAQ,False
CHRW,"C.H. Robinson Worldwide, Inc. - Common Stock",NASDAQ,False
CHSCL,"CHS Inc - Class B Cumulative Redeemable Preferred Stock, Series 4",NASDAQ,False
CHSCM,"CHS Inc - Class B Reset Rate Cumulative Redeemable Preferred Stock, Series 3",NASDAQ,False
CHSCN,CHS Inc - Preferred Class B Series 2 Reset Rate,NASDAQ,False
CHSCO,CHS Inc - Class B Cumulative Redeemable Preferred Stock,NASDAQ,False
CHSCP,CHS Inc - 8%  Cumulative Redeemable Preferred Stock,NASDAQ,False
CHSN,Chanson International Holding - Class A Ordinary Shares,NASDAQ,False
CHT,"Chunghwa Telecom Co., Ltd.",NYSE,False
CHTR,"Charter Communications, Inc. - Class A Common Stock",NASDAQ,False
CHW,Calamos Global Dynamic Income Fund - Closed End Fund,NASDAQ,False
CHWY,"Chewy, Inc. Class A Common Stock",NYSE,False
CHY,Calamos Convertible and High Income Fund - Closed End Fund,NASDAQ,False
CHYG,Corgi 0-5 Year High Yield Corporate Bond ETF,Cboe BZX,True
CHYM,"Chime Financial, Inc. - Class A Common Stock",NASDAQ,False
CI,The Cigna Group Common Stock,NYSE,False
CIA,"Citizens, Inc. Class A Common Stock ($1.00 Par)",NYSE,False
CIB,Grupo Cibest S.A. American Depositary Shares each representing four Preferred Shares,NYSE,False
CIBR,First Trust NASDAQ Cybersecurity ETF,NASDAQ,True
CICB,CION Investment Corporation 7.50% Notes due 2029,NYSE,False
CICC,CION Investment Corporation 7.50% Notes due 2031,NYSE,False
CIEG,Leverage Shares 2X Long CIEN Daily ETF,Cboe BZX,True
CIEI,Corgi 3-7 Year Treasury Bond ETF,Cboe BZX,True
CIEN,Ciena Corporation Common Stock,NYSE,False
CIEX,Tradr 2X Long CIEN Daily ETF,Cboe BZX,True
CIFC,Corgi CIFR 2x Daily ETF,Cboe BZX,True
CIFG,Leverage Shares 2X Long CIFR Daily ETF,NASDAQ,True
CIFR,Cipher Digital Inc. - Common Stock,NASDAQ,False
CIFU,T-REX 2X Long CIFR Daily Target ETF,Cboe BZX,True
CIG,Comp En De Mn Cemig ADS American Depositary Shares,NYSE,False
CIG.C,Comp En De Mn Cemig ADS American Depositary Receipts,NYSE,False
CIGI,Colliers International Group Inc.  - Subordinate Voting Shares,NASDAQ,False
CIGL,Concorde International Group Ltd - Class A Ordinary Shares,NASDAQ,False
CII,"BlackRock Enhanced Large Cap Core Fund, Inc. Common Stock",NYSE,False
CIIT,"Tianci International, Inc. - Common Stock",NASDAQ,False
CIK,"Credit Suisse Asset Management Income Fund, Inc. Common Stock",NYSE American,False
CIM,Chimera Investment Corporation Common Stock,NYSE,False
CIM$A,Chimera Investment Corporation 8.00% Series A Cumulative Redeemable Preferred Stock,NYSE,False
CIM$B,Chimera Investment Corporation 8.00% Series B Fixed-to-Floating Rate Cumulative Redeemable Preferred Stock,NYSE,False
CIM$C,Chimera Investment Corporation 7.75% Series C Fixed-to-Floating Rate  Cumulative Redeemable  Preferred Stock,NYSE,False
CIM$D,Chimera Investment Corporation 8.00% Series D Fixed-to-Floating Rate Cumulative Redeemable Preferred Stock,NYSE,False
CIMN,Chimera Investment Corporation 9.000% Senior Notes due 2029,NYSE,False
CIMO,Chimera Investment Corporation 9.250% Senior Notes due 2029,NYSE,False
CIMP,Chimera Investment Corporation 8.875% Senior Notes due 2030,NYSE,False
CINF,Cincinnati Financial Corporation - Common Stock,NASDAQ,False
CING,Cingulate Inc. - Common Stock,NASDAQ,False
CINGW,Cingulate Inc. - Warrants,NASDAQ,False
CINT,CI&T Inc Class A Common Shares,NYSE,False
CION,CION Investment Corporation Common Stock,NYSE,False
CIR,Corgi CRCL 2x Daily ETF,Cboe BZX,True
CIRC,"Circle8 Group, Inc. - Common Stock",NASDAQ,False
CISO,"CISO Global, Inc. - Common Stock",NASDAQ,False
CISS,C3is Inc. - Common Stock,NASDAQ,False
CITR,CitroTech Inc. Common Stock,NYSE American,False
CIVB,"Civista Bancshares, Inc.  - Common Stock",NASDAQ,False
CIVG,Corgi 1-5 Year Investment Grade Corporate Bond ETF,Cboe BZX,True
CIX,CompX International Inc. Common Stock,NYSE American,False
CJMB,Callan JMB Inc. - Common Stock,NASDAQ,False
CJUL,Corgi U.S. Equities 15% Structured Buffer ETF - July Series,Cboe BZX,True
CJUN,Corgi U.S. Equities 15% Structured Buffer ETF - June Series,Cboe BZX,True
CKX,"CKX Lands, Inc. Common Stock",NYSE American,False
CL,Colgate-Palmolive Company Common Stock,NYSE,False
CLAR,Clarus Corporation - Common Stock,NASDAQ,False
CLB,Core Laboratories Inc. Common Stock,NYSE,False
CLBK,"Columbia Financial, Inc. - Common Stock",NASDAQ,False
CLBR,Colombier Acquisition Corp. III Class A Ordinary Shares,NYSE,False
CLBR.U,"Colombier Acquisition Corp. III Units, each consisting of one Class A ordinary share and one-eighth of one warrant",NYSE,False
CLBR.W,"Colombier Acquisition Corp. III Warrants, each whole warrant exercisable for one Class A ordinary share at an exercise price of $11.50 per share",NYSE,False
CLBT,Cellebrite DI Ltd. - Ordinary Shares,NASDAQ,False
CLCG,Crossmark Large Cap Growth ETF,NYSE Arca,True
CLCV,Crossmark Large Cap Value ETF,NYSE Arca,True
CLDI,"Calidi Biotherapeutics, Inc. Common Stock",NYSE American,False
CLDT,Chatham Lodging Trust (REIT) Common Shares of Beneficial Interest,NYSE,False
CLDT$A,Chatham Lodging Trust (REIT) 6.625% Series A Cumulative Redeemable Preferred Shares of Beneficial Interest,NYSE,False
CLDX,"Celldex Therapeutics, Inc. - Common Stock",NASDAQ,False
CLF,Cleveland-Cliffs Inc. Common Stock,NYSE,False
CLFD,"Clearfield, Inc. - Common Stock",NASDAQ,False
CLGN,CollPlant Biotechnologies Ltd. - Ordinary Shares,NASDAQ,False
CLH,"Clean Harbors, Inc. Common Stock",NYSE,False
CLIK,Click Holdings Limited - Ordinary Share,NASDAQ,False
CLIM,Climate Global - Climate Resilient REIT Index ETF,NYSE Arca,True
CLIP,Global X 1-3 Month T-Bill ETF,NYSE Arca,True
CLIR,ClearSign Technologies Corporation - Common Stock,NASDAQ,False
CLIX,ProShares Long Online/Short Stores ETF,NYSE Arca,True
CLLS,Cellectis S.A. - American Depositary Shares,NASDAQ,False
CLM,"Cornerstone Strategic Investment Fund, Inc. Common Shares",NYSE American,False
CLMB,"Climb Global Solutions, Inc. - Common Stock",NASDAQ,False
CLMT,"Calumet, Inc - Common Stock",NASDAQ,False
CLNE,Clean Energy Fuels Corp. - Common Stock,NASDAQ,False
CLNK,Common Shares of Beneficial Interest of Bitwise Chainlink ETF,NYSE Arca,True
CLNN,Clene Inc. - Common Stock,NASDAQ,False
CLOA,iShares AAA CLO Active ETF,NASDAQ,True
CLOB,VanEck AA-BB CLO ETF,NYSE Arca,True
CLOC,AAM Crescent CLO ETF,NYSE Arca,True
CLOD,Themes Cloud Computing ETF,NASDAQ,True
CLOI,VanEck CLO ETF,NYSE Arca,True
CLOO,NYLI Investment Grade CLO ETF,NYSE Arca,True
CLOU,Global X Cloud Computing ETF,NASDAQ,True
CLOV,"Clover Health Investments, Corp.  - Class A Common stock",NASDAQ,False
CLOX,Eldridge AAA CLO ETF,NYSE Arca,True
CLOZ,Eldridge BBB-B CLO ETF,NYSE Arca,True
CLPR,Clipper Realty Inc. Common Stock,NYSE,False
CLPS,CLPS Incorporation - Common Stock,NASDAQ,False
CLPT,ClearPoint Neuro Inc. - Common Stock,NASDAQ,False
CLRB,"Cellectar Biosciences, Inc. - Common Stock",NASDAQ,False
CLRO,"ClearOne, Inc. - Common Stock",NASDAQ,False
CLS,"Celestica, Inc. Common Stock",NYSE,False
CLSE,Convergence Long/Short Equity ETF,Cboe BZX,True
CLSK,"CleanSpark, Inc. - Common Stock",NASDAQ,False
CLSKW,"CleanSpark, Inc. - Warrant",NASDAQ,False
CLSM,ETC Cabana Target Leading Sector Moderate ETF,NASDAQ,True
CLST,"Catalyst Bancorp, Inc. - common stock",NASDAQ,False
CLSX,Tradr 2X Long CLSK Daily ETF,Cboe BZX,True
CLUB,Billionaires Club ETF,NYSE Arca,True
CLVT,Clarivate Plc Ordinary Shares,NYSE,False
CLW,Clearwater Paper Corporation Common Stock,NYSE,False
CLWT,Euro Tech Holdings Company Limited - Ordinary Shares,NASDAQ,False
CLX,Clorox Company (The) Common Stock,NYSE,False
CLYM,"Climb Bio, Inc. - Common Stock",NASDAQ,False
CM,Canadian Imperial Bank of Commerce Common Stock,NYSE,False
CMAG,Corgi Mag 7 ETF,Cboe BZX,True
CMAY,Corgi U.S. Equities 15% Structured Buffer ETF - May Series,Cboe BZX,True
CMBO,Wayfinder Dynamic U.S. Interest Rate ETF,NASDAQ,True
CMBS,iShares CMBS Bond ETF,NYSE Arca,True
CMBT,CMB.TECH NV Ordinary Shares,NYSE,False
CMC,Commercial Metals Company Common Stock,NYSE,False
CMCI,VanEck CMCI Commodity Strategy ETF,Cboe BZX,True
CMCL,Caledonia Mining Corporation Plc Common Shares,NYSE American,False
CMCM,"Cheetah Mobile Inc. American Depositary Shares, each representing fifty (50) Class A Ordinary Shares",NYSE,False
CMCO,Columbus McKinnon Corporation - Common Stock,NASDAQ,False
CMCSA,Comcast Corporation - Class A Common Stock,NASDAQ,False
CMCT,Creative Media  - Common Stock,NASDAQ,False
CMDB,Costamare Bulkers Holdings Limited Common Stock,NYSE,False
CMDT,PIMCO Commodity Strategy Active Exchange-Traded Fund,NYSE Arca,True
CMDY,iShares Bloomberg Roll Select Commodity Strategy ETF,NYSE Arca,True
CME,CME Group Inc. - Class A Common Stock,NASDAQ,False
CMF,iShares California Muni Bond ETF,NYSE Arca,True
CMG,"Chipotle Mexican Grill, Inc. Common Stock",NYSE,False
CMGG,Leverage Shares 2X Long CMG Daily ETF,NASDAQ,True
CMI,Cummins Inc. Common Stock,NYSE,False
CMII,Columbus Circle Capital Corp II - Class A Ordinary Shares,NASDAQ,False
CMIIU,Columbus Circle Capital Corp II - Unit,NASDAQ,False
CMIIW,Columbus Circle Capital Corp II - Warrant,NASDAQ,False
CMMB,Chemomab Therapeutics Ltd.  - American Depositary Shares,NASDAQ,False
CMND,Clearmind Medicine Inc. - Common Shares,NASDAQ,False
CMP,Compass Minerals Intl Inc Common Stock,NYSE,False
CMPR,Cimpress plc - Ordinary Shares,NASDAQ,False
CMPS,COMPASS Pathways Plc - American Depository Shares,NASDAQ,False
CMPX,"Compass Therapeutics, Inc. - Common Stock",NASDAQ,False
CMRC,"Commerce.com, Inc. - Series 1 Common Stock",NASDAQ,False
CMRE,Costamare Inc. Common Stock $0.0001 par value,NYSE,False
CMRE$B,Costamare Inc. Perpetual Preferred Stock Series B (Marshall Islands),NYSE,False
CMRE$C,Costamare Inc. Perpetual Preferred Series C (Marshall Islands),NYSE,False
CMRE$D,Costamare Inc. 8.75% Series D Cumulative Redeemable Perpetual Preferred Stock,NYSE,False
CMS,CMS Energy Corporation Common Stock,NYSE,False
CMS$B,CMS Energy Corporation Preferred Stock,NYSE,False
CMS$C,"CMS Energy Corporation Depositary Shares, each representing a 1/1,000th interest in a share of 4.200% Cumulative Redeemable Perpetual Preferred Stock, Series C",NYSE,False
CMSA,CMS Energy Corporation 5.625% Junior Subordinated Notes due 2078,NYSE,False
CMSC,CMS Energy Corporation 5.875% Junior Subordinated Notes due 2078,NYSE,False
CMSD,CMS Energy Corporation 5.875% Junior Subordinated Notes due 2079,NYSE,False
CMT,Core Molding Technologies Inc Common Stock,NYSE American,False
CMTG,"Claros Mortgage Trust, Inc. Common Stock",NYSE,False
CMTL,Comtech Telecommunications Corp. - Common Stock,NASDAQ,False
CMTV,Community Bancorp.  - Common stock,NASDAQ,False
CNA,CNA Financial Corporation Common Stock,NYSE,False
CNAV,Mohr Company Nav ETF,Cboe BZX,True
CNBS,Amplify Seymour Cannabis ETF,NYSE Arca,True
CNC,Centene Corporation Common Stock,NYSE,False
CNCG,Leverage Shares 2X Long CNC Daily ETF,NASDAQ,True
CNCK,Coincheck Group N.V. - Ordinary Shares,NASDAQ,False
CNCKW,Coincheck Group N.V. - Warrants,NASDAQ,False
CNDT,Conduent Incorporated - Common Stock,NASDAQ,False
CNEQ,Alger Concentrated Equity ETF,NYSE Arca,True
CNET,ZW Data Action Technologies Inc. - Common Stock,NASDAQ,False
CNEY,CN Energy Group Inc. - Class A Ordinary Shares,NASDAQ,False
CNF,"CNFinance Holdings Limited American Depositary Shares, each representing two hundred (200) Ordinary Shares",NYSE,False
CNH,CNH Industrial N.V. Common Shares,NYSE,False
CNI,Canadian National Railway Company Common Stock,NYSE,False
CNK,"Cinemark Holdings Inc Cinemark Holdings, Inc. Common Stock",NYSE,False
CNL,Collective Mining Ltd. Common Shares,NYSE American,False
CNM,"Core & Main, Inc. Class A Common Stock",NYSE,False
CNMD,CONMED Corporation Common Stock,NYSE,False
CNNE,"Cannae Holdings, Inc. Common Stock",NYSE,False
CNO,"CNO Financial Group, Inc. Common Stock",NYSE,False
CNO$A,"CNO Financial Group, Inc. 5.125% Subordinated Debentures due 2060",NYSE,False
CNOB,"ConnectOne Bancorp, Inc. - Common Stock",NASDAQ,False
CNOBP,"ConnectOne Bancorp, Inc. - Depositary Shares (each representing a 1/40th interest in a share of 5.25% Fixed-Rate Reset Non-Cumulative Perpetual Preferred Stock, Series A, par value $0.00 per share)",NASDAQ,False
CNP,"CenterPoint Energy, Inc (Holding Co) Common Stock",NYSE,False
CNQ,Canadian Natural Resources Limited Common Stock,NYSE,False
CNQQ,Rayliant-ChinaAMC Transformative China Tech ETF,NASDAQ,True
CNR,"Core Natural Resources, Inc. Common Stock",NYSE,False
CNRG,State Street SPDR S&P Kensho Clean Power ETF,NYSE Arca,True
CNS,Cohen & Steers Inc Common Stock,NYSE,False
CNSP,"CNS Pharmaceuticals, Inc. - Common Stock",NASDAQ,False
CNTB,Connect Biopharma Holdings Limited - Ordinary Shares,NASDAQ,False
CNTN,"Canton Strategic Holdings, Inc. - Common Stock",NASDAQ,False
CNTX,Context Therapeutics Inc. - Common Stock,NASDAQ,False
CNTY,"Century Casinos, Inc. - Common Stock",NASDAQ,False
CNVS,Cineverse Corp. - Class A Common Stock,NASDAQ,False
CNX,CNX Resources Corporation Common Stock,NYSE,False
CNXC,Concentrix Corporation - Common Stock,NASDAQ,False
CNXN,"PC Connection, Inc. - Common Stock",NASDAQ,False
CNXT,VanEck ChiNext Innovators ETF,NYSE Arca,True
CNXU,Conexeu Sciences Inc. - Common Stock,NASDAQ,False
CNYA,iShares MSCI China A ETF,Cboe BZX,True
COAG,"Hemab Therapeutics Holdings, Inc. - Common Stock",NASDAQ,False
COAL,Range Global Coal Index ETF,NYSE Arca,True
COCH,"Envoy Medical, Inc. - Class A Common Stock",NASDAQ,False
COCHW,"Envoy Medical, Inc. - Warrant",NASDAQ,False
COCO,"The Vita Coco Company, Inc. - Common Stock",NASDAQ,False
COCP,"Cocrystal Pharma, Inc. - Common Stock",NASDAQ,False
CODA,"Coda Octopus Group, Inc. - Common stock",NASDAQ,False
CODI,D/B/A Compass Diversified Holdings Shares of Beneficial Interest,NYSE,False
CODI$A,Compass Diversified Holdings 7.250% Series A Preferred Shares representing beneficial interest in Compass Diversified Holdings,NYSE,False
CODI$B,Compass Diversified Holdings 7.875% Series B Fixed-to-Floating Rate Cumulative Preferred Shares representing beneficial interests in Compass Diversified Holdings,NYSE,False
CODI$C,Compass Diversified Holdings 7.875% Series C Cumulative Preferred Shares,NYSE,False
CODX,"Co-Diagnostics, Inc. - Common Stock",NASDAQ,False
COE,"51Talk Online Education Group American depositary shares, each representing 60 Class A ordinary shares",NYSE American,False
COF,Capital One Financial Corporation Common Stock,NYSE,False
COF$I,"Capital One Financial Corporation Depositary shares each representing a 1/40th interest in a share of Fixed Rate Non-Cumulative Perpetual Preferred Stock, Series I of the Issuer",NYSE,False
COF$J,"Capital One Financial Corporation Depositary Shares, Each Representing a 1/40th Interest in a Share of Fixed Rate Non- Cumulative Perpetual Preferred Stock, Series J",NYSE,False
COF$K,"Capital One Financial Corporation Depositary Shares, Each Representing a 1/40th Ownership Interest in a Share of Fixed Rate Non-Cumulative Perpetual Preferred Stock, Series K",NYSE,False
COF$L,"Capital One Financial Corporation Depositary Shares, Each Representing a 1/40th Interest in a Share of Fixed Rate Non-Cumulative Perpetual Preferred Stock, Series L",NYSE,False
COF$N,"Capital One Financial Corporation Depositary Shares, Each Representing a 1/40th Ownership Interest in a Share of Fixed Rate Non-Cumulative Perpetual Preferred Stock, Series N",NYSE,False
COFS,"ChoiceOne Financial Services, Inc. - Common Stock",NASDAQ,False
COGT,"Cogent Biosciences, Inc. - Common Stock",NASDAQ,False
COHC,Corgi COHR 2x Daily ETF,Cboe BZX,True
COHH,Leverage Shares 2X Long COHR Daily ETF,Cboe BZX,True
COHN,Cohen & Company Inc.,NYSE American,False
COHR,Coherent Corp. Common Stock,NYSE,False
COHU,"Cohu, Inc. - Common Stock",NASDAQ,False
COHX,Tradr 2X Long COHR Daily ETF,Cboe BZX,True
COIA,ProShares Ultra COIN,NYSE Arca,True
COIG,Leverage Shares 2X Long COIN Daily ETF,NASDAQ,True
COIN,"Coinbase Global, Inc. - Class A Common Stock",NASDAQ,False
COIW,Roundhill COIN WeeklyPay ETF,Cboe BZX,True
COIX,Corgi COIN 2x Daily ETF,Cboe BZX,True
COKE,"Coca-Cola Consolidated, Inc. - Common Stock",NASDAQ,False
COLA,Columbus Acquisition Corp - Ordinary Shares,NASDAQ,False
COLAR,Columbus Acquisition Corp - Rights,NASDAQ,False
COLAU,Columbus Acquisition Corp - Unit,NASDAQ,False
COLB,"Columbia Banking System, Inc. - Common Stock",NASDAQ,False
COLD,"Americold Realty Trust, Inc. Common Stock",NYSE,False
COLL,"Collegium Pharmaceutical, Inc. - Common Stock",NASDAQ,False
COLM,Columbia Sportswear Company - Common Stock,NASDAQ,False
COLO,Global X MSCI Colombia ETF,NYSE Arca,True
COM,Direxion Auspice Broad Commodity Strategy ETF,NYSE Arca,True
COMB,GraniteShares Bloomberg Commodity Broad Strategy No K-1 ETF,NYSE Arca,True
COMD,Global X Commodity Strategy ETF,Cboe BZX,True
COMP,"Compass, Inc. Class A Common Stock",NYSE,False
COMT,iShares GSCI Commodity Dynamic Roll Strategy ETF,NASDAQ,True
CON,"Concentra Group Holdings Parent, Inc. Common Stock",NYSE,False
CONI,GraniteShares 2x Short COIN Daily ETF,NASDAQ,True
CONL,GraniteShares 2x Long COIN Daily ETF,NASDAQ,True
CONX,Direxion Daily COIN Bull 2X ETF,NASDAQ,True
CONY,YieldMax COIN Option Income Strategy ETF,NYSE Arca,True
COO,"The Cooper Companies, Inc.  - Common Stock",NASDAQ,False
COOK,"Traeger, Inc. Common Stock",NYSE,False
COOT,Australian Oilseeds Holdings Limited - Ordinary Shares,NASDAQ,False
COOTW,Australian Oilseeds Holdings Limited - Warrant,NASDAQ,False
COP,ConocoPhillips Common Stock,NYSE,False
COPA,Themes Copper Miners ETF,Cboe BZX,True
COPJ,Sprott Junior Copper Miners ETF,NASDAQ,True
COPL,Copley Acquisition Corp Ordinary Shares,NYSE,False
COPL.U,"Copley Acquisition Corp Units, each consisting of one ordinary share and one-half warrant",NYSE,False
COPL.W,"Copley Acquisition Corp Redeemable warrants, each whole warrant exercisable for one Class A ordinary share at an exercise price of $11.50",NYSE,False
COPP,Sprott Copper Miners ETF,NASDAQ,True
COPR,Idaho Copper Corporation Common Stock,NYSE American,False
COPR.W,Idaho Copper Corporation Common Stock Purchase Warrant,NYSE American,False
COPX,Global X Copper Miners ETF,NYSE Arca,True
COPY,"Tweedy, Browne Insider + Value ETF",NYSE Arca,True
COPZ,Defiance Daily Target 2X Long Copper Miners ETF,NYSE Arca,True
COR,"Cencora, Inc. Common Stock",NYSE,False
CORB,AB Core Bond ETF,NYSE Arca,True
CORD,T-REX 2X Inverse CRWV Daily Target ETF,Cboe BZX,True
CORN,Teucrium Corn Fund ETV,NYSE Arca,True
CORO,iShares International Country Rotation Active ETF,NASDAQ,True
CORP,PIMCO Investment Grade Corporate Bond Index Exchange-Traded Fund,NYSE Arca,True
CORT,Corcept Therapeutics Incorporated - Common Stock,NASDAQ,False
CORZ,"Core Scientific, Inc. - Common Stock",NASDAQ,False
CORZW,"Core Scientific, Inc. - Tranche 1 Warrants",NASDAQ,False
CORZZ,"Core Scientific, Inc. - Tranche 2 Warrants",NASDAQ,False
COSM,Cosmos Health Inc. - Common Stock,NASDAQ,False
COSO,"CoastalSouth Bancshares, Inc. Common Stock",NYSE,False
COST,Costco Wholesale Corporation - Common Stock,NASDAQ,False
COSW,Roundhill COST WeeklyPay ETF,Cboe BZX,True
COTG,Leverage Shares 2X Long COST Daily ETF,NASDAQ,True
COTY,Coty Inc. Class A Common Stock,NYSE,False
COUR,"Coursera, Inc. Common Stock",NYSE,False
COWG,Pacer US Large Cap Cash Cows Growth Leaders ETF,NASDAQ,True
COWS,Amplify Cash Flow Dividend Leaders ETF,NASDAQ,True
COWZ,Pacer US Cash Cows 100 ETF,Cboe BZX,True
COYA,"Coya Therapeutics, Inc. - Common Stock",NASDAQ,False
COYY,GraniteShares YieldBOOST COIN ETF,NASDAQ,True
COZX,Tradr 2X Long CORZ Daily ETF,Cboe BZX,True
CP,Canadian Pacific Kansas City Limited Common Shares,NYSE,False
CPA,"Copa Holdings, S.A. Class A Common Stock",NYSE,False
CPAC,Cementos Pacasmayo S.A.A. American Depositary Shares (Each representing five Common Shares),NYSE,False
CPAG,F/m Compoundr U.S. Aggregate Bond ETF,NASDAQ,True
CPAI,Counterpoint Quantitative Equity ETF,NYSE,True
CPAY,"Corpay, Inc. Common Stock",NYSE,False
CPB,The Campbell's Company - Common Stock,NASDAQ,False
CPBI,"Central Plains Bancshares, Inc. - Common Stock",NASDAQ,False
CPER,United States Copper Index Fund ETV,NYSE Arca,True
CPF,Central Pacific Financial Corp New,NYSE,False
CPHC,Canterbury Park Holding Corporation - Common Stock,NASDAQ,False
CPHI,"China Pharma Holdings, Inc. Common Stock",NYSE American,False
CPHY,F/m Compoundr High Yield Bond ETF,NASDAQ,True
CPII,American Beacon Ionic Inflation Protection ETF,NYSE Arca,True
CPIX,Cumberland Pharmaceuticals Inc. - Common Stock,NASDAQ,False
CPK,Chesapeake Utilities Corporation Common Stock,NYSE,False
CPLB,NYLI MacKay Core Plus Bond ETF,NYSE Arca,True
CPLS,AB Core Plus Bond ETF,NASDAQ,True
CPNG,"Coupang, Inc. Class A Common Stock",NYSE,False
CPNJ,Calamos Nasdaq - 100 Structured Alt Protection ETF -June,NYSE Arca,True
CPNM,Calamos Nasdaq-100 Structured Alt Protection ETF - March,NYSE Arca,True
CPNQ,Calamos Nasdaq-100 Structured Alt Protection ETF December,NYSE Arca,True
CPNS,Calamos Nasdaq-100 Structured Alt Protection ETF  September,NYSE Arca,True
CPNX,Tradr 2X Long CPNG Daily ETF,Cboe BZX,True
CPOP,"Pop Culture Group Co., Ltd - Class A Ordinary Shares",NASDAQ,False
CPRA,Calamos Russell 2000 Structured Alt Protection ETF - April,NYSE Arca,True
CPRI,Capri Holdings Limited Ordinary Shares,NYSE,False
CPRJ,Calamos Russell 2000 Structured Alt Protection ETF  July,NYSE Arca,True
CPRO,Calamos Russell 2000 Structured Alt Protection ETF - October,NYSE Arca,True
CPRT,"Copart, Inc. - Common Stock",NASDAQ,False
CPRY,Calamos Russell 2000 Structured Alt Protection ETF January,NYSE Arca,True
CPS,Cooper-Standard Holdings Inc. Common Stock,NYSE,False
CPSA,Calamos S&P 500 Structured Alt Protection ETF  August,NYSE Arca,True
CPSD,Calamos S&P 500 Structured Alt Protection ETF December,NYSE Arca,True
CPSF,Calamos S&P 500 Structured Alt Protection ETF February,NYSE Arca,True
CPSH,CPS Technologies Corp. - Common Stock,NASDAQ,False
CPSJ,Calamos S&P 500 Structured Alt Protection ETF  July,NYSE Arca,True
CPSL,Calamos Laddered S&P 500 Structured Alt Protection ETF,Cboe BZX,True
CPSM,Calamos S&P 500 Structured Alt Protection ETF  May,NYSE Arca,True
CPSN,Calamos S&P 500 Structured Alt Protection ETF November,NYSE Arca,True
CPSO,Calamos S&P 500 Structured Alt Protection ETF - October,NYSE Arca,True
CPSP,Calamos S&P 500 Structured Alt Protection ETF - April,NYSE Arca,True
CPSR,Calamos S&P 500 Structured Alt Protection ETF - March,NYSE Arca,True
CPSS,"Consumer Portfolio Services, Inc. - Common Stock",NASDAQ,False
CPST,Calamos S&P 500 Structured Alt Protection ETF  September,NYSE Arca,True
CPSU,Calamos S&P 500 Structured Alt Protection ETF June,NYSE Arca,True
CPSY,Calamos S&P 500 Structured Alt Protection ETF January,NYSE Arca,True
CPT,Camden Property Trust Common Stock,NYSE,False
CPTL,Global X Morningstar Capital Allocation Leaders ETF,NASDAQ,True
CPXR,USCF Daily Target 2X Copper Index ETF,NYSE Arca,True
CPZ,Calamos Long/Short Equity & Dynamic Income Trust - Closed End Fund,NASDAQ,False
CQP,"Cheniere Energy Partners, LP Common Units",NYSE,False
CQQQ,Invesco China Technology ETF,NYSE Arca,True
CQTM,Corgi Quantum Computing ETF,Cboe BZX,True
CR,Crane Company Common Stock,NYSE,False
CRAC,Crown Reserve Acquisition Corp. I - Class A Ordinary Shares,NASDAQ,False
CRACR,Crown Reserve Acquisition Corp. I - Rights,NASDAQ,False
CRACU,Crown Reserve Acquisition Corp. I - Unit,NASDAQ,False
CRACW,Crown Reserve Acquisition Corp. I - Warrant,NASDAQ,False
CRAI,"CRA International,Inc. - Common Stock",NASDAQ,False
CRAK,VanEck Oil Refiners ETF,NYSE Arca,True
CRAN,Crane Harbor Acquisition Corp. II - Class A Ordinary Shares,NASDAQ,False
CRANR,Crane Harbor Acquisition Corp. II - Rights,NASDAQ,False
CRANU,Crane Harbor Acquisition Corp. II - Units,NASDAQ,False
CRAQ,Cal Redwood Acquisition Corp. - Class A Ordinary Shares,NASDAQ,False
CRAQR,Cal Redwood Acquisition Corp. - Right,NASDAQ,False
CRAQU,Cal Redwood Acquisition Corp. - Units,NASDAQ,False
CRBD,Corebridge Financial Inc. 6.375% Junior Subordinated Notes due 2064,NYSE,False
CRBG,Corebridge Financial Inc. Common Stock,NYSE,False
CRBN,iShares Low Carbon Optimized MSCI ACWI ETF,NYSE Arca,True
CRBP,"Corbus Pharmaceuticals Holdings, Inc. - Common Stock",NASDAQ,False
CRBU,"Caribou Biosciences, Inc. - Common Stock",NASDAQ,False
CRC,California Resources Corporation Common Stock,NYSE,False
CRCA,ProShares Ultra CRCL,NYSE Arca,True
CRCD,T-REX 2X Inverse CRCL Daily Target ETF,Cboe BZX,True
CRCG,Leverage Shares 2X Long CRCL Daily ETF,NASDAQ,True
CRCL,"Circle Internet Group, Inc. Class A Common Stock",NYSE,False
CRCO,YieldMax CRCL Option Income Strategy ETF,NYSE Arca,True
CRCT,"Cricut, Inc. - Class A common stock",NASDAQ,False
CRD,Corgi CRDO 2x Daily ETF,Cboe BZX,True
CRD.A,Crawford & Company Common Stock,NYSE,False
CRD.B,Crawford & Company Common Stock,NYSE,False
CRDD,Cardano ETF,Cboe BZX,True
CRDF,"Cardiff Oncology, Inc. - Common Stock",NASDAQ,False
CRDL,Cardiol Therapeutics Inc. - Class A Common Shares,NASDAQ,False
CRDO,Credo Technology Group Holding Ltd - Ordinary Shares,NASDAQ,False
CRDT,Simplify Opportunistic Income ETF,NYSE Arca,True
CRDU,Tradr 2X Long CRDO Daily ETF,Cboe BZX,True
CRDX,2x Cardano ETF,Cboe BZX,True
CRE,Cre8 Enterprise Limited - Class A Ordinary Shares,NASDAQ,False
CRESY,"Cresud S.A.C.I.F. y A. - American Depositary Shares, each representing ten shares of Common Stock",NASDAQ,False
CREX,"Creative Realities, Inc. - Common Stock",NASDAQ,False
CRF,"Cornerstone Total Return Fund, Inc. (The) Common Stock",NYSE American,False
CRGO,Freightos Limited - Ordinary shares,NASDAQ,False
CRGOW,Freightos Limited - Warrants,NASDAQ,False
CRGY,Crescent Energy Company Class A Common Stock,NYSE,False
CRH,CRH PLC Ordinary Shares,NYSE,False
CRI,"Carter's, Inc. Common Stock",NYSE,False
CRIB,Russell Investments Global Real Estate ETF,NYSE Arca,True
CRIS,"Curis, Inc. - Common Stock",NASDAQ,False
CRK,"Comstock Resources, Inc. Common Stock",NYSE,False
CRL,"Charles River Laboratories International, Inc. Common Stock",NYSE,False
CRM,"Salesforce, Inc. Common Stock",NYSE,False
CRMD,CorMedix Inc. - Common Stock,NASDAQ,False
CRMG,Leverage Shares 2X Long CRM Daily ETF,NASDAQ,True
CRML,Critical Metals Corp. - Ordinary Shares,NASDAQ,False
CRMLW,Critical Metals Corp. - Warrants,NASDAQ,False
CRMT,"America's Car-Mart, Inc. - Common Stock",NASDAQ,False
CRMU,Leverage Shares 2x Long CRML Daily ETF,NASDAQ,True
CRMX,Tradr 2X Long CRML Daily ETF,Cboe BZX,True
CRNC,Cerence Inc. - Common Stock,NASDAQ,False
CRNT,Ceragon Networks Ltd. - Ordinary Shares,NASDAQ,False
CRNX,"Crinetics Pharmaceuticals, Inc. - Common Stock",NASDAQ,False
CRON,Cronos Group Inc. - Common Share,NASDAQ,False
CROX,"Crocs, Inc. - Common Stock",NASDAQ,False
CRPT,First Trust SkyBridge Crypto Industry and Digital Economy ETF,NYSE Arca,True
CRS,Carpenter Technology Corporation Common Stock,NYSE,False
CRSH,YieldMax Short TSLA Option Income Strategy ETF,NYSE Arca,True
CRSP,CRISPR Therapeutics AG - Common Shares,NASDAQ,False
CRSR,"Corsair Gaming, Inc. - Common Stock",NASDAQ,False
CRT,Cross Timbers Royalty Trust Common Stock,NYSE,False
CRTC,Xtrackers US National Critical Technologies ETF,NYSE Arca,True
CRTO,Criteo S.A. - American Depositary Shares,NASDAQ,False
CRUC,Corgi CRUS 2x Daily ETF,Cboe BZX,True
CRUS,"Cirrus Logic, Inc. - Common Stock",NASDAQ,False
CRUX,Columbia Core Bond ETF,NYSE Arca,True
CRVL,CorVel Corp. - Common Stock,NASDAQ,False
CRVO,CervoMed Inc. - Common Stock,NASDAQ,False
CRVS,"Corvus Pharmaceuticals, Inc. - Common Stock",NASDAQ,False
CRWC,Corgi CRWD 2x Daily ETF,Cboe BZX,True
CRWD,"CrowdStrike Holdings, Inc. - Class A Common Stock",NASDAQ,False
CRWG,Leverage Shares 2X Long CRWV Daily ETF,NASDAQ,True
CRWL,GraniteShares 2x Long CRWD Daily ETF,NASDAQ,True
CRWS,"Crown Crafts, Inc. - Common Stock",NASDAQ,False
CRWU,T-REX 2X Long CRWV Daily Target ETF,Cboe BZX,True
CRWV,"CoreWeave, Inc. - Class A Common Stock",NASDAQ,False
CRWX,Corgi CRWV 2x Daily ETF,Cboe BZX,True
CRXP,Columbia Core Plus Bond ETF,NYSE Arca,True
CRY,GraniteShares YieldBOOST CRCL ETF,NASDAQ,True
CSAI,"Cloudastructure, Inc. - Class A Common Stock",NASDAQ,False
CSAN,Cosan S.A. ADS,NYSE,False
CSB,VictoryShares US Small Cap High Div Volatility Wtd ETF,NASDAQ,True
CSBR,"Champions Oncology, Inc. - Common Stock",NASDAQ,False
CSCL,Direxion Daily CSCO Bull 2X ETF,NASDAQ,True
CSCO,"Cisco Systems, Inc. - Common Stock",NASDAQ,False
CSCS,Direxion Daily CSCO Bear 1X ETF,NASDAQ,True
CSD,Invesco S&P Spin-Off ETF,NYSE Arca,True
CSEN,Cohen & Steers Future of Energy Active ETF,NASDAQ,True
CSEX,Tradr 2X Long CLS Daily ETF,Cboe BZX,True
CSGP,"CoStar Group, Inc. - Common Stock",NASDAQ,False
CSHI,NEOS Enhanced Income 1-3 Month T-Bill ETF,NYSE Arca,True
CSHP,iShares Dynamic Short-Term Active ETF,NYSE Arca,True
CSHR,CoinShares PLC - Ordinary Shares,NASDAQ,False
CSHRW,CoinShares PLC - Warrants,NASDAQ,False
CSIO,Cohen & Steers Infrastructure Opportunities Active ETF,NYSE Arca,True
CSIQ,Canadian Solar Inc. - Common Shares,NASDAQ,False
CSL,Carlisle Companies Incorporated Common Stock,NYSE,False
CSM,ProShares Large Cap Core Plus,Cboe BZX,True
CSMD,Congress SMid Growth ETF,NYSE Arca,True
CSNR,Cohen & Steers Natural Resources Active ETF,NYSE Arca,True
CSPF,Cohen & Steers Preferred and Income Opportunities Active ETF,NYSE Arca,True
CSPI,CSP Inc. - Common Stock,NASDAQ,False
CSQ,Calamos Strategic Total Return Fund - Closed End Fund,NASDAQ,False
CSQR,"Csquare, Inc. Common Stock",NYSE,False
CSR,D/B/A Centerspace Common Stock,NYSE,False
CSRE,Cohen & Steers Real Estate Active ETF,NYSE Arca,True
CSSD,Cohen & Steers Short Duration Preferred and Income Active ETF,NYSE Arca,True
CSTE,Caesarstone Ltd. - Ordinary Shares,NASDAQ,False
CSTK,Invesco Comstock Contrarian Equity ETF,Cboe BZX,True
CSTL,"Castle Biosciences, Inc. - Common stock",NASDAQ,False
CSTM,Constellium SE Ordinary Shares (France),NYSE,False
CSV,"Carriage Services, Inc. Common Stock",NYSE,False
CSW,"CSW Industrials, Inc. Common Stock",NYSE,False
CSWC,Capital Southwest Corporation - Common Stock,NASDAQ,False
CSX,CSX Corporation - Common Stock,NASDAQ,False
CTA,Simplify Managed Futures Strategy ETF,NYSE Arca,True
CTA$A,"EIDP, Inc. Preferred Stock $3.50 Series",NYSE,False
CTA$B,"EIDP, Inc. Preferred Stock $4.50 Series",NYSE,False
CTAA,ClearThink 1 Acquisition Corp. - Class A Ordinary Shares,NASDAQ,False
CTAAR,ClearThink 1 Acquisition Corp. - Rights,NASDAQ,False
CTAAU,ClearThink 1 Acquisition Corp. - Units,NASDAQ,False
CTAP,Simplify US Equity PLUS Managed Futures Strategy ETF,NYSE Arca,True
CTAS,Cintas Corporation - Common Stock,NASDAQ,False
CTBI,"Community Trust Bancorp, Inc. - Common Stock",NASDAQ,False
CTEC,Global X ClimateTech ETF,NASDAQ,True
CTEF,Castellan Targeted Equity ETF,Cboe BZX,True
CTEV,Claritev Corporation Class A Common Stock,NYSE,False
CTEX,ProShares S&P Kensho Cleantech ETF,NYSE Arca,True
CTGG,Qwest Corporation 6.500% Senior Notes due 2051 (denominations of $25),NYSE,False
CTGO,Contango Silver & Gold Inc. Common Stock,NYSE American,False
CTHH,Qwest Corporation 6.750% Senior Notes due 2052 (denominations of $25),NYSE,False
CTIF,Castellan Targeted Income ETF,Cboe BZX,True
CTJL,Corgi U.S. Equities 30% Structured Buffer ETF - July Series,Cboe BZX,True
CTJN,Corgi U.S. Equities 30% Structured Buffer ETF - June Series,Cboe BZX,True
CTKB,"Cytek Biosciences, Inc. - Common Stock",NASDAQ,False
CTM,"Castellum, Inc. Common Stock",NYSE American,False
CTMA,Corgi U.S. Equities 30% Structured Buffer ETF - May Series,Cboe BZX,True
CTMX,"CytomX Therapeutics, Inc. - Common Stock",NASDAQ,False
CTNM,"Contineum Therapeutics, Inc. - Common stock",NASDAQ,False
CTNT,Cheetah Net Supply Chain Service Inc. - Class A Common Stock,NASDAQ,False
CTO,"CTO Realty Growth, Inc. Common Stock",NYSE,False
CTO$A,"CTO Realty Growth, Inc. 6.375% Series A Cumulative Redeemable Preferred Stock",NYSE,False
CTOR,"Citius Oncology, Inc.  - Common Stock",NASDAQ,False
CTOS,"Custom Truck One Source, Inc. Common Stock",NYSE,False
CTRE,"CareTrust REIT, Inc. Common Stock",NYSE,False
CTRI,"Centuri Holdings, Inc. Common Stock",NYSE,False
CTRM,Castor Maritime Inc. - Common Shares,NASDAQ,False
CTRN,"Citi Trends, Inc. - Common Stock",NASDAQ,False
CTS,CTS Corporation Common Stock,NYSE,False
CTSH,Cognizant Technology Solutions Corporation - Class A Common Stock,NASDAQ,False
CTSO,Cytosorbents Corporation - Common Stock,NASDAQ,False
CTVA,"Corteva, Inc. Common Stock",NYSE,False
CTW,CTW - Class A Ordinary Shares,NASDAQ,False
CTWO,Common units,NYSE Arca,True
CTXR,"Citius Pharmaceuticals, Inc. - Common Stock",NASDAQ,False
CUB,Lionheart Holdings - Class A Ordinary Shares,NASDAQ,False
CUBB,"Customers Bancorp, Inc 5.375% Subordinated Notes Due 2034",NYSE,False
CUBE,CubeSmart Common Shares,NYSE,False
CUBI,"Customers Bancorp, Inc Common Stock",NYSE,False
CUBWU,Lionheart Holdings - Unit,NASDAQ,False
CUBWW,Lionheart Holdings - Warrant,NASDAQ,False
CUE,"Cue Biopharma, Inc. - Common Stock",NASDAQ,False
CULP,"Culp, Inc. - Common Shares",NASDAQ,False
CUPR,Cuprina Holdings (Cayman) Limited - Class A Ordinary shares,NASDAQ,False
CURB,Curbline Properties Corp. Common Stock,NYSE,False
CURE,Direxion Daily Healthcare Bull 3X ETF,NYSE Arca,True
CURI,CuriosityStream Inc.  - Class A Common Stock,NASDAQ,False
CURR,Currenc Group Inc. - Ordinary Shares,NASDAQ,False
CURV,Torrid Holdings Inc. Common Stock,NYSE,False
CURX,Curanex Pharmaceuticals Inc - Common Stock,NASDAQ,False
CUST,Corgi 1-3 Year Treasury Bond ETF,Cboe BZX,True
CUT,Invesco MSCI Global Timber ETF,NYSE Arca,True
CUVL,Clinuvel Pharmaceuticals Limited - American Depositary Shares,NASDAQ,False
CUZ,Cousins Properties Incorporated Common Stock,NYSE,False
CV,"CapsoVision, Inc. - Common Stock",NASDAQ,False
CVAR,Cultivar ETF,Cboe BZX,True
CVBF,CVB Financial Corporation - Common Stock,NASDAQ,False
CVCO,"Cavco Industries, Inc. - Common Stock",NASDAQ,False
CVE,Cenovus Energy Inc Common Stock,NYSE,False
CVEO,Civeo Corporation (Canada) Common Shares,NYSE,False
CVGD,CresAlta Global Dividend ETF,NYSE Arca,True
CVGI,"Commercial Vehicle Group, Inc. - Common Stock",NASDAQ,False
CVI,CVR Energy Inc. Common Stock,NYSE,False
CVIE,Calvert International Responsible Index ETF,NYSE Arca,True
CVKD,"Cadrenal Therapeutics, Inc. - Common Stock",NASDAQ,False
CVLC,Calvert US Large-Cap Core Responsible Index ETF,NYSE Arca,True
CVLG,"Covenant Logistics Group, Inc. Class A Common Stock",NYSE,False
CVLT,"Commvault Systems, Inc. - Common Stock",NASDAQ,False
CVM,Cel-Sci Corporation Common Stock,NYSE American,False
CVMC,Calvert US Mid-Cap Core Responsible Index ETF,NYSE Arca,True
CVNA,Carvana Co. Class A Common Stock,NYSE,False
CVNY,YieldMax CVNA Option Income Strategy ETF,NYSE Arca,True
CVR,Chicago Rivet & Machine Co. Common Stock,NYSE American,False
CVRD,Madison Covered Call ETF,NYSE Arca,True
CVRT,Calamos Convertible Equity Alternative ETF,NYSE Arca,True
CVRX,"CVRx, Inc. - Common Stock",NASDAQ,False
CVS,CVS Health Corporation Common Stock,NYSE,False
CVSA,Covista Inc. Common Shares,NYSE,False
CVSB,Calvert Ultra-Short Investment Grade ETF,NYSE Arca,True
CVSM,CresAlta Small and Mid-Cap ETF,NYSE Arca,True
CVU,"CPI Aerostructures, Inc. Common Stock",NYSE American,False
CVV,CVD Equipment Corporation - Common Stock,NASDAQ,False
CVX,Chevron Corporation Common Stock,NYSE,False
CVY,Invesco Zacks Multi-Asset Income ETF,NYSE Arca,True
CW,Curtiss-Wright Corporation Common Stock,NYSE,False
CWB,State Street SPDR Bloomberg Convertible Securities ETF,NYSE Arca,True
CWBC,Community West Bancshares - Common Stock,NASDAQ,False
CWCO,Consolidated Water Co. Ltd. - Ordinary Shares,NASDAQ,False
CWD,CaliberCos Inc. - Class A Common Stock,NASDAQ,False
CWEB,Direxion Daily CSI China Internet Index Bull 2X ETF,NYSE Arca,True
CWEN,"Clearway Energy, Inc. Class C Common Stock",NYSE,False
CWH,"Camping World Holdings, Inc. Class A Common Stock",NYSE,False
CWI,State Street SPDR MSCI ACWI ex-US ETF,NYSE Arca,True
CWK,Cushman & Wakefield Ltd. Common Shares,NYSE,False
CWS,AdvisorShares Focused Equity ETF,NYSE Arca,True
CWST,"Casella Waste Systems, Inc. - Class A Common Stock",NASDAQ,False
CWT,California Water Service Group Common Stock,NYSE,False
CWVX,Tradr 2X Long CRWV Daily ETF,Cboe BZX,True
CWY,GraniteShares YieldBOOST CRWV ETF,NASDAQ,True
CX,"Cemex, S.A.B. de C.V. Sponsored ADR",NYSE,False
CXAI,CXApp Inc. - Class A Common Stock,NASDAQ,False
CXAIW,CXApp Inc. - Warrant,NASDAQ,False
CXDO,"Crexendo, Inc. - Common Stock",NASDAQ,False
CXII,Churchill Capital Corp XII - Class A Ordinary Shares,NASDAQ,False
CXIIU,Churchill Capital Corp XII - Units,NASDAQ,False
CXIIW,Churchill Capital Corp XII - Warrants,NASDAQ,False
CXM,"Sprinklr, Inc. Class A Common Stock",NYSE,False
CXRN,Teucrium 2x Daily Corn ETF,NYSE Arca,True
CXSE,WisdomTree China ex-State-Owned Enterprises Fund,NASDAQ,True
CXT,"Crane NXT, Co. Common Stock",NYSE,False
CXW,"CoreCivic, Inc. Common Stock",NYSE,False
CYAB,"Cyabra, Inc. - Common Stock",NASDAQ,False
CYCN,"Cyclerion Therapeutics, Inc. - Common Stock",NASDAQ,False
CYCU,"Cycurion, Inc. - Common Stock",NASDAQ,False
CYCUW,"Cycurion, Inc. - Warrants",NASDAQ,False
CYD,China Yuchai International Limited Common Stock,NYSE,False
CYH,"Community Health Systems, Inc. Common Stock",NYSE,False
CYN,Cyngn Inc. - Common stock,NASDAQ,False
CYPH,Cypherpunk Technologies Inc. - Common Stock,NASDAQ,False
CYRX,"CryoPort, Inc. - Common Stock",NASDAQ,False
CYTK,"Cytokinetics, Incorporated - Common Stock",NASDAQ,False
CZA,Invesco Zacks Mid-Cap ETF,NYSE Arca,True
CZAR,Themes Natural Monopoly ETF,NASDAQ,True
CZFS,"Citizens Financial Services, Inc. - Common Stock",NASDAQ,False
CZNC,Citizens & Northern Corp - Common Stock,NASDAQ,False
CZR,"Caesars Entertainment, Inc. - Common Stock",NASDAQ,False
CZWI,"Citizens Community Bancorp, Inc. - Common Stock",NASDAQ,False
D,"Dominion Energy, Inc. Common Stock",NYSE,False
DAAQ,Digital Asset Acquisition Corp. - Class A Ordinary shares,NASDAQ,False
DAAQU,Digital Asset Acquisition Corp. - Units,NASDAQ,False
DAAQW,Digital Asset Acquisition Corp. - Warrant,NASDAQ,False
DABS,DoubleLine Asset-Backed Securities ETF,NYSE Arca,True
DAC,Danaos Corporation Common Stock,NYSE,False
DADS,Digital Asset Debt Strategy ETF,NASDAQ,True
DAIC,"CID HoldCo, Inc. - Common Stock",NASDAQ,False
DAICW,"CID HoldCo, Inc. - Warrants",NASDAQ,False
DAIO,Data I/O Corporation - Common Stock,NASDAQ,False
DAK,Dakota Active Equity ETF,NASDAQ,True
DAKT,"Daktronics, Inc. - Common Stock",NASDAQ,False
DAL,"Delta Air Lines, Inc. Common Stock",NYSE,False
DALI,First Trust Dorsey Wright DALI Equity ETF,NASDAQ,True
DAMD,Defiance Daily Target 2X Short AMD ETF,NYSE Arca,True
DAN,Dana Incorporated Common Stock,NYSE,False
DANA,Dana Limited Volatility ETF,NYSE Arca,True
DAO,"Youdao, Inc. American Depositary Shares, each representing one Class A Ordinary Share",NYSE,False
DAPP,VanEck Digital Transformation ETF,NASDAQ,True
DAPR,FT Vest U.S. Equity Deep Buffer ETF - April,Cboe BZX,True
DAR,Darling Ingredients Inc. Common Stock,NYSE,False
DARE,"Dare Bioscience, Inc. - Common Stock",NASDAQ,False
DARP,Grizzle Growth ETF,NYSE Arca,True
DASH,"DoorDash, Inc. - Common Stock",NASDAQ,False
DAT,ProShares Big Data Refiners ETF,NYSE Arca,True
DAUG,FT Vest U.S. Equity Deep Buffer ETF - August,Cboe BZX,True
DAVA,Endava plc American Depositary Shares (each representing one Class A Ordinary Share),NYSE,False
DAVE,Dave Inc.  - Class A Common Stock,NASDAQ,False
DAVEW,Dave Inc.  - Warrants,NASDAQ,False
DAX,Global X DAX Germany ETF,NASDAQ,True
DB,Deutsche Bank AG Common Stock,NYSE,False
DBA,Invesco DB Agriculture Fund,NYSE Arca,True
DBAW,Xtrackers MSCI All World ex US Hedged Equity ETF,NYSE Arca,True
DBB,Invesco DB Base Metals Fund,NYSE Arca,True
DBC,Invesco DB Commodity Index Tracking Fund,NYSE Arca,True
DBCA,D. Boral Acquisition I Corp. - Class A Ordinary Shares,NASDAQ,False
DBCAU,D. Boral Acquisition I Corp. - Unit,NASDAQ,False
DBCAW,D. Boral Acquisition I Corp. - Warrants,NASDAQ,False
DBD,Diebold Nixdorf Incorporated Common stock,NYSE,False
DBE,Invesco DB Energy Fund,NYSE Arca,True
DBEF,Xtrackers MSCI EAFE Hedged Equity ETF,NYSE Arca,True
DBEM,Xtrackers MSCI Emerging Markets Hedged Equity ETF,NYSE Arca,True
DBEU,Xtrackers MSCI Europe Hedged Equity ETF,NYSE Arca,True
DBEZ,Xtrackers MSCI Eurozone Hedged Equity ETF,NYSE Arca,True
DBGI,"Digital Brands Group, Inc. - Common Stock",NASDAQ,False
DBI,Designer Brands Inc. Class A Common Stock,NYSE,False
DBJP,Xtrackers MSCI Japan Hedged Equity ETF,NYSE Arca,True
DBL,DoubleLine Opportunistic Credit Fund Common Shares of Beneficial Interest,NYSE,False
DBMF,iMGP DBi Managed Futures Strategy ETF,NYSE Arca,True
DBND,DoubleLine Opportunistic Core Bond ETF,NYSE Arca,True
DBO,Invesco DB Oil Fund,NYSE Arca,True
DBP,Invesco DB Precious Metals Fund,NYSE Arca,True
DBRG,"DigitalBridge Group, Inc.",NYSE,False
DBRG$H,"DigitalBridge Group, Inc. 7.125% Series H",NYSE,False
DBRG$I,"DigitalBridge Group, Inc. 7.15% Series I",NYSE,False
DBRG$J,"DigitalBridge Group, Inc. 7.125% Series J",NYSE,False
DBVT,DBV Technologies S.A. - American Depositary Shares,NASDAQ,False
DBX,"Dropbox, Inc. - Class A Common Stock",NASDAQ,False
DC,Dakota Gold Corp. Common Stock,NYSE American,False
DCBG,"Dime Commercial Bancshares, Inc. 9.000% Junior Subordinated Notes",NYSE,False
DCBO,Docebo Inc. - Common Shares,NASDAQ,False
DCGO,DocGo Inc. - Common Stock,NASDAQ,False
DCH,Dauch Corporation Common Stock,NYSE,False
DCI,"Donaldson Company, Inc. Common Stock",NYSE,False
DCMT,DoubleLine Commodity Strategy ETF,NYSE Arca,True
DCO,Ducommun Incorporated Common Stock,NYSE,False
DCOM,"Dime Commercial Bancshares, Inc. Common Stock",NYSE,False
DCOM$,"Dime Commercial Bancshares, Inc. Preferred Stock, Series A",NYSE,False
DCOR,Dimensional US Core Equity 1 ETF,NYSE Arca,True
DCOY,Decoy Therapeutics Inc. - Common Stock,NASDAQ,False
DCRE,DoubleLine Commercial Real Estate Debt ETF,NYSE Arca,True
DCTH,"Delcath Systems, Inc. - Common Stock",NASDAQ,False
DCX,Digital Currency X Technology Inc. - Class A Ordinary Shares,NASDAQ,False
DD,"DuPont de Nemours, Inc. Common Stock",NYSE,False
DDC,DDC Enterprise Limited Class A Ordinary Shares,NYSE American,False
DDD,3D Systems Corporation Common Stock,NYSE,False
DDDD,YieldMax U.S. Stocks Target Double Distribution ETF,NYSE Arca,True
DDEC,FT Vest U.S. Equity Deep Buffer ETF - December,Cboe BZX,True
DDFA,Innovator Equity Dual Directional 15 Buffer ETF - April,Cboe BZX,True
DDFD,Innovator Equity Dual Directional 15 Buffer ETF - December,Cboe BZX,True
DDFF,Innovator Equity Dual Directional 15 Buffer ETF - February,Cboe BZX,True
DDFJ,Innovator Equity Dual Directional 15 Buffer ETF - January,Cboe BZX,True
DDFL,Innovator Equity Dual Directional 15 Buffer ETF - July,Cboe BZX,True
DDFM,Innovator Equity Dual Directional 15 Buffer ETF - March,Cboe BZX,True
DDFN,Innovator Equity Dual Directional 15 Buffer ETF - November,Cboe BZX,True
DDFO,Innovator Equity Dual Directional 15 Buffer ETF - October,Cboe BZX,True
DDFS,Innovator Equity Dual Directional 15 Buffer ETF - September,Cboe BZX,True
DDFY,Innovator Equity Dual Directional 15 Buffer ETF - May,Cboe BZX,True
DDFZ,Innovator Equity Dual Directional 15 Buffer ETF - June,Cboe BZX,True
DDI,"DoubleDown Interactive Co., Ltd. - American Depository Shares",NASDAQ,False
DDIV,First Trust Dorsey Wright Momentum & Dividend ETF,NASDAQ,True
DDL,Dingdong (Cayman) Limited American Depositary Shares (each two representing three Ordinary Shares),NYSE,False
DDLS,WisdomTree Dynamic International SmallCap Equity Fund,Cboe BZX,True
DDM,ProShares Ultra Dow30,NYSE Arca,True
DDNQ,Innovator Growth-100 Dual Directional 5 Buffer ETF - Quarterly,Cboe BZX,True
DDOG,"Datadog, Inc. - Class A Common Stock",NASDAQ,False
DDS,"Dillard's, Inc. Common Stock",NYSE,False
DDSQ,Innovator Equity Dual Directional 5 Buffer ETF - Quarterly,Cboe BZX,True
DDT,Dillard's Capital Trust I,NYSE,False
DDTA,Innovator Equity Dual Directional 10 Buffer ETF - April,Cboe BZX,True
DDTD,Innovator Equity Dual Directional 10 Buffer ETF - December,Cboe BZX,True
DDTF,Innovator Equity Dual Directional 10 Buffer ETF - February,Cboe BZX,True
DDTJ,Innovator Equity Dual Directional 10 Buffer ETF - January,Cboe BZX,True
DDTL,Innovator Equity Dual Directional 10 Buffer ETF - July,Cboe BZX,True
DDTM,Innovator Equity Dual Directional 10 Buffer ETF - March,Cboe BZX,True
DDTN,Innovator Equity Dual Directional 10 Buffer ETF - November,Cboe BZX,True
DDTO,Innovator Equity Dual Directional 10 Buffer ETF - October,Cboe BZX,True
DDTS,Innovator Equity Dual Directional 10 Buffer ETF - September,Cboe BZX,True
DDTY,Innovator Equity Dual Directional 10 Buffer ETF - May,Cboe BZX,True
DDTZ,Innovator Equity Dual Directional 10 Buffer ETF - June,Cboe BZX,True
DDV,Defined Duration 5 ETF,Cboe BZX,True
DDWM,WisdomTree Dynamic International Equity Fund,Cboe BZX,True
DDX,Defined Duration 10 ETF,Cboe BZX,True
DDXX,Defined Duration 20 ETF,Cboe BZX,True
DE,Deere & Company Common Stock,NYSE,False
DEA,"Easterly Government Properties, Inc. Common Stock",NYSE,False
DEC,Diversified Energy Company Common Stock,NYSE,False
DECK,Deckers Outdoor Corporation Common Stock,NYSE,False
DECM,FT Vest U.S. Equity Max Buffer ETF - December,Cboe BZX,True
DECO,State Street Galaxy Digital Asset Ecosystem ETF,NASDAQ,True
DECP,PGIM S&P 500 Buffer 12 ETF - December,Cboe BZX,True
DECT,AllianzIM U.S. Large Cap Buffer10 Dec ETF,Cboe BZX,True
DECU,AllianzIM U.S. Equity Buffer15 Uncapped Dec ETF,Cboe BZX,True
DECW,AllianzIM U.S. Large Cap Buffer20 Dec ETF,Cboe BZX,True
DECZ,TrueShares Structured Outcome (December) ETF,Cboe BZX,True
DEED,First Trust Securitized Plus ETF,NYSE Arca,True
DEEF,Xtrackers FTSE Developed ex US Multifactor ETF,NYSE Arca,True
DEEP,Acquirers Small and Micro Deep Value ETF,NYSE Arca,True
DEFI,Hashdex Bitcoin ETF,NYSE Arca,True
DEFR,Aptus Deferred Income ETF,Cboe BZX,True
DEFT,"Defi Technologies, Inc. - Common Stock",NASDAQ,False
DEHP,Dimensional Emerging Markets High Profitability ETF,NYSE Arca,True
DEI,"Douglas Emmett, Inc. Common Stock",NYSE,False
DELL,Dell Technologies Inc. Class C Common Stock,NYSE,False
DEM,WisdomTree Emerging Markets High Dividend Fund,NYSE Arca,True
DEMZ,Democratic Large Cap Core ETF,NASDAQ,True
DEO,Diageo plc Common Stock,NYSE,False
DERM,Journey Medical Corporation - Common Stock,NASDAQ,False
DES,WisdomTree U.S. SmallCap Dividend Fund,NYSE Arca,True
DESK,VanEck Office and Commercial REIT ETF,NYSE Arca,True
DETX,"Liberty Defense Holdings, Ltd. - Common Shares",NASDAQ,False
DEUS,Xtrackers Russell US Multifactor ETF,NYSE Arca,True
DEW,WisdomTree Global High Dividend Fund,NYSE Arca,True
DEXC,Dimensional Emerging Markets ex China Core Equity ETF,NYSE Arca,True
DFAC,Dimensional U.S. Core Equity 2 ETF,NYSE Arca,True
DFAE,Dimensional Emerging Core Equity Market ETF,NYSE Arca,True
DFAI,Dimensional International Core Equity Market ETF,NYSE Arca,True
DFAL,Dimensional US Large Cap Core Equity Market ETF,Cboe BZX,True
DFAR,Dimensional US Real Estate ETF,NYSE Arca,True
DFAS,Dimensional U.S. Small Cap ETF,NYSE Arca,True
DFAT,Dimensional U.S. Targeted Value ETF,NYSE Arca,True
DFAU,Dimensional US Core Equity Market ETF,NYSE Arca,True
DFAW,Dimensional World Equity ETF,NYSE Arca,True
DFAX,Dimensional World ex U.S. Core Equity 2 ETF,NYSE Arca,True
DFCA,Dimensional California Municipal Bond ETF,NYSE Arca,True
DFCF,Dimensional Core Fixed Income ETF,NYSE Arca,True
DFDV,DeFi Development Corp. - Common Stock,NASDAQ,False
DFDVW,DeFi Development Corp. - Warrant,NASDAQ,False
DFE,WisdomTree Europe SmallCap Dividend Fund,NYSE Arca,True
DFEB,FT Vest U.S. Equity Deep Buffer ETF - February,Cboe BZX,True
DFEM,Dimensional Emerging Markets Core Equity 2 ETF,NYSE Arca,True
DFEN,Direxion Daily Aerospace & Defense Bull 3X ETF,NYSE Arca,True
DFEV,Dimensional Emerging Markets Value ETF,NYSE Arca,True
DFGP,Dimensional Global Core Plus Fixed Income ETF,NASDAQ,True
DFGR,Dimensional Global Real Estate ETF,NYSE Arca,True
DFGX,Dimensional International Core Fixed Income ETF,NASDAQ,True
DFH,"Dream Finders Homes, Inc. Class A Common Stock",NYSE,False
DFIC,Dimensional International Core Equity 2 ETF,Cboe BZX,True
DFII,FT Vest Bitcoin Strategy & Target Income ETF,NYSE Arca,True
DFIN,"Donnelley Financial Solutions, Inc. Common Stock",NYSE,False
DFIP,Dimensional Inflation-Protected Securities ETF,NYSE Arca,True
DFIS,Dimensional International Small Cap ETF,Cboe BZX,True
DFIV,Dimensional International Value ETF,NYSE Arca,True
DFJ,WisdomTree Japan SmallCap Fund,NYSE Arca,True
DFLI,Dragonfly Energy Holdings Corp - Common Stock,NASDAQ,False
DFLIW,Dragonfly Energy Holdings Corp - Warrant,NASDAQ,False
DFLV,Dimensional US Large Cap Value ETF,NYSE Arca,True
DFMC,U.S. Micro Cap Portfolio: ETF Class Shares,NYSE Arca,True
DFNL,Davis Select Financial ETF,Cboe BZX,True
DFNM,Dimensional National Municipal Bond ETF,NYSE Arca,True
DFNS,T3 Defense Inc. - Common Stock,NASDAQ,False
DFNSW,T3 Defense Inc. - Warrants,NASDAQ,False
DFP,Flaherty & Crumrine Dynamic Preferred and Income Fund Inc. Common Stock,NYSE,False
DFSB,Dimensional Global Sustainability Fixed Income ETF,NYSE Arca,True
DFSC,"DEFSEC Technologies Inc. - common stock, no R/S concurrent with offering",NASDAQ,False
DFSCW,DEFSEC Technologies Inc. - warrant,NASDAQ,False
DFSD,Dimensional Short-Duration Fixed Income ETF,NYSE Arca,True
DFSE,Dimensional Emerging Markets Sustainability Core 1 ETF,NYSE Arca,True
DFSI,Dimensional International Sustainability Core 1 ETF,NYSE Arca,True
DFSU,Dimensional US Sustainability Core 1 ETF,NYSE Arca,True
DFSV,Dimensional US Small Cap Value ETF,NYSE Arca,True
DFTT,DF Tactical 30 ETF,NYSE Arca,True
DFTX,"Definium Therapeutics, Inc.  - Common Shares",NASDAQ,False
DFUS,Dimensional U.S. Equity Market ETF,NYSE Arca,True
DFUV,Dimensional US Marketwide Value ETF,NYSE Arca,True
DFVE,DoubleLine Fortune 500 Equal Weight ETF,NYSE Arca,True
DFVX,Dimensional US Large Cap Vector ETF,NYSE Arca,True
DG,Dollar General Corporation Common Stock,NYSE,False
DGAC,Disciplined Growth Acquisition Corporation Class A Ordinary Shares,NYSE,False
DGAC.R,"Disciplined Growth Acquisition Corporation Rights, each right entitling the holder to receive one-fourth (1/4) of one Class A ordinary share",NYSE,False
DGAC.U,"Disciplined Growth Acquisition Corporation Units, each consisting of one Class A Ordinary Share and one Right",NYSE,False
DGAP,FT Vest U.S. Equity Buffer & Digital Return ETF - April,Cboe BZX,True
DGCB,Dimensional Global Credit ETF,NASDAQ,True
DGICA,"Donegal Group, Inc. - Class A Common Stock",NASDAQ,False
DGICB,"Donegal Group, Inc. - Class B Common Stock",NASDAQ,False
DGII,Digi International Inc. - Common Stock,NASDAQ,False
DGIN,VanEck Digital India ETF,NYSE Arca,True
DGJA,FT Vest U.S. Equity Buffer & Digital Return ETF - January,Cboe BZX,True
DGJL,FT Vest U.S. Equity Buffer & Digital Return ETF - July,Cboe BZX,True
DGLO,First Trust RBA Deglobalization ETF,NASDAQ,True
DGNX,Diginex Limited - Ordinary Shares,NASDAQ,False
DGOC,FT Vest U.S. Equity Buffer & Digital Return ETF - October,Cboe BZX,True
DGP,"DB Gold Double Long ETN due February 15, 2038",NYSE Arca,False
DGRE,WisdomTree Emerging Markets Quality Dividend Growth Fund,NASDAQ,True
DGRO,iShares Core Dividend Growth ETF,NYSE Arca,True
DGRS,WisdomTree U.S. SmallCap Quality Dividend Growth Fund,NASDAQ,True
DGRW,WisdomTree U.S. Quality Dividend Growth Fund,NASDAQ,True
DGS,WisdomTree Emerging Market SmallCap Fund,NYSE Arca,True
DGT,State Street SPDR Global Dow ETF,NYSE Arca,True
DGX,Quest Diagnostics Incorporated Common Stock,NYSE,False
DGXX,Digi Power X Inc. - Common Subordinate Voting Shares,NASDAQ,False
DGZ,"DB Gold Short ETN due February 15, 2038",NYSE Arca,False
DH,Definitive Healthcare Corp. - Class A Common Stock,NASDAQ,False
DHC,Diversified Healthcare Trust  - Common Shares of Beneficial Interest,NASDAQ,False
DHCNI,Diversified Healthcare Trust  - 5.625% Senior Notes due 2042,NASDAQ,False
DHCNL,Diversified Healthcare Trust  - 6.25% Senior Notes Due 2046,NASDAQ,False
DHDG,FT Vest U.S. Equity Quarterly 2.5 to 15 Buffer ETF,Cboe BZX,True
DHF,BNY Mellon High Yield Strategies Fund Common Stock,NYSE,False
DHI,"D.R. Horton, Inc. Common Stock",NYSE,False
DHLX,Diamond Hill Large Cap Concentrated ETF,NYSE Arca,True
DHR,Danaher Corporation Common Stock,NYSE,False
DHS,WisdomTree U.S. High Dividend Fund,NYSE Arca,True
DHSB,Day Hagan Smart Buffer ETF,NYSE Arca,True
DHT,"DHT Holdings, Inc.",NYSE,False
DHX,"DHI Group, Inc. Common Stock",NYSE,False
DHY,Credit Suisse High Yield Credit Fund Common Stock,NYSE American,False
DIA,State Street SPDR Dow Jones Industrial Average ETF Trust,NYSE Arca,True
DIAL,Columbia Diversified Fixed Income Allocation ETF,NYSE Arca,True
DIBS,"1stdibs.com, Inc. - Common Stock",NASDAQ,False
DIEM,Franklin Emerging Market Core Dividend Tilt Index ETF,NYSE Arca,True
DIG,ProShares Ultra Energy,NYSE Arca,True
DIHP,Dimensional International High Profitability ETF,Cboe BZX,True
DIM,WisdomTree International MidCap Dividend Fund,NYSE Arca,True
DIME,CoinShares Altcoins ETF,NASDAQ,True
DIN,"Dine Brands Global, Inc. Common Stock",NYSE,False
DINE,Simplify Tax Aware Diversified Income Strategy ETF,NASDAQ,True
DINO,HF Sinclair Corporation Common Stock,NYSE,False
DINT,Davis Select International ETF,Cboe BZX,True
DIOD,Diodes Incorporated - Common Stock,NASDAQ,False
DIPR,Corgi Space & Satellite Communications ETF,Cboe BZX,True
DIPS,YieldMax Short NVDA Option Income Strategy ETF,NYSE Arca,True
DIS,Walt Disney Company (The) Common Stock,NYSE,False
DISK,Tema Memory ETF,NYSE Arca,True
DISV,Dimensional International Small Cap Value ETF,Cboe BZX,True
DIT,AMCON Distributing Company Common Stock,NYSE American,False
DIV,Global X Super Dividend ETF,NYSE Arca,True
DIVB,iShares Core Dividend ETF,Cboe BZX,True
DIVD,Altrius Global Dividend ETF,NASDAQ,True
DIVE,Dana Concentrated Dividend ETF,NYSE Arca,True
DIVG,Invesco S&P 500 High Dividend Growers ETF,NYSE Arca,True
DIVI,Franklin International Core Dividend Tilt Index ETF,NYSE Arca,True
DIVL,Madison Dividend Value ETF,NYSE Arca,True
DIVN,Horizon Dividend Income ETF,Cboe BZX,True
DIVO,Amplify CWP Enhanced Dividend Income ETF,NYSE Arca,True
DIVP,Cullen Enhanced Equity Income ETF,NYSE Arca,True
DIVS,Guinness Atkinson Dividend Builder ETF,NYSE Arca,True
DIVY,Sound Equity Dividend Income ETF,NYSE,True
DIVZ,Polen Dividend Income ETF,NYSE Arca,True
DJAN,FT Vest U.S. Equity Deep Buffer ETF - January,Cboe BZX,True
DJCO,Daily Journal Corp. (S.C.) - Common Stock,NASDAQ,False
DJD,Invesco Dow Jones Industrial Average Dividend ETF,NYSE Arca,True
DJIA,Global X Dow 30 Covered Call ETF,NYSE Arca,True
DJP,iPath Bloomberg Commodity Index Total Return ETN,NYSE Arca,False
DJT,Trump Media & Technology Group Corp. - Common Stock,NASDAQ,False
DJTU,T-REX 2X Long DJT Daily Target ETF,Cboe BZX,True
DJTWW,Trump Media & Technology Group Corp. - Warrants,NASDAQ,False
DJUL,FT Vest U.S. Equity Deep Buffer ETF - July,Cboe BZX,True
DJUN,FT Vest U.S. Equity Deep Buffer ETF - June,Cboe BZX,True
DK,"Delek US Holdings, Inc. Common Stock",NYSE,False
DKI,DarkIris Inc. - Class A Ordinary Shares,NASDAQ,False
DKL,"Delek Logistics Partners, L.P. Common Units representing Limited Partner Interests",NYSE,False
DKNG,DraftKings Inc. - Class A Common Stock,NASDAQ,False
DKNX,Defiance Daily Target 2X Long DKNG ETF,NASDAQ,True
DKS,Dick's Sporting Goods Inc Common Stock,NYSE,False
DLAG,FT Vest U.S. Equity Dual Directional Buffer ETF - August,Cboe BZX,True
DLB,Dolby Laboratories Common Stock,NYSE,False
DLFE,FT Vest U.S. Equity Dual Directional Buffer ETF - February,Cboe BZX,True
DLHC,DLH Holdings Corp. - Common Stock,NASDAQ,False
DLLL,GraniteShares 2x Long DELL Daily ETF,NASDAQ,True
DLMY,FT Vest U.S. Equity Dual Directional Buffer ETF - May,Cboe BZX,True
DLN,WisdomTree U.S. LargeCap Dividend Fund,NYSE Arca,True
DLNG,Dynagas LNG Partners LP Common Units,NYSE,False
DLNG$A,Dynagas LNG Partners LP 9.00% Series A Cumulative Redeemable Preferred Units,NYSE,False
DLNV,FT Vest U.S. Equity Dual Directional Buffer ETF - November,Cboe BZX,True
DLO,DLocal Limited - Class A Common Shares,NASDAQ,False
DLPN,"Dolphin Entertainment, Inc. - Common Stock",NASDAQ,False
DLR,"Digital Realty Trust, Inc. Common Stock",NYSE,False
DLR$J,"Digital Realty Trust, Inc. 5.250% Series J Cumulative Redeemable Preferred Stock",NYSE,False
DLR$K,"Digital Realty Trust, Inc. 5.850% Series K Cumulative Redeemable Preferred Stock, par value $0.01 per share",NYSE,False
DLR$L,"Digital Realty Trust, Inc. 5.200% Series L Cumulative Redeemable Preferred Stock",NYSE,False
DLS,WisdomTree International SmallCap Fund,NYSE Arca,True
DLTH,Duluth Holdings Inc. - Class B Common Stock,NASDAQ,False
DLTR,"Dollar Tree, Inc. - Common Stock",NASDAQ,False
DLUX,DoubleLine Ultrashort Income ETF,NYSE Arca,True
DLX,Deluxe Corporation Common Stock,NYSE,False
DLXY,Delixy Holdings Limited - Class A Ordinary Shares,NASDAQ,False
DLY,DoubleLine Yield Opportunities Fund Common Shares of Beneficial Interest,NYSE,False
DMA,Destra Multi-Alternative Fund Common Stock,NYSE,False
DMAA,Drugs Made In America Acquisition Corp. - Ordinary Shares,NASDAQ,False
DMAAR,Drugs Made In America Acquisition Corp. - Rights,NASDAQ,False
DMAAU,Drugs Made In America Acquisition Corp. - Units,NASDAQ,False
DMAC,DiaMedica Therapeutics Inc. - Common Stock,NASDAQ,False
DMAR,FT Vest U.S. Equity Deep Buffer ETF - March,Cboe BZX,True
DMAX,iShares Large Cap Max Buffer Dec ETF,Cboe BZX,True
DMAY,FT Vest U.S. Equity Deep Buffer ETF - May,Cboe BZX,True
DMB,"BNY Mellon Municipal Bond Infrastructure Fund, Inc. Common Stock",NYSE,False
DMBS,DoubleLine Mortgage ETF,NYSE Arca,True
DMC,Del Monte Corporation Ordinary Shares,NYSE,False
DMII,Drugs Made In America Acquisition II Corp. - Ordinary Shares,NASDAQ,False
DMIIR,Drugs Made In America Acquisition II Corp. - Right,NASDAQ,False
DMIIU,Drugs Made In America Acquisition II Corp. - Unit,NASDAQ,False
DMLP,"Dorchester Minerals, L.P. - Common Units Representing Limited Partnership Interests",NASDAQ,False
DMO,Western Asset Mortgage Opportunity Fund Inc. Common Stock,NYSE,False
DMRA,"Damora Therapeutics, Inc. - Ordinary Shares",NASDAQ,False
DMRC,Digimarc Corporation - Common Stock,NASDAQ,False
DMX,DoubleLine Multi-Sector Income ETF,NYSE Arca,True
DMXF,iShares ESG Advanced MSCI EAFE ETF,NASDAQ,True
DNA,"Ginkgo Bioworks Holdings, Inc. Class A Common Stock",NYSE,False
DNL,WisdomTree Global ex-U.S. Quality Growth Fund,NYSE Arca,True
DNLI,Denali Therapeutics Inc. - Common Stock,NASDAQ,False
DNMX,Dynamix Corporation III - Class A Ordinary Shares,NASDAQ,False
DNMXU,Dynamix Corporation III - Unit,NASDAQ,False
DNMXW,Dynamix Corporation III - Warrants,NASDAQ,False
DNN,Denison Mines Corp Ordinary Shares (Canada),NYSE American,False
DNNG,Leverage Shares 2x Long DNN Daily ETF,NASDAQ,True
DNOV,FT Vest U.S. Equity Deep Buffer ETF - November,Cboe BZX,True
DNOW,DNOW Inc. Common Stock,NYSE,False
DNP,"DNP Select Income Fund, Inc. Common Stock",NYSE,False
DNTH,"Dianthus Therapeutics, Inc. - Common Stock",NASDAQ,False
DNUT,"Krispy Kreme, Inc. - Common Stock",NASDAQ,False
DOC,"Healthpeak Properties, Inc. Common Stock",NYSE,False
DOCK,"Corgi Ports, Rail & Freight ETF",Cboe BZX,True
DOCN,"DigitalOcean Holdings, Inc. Common Stock",NYSE,False
DOCS,"Doximity, Inc. Class A Common Stock",NYSE,False
DOCT,FT Vest U.S. Equity Deep Buffer ETF - October,Cboe BZX,True
DOCU,"DocuSign, Inc. - Common Stock",NASDAQ,False
DOG,ProShares Short Dow30,NYSE Arca,True
DOGG,FT Vest DJIA Dogs 10 Target Income ETF,Cboe BZX,True
DOGZ,Dogness (International) Corporation - Class A Common Stock,NASDAQ,False
DOJE,REX-Osprey DOGE ETF,Cboe BZX,True
DOL,WisdomTree True Developed International Fund,NYSE Arca,True
DOLE,Dole plc Ordinary Shares,NYSE,False
DOMH,Dominari Holdings Inc. - Common Stock,NASDAQ,False
DOMO,"Domo, Inc. - Class B Common Stock",NASDAQ,False
DON,WisdomTree U.S. MidCap Dividend Fund,NYSE Arca,True
DOO,BRP Inc. - Common Subordinate Voting Shares,NASDAQ,False
DORM,"Dorman Products, Inc. - Common Stock",NASDAQ,False
DOUG,Douglas Elliman Inc. Common Stock,NYSE,False
DOV,Dover Corporation Common Stock,NYSE,False
DOW,Dow Inc. Common Stock,NYSE,False
DOX,Amdocs Limited - Ordinary Shares,NASDAQ,False
DOYU,DouYu International Holdings Limited - American Depositary Shares,NASDAQ,False
DPC,DPC Holdings PLC Ordinary Shares,NYSE,False
DPG,Duff & Phelps Utility and Infrastructure Fund Inc.,NYSE,False
DPRE,Virtus Duff & Phelps Real Estate Income ETF,NYSE Arca,True
DPRO,Draganfly Inc. - Common Shares,NASDAQ,False
DPST,Direxion Daily Regional Banks Bull 3X ETF,NYSE Arca,True
DPU,Top KingWin Ltd - Class A Ordinary Shares,NASDAQ,False
DPZ,Domino's Pizza Inc - Common Stock,NASDAQ,False
DQ,"DAQO New Energy Corp. American Depositary Shares, each representing five ordinary shares",NYSE,False
DQJN,FT Vest Nasdaq-100 Dual Directional Buffer ETF - June,Cboe BZX,True
DRAI,Draco Evolution AI ETF,NYSE Arca,True
DRAL,Defiance Daily Target 2X Long DRAM ETF,Cboe BZX,True
DRAM,Roundhill Memory ETF,Cboe BZX,True
DRAY,YieldMax DKNG Option Income Strategy ETF,NYSE Arca,True
DRCT,"Direct Digital Holdings, Inc. - Class A Common Stock",NASDAQ,False
DRD,DRDGOLD Limited American Depositary Shares,NYSE,False
DRDB,Roman DBDR Acquisition Corp. II - Ordinary shares,NASDAQ,False
DRDBU,Roman DBDR Acquisition Corp. II - Unit,NASDAQ,False
DRDBW,Roman DBDR Acquisition Corp. II - Warrants,NASDAQ,False
DRES,GMO Domestic Resilience ETF,NYSE Arca,True
DRGN,Themes China Generative Artificial Intelligence ETF,Cboe BZX,True
DRH,Diamondrock Hospitality Company - Common Stock,NASDAQ,False
DRI,"Darden Restaurants, Inc. Common Stock",NYSE,False
DRIO,DarioHealth Corp. - Common Stock,NASDAQ,False
DRIP,Direxion Daily S&P Oil & Gas Exp. & Prod. Bear 2X ETF,NYSE Arca,True
DRIV,Global X Autonomous & Electric Vehicles ETF,NASDAQ,True
DRKY,VistaShares Target 15 DRUKMacro Distribution ETF,NYSE Arca,True
DRLL,Strive U.S. Energy ETF,NYSE,True
DRMA,"Dermata Therapeutics, Inc. - Common Stock",NASDAQ,False
DRMAW,"Dermata Therapeutics, Inc. - Warrant",NASDAQ,False
DRMP,Tuttle Capital Memory Stack Income Blast ETF,Cboe BZX,True
DRMY,XFUNDS Memory Income ETF,NYSE Arca,True
DRN,Direxion Daily Real Estate Bull 3X ETF,NYSE Arca,True
DRNL,Defiance 2X Daily Long Pure Drone and Aerial Automation ETF,Cboe BZX,True
DRNZ,REX Drone ETF,NASDAQ,True
DRS,"Leonardo DRS, Inc. - Common Stock",NASDAQ,False
DRSK,Aptus Defined Risk ETF,Cboe BZX,True
DRTS,Alpha Tau Medical Ltd. - Ordinary Shares,NASDAQ,False
DRTSW,Alpha Tau Medical Ltd. - Warrant,NASDAQ,False
DRUG,Bright Minds Biosciences Inc. - common stock,NASDAQ,False
DRUP,GraniteShares Nasdaq Select Disruptors ETF,NYSE Arca,True
DRV,Direxion Daily Real Estate Bear 3X ETF,NYSE Arca,True
DRVN,Driven Brands Holdings Inc. - Common Stock,NASDAQ,False
DRVR,Amplify S&P 500 Dividend Drivers ETF,NYSE Arca,True
DSAC,Daedalus Special Acquisition Corp. - Class A Ordinary Shares,NASDAQ,False
DSACU,Daedalus Special Acquisition Corp. - Unit,NASDAQ,False
DSACW,Daedalus Special Acquisition Corp. - Warrant,NASDAQ,False
DSC,DSC Holdings Ltd. - American Depositary Shares,NASDAQ,False
DSCO,DoubleLine Securitized Credit ETF,NYSE Arca,True
DSEP,FT Vest U.S. Equity Deep Buffer ETF - September,Cboe BZX,True
DSGN,"Design Therapeutics, Inc. - Common Stock",NASDAQ,False
DSGR,"Distribution Solutions Group, Inc. - Common Stock",NASDAQ,False
DSGX,The Descartes Systems Group Inc. - Common Stock,NASDAQ,False
DSI,iShares ESG MSCI KLD 400 ETF,NYSE Arca,True
DSL,DoubleLine Income Solutions Fund Common Shares of Beneficial Interests,NYSE,False
DSM,"BNY Mellon Strategic Municipal Bond Fund, Inc. Common Stock",NYSE,False
DSMC,Distillate Small/Mid Cash Flow ETF,NYSE,True
DSP,Viant Technology Inc. - common stock,NASDAQ,False
DSPY,Tema S&P 500 Historical Weight ETF Strategy,NYSE Arca,True
DSS,"DSS, Inc. Common Stock",NYSE American,False
DSTL,Distillate U.S. Fundamental Stability & Value ETF,NYSE Arca,True
DSTX,Distillate International Fundamental Stability & Value ETF,NYSE,True
DSU,"Blackrock Debt Strategies Fund, Inc. Common Stock",NYSE,False
DSWL,"Deswell Industries, Inc. - Common Shares",NASDAQ,False
DSX,Diana Shipping inc. common stock,NYSE,False
DSX$B,Diana Shipping Inc. Perpetual Preferred Shares Series B (Marshall Islands),NYSE,False
DSX.W,Diana Shipping inc. Warrants,NYSE,False
DSY,Big Tree Cloud Holdings Limited - Class A Ordinary Shares,NASDAQ,False
DSYWW,Big Tree Cloud Holdings Limited - Warrants,NASDAQ,False
DT,"Dynatrace, Inc. Common Stock",NYSE,False
DTAN,Sparkline International Intangible Value ETF,NYSE Arca,True
DTB,DTE Energy Company 2020 Series G 4.375% Junior Subordinated Debentures due 2080,NYSE,False
DTCR,Global X Data Center & Digital Infrastructure ETF,NASDAQ,True
DTCX,"Datacentrex, Inc. - Common Stock",NASDAQ,False
DTD,WisdomTree U.S. Total Dividend Fund,NYSE Arca,True
DTE,DTE Energy Company Common Stock,NYSE,False
DTEC,ALPS Disruptive Technologies ETF,NYSE Arca,True
DTF,DTF Tax-Free Income 2028 Term Fund Inc. Common Stock,NYSE,False
DTG,DTE Energy Company 2021 Series E 4.375% Junior Subordinated Debentures,NYSE,False
DTH,WisdomTree International High Dividend Fund,NYSE Arca,True
DTI,Drilling Tools International Corporation  - Common Stock,NASDAQ,False
DTIL,"Precision BioSciences, Inc. - Common Stock",NASDAQ,False
DTK,DTE Energy Company 2025 Series H 6.25% Junior Subordinated Debentures due 2085,NYSE,False
DTM,"DT Midstream, Inc. Common Stock",NYSE,False
DTRE,First Trust Alerian Disruptive Technology Real Estate ETF,NYSE Arca,True
DTSQ,DT Cloud Star Acquisition Corporation - Ordinary Shares,NASDAQ,False
DTSQR,DT Cloud Star Acquisition Corporation - Right,NASDAQ,False
DTSQU,DT Cloud Star Acquisition Corporation - Units,NASDAQ,False
DTSS,Datasea Intelligent Technology Ltd. - Class A Ordinary Shares,NASDAQ,False
DTST,Data Storage Corporation - Common Stock,NASDAQ,False
DTW,DTE Energy Company 2017 Series E 5.25% Junior Subordinated Debentures due 2077,NYSE,False
DUBS,Aptus Large Cap Enhanced Yield ETF,Cboe BZX,True
DUG,ProShares UltraShort Energy,NYSE Arca,True
DUHP,Dimensional US High Profitability ETF,NYSE Arca,True
DUK,Duke Energy Corporation (Holding Company) Common Stock,NYSE,False
DUK$A,"Duke Energy Corporation Depositary Shares, each representing a 1/1,000th interest in a share of 5.75% Series A Cumulative Redeemable Perpetual Preferred Stock",NYSE,False
DUKB,Duke Energy Corporation 5.625% Junior Subordinated Debentures due 2078,NYSE,False
DUKH,Ocean Park High Income ETF,NASDAQ,True
DUKQ,Ocean Park Domestic ETF,NYSE Arca,True
DUKR,DUKE Robotics Corp. - Common Stock,NASDAQ,False
DUKRW,DUKE Robotics Corp. - Warrant,NASDAQ,False
DUKX,Ocean Park International ETF,NASDAQ,True
DUKZ,Ocean Park Diversified Income ETF,NYSE Arca,True
DULL,"MicroSectors Gold -3X Inverse Leveraged ETNs due January 29, 2043",NYSE Arca,True
DUNK,Dana Unconstrained Equity ETF,NYSE Arca,True
DUO,Fangdd Network Group Ltd. - Class A Ordinary Shares,NASDAQ,False
DUOG,Leverage Shares 2X Long DUOL Daily ETF,NASDAQ,True
DUOL,"Duolingo, Inc. - Class A Common Stock",NASDAQ,False
DUOT,"Duos Technologies Group, Inc. - Common Stock",NASDAQ,False
DURA,VanEck Durable High Dividend ETF,Cboe BZX,True
DUSA,Davis Select U.S. Equity ETF,Cboe BZX,True
DUSB,Dimensional Ultrashort Fixed Income ETF,NYSE Arca,True
DUSG,U.S. Small Cap Growth Portfolio: ETF Class Shares,NASDAQ,True
DUSL,Direxion Daily Industrials Bull 3X ETF,NYSE Arca,True
DUST,Direxion Daily Gold Miners Index Bear 2X ETF,NYSE Arca,True
DUTY,U.S. Defense ETF,NYSE Arca,True
DV,"DoubleVerify Holdings, Inc. Common Stock",NYSE,False
DVA,DaVita Inc. Common Stock,NYSE,False
DVAL,BrandywineGLOBAL-Dynamic US Large Cap Value ETF,NASDAQ,True
DVDN,Kingsbarn Dividend Opportunity ETF,NYSE Arca,True
DVGR,DAC 3D Dividend Growth ETF,NASDAQ,True
DVIN,WEBs Industrials XLI Defined Volatility ETF,NASDAQ,True
DVLT,Datavault AI Inc. - Common Stock,NASDAQ,False
DVLU,First Trust Dorsey Wright Momentum & Value ETF,NASDAQ,True
DVN,Devon Energy Corporation Common Stock,NYSE,False
DVND,Touchstone Dividend Select ETF,NYSE Arca,True
DVOL,First Trust Dorsey Wright Momentum & Low Volatility ETF,NASDAQ,True
DVQQ,WEBs QQQ Defined Volatility ETF,NASDAQ,True
DVRE,WEBs Real Estate XLRE Defined Volatility ETF,NASDAQ,True
DVSP,WEBs SPY Defined Volatility ETF,NASDAQ,True
DVUT,WEBs Utilities XLU Defined Volatility ETF,NASDAQ,True
DVVY,Invesco Diversified Dividend Opportunities ETF,Cboe BZX,True
DVXB,WEBs Materials XLB Defined Volatility ETF,NASDAQ,True
DVXC,WEBs Communication Services XLC Defined Volatility ETF,NASDAQ,True
DVXE,WEBs Energy XLE Defined Volatility ETF,NASDAQ,True
DVXF,WEBs Financial XLF Defined Volatility ETF,NASDAQ,True
DVXK,WEBs Technology XLK Defined Volatility ETF,NASDAQ,True
DVXP,WEBs Consumer Staples XLP Defined Volatility ETF,NASDAQ,True
DVXV,WEBs Health Care XLV Defined Volatility ETF,NASDAQ,True
DVXY,WEBs Consumer Discretionary XLY Defined Volatility ETF,NASDAQ,True
DVY,iShares Select Dividend ETF,NASDAQ,True
DVYA,iShares Asia / Pacific Dividend 30 Index Fund Exchange Traded Fund,NYSE Arca,True
DVYE,iShares Emerging Markets Dividend Index Fund Exchange Traded Fund,NYSE Arca,True
DWAS,Invesco Dorsey Wright SmallCap Momentum ETF,NASDAQ,True
DWAW,AdvisorShares Dorsey Wright FSM All Cap World ETF,NASDAQ,True
DWLD,Davis Select Worldwide ETF,Cboe BZX,True
DWM,WisdomTree International Equity Fund,NYSE Arca,True
DWMF,WisdomTree International Multifactor Fund,NYSE Arca,True
DWSH,AdvisorShares Dorsey Wright Short ETF,NASDAQ,True
DWSN,Dawson Geophysical Company - Common Stock,NASDAQ,False
DWTX,"Dogwood Therapeutics, Inc.  - Common Stock",NASDAQ,False
DWUS,AdvisorShares Dorsey Wright FSM US Core ETF,NASDAQ,True
DWWN,Principal Long Duration ETF,Cboe BZX,True
DWX,State Street SPDR S&P International Dividend ETF,NYSE Arca,True
DX,"Dynex Capital, Inc. Common Stock",NYSE,False
DX$C,"Dynex Capital, Inc. 6.900% Series C Fixed-to-Floating Rate Cumulative Redeemable Preferred Stock",NYSE,False
DXC,DXC Technology Company Common Stock,NYSE,False
DXCM,"DexCom, Inc. - Common Stock",NASDAQ,False
DXD,ProShares UltraShort Dow30,NYSE Arca,True
DXF,"Eason Technology Limited American Depositary Shares (each representing sixty-thousand (60,000) Ordinary Shares)",NYSE American,False
DXIV,Dimensional International Vector Equity ETF,NYSE Arca,True
DXJ,WisdomTree Japan Hedged Equity Fund,NYSE Arca,True
DXLG,"Destination XL Group, Inc. - Common Stock",NASDAQ,False
DXPE,"DXP Enterprises, Inc. - Common Stock",NASDAQ,False
DXR,Daxor Corporation - Closed End Fund,NASDAQ,False
DXST,Decent Holding Inc. - Class A Ordinary Shares,NASDAQ,False
DXUV,Dimensional US Vector Equity ETF,NYSE Arca,True
DXYZ,Destiny Tech100 Inc. Common Stock,NYSE,False
DY,"Dycom Industries, Inc. Common Stock",NYSE,False
DYAI,"Dyadic International, Inc. - Common Stock",NASDAQ,False
DYFI,IDX Dynamic Fixed Income ETF,NASDAQ,True
DYLD,LeaderShares Dynamic Yield ETF,NYSE Arca,True
DYLG,Global X Dow 30 Covered Call & Growth ETF,NYSE Arca,True
DYN,"Dyne Therapeutics, Inc. - Common Stock",NASDAQ,False
DYNB,Hartford Dynamic Bond ETF,NASDAQ,True
DYNC,Dynamix Corporation - Class A Ordinary Share,NASDAQ,False
DYNCU,Dynamix Corporation - Unit,NASDAQ,False
DYNCW,Dynamix Corporation - Warrant,NASDAQ,False
DYNF,iShares U.S. Equity Factor Rotation Active ETF,NYSE Arca,True
DYOR,Insight Digital Partners II - Class A Ordinary Shares,NASDAQ,False
DYORU,Insight Digital Partners II - Units,NASDAQ,False
DYORW,Insight Digital Partners II - Warrants,NASDAQ,False
DYTA,SGI Dynamic Tactical ETF,NASDAQ,True
DZZ,"DB Gold Double Short ETN due February 15, 2038",NYSE Arca,False
E,ENI S.p.A. Common Stock,NYSE,False
EA,Electronic Arts Inc. - Common Stock,NASDAQ,False
EAD,Allspring Income Opportunities Fund Common Shares,NYSE American,False
EAF,GrafTech International Ltd. Common Stock,NYSE,False
EAFG,Pacer Developed Markets Cash Cows Growth Leaders ETF,NYSE Arca,True
EAGG,iShares ESG Aware U.S. Aggregate Bond ETF,NYSE Arca,True
EAGL,Eagle Capital Select Equity ETF,NYSE Arca,True
EAI,"Entergy Arkansas, LLC First Mortgage Bonds, 4.875% Series Due September 1, 2066",NYSE,False
EALT,Innovator U.S. Equity 5 to 15 Buffer ETF - Quarterly,Cboe BZX,True
EAOA,iShares ESG Aware 80/20 Aggressive Allocation ETF,Cboe BZX,True
EAOK,iShares ESG Aware 30/70 Conservative Allocation ETF,Cboe BZX,True
EAOM,iShares ESG Aware 40/60 Moderate Allocation ETF,Cboe BZX,True
EAOR,iShares ESG Aware 60/40 Balanced Allocation ETF,Cboe BZX,True
EAPR,Innovator Emerging Markets Power Buffer ETF April,NYSE Arca,True
EARN,Ellington Credit Company Common Shares of Beneficial Interest,NYSE,False
EART,Global X Rare Earth & Critical Materials ETF,NASDAQ,True
EASG,Xtrackers MSCI EAFE Selection Equity ETF,NYSE Arca,True
EASY,Liberty One Defensive Dividend Growth ETF,NASDAQ,True
EAT,"Brinker International, Inc. Common Stock",NYSE,False
EBAY,eBay Inc. - Common Stock,NASDAQ,False
EBC,"Eastern Bankshares, Inc. - Common Stock",NASDAQ,False
EBF,"Ennis, Inc. Common Stock",NYSE,False
EBI,Longview Advantage ETF,NASDAQ,True
EBIT,Harbor AlphaEdge Small Cap Earners ETF,NYSE Arca,True
EBIZ,Global X E-commerce ETF,NASDAQ,True
EBMT,"Eagle Bancorp Montana, Inc. - Common Stock",NASDAQ,False
EBND,State Street SPDR Bloomberg Emerging Markets Local Bond ETF,NYSE Arca,True
EBON,Ebang International Holdings Inc. - Class A Ordinary Shares,NASDAQ,False
EBS,Emergent BioSolutions Inc. Common Stock,NYSE,False
EBUF,Innovator Emerging Markets 10 Buffer ETF - Quarterly,NYSE Arca,True
EC,Ecopetrol S.A. American Depositary Shares,NYSE,False
ECAT,BlackRock ESG Capital Allocation Term Trust Common Shares of Beneficial Interest,NYSE,False
ECBK,"ECB Bancorp, Inc. - Common Stock",NASDAQ,False
ECC,Eagle Point Credit Company Common Share of Beneficial Interest,NYSE,False
ECC$D,Eagle Point Credit Company 6.75% Series D Preferred Stock,NYSE,False
ECCC,Eagle Point Credit Company 6.50% Series C Term Preferred Stock due 2031,NYSE,False
ECCU,Eagle Point Credit Company 7.75% Notes due 2030,NYSE,False
ECCV,Eagle Point Credit Company 5.375% Notes due 2029,NYSE,False
ECF,Ellsworth Growth and Income Fund Ltd.,NYSE American,False
ECF$A,Ellsworth Growth and Income Fund Ltd. 5.25% Series A Cumulative Preferred Shares (Liquidation Preference $25.00 per share),NYSE American,False
ECG,"Everus Construction Group, Inc. Common Stock",NYSE,False
ECH,iShares MSCI Chile ETF,Cboe BZX,True
ECHO,EchoStar Corporation - Common stock,NASDAQ,False
ECHX,Leverage Shares 2X Long ECHO Daily ETF,NASDAQ,True
ECL,Ecolab Inc. Common Stock,NYSE,False
ECML,Euclidean Fundamental Value ETF,NYSE Arca,True
ECNS,iShares MSCI China Small-Cap ETF,NYSE Arca,True
ECO,Okeanis Eco Tankers Corp. Common Stock,NYSE,False
ECON,Columbia Research Enhanced Emerging Economies ETF,NYSE Arca,True
ECOR,"electroCore, Inc. - Common Stock",NASDAQ,False
ECOW,Pacer Emerging Markets Cash Cows 100 ETF,NASDAQ,True
ECPG,Encore Capital Group Inc - Common Stock,NASDAQ,False
ECVT,Ecovyst Inc. Common Stock,NYSE,False
ECX,ECARX Holdings Inc. - Class A Ordinary shares,NASDAQ,False
ECXWW,ECARX Holdings Inc. - Warrants,NASDAQ,False
ED,"Consolidated Edison, Inc. Common Stock",NYSE,False
EDBL,Edible Garden AG Incorporated - Common Stock,NASDAQ,False
EDBLW,Edible Garden AG Incorporated - Warrant,NASDAQ,False
EDC,Direxion Emerging Markets Bull 3X ETF,NYSE Arca,True
EDD,"Morgan Stanley Emerging Markets Domestic Debt Fund, Inc. Common Stock",NYSE,False
EDEN,iShares MSCI Denmark ETF,Cboe BZX,True
EDF,Virtus Stone Harbor Emerging Markets Income Fund Common Shares of Beneficial Interest,NYSE,False
EDGE,MRBL Enhanced Equity ETF,Cboe BZX,True
EDGF,3EDGE Dynamic Fixed Income ETF,NYSE Arca,True
EDGH,3EDGE Dynamic Hard Assets ETF,NYSE Arca,True
EDGI,3EDGE Dynamic International Equity ETF,NYSE Arca,True
EDGQ,Global X Nasdaq-100 Income Edge ETF,NYSE Arca,True
EDGU,3EDGE Dynamic US Equity ETF,NYSE Arca,True
EDGX,Global X U.S. 500 Income Edge ETF,NYSE Arca,True
EDHL,Everbright Digital Holding Limited - Ordinary Shares,NASDAQ,False
EDIT,"Editas Medicine, Inc. - Common Stock",NASDAQ,False
EDIV,State Street SPDR S&P Emerging Markets Dividend ETF,NYSE Arca,True
EDN,Empresa Distribuidora Y Comercializadora Norte S.A. (Edenor) American Depositary Shares,NYSE,False
EDOG,ALPS Emerging Sector Dividend Dogs ETF,NYSE Arca,True
EDOW,First Trust Dow 30 Equal Weight ETF,NYSE Arca,True
EDRY,EuroDry Ltd. - Common Shares,NASDAQ,False
EDSA,"Edesa Biotech, Inc. - Common Shares",NASDAQ,False
EDTK,Skillful Craftsman Education Technology Limited - Ordinary Share,NASDAQ,False
EDU,"New Oriental Education & Technology Group, Inc. Sponsored ADR representing 10 Ordinary Share (Cayman Islands)",NYSE,False
EDUC,Educational Development Corporation - Common Stock,NASDAQ,False
EDV,Vanguard Extended Duration Treasury ETF,NYSE Arca,True
EDZ,Direxion Emerging Markets Bear 3X ETF,NYSE Arca,True
EE,"Excelerate Energy, Inc. Class A Common Stock",NYSE,False
EEA,"The European Equity Fund, Inc. Common Stock",NYSE,False
EEE,CYBER HORNET S&P 500 and Ethereum 75/25 Strategy ETF,NASDAQ,True
EEFT,"Euronet Worldwide, Inc. - Common Stock",NASDAQ,False
EEIQ,EpicQuest Education Group International Limited - Common Stock,NASDAQ,False
EELV,Invesco S&P Emerging Markets Low Volatility ETF,NYSE Arca,True
EEM,iShares MSCI Emerging Index Fund,NYSE Arca,True
EEMA,iShares MSCI Emerging Markets Asia ETF,NASDAQ,True
EEMO,Invesco S&P Emerging Markets Momentum ETF,NYSE Arca,True
EEMS,iShares MSCI Emerging Markets Small Cap ETF,NYSE Arca,True
EEMV,iShares MSCI Emerging Markets Min Vol Factor ETF,Cboe BZX,True
EEMX,State Street SPDR MSCI Emerging Markets Fossil Fuel Reserves Free ETF,NYSE Arca,True
EES,WisdomTree U.S. SmallCap Fund,NYSE Arca,True
EET,ProShares Ultra MSCI Emerging Markets,NYSE Arca,True
EETH,ProShares Ether ETF,NYSE Arca,True
EEV,ProShares UltraShort MSCI Emerging Markets,NYSE Arca,True
EFA,iShares MSCI EAFE ETF,NYSE Arca,True
EFAA,Invesco MSCI EAFE Income Advantage ETF,NYSE Arca,True
EFAD,ProShares MSCI EAFE Dividend Growers ETF,Cboe BZX,True
EFAS,Global X MSCI SuperDividend EAFE ETF,NASDAQ,True
EFAV,iShares MSCI EAFE Min Vol Factor ETF,Cboe BZX,True
EFAX,State Street SPDR MSCI EAFE Fossil Fuel Reserves Free ETF,NYSE Arca,True
EFC,Ellington Financial Inc. Common Stock,NYSE,False
EFC$B,Ellington Financial Inc. 6.250% Series B Fixed-Rate Reset Cumulative Redeemable Preferred Stock,NYSE,False
EFC$C,Ellington Financial Inc. 8.625% Series C Fixed-Rate Reset Cumulative Redeemable Preferred Stock,NYSE,False
EFC$D,Ellington Financial Inc. 7.00% Series D Cumulative Perpetual Redeemable Preferred Stock,NYSE,False
EFFE,Harbor Osmosis Emerging Markets Resource Efficient ETF,NYSE Arca,True
EFFI,Harbor Osmosis International Resource Efficient ETF,NYSE Arca,True
EFG,iShares MSCI EAFE Growth ETF,Cboe BZX,True
EFIV,State Street SPDR S&P 500 ESG ETF,NYSE Arca,True
EFNL,iShares MSCI Finland ETF,Cboe BZX,True
EFO,ProShares Ultra MSCI EAFE,NYSE Arca,True
EFOI,"Energy Focus, Inc. - Common Stock",NASDAQ,False
EFOR,"Everforth, Inc. Common Stock",NYSE,False
EFR,Eaton Vance Senior Floating-Rate Fund Common Shares of Beneficial Interest,NYSE,False
EFRA,iShares Environmental Infrastructure and Industrials ETF,NASDAQ,True
EFSC,Enterprise Financial Services Corporation - Common Stock,NASDAQ,False
EFSCP,"Enterprise Financial Services Corporation - Depositary Shares Each Representing a 1/40th Interest in a Share of 5% Fixed Rate Non-Cumulative Perpetual Preferred Stock, Series A",NASDAQ,False
EFSI,Eagle Financial Services Inc - Common Stock,NASDAQ,False
EFT,Eaton Vance Floating Rate Income Trust Common Shares of Beneficial Interest,NYSE,False
EFTY,"Etoiles Capital Group Co., Ltd. - Class A Ordinary Shares",NASDAQ,False
EFU,ProShares UltraShort MSCI EAFE,NYSE Arca,True
EFV,iShares MSCI EAFE Value ETF,Cboe BZX,True
EFX,"Equifax, Inc. Common Stock",NYSE,False
EFXT,Enerflex Ltd Common Shares,NYSE,False
EFZ,ProShares Short MSCI EAFE,NYSE Arca,True
EG,"Everest Group, Ltd. Common Stock",NYSE,False
EGAN,eGain Corporation - Common Stock,NASDAQ,False
EGBN,"Eagle Bancorp, Inc. - Common Stock",NASDAQ,False
EGG,Enigmatig Limited Class A Ordinary Shares,NYSE American,False
EGGQ,NestYield Visionary ETF,NASDAQ,True
EGGS,NestYield Total Return Guard ETF,NYSE Arca,True
EGGY,NestYield Dynamic Income ETF,NYSE Arca,True
EGHA,EGH Acquisition Corp. - Class A ordinary shares,NASDAQ,False
EGHAR,EGH Acquisition Corp. - rights,NASDAQ,False
EGHAU,EGH Acquisition Corp. - Unit,NASDAQ,False
EGHT,8x8 Inc - Common stock,NASDAQ,False
EGLE,Global X S&P 500 U.S. Revenue Leaders ETF,NYSE Arca,True
EGO,Eldorado Gold Corporation Ordinary Shares,NYSE,False
EGP,"EastGroup Properties, Inc. Common Stock",NYSE,False
EGUS,iShares ESG Aware MSCI USA Growth ETF,Cboe BZX,True
EGY,"VAALCO Energy, Inc.  Common Stock",NYSE,False
EH,EHang Holdings Limited - ADS,NASDAQ,False
EHC,Encompass Health Corporation Common Stock,NYSE,False
EHCC,Global X Ethereum Covered Call ETF,Cboe BZX,True
EHGO,Eshallgo Inc. - Class A Ordinary Shares,NASDAQ,False
EHI,Western Asset Global High Income Fund Inc Common Stock,NYSE,False
EHLD,Euroholdings Ltd. - Common Stock,NASDAQ,False
EHLS,Even Herd Long Short ETF,NASDAQ,True
EHTH,"eHealth, Inc. - Common Stock",NASDAQ,False
EHY,Amplify Ethereum Max Income Covered Call ETF,Cboe BZX,True
EIC,Eagle Point Income Company Inc. Common Stock,NYSE,False
EICA,Eagle Point Income Company Inc. 5.00% Series A Term Preferred Stock due 2026,NYSE,False
EIDO,iShares MSCI Indonesia ETF,NYSE Arca,True
EIG,Employers Holdings Inc Common Stock,NYSE,False
EIIA,Eagle Point Institutional Income Fund 8.125% Series A Term Preferred Shares Due 2029,NYSE,False
EIKN,"Eikon Therapeutics, Inc. - Common Stock",NASDAQ,False
EIM,"Eaton Vance Municipal Bond Fund Common Shares of Beneficial Interest, $.01 par value",NYSE American,False
EINC,VanEck Energy Income ETF,NYSE Arca,True
EIPI,FT Energy Income Partners Enhanced Income ETF,NYSE Arca,True
EIPX,FT Energy Income Partners Strategy ETF,NYSE Arca,True
EIRL,iShares MSCI Ireland ETF,NYSE Arca,True
EIS,iShares MSCI Israel ETF,NYSE Arca,True
EIX,Edison International Common Stock,NYSE,False
EJAN,Innovator Emerging Markets Power Buffer ETF January,NYSE Arca,True
EJH,E-Home Household Service Holdings Limited - Ordinary shares,NASDAQ,False
EJUL,Innovator Emerging Markets Power Buffer ETF July,NYSE Arca,True
EKG,First Trust Nasdaq Lux Digital Health Solutions ETF,NASDAQ,True
EL,"Estee Lauder Companies, Inc. (The) Common Stock",NYSE,False
ELA,Envela Corporation Common Stock,NYSE American,False
ELAB,PMGC Holdings Inc. - Common Stock,NASDAQ,False
ELAN,Elanco Animal Health Incorporated Common Stock,NYSE,False
ELBM,Electra Battery Materials Corporation - Common Stock,NASDAQ,False
ELC,"Entergy Louisiana, Inc. Collateral Trust Mortgage Bonds, 4.875 % Series due September 1, 2066",NYSE,False
ELCV,Strategy Shares Eventide High Dividend ETF,NYSE Arca,True
ELD,WisdomTree Emerging Markets Local Debt Fund,NYSE Arca,True
ELDN,"Eledon Pharmaceuticals, Inc. - Common Stock",NASDAQ,False
ELE,Elemental Royalty Corporation - Common Stock,NASDAQ,False
ELF,"e.l.f. Beauty, Inc. Common Stock",NYSE,False
ELFY,ALPS Electrification Infrastructure ETF,NASDAQ,True
ELIL,Direxion Daily LLY Bull 2X ETF,NASDAQ,True
ELLA,Ellington Credit Company 8.50% Notes due 2031,NYSE,False
ELLO,Ellomay Capital Ltd Ordinary Shares (Israel),NYSE American,False
ELM,Elm Market Navigator ETF,NYSE Arca,True
ELMD,"Electromed, Inc. Common Stock",NYSE American,False
ELME,Elme Communities Common Stock,NYSE,False
ELMT,The Elmet Group Co. - Common Stock,NASDAQ,False
ELOG,Eastern International Ltd. - Ordinary Shares,NASDAQ,False
ELOX,"Eloxx Pharmaceuticals, Inc. - Common Stock",NASDAQ,False
ELPC,Companhia Paranaense de Energia (COPEL) American Depositary Shares (each representing four (4) Common Shares),NYSE,False
ELPW,Elong Power Holding Limited - Class A Ordinary Shares,NASDAQ,False
ELS,"Equity Lifestyle Properties, Inc. Common Stock",NYSE,False
ELSE,"Electro-Sensors, Inc. - Common Stock",NASDAQ,False
ELTK,Eltek Ltd. - Ordinary Shares,NASDAQ,False
ELTX,"Elicio Therapeutics, Inc. - Common Stock",NASDAQ,False
ELUT,"Elutia, Inc. - Class A Common Stock",NASDAQ,False
ELV,"Elevance Health, Inc. Common Stock",NYSE,False
ELVA,Electrovaya Inc. - Common Shares,NASDAQ,False
ELVN,"Enliven Therapeutics, Inc.  - Common Stock",NASDAQ,False
ELVR,Elevra Lithium Limited - American Depository Shares,NASDAQ,False
ELWT,"Elauwit Connection, Inc. - Common Stock",NASDAQ,False
EMA,Emera Incorporated Common Shares,NYSE,False
EMAT,Evolution Metals & Technologies Corp. - Common Stock,NASDAQ,False
EMB,iShares J.P. Morgan USD Emerging Markets Bond ETF,NASDAQ,True
EMBC,Embecta Corp. - Common Stock,NASDAQ,False
EMBD,Global X Emerging Markets Bond ETF,NYSE Arca,True
EMBJ,Embraer S.A. Common Stock,NYSE,False
EMBX,VanEck Emerging Markets Bond ETF,NYSE Arca,True
EMC,Global X Emerging Markets Great Consumer ETF,NYSE Arca,True
EMCB,WisdomTree Emerging Markets Corporate Bond Fund,NASDAQ,True
EMCR,Xtrackers Emerging Markets Carbon Reduction and Climate Improvers ETF,NYSE Arca,True
EMCS,Xtrackers MSCI Emerging Markets Select ETF,NYSE Arca,True
EMD,Western Asset Emerging Markets Debt Fund Inc Common Stock,NYSE,False
EMDM,First Trust Bloomberg Emerging Market Democracies ETF,NYSE Arca,True
EMDV,ProShares MSCI Emerging Markets Dividend Growers ETF,Cboe BZX,True
EME,"EMCOR Group, Inc. Common Stock",NYSE,False
EMEM,Sophus Capital Emerging Market ETF,NASDAQ,True
EMEQ,Nomura Focused Emerging Markets Equity ETF,NASDAQ,True
EMES,Harbor Emerging Markets Select ETF,NYSE Arca,True
EMET,VanEck Copper and Electrification Metals ETF,NYSE Arca,True
EMF,Templeton Emerging Markets Fund Common Stock,NYSE,False
EMFI,Pictet Emerging Markets Debt ETF,NYSE Arca,True
EMGF,iShares Emerging Markets Equity Factor ETF,Cboe BZX,True
EMHC,State Street SPDR Bloomberg Emerging Markets USD Bond ETF,NYSE Arca,True
EMHY,iShares J.P. Morgan EM High Yield Bond ETF,Cboe BZX,True
EMIF,iShares Emerging Markets Infrastructure ETF,NASDAQ,True
EMIS,Emmis Acquisition Corp. - Class A Ordinary Share,NASDAQ,False
EMISR,Emmis Acquisition Corp. - Rights,NASDAQ,False
EMJL,Corgi Emerging Markets Equities 15% Structured Buffer ETF - July Series,Cboe BZX,True
EMJN,Corgi Emerging Markets Equities 15% Structured Buffer ETF - June Series,Cboe BZX,True
EMKT,Lazard Emerging Markets Opportunities ETF,NYSE Arca,True
EML,Eastern Company (The) - Common Stock,NASDAQ,False
EMLC,VanEck J. P. Morgan EM Local Currency Bond ET,NYSE Arca,True
EMLP,First Trust North American Energy Infrastructure Fund,NYSE Arca,True
EMM,Global X Emerging Markets ex-China ETF,NYSE Arca,True
EMMF,WisdomTree Emerging Markets Multifactor Fund,NYSE Arca,True
EMMY,Corgi Emerging Markets Equities 15% Structured Buffer ETF - May Series,Cboe BZX,True
EMN,Eastman Chemical Company Common Stock,NYSE,False
EMNT,PIMCO Enhanced Short Maturity Active ESG Exchange-Traded Fund,NYSE Arca,True
EMO,ClearBridge Energy Midstream Opportunity Fund Inc. Common Stock,NYSE,False
EMOP,AB Emerging Markets Opportunities ETF,NYSE Arca,True
EMOT,First Trust S&P 500 Economic Moat ETF,NYSE Arca,True
EMP,"Entergy Mississippi, LLC First Mortgage Bonds, 4.90% Series Due October 1, 2066",NYSE,False
EMPB,Efficient Market Portfolio Plus ETF,NYSE Arca,True
EMPD,Empery Digital Inc. - Common stock,NASDAQ,False
EMQQ,EMQQ The Emerging Markets Internet ETF,NYSE Arca,True
EMR,Emerson Electric Company Common Stock,NYSE,False
EMSC,Sophus Capital Emerging Market Small Cap ETF,NASDAQ,True
EMSF,Matthews Emerging Markets Sustainable Future Active ETF,NYSE Arca,True
EMTY,ProShares Decline of the Retail Store ETF,NYSE Arca,True
EMXC,iShares MSCI Emerging Markets ex China ETF,NASDAQ,True
EMXF,iShares ESG Advanced MSCI EM ETF,NASDAQ,True
EMXX,Corgi Emerging Markets 2x Daily ETF,Cboe BZX,True
ENB,Enbridge Inc Common Stock,NYSE,False
ENDW,Cambria Endowment Style ETF,NASDAQ,True
ENFR,Alerian Energy Infrastructure ETF,NYSE Arca,True
ENGN,enGene Therapeutics Inc. - Common Stock,NASDAQ,False
ENGNW,enGene Therapeutics Inc. - Warrants,NASDAQ,False
ENGS,Energys Group Limited - Ordinary Shares,NASDAQ,False
ENHA,Enhanced Group Inc. Class A Common Stock,NYSE,False
ENHI,iShares Enhanced International Active ETF,NASDAQ,True
ENHU,iShares Enhanced Large Cap Core Active ETF,NASDAQ,True
ENIC,Enel Chile S.A. American Depositary Shares (Each representing 50 shares of Common Stock),NYSE,False
ENJ,"Entergy New Orleans, LLC First Mortgage Bonds, 5.0% Series due December 1, 2052",NYSE,False
ENLT,Enlight Renewable Energy Ltd. - Ordinary Shares,NASDAQ,False
ENLV,Enlivex Ltd. - Ordinary Shares,NASDAQ,False
ENO,"Entergy New Orleans, LLC First Mortgage Bonds, 5.50% Series due April 1, 2066",NYSE,False
ENOR,iShares MSCI Norway ETF,Cboe BZX,True
ENOV,Enovis Corporation Common Stock,NYSE,False
ENPH,"Enphase Energy, Inc. - Common Stock",NASDAQ,False
ENR,"Energizer Holdings, Inc. Common Stock",NYSE,False
ENRD,Einride AB - American Depositary Shares,NASDAQ,False
ENRDW,Einride AB - Warrants,NASDAQ,False
ENS,EnerSys Common Stock,NYSE,False
ENSC,"Ensysce Biosciences, Inc. - Common Stock",NASDAQ,False
ENSG,"The Ensign Group, Inc. - Common Stock",NASDAQ,False
ENTA,"Enanta Pharmaceuticals, Inc. - Common Stock",NASDAQ,False
ENTG,"Entegris, Inc. - Common Stock",NASDAQ,False
ENTL,Leverage Shares 2X Long ENTG Daily ETF,Cboe BZX,True
ENTX,Entera Bio Ltd. - Ordinary Shares,NASDAQ,False
ENVA,"Enova International, Inc. Common Stock",NYSE,False
ENVB,"Enveric Biosciences, Inc.  - Common Stock",NASDAQ,False
ENVX,Enovix Corporation - Common Stock,NASDAQ,False
ENZL,iShares MSCI New Zealand ETF,NASDAQ,True
EO,Corgi EOSE 2x Daily ETF,Cboe BZX,True
EOCT,Innovator Emerging Markets Power Buffer ETF - October,NYSE Arca,True
EOD,Allspring Global Dividend Opportunity Fund Common Shares of Beneficial Interest,NYSE,False
EOG,"EOG Resources, Inc. Common Stock",NYSE,False
EOI,Eaton Vance Enhance Equity Income Fund Eaton Vance Enhanced Equity Income Fund Shares of Beneficial Interest,NYSE,False
EOLS,"Evolus, Inc. - Common Stock",NASDAQ,False
EONR,EON Resources Inc. Class A Common Stock,NYSE American,False
EONR.W,"EON Resources Inc. Warrants, each whole warrant exercisable for three quarters of one share of Class A Common Stock at an exercise price of $11.50 per whole share",NYSE American,False
EOS,Eaton Vance Enhance Equity Income Fund II Common Stock,NYSE,False
EOSE,"Eos Energy Enterprises, Inc. - Common Stock",NASDAQ,False
EOSU,T-REX 2X Long EOSE Daily Target ETF,Cboe BZX,True
EOT,Eaton Vance Municipal Income Trust EATON VANCE NATIONAL MUNICIPAL OPPORTUNITIES TRUST,NYSE,False
EP,Empire Petroleum Corporation Common Stock,NYSE American,False
EP$C,El Paso Corporation Preferred Stock,NYSE,False
EPAC,Enerpac Tool Group Corp. Common Stock,NYSE,False
EPAI,Harbor AI Inflection Strategy ETF,NYSE Arca,True
EPAM,"EPAM Systems, Inc. Common Stock",NYSE,False
EPC,Edgewell Personal Care Company Common Stock,NYSE,False
EPD,Enterprise Products Partners L.P. Common Stock,NYSE,False
EPEM,Harbor Emerging Markets Equity ETF,NYSE Arca,True
EPHE,iShares MSCI Philippines ETF,NYSE Arca,True
EPI,WisdomTree India Earnings Fund,NYSE Arca,True
EPIN,Harbor International Equity ETF,NYSE Arca,True
EPM,"Evolution Petroleum Corporation, Inc. Common Stock",NYSE American,False
EPMB,Harbor Mid Cap Core ETF,NYSE Arca,True
EPMV,Harbor Mid Cap Value ETF,NYSE Arca,True
EPOL,iShares MSCI Poland ETF,NYSE Arca,True
EPOW,E-Power Inc. - Class A Ordinary Shares,NASDAQ,False
EPP,iShares MSCI Pacific Ex-Japan Index Fund,NYSE Arca,True
EPR,EPR Properties Common Stock,NYSE,False
EPR$C,EPR Properties 5.75% Series C Cumulative Convertible Preferred Shares,NYSE,False
EPR$E,EPR Properties Series E Cumulative Conv Pfd Shs Ser E,NYSE,False
EPR$G,EPR Properties 5.750% Series G Cumulative Redeemable Preferred Shares,NYSE,False
EPRF,Innovator S&P Investment Grade Preferred ETF,Cboe BZX,True
EPRT,"Essential Properties Realty Trust, Inc. Common Stock",NYSE,False
EPRX,Eupraxia Pharmaceuticals Inc. - Common Stock,NASDAQ,False
EPS,WisdomTree U.S. LargeCap Fund,NYSE Arca,True
EPSB,Harbor SMID Cap Core ETF,NYSE Arca,True
EPSM,Epsium Enterprise Limited - Class A Ordinary Shares,NASDAQ,False
EPSN,Epsilon Energy Ltd. - Common Shares,NASDAQ,False
EPSV,Harbor SMID Cap Value ETF,NYSE Arca,True
EPU,iShares MSCI Peru and Global Exposure ETF,NYSE Arca,True
EPV,ProShares UltraShort FTSE Europe ETF,NYSE Arca,True
EQ,"Equillium, Inc. - Common Stock",NASDAQ,False
EQAL,Invesco Russell 1000 Equal Weight ETF,NYSE Arca,True
EQBK,"Equity Bancshares, Inc. Class A Common Stock",NYSE,False
EQH,"Equitable Holdings, Inc. Common Stock",NYSE,False
EQH$A,"Equitable Holdings, Inc. Depositary Shares",NYSE,False
EQH$C,"Equitable Holdings, Inc. Depositary Shares, each representing a 1/1,000th interest in a share of Fixed Rate Noncumulative Perpetual Preferred Stock, Series C",NYSE,False
EQIN,Columbia U.S. Equity Income ETF,NYSE Arca,True
EQIX,"Equinix, Inc. - Common Stock",NASDAQ,False
EQL,ALPS Equal Sector Weight ETF,NYSE Arca,True
EQLT,iShares MSCI Emerging Markets Quality Factor ETF,Cboe BZX,True
EQNR,Equinor ASA,NYSE,False
EQPT,EquipmentShare.com Inc - Class A Common Stock,NASDAQ,False
EQQQ,ProShares Ultra QQQ Equal Weight,NASDAQ,True
EQR,Equity Residential Common Shares of Beneficial Interest,NYSE,False
EQRR,ProShares Equities for Rising Rates ETF,NASDAQ,True
EQS,"Equus Total Return, Inc. Common Stock",NYSE,False
EQT,EQT Corporation Common Stock,NYSE,False
EQTY,Kovitz Core Equity ETF,NYSE Arca,True
EQWL,Invesco S&P 100 Equal Weight ETF,NYSE Arca,True
EQX,Equinox Gold Corp. Common Shares,NYSE American,False
ERAS,"Erasca, Inc. - Common Stock",NASDAQ,False
ERC,Allspring Multi-Sector Income Fund Common Stock,NYSE American,False
ERET,iShares Environmentally Aware Real Estate ETF,NASDAQ,True
ERH,Allspring Utilities and High Income Fund Common Shares,NYSE American,False
ERIC,Ericsson - American Depositary Shares each representing 1 underlying Class B share,NASDAQ,False
ERIE,Erie Indemnity Company - Class A Common Stock,NASDAQ,False
ERII,"Energy Recovery, Inc. - Common Stock",NASDAQ,False
ERNA,Ernexa Therapeutics Inc. - Common Stock,NASDAQ,False
ERNAW,Ernexa Therapeutics Inc. - Warrants,NASDAQ,False
ERO,Ero Copper Corp. Common Shares,NYSE,False
EROC,"ERock, Inc. Class A Common Stock",NYSE,False
EROK,"EagleRock Land, LLC Class A shares representing limited liability company interests",NYSE,False
ERTH,Invesco MSCI Sustainable Future ETF,NYSE Arca,True
ERX,Direxion Energy Bull 2X ETF,NYSE Arca,True
ERY,Direxion Daily Energy Bear 2X ETF,NYSE Arca,True
ES,Eversource Energy (D/B/A) Common Stock,NYSE,False
ESAB,ESAB Corporation Common Stock,NYSE,False
ESBA,"Empire State Realty OP, L.P. Series ES Operating Partnership Units Representing Limited Partnership Interests",NYSE Arca,False
ESBG,"First Trust Enhanced Stocks, Bonds & Gold ETF",NYSE Arca,True
ESCA,"Escalade, Incorporated - Common Stock",NASDAQ,False
ESE,ESCO Technologies Inc. Common Stock,NYSE,False
ESEA,Euroseas Ltd. - Common Stock,NASDAQ,False
ESG,FlexShares STOXX US ESG Select Index Fund,Cboe BZX,True
ESGD,iShares ESG Aware MSCI EAFE ETF,NASDAQ,True
ESGE,iShares ESG Aware MSCI EM ETF,NASDAQ,True
ESGG,FlexShares STOXX Global ESG Select Index Fund,Cboe BZX,True
ESGU,iShares ESG Aware MSCI USA ETF,NASDAQ,True
ESGV,Vanguard ESG U.S. Stock ETF,Cboe BZX,True
ESI,Element Solutions Inc. Common Stock,NYSE,False
ESIM,Eventide International ETF,NYSE Arca,True
ESLA,"Estrella Immunopharma, Inc. - Common Stock",NASDAQ,False
ESLAW,"Estrella Immunopharma, Inc. - Warrant",NASDAQ,False
ESLG,Eventide Large Cap Growth ETF,NYSE Arca,True
ESLT,Elbit Systems Ltd. - Ordinary Shares,NASDAQ,False
ESLV,Eventide Large Cap Value ETF,NYSE Arca,True
ESML,iShares ESG Aware MSCI USA Small-Cap ETF,Cboe BZX,True
ESMV,iShares ESG Optimized MSCI USA Min Vol Factor ETF,NASDAQ,True
ESN,Essential 40 Stock ETF,NASDAQ,True
ESNT,Essent Group Ltd. Common Shares,NYSE,False
ESOA,Energy Services of America Corporation - Common Stock,NASDAQ,False
ESP,Espey Mfg. & Electronics Corp. Common Stock,NYSE American,False
ESPO,VanEck Video Gaming and eSports ETF,NASDAQ,True
ESQ,"Esquire Financial Holdings, Inc. - Common Stock",NASDAQ,False
ESRT,"Empire State Realty Trust, Inc. Class A Common Stock",NYSE,False
ESS,"Essex Property Trust, Inc. Common Stock",NYSE,False
ESSC,Eventide Small Cap ETF,NYSE Arca,True
ESTA,Establishment Labs Holdings Inc. - Common Shares,NASDAQ,False
ESTC,Elastic N.V. Ordinary Shares,NYSE,False
ESUM,Eventide US Market ETF,NYSE Arca,True
ET,Energy Transfer LP Common Units,NYSE,False
ET$I,Energy Transfer L.P. Series I Fixed Rate Perpetual Preferred Units,NYSE,False
ETB,Eaton Vance Tax-Managed Buy-Write Income Fund Eaton Vance Tax-Managed Buy-Write Income Fund Common Shares of Beneficial Interest,NYSE,False
ETCO,Grayscale Ethereum Covered Call ETF,NYSE Arca,True
ETD,Ethan Allen Interiors Inc. Common Stock,NYSE,False
ETEC,iShares Breakthrough Environmental Solutions ETF,NASDAQ,True
ETFT,Fundsmith Equity ETF,NYSE Arca,True
ETG,Eaton Vance Tax-Advantaged Global Dividend Income Fund Common Shares of Beneficial Interest,NYSE,False
ETH,Grayscale Ethereum Staking Mini ETF Shares,NYSE Arca,True
ETHA,iShares Ethereum Trust ETF,NASDAQ,True
ETHB,iShares Staked Ethereum Trust ETF,NASDAQ,True
ETHD,ProShares UltraShort Ether ETF,NYSE Arca,True
ETHE,Grayscale Ethereum Staking ETF Shares,NYSE Arca,True
ETHO,Amplify Etho Climate Leadership U.S. ETF,NYSE Arca,True
ETHT,ProShares Ultra Ether ETF,NYSE Arca,True
ETHU,2x Ether ETF,Cboe BZX,True
ETHV,VanEck Ethereum ETF,Cboe BZX,True
ETHW,Bitwise Ethereum ETF,NYSE Arca,True
ETI$,"Entergy Texas Inc 5.375% Series A Preferred Stock, Cumulative, No Par Value",NYSE,False
ETJ,Eaton Vance Risk-Managed Diversified Equity Income Fund Common Shares of Beneficial Interest,NYSE,False
ETN,"Eaton Corporation, PLC Ordinary Shares",NYSE,False
ETNG,Leverage Shares 2X Long ETN Daily ETF,Cboe BZX,True
ETO,Eaton Vance Tax-Advantage Global Dividend Opp Common Stock,NYSE,False
ETON,"Eton Pharmaceuticals, Inc. - Common Stock",NASDAQ,False
ETOR,eToro Group Ltd. - Class A Common Shares,NASDAQ,False
ETR,Entergy Corporation Common Stock,NYSE,False
ETS,Elite Express Holding Inc. - Class A Common Stock,NASDAQ,False
ETSS,Energy Transition Special Opportunities Class A Ordinary Shares,NYSE,False
ETSS.U,"Energy Transition Special Opportunities Units, each consisting of one Class A ordinary share and one-half of one redeemable warrant",NYSE,False
ETSS.W,"Energy Transition Special Opportunities Warrants, each whole warrant exercisable for one Class A ordinary share at an exercise price of $11.50",NYSE,False
ETSY,"Etsy, Inc. Common Stock",NYSE,False
ETTY,Amplify Ethereum 3% Monthly Option Income ETF,Cboe BZX,True
ETU,T-Rex 2X Long Ether Daily Target ETF,Cboe BZX,True
ETV,Eaton Vance Corporation Eaton Vance Tax-Managed Buy-Write Opportunities Fund Common Shares of Beneficial Interest,NYSE,False
ETW,Eaton Vance Corporation Eaton Vance Tax-Managed Global Buy-Write Opportunites Fund Common Shares of Beneficial Interest,NYSE,False
ETX,Eaton Vance Municipal Income 2028 Term Trust Common Shares of Beneficial Interest,NYSE,False
ETY,"Eaton Vance Tax-Managed Diversified Equity Income Fund Common Shares of Beneficial Interest,",NYSE,False
EU,enCore Energy Corp. - Common Stock,NASDAQ,False
EUAD,Select STOXX Europe Aerospace & Defense ETF,Cboe BZX,True
EUDA,Euda Health Holdings Limited - Ordinary Shares,NASDAQ,False
EUDAW,Euda Health Holdings Limited - Warrant,NASDAQ,False
EUDG,WisdomTree Europe Quality Dividend Growth Fund,NYSE Arca,True
EUDV,ProShares MSCI Europe Dividend Growers ETF,Cboe BZX,True
EUFN,iShares MSCI Europe Financials ETF,NASDAQ,True
EUHY,iShares Euro High Yield Corporate Bond USD Hedged ETF,Cboe BZX,True
EUIG,iShares Euro Investment Grade Corporate Bond USD Hedged ETF,Cboe BZX,True
EUM,ProShares Short MSCI Emerging Markets,NYSE Arca,True
EUO,ProShares UltraShort Euro,NYSE Arca,True
EURK,Eureka Acquisition Corp - Class A Ordinary Share,NASDAQ,False
EURKR,Eureka Acquisition Corp - Right,NASDAQ,False
EURKU,Eureka Acquisition Corp - Unit,NASDAQ,False
EURL,Direxion Daily FTSE Europe Bull 3X ETF,NYSE Arca,True
EUSA,iShares MSCI USA Equal Weighted ETF,NYSE Arca,True
EUSB,iShares ESG Advanced Universal USD Bond ETF,NYSE Arca,True
EUV,Corgi Lithography & Semiconductor Photonics ETF,Cboe BZX,True
EUVX,Corgi Lithography & Semiconductor Photonics 2x Daily ETF,Cboe BZX,True
EVAC,EQV Ventures Acquisition Corp. II Class A Ordinary Shares,NYSE,False
EVAC.U,"EQV Ventures Acquisition Corp. II Units, each unit consists of one Class A ordinary share and one-third of one redeemable warrant",NYSE,False
EVAC.W,"EQV Ventures Acquisition Corp. II Redeemable Warrants, each whole warrant exercisable for one Class A ordinary share at an exercise price of $11.50 per share",NYSE,False
EVAX,Evaxion A/S - American Depositary Share,NASDAQ,False
EVC,Entravision Communications Corporation Common Stock,NYSE,False
EVCM,EverCommerce Inc. - Common Stock,NASDAQ,False
EVER,"EverQuote, Inc. - Class A Common Stock",NASDAQ,False
EVEX,"Eve Holding, Inc. Common Stock",NYSE,False
EVEX.W,"Eve Holding, Inc. Warrants, each exercisable for one share of Common Stock at an exercise price of $11.50 per share",NYSE,False
EVF,Eaton Vance Senior Income Trust Common Stock,NYSE,False
EVG,Eaton Vance Short Diversified Income Fund Eaton Vance Short Duration Diversified Income Fund Common Shares of Beneficial Interest,NYSE,False
EVGN,Evogene Ltd. - Ordinary Shares,NASDAQ,False
EVGO,EVgo Inc. - Common Stock,NASDAQ,False
EVH,"Evolent Health, Inc Class A Common Stock",NYSE,False
EVHY,Eaton Vance High Yield ETF,NYSE Arca,True
EVI,"EVI Industries, Inc.  Common Stock",NYSE American,False
EVIM,Eaton Vance Intermediate Municipal Income ETF,NYSE Arca,True
EVLN,Eaton Vance Floating-Rate ETF,NYSE Arca,True
EVLU,iShares MSCI Emerging Markets Value Factor ETF,Cboe BZX,True
EVLV,"Evolv Technologies Holdings, Inc. - Class A Common Stock",NASDAQ,False
EVMN,"Evommune, Inc. Common Stock",NYSE,False
EVMO,Eaton Vance Mortgage Opportunities ETF,NYSE Arca,True
EVMT,Invesco Electric Vehicle Metals Commodity Strategy No K-1 ETF,NASDAQ,True
EVMU,Direxion Daily Ether Bull 2X ETF,NYSE Arca,True
EVN,Eaton Vance Municipal Income Trust Common Stock,NYSE,False
EVNT,AltShares Event-Driven ETF,NYSE Arca,True
EVO,Evotec SE - American Depositary Shares each representing 1/2 of one ordinary share,NASDAQ,False
EVOX,Evolution Global Acquisition Corp - Class A Ordinary Shares,NASDAQ,False
EVOXU,Evolution Global Acquisition Corp - Units,NASDAQ,False
EVOXW,Evolution Global Acquisition Corp - Warrants,NASDAQ,False
EVPF,Eaton Vance Preferred Securities and Income ETF,NASDAQ,True
EVR,Evercore Inc. Class A Common Stock,NYSE,False
EVRG,"Evergy, Inc. - Common Stock",NASDAQ,False
EVSB,Eaton Vance Ultra-Short Income ETF,NYSE Arca,True
EVSD,Eaton Vance Short Duration Income ETF,NASDAQ,True
EVSM,Eaton Vance Short Duration Municipal Income ETF,NYSE Arca,True
EVT,Eaton Vance Tax Advantaged Dividend Income Fund Common Shares of Beneficial Interest,NYSE,False
EVTC,"Evertec, Inc. Common Stock",NYSE,False
EVTL,Vertical Aerospace Ltd. Ordinary Shares,NYSE,False
EVTR,Eaton Vance Total Return Bond ETF,NYSE,True
EVUS,iShares ESG Aware MSCI USA Value ETF,Cboe BZX,True
EVV,Eaton Vance Limited Duration Income Fund Common Shares of Beneficial Interest,NYSE American,False
EVX,VanEck Environmental Services ETF,NYSE Arca,True
EVYM,Eaton Vance High Income Municipal ETF,NASDAQ,True
EW,Edwards Lifesciences Corporation Common Stock,NYSE,False
EWA,iShares MSCI Australia Index Fund,NYSE Arca,True
EWBC,"East West Bancorp, Inc. - Common Stock",NASDAQ,False
EWC,iShares MSCI Canada Index Fund,NYSE Arca,True
EWD,iShares MSCI Sweden ETF,NYSE Arca,True
EWG,iShares MSCI Germany Index Fund,NYSE Arca,True
EWH,iShares MSCI Hong Kong Index Fund,NYSE Arca,True
EWI,iShares MSCI Italy ETF,NYSE Arca,True
EWJ,iShares MSCI Japan Index Fund,NYSE Arca,True
EWJV,iShares MSCI Japan Value ETF,NASDAQ,True
EWK,iShares MSCI Belgium ETF,NYSE Arca,True
EWL,iShares MSCI Switzerland ETF,NYSE Arca,True
EWM,iShares MSCI Malaysia Index Fund,NYSE Arca,True
EWN,iShares MSCI Netherlands Index Fund,NYSE Arca,True
EWO,iShares MSCI Austria ETF,NYSE Arca,True
EWP,iShares MSCI Spain ETF,NYSE Arca,True
EWQ,iShares MSCI France Index Fund,NYSE Arca,True
EWS,iShares MSCI Singapore ETF,NYSE Arca,True
EWT,iShares MSCI Taiwan ETF,NYSE Arca,True
EWTX,"Edgewise Therapeutics, Inc. - Common Stock",NASDAQ,False
EWU,iShares MSCI United Kingdom ETF,NYSE Arca,True
EWUS,iShares MSCI United Kingdom Small Cap ETF,Cboe BZX,True
EWV,ProShares UltraShort MSCI Japan,NYSE Arca,True
EWW,iShares MSCI Mexico ETF,NYSE Arca,True
EWX,State Street SPDR S&P Emerging Markets Small Cap ETF,NYSE Arca,True
EWY,iShares MSCI South Korea ETF,NYSE Arca,True
EWZ,iShares MSCI Brazil ETF,NYSE Arca,True
EWZS,iShares MSCI Brazil Small-Cap ETF,NASDAQ,True
EXC,Exelon Corporation - Common Stock,NASDAQ,False
EXE,Expand Energy Corporation - Common Stock,NASDAQ,False
EXEL,"Exelixis, Inc. - Common Stock",NASDAQ,False
EXEQ,Wedbush ReturnOnLeadership U.S. Large-Cap ETF,NYSE Arca,True
EXFY,"Expensify, Inc. - Class A Common Stock",NASDAQ,False
EXG,Eaton Vance Tax-Managed Global Diversified Equity Income Fund Common Shares of Beneficial Interest,NYSE,False
EXI,iShares Global Industrials ETF,NYSE Arca,True
EXK,Endeavour Silver Corporation Ordinary Shares (Canada),NYSE,False
EXLS,"ExlService Holdings, Inc. - Common Stock",NASDAQ,False
EXOD,"Exodus Movement, Inc. Class A Common Stock",NYSE American,False
EXOZ,eXoZymes Inc. - Common Stock,NASDAQ,False
EXP,Eagle Materials Inc Common Stock,NYSE,False
EXPD,"Expeditors International of Washington, Inc. Common Stock",NYSE,False
EXPE,"Expedia Group, Inc. - Common Stock",NASDAQ,False
EXPO,"Exponent, Inc. - Common Stock",NASDAQ,False
EXR,Extra Space Storage Inc Common Stock,NYSE,False
EXTR,"Extreme Networks, Inc. - Common Stock",NASDAQ,False
EXUS,Nomura Focused International Core ETF,NASDAQ,True
EXYN,"Exyn Technologies, Inc. - Common Stock",NASDAQ,False
EXYNW,"Exyn Technologies, Inc. - Warrant",NASDAQ,False
EYE,"National Vision Holdings, Inc. - Common Stock",NASDAQ,False
EYEG,AB Corporate Bond ETF,NASDAQ,True
EYES,Corgi Data & Surveillance ETF,Cboe BZX,True
EYLD,Cambria Emerging Shareholder Yield ETF,Cboe BZX,True
EYPT,"EyePoint, Inc. - Common Stock",NASDAQ,False
EZA,iShares MSCI South Africa Index Fund,NYSE Arca,True
EZBC,Franklin Templeton Digital Holdings Trust Shares of Franklin Bitcoin ETF,Cboe BZX,True
EZET,Franklin Ethereum ETF,Cboe BZX,True
EZGO,EZGO Technologies Ltd. - Ordinary Shares,NASDAQ,False
EZJ,ProShares Ultra MSCI Japan,NYSE Arca,True
EZM,WisdomTree U.S. MidCap Fund,NYSE Arca,True
EZMO,AlphaDroid Broad Markets Momentum ETF,NASDAQ,True
EZPW,"EZCORP, Inc. - Class A Non-Voting Common Stock",NASDAQ,False
EZPZ,Franklin Crypto Index ETF,Cboe BZX,True
EZRA,"Reliance Global Group, Inc. - Common Stock",NASDAQ,False
EZRO,AlphaDroid Defensive Sector Rotation ETF,NASDAQ,True
EZU,iShares MSCI Eurozone ETF,Cboe BZX,True
F,Ford Motor Company Common Stock,NYSE,False
F$B,"Ford Motor Company 6.20% Notes due June 1, 2059",NYSE,False
F$C,"Ford Motor Company 6% Notes due December 1, 2059",NYSE,False
F$D,"Ford Motor Company 6.500% Notes due August 15, 2062",NYSE,False
FA,First Advantage Corporation - Common Stock,NASDAQ,False
FAAA,Fidelity AAA CLO ETF,NASDAQ,True
FAAR,First Trust Alternative Absolute Return Strategy ETF,NASDAQ,True
FAB,First Trust Multi Cap Value AlphaDEX Fund,NASDAQ,True
FABC,"Fabric.AI, Inc. - Common Stock",NASDAQ,False
FAC,Factorial Energy Inc. - Class A Common Stock,NASDAQ,False
FACT,FACT II Acquisition Corp. - Class A Ordinary Shares,NASDAQ,False
FACTU,FACT II Acquisition Corp. - Unit,NASDAQ,False
FACTW,FACT II Acquisition Corp. - Warrant,NASDAQ,False
FACWW,Factorial Energy Inc. - Warrant,NASDAQ,False
FAD,First Trust Multi Cap Growth AlphaDEX Fund,NASDAQ,True
FAF,First American Corporation (New) Common Stock,NYSE,False
FAI,First Trust Bloomberg Artificial Intelligence ETF,NYSE Arca,True
FALN,iShares Fallen Angels USD Bond ETF,NASDAQ,True
FAMI,"Farmmi, Inc. - Class A Ordinary Shares",NASDAQ,False
FAN,First Trust Global Wind Energy ETF,NYSE Arca,True
FANG,"Diamondback Energy, Inc. - Common Stock",NASDAQ,False
FAPR,FT Vest U.S. Equity Buffer ETF - April,Cboe BZX,True
FARX,Frontier Asset Absolute Return ETF,NYSE Arca,True
FAS,Direxion Financial Bull 3X ETF,NYSE Arca,True
FAST,Fastenal Company - Common Stock,NASDAQ,False
FATE,"Fate Therapeutics, Inc. - Common Stock",NASDAQ,False
FATN,"FatPipe, Inc. - common stock",NASDAQ,False
FAUG,FT Vest U.S. Equity Buffer ETF - August,Cboe BZX,True
FAX,"abrdn Asia-Pacific Income Fund, Inc. Common Stock",NYSE American,False
FAZ,Direxion Financial Bear 3X ETF,NYSE Arca,True
FB,ProShares S&P 500 Dynamic Buffer ETF,Cboe BZX,True
FBCG,Fidelity Blue Chip Growth ETF,Cboe BZX,True
FBCV,Fidelity Blue Chip Value ETF,Cboe BZX,True
FBDC,FT Confluence BDC & Specialty Finance Income ETF,NYSE Arca,True
FBGL,FBS Global Limited - Ordinary Shares,NASDAQ,False
FBIN,"Fortune Brands Innovations, Inc. Common Stock",NYSE,False
FBIO,"Fortress Biotech, Inc. - Common Stock",NASDAQ,False
FBIOP,"Fortress Biotech, Inc. - 9.375% Series A Cumulative Redeemable Perpetual Preferred Stock",NASDAQ,False
FBIZ,"First Business Financial Services, Inc. - Common Stock",NASDAQ,False
FBK,FB Financial Corporation Common Stock,NYSE,False
FBL,GraniteShares 2x Long META Daily ETF,NASDAQ,True
FBLA,"FB Bancorp, Inc. - Common Stock",NASDAQ,False
FBLG,"FibroBiologics, Inc. - Common Stock",NASDAQ,False
FBNC,First Bancorp - Common Stock,NASDAQ,False
FBND,Fidelity Total Bond ETF,NYSE Arca,True
FBOT,Fidelity Disruptive Automation ETF,NASDAQ,True
FBP,First BanCorp. New Common Stock,NYSE,False
FBRT,"Franklin BSP Realty Trust, Inc. Common Stock",NYSE,False
FBRT$E,"Franklin BSP Realty Trust, Inc. 7.50% Series E Cumulative Redeemable Preferred Stock",NYSE,False
FBRX,"Forte Biosciences, Inc.  - Common Stock",NASDAQ,False
FBT,First Trust Amex Biotech Index Fund,NYSE Arca,True
FBTC,Fidelity Wise Origin Bitcoin Fund,Cboe BZX,True
FBUF,Fidelity Dynamic Buffered Equity ETF,Cboe BZX,True
FBX,Corgi META 2x Daily ETF,Cboe BZX,True
FBY,YieldMax META Option Income Strategy ETF,NYSE Arca,True
FBYD,"Falcon's Beyond Global, Inc. - Class A Common Stock",NASDAQ,False
FBYDP,"Falcon's Beyond Global, Inc. - 11% Series B Cumulative Convertible Preferred Stock",NASDAQ,False
FBYDW,"Falcon's Beyond Global, Inc. - Warrants",NASDAQ,False
FBYY,GraniteShares YieldBOOST META ETF,NASDAQ,True
FC,Franklin Covey Company Common Stock,NYSE,False
FCA,First Trust China AlphaDEX Fund,NASDAQ,True
FCAL,First Trust California Municipal High income ETF,NASDAQ,True
FCAP,"First Capital, Inc. - Common Stock",NASDAQ,False
FCBC,"First Community Bankshares, Inc. - Common Stock",NASDAQ,False
FCBD,Frontier Asset Core Bond ETF,NYSE Arca,True
FCBM,"First Carolina Financial Services, Inc. Common Stock",NYSE,False
FCCO,First Community Corporation - Common Stock,NASDAQ,False
FCEF,First Trust Income Opportunities ETF,NASDAQ,True
FCEL,"FuelCell Energy, Inc. - Common Stock",NASDAQ,False
FCF,First Commonwealth Financial Corporation Common Stock,NYSE,False
FCFS,"FirstCash Holdings, Inc. - Common Stock",NASDAQ,False
FCFY,First Trust S&P 500 Diversified Free Cash Flow ETF,NYSE Arca,True
FCG,First Trust Natural Gas ETF,NYSE Arca,True
FCHL,Fitness Champs Holdings Limited - Ordinary Shares,NASDAQ,False
FCLD,Fidelity Cloud Computing ETF,Cboe BZX,True
FCLO,Fidelity CLO ETF,NASDAQ,True
FCN,"FTI Consulting, Inc. Common Stock",NYSE,False
FCNCA,"First Citizens BancShares, Inc. - Class A Common Stock",NASDAQ,False
FCNCN,"First Citizens BancShares, Inc. - Depositary Shares, each representing a 1/40th interest in a share of 6.625% Non-Cumulative Perpetual Preferred Stock, Series E",NASDAQ,False
FCNCO,"First Citizens BancShares, Inc. - 5.625% Non-Cumulative Perpetual Preferred Stock, Series C",NASDAQ,False
FCNCP,"First Citizens BancShares, Inc. - Depositary Shares Each Representing a 1/40th Interest in a Share of 5.375% Non-Cumulative Perpetual Preferred Stock, Series A",NASDAQ,False
FCOM,Fidelity MSCI Communication Services Index ETF,NYSE Arca,True
FCOR,Fidelity Corporate Bond ETF,NYSE Arca,True
FCPI,Fidelity Stocks for Inflation ETF,Cboe BZX,True
FCPT,"Four Corners Property Trust, Inc. Common Stock",NYSE,False
FCRS,FutureCrest Acquisition Corp. Class A Ordinary Shares,NYSE,False
FCRS.U,"FutureCrest Acquisition Corp. Units, each consisting of one Class A ordinary share and one-quarter of one redeemable warrant",NYSE,False
FCRS.W,"FutureCrest Acquisition Corp. Redeemable warrants, each whole warrant exercisable for one Class A ordinary share at an exercise price of $11.50",NYSE,False
FCSH,Federated Hermes Short Duration Corporate ETF,NYSE Arca,True
FCT,First Trust Senior Floating Rate Income Fund II Common Shares of Beneficial Interest,NYSE,False
FCTE,SMI 3Fourteen Full-Cycle Trend ETF,NASDAQ,True
FCTR,First Trust Lunt U.S. Factor Rotation ETF,Cboe BZX,True
FCUS,Pinnacle Focused Opportunities ETF,NYSE Arca,True
FCUV,Focus Universal Inc. - Common Stock,NASDAQ,False
FCVT,First Trust SSI Strategic Convertible Securities ETF,NASDAQ,True
FCX,"Freeport-McMoRan, Inc. Common Stock",NYSE,False
FCXG,Leverage Shares 2x Long FCX Daily ETF,NASDAQ,True
FDAT,Tactical Advantage ETF,NYSE Arca,True
FDBC,"Fidelity D & D Bancorp, Inc. - Common Stock",NASDAQ,False
FDCF,Fidelity Disruptive Communications ETF,NASDAQ,True
FDD,First Trust STOXX European Select Dividend Index Fund,NYSE Arca,True
FDEC,FT Vest U.S. Equity Buffer ETF - December,Cboe BZX,True
FDEM,Fidelity Emerging Markets Multifactor ETF,Cboe BZX,True
FDEV,Fidelity International Multifactor ETF,Cboe BZX,True
FDFF,Fidelity Disruptive Finance ETF,NASDAQ,True
FDG,American Century Focused Dynamic Growth ETF,NYSE Arca,True
FDHY,Fidelity Enhanced High Yield ETF,NYSE Arca,True
FDIF,Fidelity Disruptors ETF,NASDAQ,True
FDIG,Fidelity Crypto Industry and Digital Payments ETF,NASDAQ,True
FDIQ,Invesco Bloomberg Financial Data Providers ETF,NASDAQ,True
FDIS,Fidelity MSCI Consumer Discretionary Index ETF,NYSE Arca,True
FDIV,MarketDesk Focused U.S. Dividend ETF,NASDAQ,True
FDL,First Trust Morningstar ETF,NYSE Arca,True
FDLO,Fidelity Low Volatility Factor ETF,NYSE Arca,True
FDLS,Inspire Fidelis Multi Factor ETF,NYSE Arca,True
FDM,First Trust DJ Select MicroCap ETF,NYSE Arca,True
FDMMU,Freedom Metals Acquisition Corp. - Units,NASDAQ,False
FDMO,Fidelity Momentum Factor ETF,NYSE Arca,True
FDMT,"4D Molecular Therapeutics, Inc. - Common Stock",NASDAQ,False
FDN,First Trust DJ Internet Index Fund,NYSE Arca,True
FDND,FT Vest Dow Jones Internet & Target Income ETF,Cboe BZX,True
FDNI,First Trust Dow Jones International Internet ETF,NASDAQ,True
FDRR,Fidelity Dividend ETF for Rising Rates,NYSE Arca,True
FDRS,Founder-Led ETF,NASDAQ,True
FDRV,Fidelity Electric Vehicles and Future Transportation ETF,Cboe BZX,True
FDRX,Founder-Led 2X Daily ETF,NASDAQ,True
FDS,FactSet Research Systems Inc. Common Stock,NYSE,False
FDSB,"Fifth District Bancorp, Inc. - Common Stock",NASDAQ,False
FDT,First Trust Developed Markets Ex-US AlphaDEX Fund,NASDAQ,True
FDTS,First Trust Developed Markets ex-US Small Cap AlphaDEX Fund,NASDAQ,True
FDTX,Fidelity Disruptive Technology ETF,NASDAQ,True
FDUS,Fidus Investment Corporation - Closed End Fund,NASDAQ,False
FDV,Federated Hermes U.S. Strategic Dividend ETF,NYSE Arca,True
FDVV,Fidelity High Dividend ETF,NYSE Arca,True
FDX,FedEx Corporation Common Stock,NYSE,False
FDXF,"FedEx Freight Holding Company, Inc. Common Stock",NYSE,False
FE,FirstEnergy Corp. Common Stock,NYSE,False
FEAC,Fidelity Enhanced U.S. All-Cap Equity ETF,NYSE Arca,True
FEAM,"5E Advanced Materials, Inc. - Common Stock",NASDAQ,False
FEBM,FT Vest U.S. Equity Max Buffer ETF - February,Cboe BZX,True
FEBO,Fenbo Holdings Limited - Class A Ordinary Shares,NASDAQ,False
FEBP,PGIM S&P 500 Buffer 12 ETF - February,Cboe BZX,True
FEBT,AllianzIM U.S. Large Cap Buffer10 Feb ETF,Cboe BZX,True
FEBU,AllianzIM U.S. Equity Buffer15 Uncapped Feb ETF,Cboe BZX,True
FEBW,AllianzIM U.S. Large Cap Buffer20 Feb ETF,Cboe BZX,True
FEBZ,TrueShares Structured Outcome (February) ETF,Cboe BZX,True
FECM,First Eagle Core Municipal ETF,NYSE Arca,True
FEDM,FlexShares ESG & Climate Developed Markets ex-US Core Index Fund,NYSE Arca,True
FEDU,"Four Seasons Education (Cayman) Inc. American Depositary Shares, each ADS representing 10 ordinary shares",NYSE,False
FEED,"ENvue Medical, Inc. - Common Stock",NASDAQ,False
FEGE,First Eagle Global Equity ETF,NYSE,True
FEIG,FlexShares ESG & Climate Investment Grade Corporate Core Index Fund,NYSE Arca,True
FEIM,"Frequency Electronics, Inc. - Common Stock",NASDAQ,False
FELC,Fidelity Enhanced Large Cap Core ETF,NYSE Arca,True
FELE,"Franklin Electric Co., Inc. - Common Stock",NASDAQ,False
FELG,Fidelity Enhanced Large Cap Growth ETF,NYSE Arca,True
FELV,Fidelity Enhanced Large Cap Value ETF,NYSE Arca,True
FEM,First Trust Emerging Markets AlphaDEX Fund,NASDAQ,True
FEMB,First Trust Emerging Markets Local Currency Bond ETF,NASDAQ,True
FEMD,First Eagle Mid Cap Equity ETF,NYSE Arca,True
FEMG,Fidelity Enhanced Mid Cap Growth ETF,NYSE Arca,True
FEMR,Fidelity Enhanced Emerging Markets ETF,NYSE Arca,True
FEMS,First Trust Emerging Markets Small Cap AlphaDEX Fund,NASDAQ,True
FEMV,Fidelity Enhanced Mid Cap Value ETF,NYSE Arca,True
FEMY,Femasys Inc. - Common Stock,NASDAQ,False
FENC,Fennec Pharmaceuticals Inc. - Common Stock,NASDAQ,False
FENG,"Phoenix New Media Limited American Depositary Shares, each representing 48 Class A ordinary shares.",NYSE,False
FENI,Fidelity Enhanced International ETF,NYSE Arca,True
FENY,Fidelity MSCI Energy Index ETF,NYSE Arca,True
FEOE,First Eagle Overseas Equity ETF,NYSE,True
FEP,First Trust Europe AlphaDEX Fund,NASDAQ,True
FEPI,REX FANG & Innovation Equity Premium Income ETF,NASDAQ,True
FER,Ferrovial N.V. - Ordinary Shares,NASDAQ,False
FERA,Fifth Era Acquisition Corp I - Class A Ordinary Shares,NASDAQ,False
FERAR,Fifth Era Acquisition Corp I - Rights,NASDAQ,False
FERAU,Fifth Era Acquisition Corp I - Units,NASDAQ,False
FERG,Ferguson Enterprises Inc. Common Stock,NYSE,False
FESC,First Eagle Small Cap Equity ETF,NYSE Arca,True
FESM,Fidelity Enhanced Small Cap Core ETF,NYSE Arca,True
FET,"Forum Energy Technologies, Inc. Common Stock",NYSE,False
FETH,Fidelity Ethereum Fund,Cboe BZX,True
FEUS,FlexShares ESG & Climate US Large Cap Core Index Fund,NYSE Arca,True
FEUZ,First Trust Eurozone AlphaDEX ETF,NASDAQ,True
FEX,First Trust Large Cap Core AlphaDEX Fund,NASDAQ,True
FEZ,State Street SPDR EURO STOXX 50 ETF,NYSE Arca,True
FF,FutureFuel Corp.  Common shares,NYSE,False
FFA,First Trust Enhanced Equity Income Fund Common Shares of Beneficial Interest,NYSE,False
FFAI,Faraday Future Intelligent Electric Inc. - Class A Common Stock,NASDAQ,False
FFBC,First Financial Bancorp. - Common Stock,NASDAQ,False
FFC,Flaherty & Crumrine Preferred and Income Securities Fund Incorporated,NYSE,False
FFDI,Fidelity Fundamental Developed International ETF,Cboe BZX,True
FFEB,FT Vest U.S. Equity Buffer ETF - February,Cboe BZX,True
FFEM,Fidelity Fundamental Emerging Markets ETF,Cboe BZX,True
FFF,Founders 100 ETF,Cboe BZX,True
FFGX,Fidelity Fundamental Global ex-U.S. ETF,Cboe BZX,True
FFIN,"First Financial Bankshares, Inc. - Common Stock",NASDAQ,False
FFIU,UVA Unconstrained Medium-Term Fixed Income ETF,NYSE Arca,True
FFIV,"F5, Inc. - Common Stock",NASDAQ,False
FFLC,Fidelity Fundamental Large Cap Core ETF,Cboe BZX,True
FFLG,Fidelity Fundamental Large Cap Growth ETF,Cboe BZX,True
FFLS,The Future Fund Long/Short ETF,NYSE Arca,True
FFLV,Fidelity Fundamental Large Cap Value ETF,Cboe BZX,True
FFND,One Global ETF,NYSE Arca,True
FFOG,Franklin Focused Growth ETF,Cboe BZX,True
FFOX,FundX Future Fund Opportunities ETF,NYSE Arca,True
FFSM,Fidelity Fundamental Small-Mid Cap ETF,Cboe BZX,True
FFTY,CapForce IBD 50 ETF,NYSE Arca,True
FFUT,Fidelity Managed Futures ETF,NASDAQ,True
FG,"F&G Annuities & Life, Inc. Common Stock",NYSE,False
FGBI,"First Guaranty Bancshares, Inc. - Common Stock",NASDAQ,False
FGBIP,"First Guaranty Bancshares, Inc. - 6.75% Series A Fixed-Rate Non-Cumulative Perpetual Preferred Stock",NASDAQ,False
FGD,First Trust DJ Global Select Dividend,NYSE Arca,True
FGDL,Franklin Responsibly Sourced Gold ETF,NYSE Arca,True
FGI,FGI Industries Ltd. - Ordinary Shares,NASDAQ,False
FGII,FG Imperii Acquisition Corp. - Class A Ordinary Shares,NASDAQ,False
FGIIU,FG Imperii Acquisition Corp. - Units,NASDAQ,False
FGIIW,FG Imperii Acquisition Corp. - Warrants,NASDAQ,False
FGIWW,FGI Industries Ltd. - warrant,NASDAQ,False
FGL,Founder Group Limited - Class A Ordinary Shares,NASDAQ,False
FGM,First Trust Germany AlphaDEX Fund,NASDAQ,True
FGN,"F&G Annuities & Life, Inc. 7.950% Senior Notes due 2053",NYSE,False
FGNX,FG Nexus Inc. - Common Stock,NASDAQ,False
FGNXP,FG Nexus Inc. - 8.00% Cumulative Series A Preferred Stock,NASDAQ,False
FGRU,T-REX 2X Long FIGR Daily Target ETF,Cboe BZX,True
FGSI,FT Vest Growth Strength & Target Income ETF,NASDAQ,True
FGSM,Frontier Asset Global Small Cap Equity ETF,NYSE Arca,True
FGSN,"F&G Annuities & Life, Inc. 7.300% Junior Subordinated Notes due 2065",NYSE,False
FHB,"First Hawaiian, Inc. - Common Stock",NASDAQ,False
FHDG,FT Vest U.S. Equity Quarterly Dynamic Buffer ETF,Cboe BZX,True
FHEQ,Fidelity Hedged Equity ETF,Cboe BZX,True
FHI,"Federated Hermes, Inc. Common Stock",NYSE,False
FHIL,Federated Hermes International Leaders ETF,Cboe BZX,True
FHLC,Fidelity MSCI Health Care Index ETF,NYSE Arca,True
FHN,First Horizon Corporation Common Stock,NYSE,False
FHN$E,"First Horizon Corporation Depositary Shares, each representing a 1/4,000th interest in a share of Non-Cumulative Perpetual Preferred Stock, Series E",NYSE,False
FHN$F,"First Horizon Corporation Depositary Shares, each representing 1/4000th Interest in a Share of Non-Cumulative Perpetual Preferred Stock, Series F",NYSE,False
FHN$H,"First Horizon Corporation Depositary Shares each representing a 1/4,000th interest in a share of Non-Cumulative Perpetual Preferred Stock, Series H",NYSE,False
FHTX,Foghorn Therapeutics Inc. - Common Stock,NASDAQ,False
FHYS,Federated Hermes Short Duration High Yield ETF,NYSE Arca,True
FIAT,YieldMax Short COIN Option Income Strategy ETF,NYSE Arca,True
FIAX,Nicholas Fixed Income Alternative ETF,NYSE Arca,True
FIBK,"First Interstate BancSystem, Inc. - Common Stock",NASDAQ,False
FICO,Fair Isaac Corporation Common Stock,NYSE,False
FICS,First Trust International Developed Capital Strength ETF,NASDAQ,True
FID,First Trust S&P International Dividend Aristocrats ETF,NASDAQ,True
FIDI,Fidelity International High Dividend ETF,NYSE Arca,True
FIDU,Fidelity MSCI Industrials Index ETF,NYSE Arca,True
FIEE,"FiEE, Inc - Common Stock",NASDAQ,False
FIG,"Figma, Inc. Class A Common Stock",NYSE,False
FIGB,Fidelity Investment Grade Bond ETF,NYSE Arca,True
FIGG,Leverage Shares 2x Long FIG Daily ETF,NASDAQ,True
FIGR,"Figure Technology Solutions, Inc. - Class A Common Stock",NASDAQ,False
FIGS,"FIGS, Inc. Class A Common Stock",NYSE,False
FIGX,FIGX Capital Acquisition Corp. - Class A ordinary share,NASDAQ,False
FIGXU,FIGX Capital Acquisition Corp. - Units,NASDAQ,False
FIGXW,FIGX Capital Acquisition Corp. - one-half of one redeemable warrant.,NASDAQ,False
FIIG,First Trust Intermediate Duration Investment Grade Corporate ETF,NYSE Arca,True
FIMU,Fidelity Intermediate Municipal Income ETF,NASDAQ,True
FINA,Fidelity MSCI North American Subset Index ETF,NYSE Arca,True
FINS,Angel Oak Financial Strategies Income Term Trust Common Shares of Beneficial Interest,NYSE,False
FINT,Frontier Asset Total International Equity ETF,NYSE Arca,True
FINV,FinVolution Group American Depositary Shares,NYSE,False
FINW,FinWise Bancorp - Common Stock,NASDAQ,False
FINX,Global X FinTech ETF,NASDAQ,True
FINY,GraniteShares YieldBOOST Financials ETF,NASDAQ,True
FIP,FTAI Infrastructure Inc. - Common Stock,NASDAQ,False
FIRY,Firy Inc. Class A Common Stock,NYSE,False
FIS,"Fidelity National Information Services, Inc. Common Stock",NYSE,False
FISI,"Financial Institutions, Inc. - Common Stock",NASDAQ,False
FISK,"Empire State Realty OP, L.P. Series 250 Operating Partnership Units Representing Limited Partnership Interests",NYSE Arca,False
FISN,"Deep Fission, Inc. - Common Stock",NASDAQ,False
FISR,State Street Fixed Income Sector Rotation ETF,NYSE Arca,True
FISV,"Fiserv, Inc. - Common Stock",NASDAQ,False
FITB,Fifth Third Bancorp Common Stock,NYSE,False
FITB$A,"Fifth Third Bancorp Depositary Shares each representing 1/40th share of Fifth Third 6.00% Non-Cumulative Perpetual Class B Preferred Stock, Series A",NYSE,False
FITB$I,Fifth Third Bancorp Depositary Share repstg 1/1000th Ownership Interest Perp Pfd Series I,NYSE,False
FITB$K,"Fifth Third Bancorp Depositary Shares each representing a 1/1000th ownership interest in a share of Non-Cumulative Perpetual Preferred Stock, Series K",NYSE,False
FITB$M,"Fifth Third Bancorp Depositary Shares Representing a 1/40th Ownership Interest in a Share of 6.875% Fixed-Rate Reset Non-Cumulative Perpetual Preferred Stock, Series M",NYSE,False
FITE,State Street SPDR S&P Kensho Future Security ETF,NYSE Arca,True
FITZ,Fitz-Gerald Must Have Portfolio ETF,NYSE Arca,True
FIVA,Fidelity International Value Factor ETF,NYSE Arca,True
FIVE,"Five Below, Inc. - Common Stock",NASDAQ,False
FIVN,"Five9, Inc. - Common Stock",NASDAQ,False
FIW,First Trust Water ETF,NYSE Arca,True
FIX,"Comfort Systems USA, Inc. Common Stock",NYSE,False
FIXD,First Trust Smith Opportunistic Fixed Income ETF,NASDAQ,True
FIXP,FolioBeyond Enhanced Fixed Income Premium ETF,NYSE Arca,True
FIXT,TCW Core Plus Bond ETF,NYSE,True
FIYY,GraniteShares YieldBOOST 20Y Treasuries ETF,NASDAQ,True
FIZZ,National Beverage Corp. - Common Stock,NASDAQ,False
FJAN,FT Vest U.S. Equity Buffer ETF - January,Cboe BZX,True
FJET,"Starfighters Space, Inc. Common Stock",NYSE American,False
FJP,First Trust Japan AlphaDEX Fund,NASDAQ,True
FJUL,FT Vest U.S. Equity Buffer ETF - July,Cboe BZX,True
FJUN,FT Vest U.S. Equity Buffer ETF - June,Cboe BZX,True
FKU,First Trust United Kingdom AlphaDEX Fund,NASDAQ,True
FKWL,Franklin Wireless Corp. - common stock,NASDAQ,False
FLAG,Global X S&P 500 U.S. Market Leaders Top 50 ETF,NYSE Arca,True
FLAO,AllianzIM U.S. Equity 6 Month Floor5 Apr/Oct ETF,Cboe BZX,True
FLAU,Franklin FTSE Australia ETF,NYSE Arca,True
FLAX,Franklin FTSE Asia ex Japan ETF,NYSE Arca,True
FLBL,Franklin Senior Loan ETF,Cboe BZX,True
FLBR,Franklin FTSE Brazil ETF,NYSE Arca,True
FLC,Flaherty & Crumrine Total Return Fund Inc Common Stock,NYSE,False
FLCA,Franklin FTSE Canada ETF,NYSE Arca,True
FLCB,Franklin U.S. Core Bond ETF,NYSE Arca,True
FLCC,Federated Hermes MDT Large Cap Core ETF,NYSE Arca,True
FLCE,Frontier Asset U.S. Large Cap Equity ETF,NYSE Arca,True
FLCG,Federated Hermes MDT Large Cap Growth ETF,NYSE Arca,True
FLCH,Franklin FTSE China ETF,NYSE Arca,True
FLCO,Franklin Investment Grade Corporate ETF,NYSE Arca,True
FLCV,Federated Hermes MDT Large Cap Value ETF,NYSE Arca,True
FLD,"Fold Holdings, Inc. - Class A Common Stock",NASDAQ,False
FLDB,Fidelity Low Duration Bond ETF,NASDAQ,True
FLDDW,"Fold Holdings, Inc. - Warrant",NASDAQ,False
FLDR,Fidelity Low Duration Bond Factor ETF,Cboe BZX,True
FLDZ,TrueShares Patriot Defense ETF,Cboe BZX,True
FLEE,Franklin FTSE Europe ETF,NYSE Arca,True
FLEU,Franklin FTSE Eurozone ETF,NYSE Arca,True
FLEX,Flex Ltd. - Ordinary Shares,NASDAQ,False
FLG,"Flagstar Bank, N.A. Common Stock",NYSE,False
FLG$A,"Flagstar Bank, N.A. Depositary shares, each representing a 1/40th interest in a share of Fixed-to-Floating Rate Series A Noncumulative Perpetual Preferred Stock",NYSE,False
FLG$U,"Flagstar Bank, N.A. Bifurcated Option Note Unit SecuritiES",NYSE,False
FLGB,Franklin FTSE United Kingdom ETF,NYSE Arca,True
FLGR,Franklin FTSE Germany ETF,NYSE Arca,True
FLGT,"Fulgent Genetics, Inc. - Common Stock",NASDAQ,False
FLGV,Franklin U.S. Treasury Bond ETF,NYSE Arca,True
FLHY,Franklin High Yield Corporate ETF,Cboe BZX,True
FLIA,Franklin International Aggregate Bond ETF,Cboe BZX,True
FLIN,Franklin FTSE India ETF,NYSE Arca,True
FLJH,Franklin FTSE Japan Hedged ETF,NYSE Arca,True
FLJJ,AllianzIM U.S. Equity 6 Month Floor5 Jan/Jul ETF,Cboe BZX,True
FLJP,Franklin FTSE Japan ETF,NYSE Arca,True
FLKR,Franklin FTSE South Korea ETF,NYSE Arca,True
FLL,"Full House Resorts, Inc. - Common Stock",NASDAQ,False
FLLA,Franklin FTSE Latin America ETF,NYSE Arca,True
FLMB,Franklin Municipal Green Bond ETF,NYSE Arca,True
FLMI,Franklin Dynamic Municipal Bond ETF,NYSE Arca,True
FLMX,Franklin FTSE Mexico ETF,NYSE Arca,True
FLN,First Trust Latin America AlphaDEX Fund,NASDAQ,True
FLNA,"Filana Therapeutics, Inc. - Common Stock",NASDAQ,False
FLNC,"Fluence Energy, Inc. - Class A Common Stock",NASDAQ,False
FLNG,FLEX LNG Ltd. Ordinary Shares,NYSE,False
FLNT,"Fluent, Inc. - Common Stock",NASDAQ,False
FLO,"Flowers Foods, Inc. Common Stock",NYSE,False
FLOC,Flowco Holdings Inc. Class A Common Stock,NYSE,False
FLOT,iShares Floating Rate Bond ETF,Cboe BZX,True
FLOW,Global X U.S. Cash Flow Kings 100 ETF,NYSE Arca,True
FLQL,Franklin U.S. Large Cap Multifactor Index ETF,Cboe BZX,True
FLQM,Franklin U.S. Mid Cap Multifactor Index ETF,Cboe BZX,True
FLQS,Franklin U.S. Small Cap Multifactor Index ETF,Cboe BZX,True
FLR,Fluor Corporation Common Stock,NYSE,False
FLRG,Fidelity U.S. Multifactor ETF,NYSE Arca,True
FLRN,State Street SPDR Bloomberg Investment Grade Floating Rate ETF,NYSE Arca,True
FLRT,Pacer Aristotle Pacific Floating Rate High Income ETF,NYSE Arca,True
FLS,Flowserve Corporation Common Stock,NYSE,False
FLSA,Franklin FTSE Saudi Arabia ETF,NYSE Arca,True
FLSP,Franklin Systematic Style Premia ETF,NYSE Arca,True
FLSW,Franklin FTSE Switzerland ETF,NYSE Arca,True
FLTB,Fidelity Limited Term Bond ETF,NYSE Arca,True
FLTR,VanEck IG Floating Rate ETF,NYSE Arca,True
FLTW,Franklin FTSE Taiwan ETF,NYSE Arca,True
FLUD,Franklin Ultra Short Bond ETF,NYSE Arca,True
FLUT,Flutter Entertainment plc Ordinary Shares,NYSE,False
FLUX,"Flux Power Holdings, Inc. - Common Stock",NASDAQ,False
FLV,American Century Focused Large Cap Value ETF,NYSE Arca,True
FLWS,"1-800-FLOWERS.COM, Inc. - Class A Common Stock",NASDAQ,False
FLX,BingEx Limited - American Depositary Shares,NASDAQ,False
FLXI,Invesco Flexible Income ETF,Cboe BZX,True
FLXN,Horizon Flexible Income ETF,Cboe BZX,True
FLXR,TCW Flexible Income ETF,NYSE,True
FLXS,"Flexsteel Industries, Inc. - Common Stock",NASDAQ,False
FLY,Firefly Aerospace Inc. - Common Stock,NASDAQ,False
FLYD,MicroSectors Travel -3x Inverse Leveraged ETN,NYSE Arca,True
FLYE,"Fly-E Group, Inc. - Common Stock",NASDAQ,False
FLYT,Tradr 2X Long FLY Daily ETF,Cboe BZX,True
FLYU,MicroSectors Travel 3x Leveraged ETN,NYSE Arca,True
FLYW,Flywire Corporation - Voting Common Stock,NASDAQ,False
FLYX,"flyExclusive, Inc. Class A Common Stock",NYSE American,False
FLYX.W,"flyExclusive, Inc. Redeemable warrants, each whole warrant exercisable for one Class A common stock at an exercise price of $11.50 per share",NYSE American,False
FLZH,"Flash Sports & Media Holdings, Inc. - Common Stock",NASDAQ,False
FMAC,Future Money Acquisition Corporation - Ordinary Shares,NASDAQ,False
FMACR,Future Money Acquisition Corporation - Rights,NASDAQ,False
FMACU,Future Money Acquisition Corporation - Units,NASDAQ,False
FMAG,Fidelity Magellan ETF,Cboe BZX,True
FMAO,"Farmers & Merchants Bancorp, Inc. - Common Stock",NASDAQ,False
FMAR,FT Vest U.S. Equity Buffer ETF - March,Cboe BZX,True
FMAT,Fidelity MSCI Materials Index ETF,NYSE Arca,True
FMAY,FT Vest U.S. Equity Buffer ETF - May,Cboe BZX,True
FMB,First Trust Managed Municipal ETF,NASDAQ,True
FMBH,"First Mid Bancshares, Inc. - Common Stock",NASDAQ,False
FMC,FMC Corporation Common Stock,NYSE,False
FMCE,FM Compounders Equity ETF,NYSE Arca,True
FMCX,FM Focus Equity ETF,NYSE Arca,True
FMDE,Fidelity Enhanced Mid Cap Core ETF,NYSE Arca,True
FMED,Fidelity Disruptive Medicine ETF,NASDAQ,True
FMET,Fidelity Metaverse ETF,NASDAQ,True
FMF,First Trust Managed Futures Strategy Fund,NYSE Arca,True
FMFC,Kandal M Venture Limited - Class A ordinary Shares,NASDAQ,False
FMHI,First Trust Municipal High Income ETF,NASDAQ,True
FMKT,The Free Markets ETF,NYSE Arca,True
FMN,Federated Hermes Premier Municipal Income Fund,NYSE,False
FMNB,Farmers National Banc Corp. - Common Stock,NASDAQ,False
FMNY,First Trust New York Municipal High Income ETF,NYSE Arca,True
FMQQ,FMQQ The Next Frontier Internet ETF,NYSE Arca,True
FMS,Fresenius Medical Care AG American Depositary Shares (Each representing 1/2 of an Ordinary Share),NYSE,False
FMST,Foremost Clean Energy Ltd. - Common Shares,NASDAQ,False
FMSTW,Foremost Clean Energy Ltd. - Warrant,NASDAQ,False
FMTL,First Trust Indxx Critical Metals ETF,NYSE Arca,True
FMTM,MarketDesk Focused U.S. Momentum ETF,NASDAQ,True
FMUB,Fidelity Municipal Bond Opportunities ETF,NASDAQ,True
FMUN,Fidelity Systematic Municipal Bond Index ETF,NASDAQ,True
FMX,Fomento Economico Mexicano S.A.B. de C.V. Common Stock,NYSE,False
FMY,First Trust Mortgage Income Fund Common Shares of Beneficial Interest,NYSE,False
FN,Fabrinet Ordinary Shares,NYSE,False
FNB,F.N.B. Corporation Common Stock,NYSE,False
FNCL,Fidelity MSCI Financials Index ETF,NYSE Arca,True
FND,"Floor & Decor Holdings, Inc. Common Stock",NYSE,False
FNDA,Schwab Fundamental U.S. Small Company ETF,NYSE Arca,True
FNDB,Schwab Fundamental U.S. Broad Market ETF,NYSE Arca,True
FNDC,Schwab Fundamental International Small Equity ETF,NYSE Arca,True
FNDE,Schwab Fundamental Emerging Markets Equity ETF,NYSE Arca,True
FNDF,Schwab Fundamental International Equity ETF,NYSE Arca,True
FNDX,Schwab Fundamental U.S. Large Company ETF,NYSE Arca,True
FNF,"Fidelity National Financial, Inc. Common Stock",NYSE,False
FNG,Leverage Shares 2X Long FN Daily ETF,Cboe BZX,True
FNGD,"MicroSectors FANG  Index -3X Inverse Leveraged ETNs due January 8, 2038",NYSE Arca,False
FNGG,Direxion Daily NYSE FANG+ Bull 2X ETF,NYSE Arca,True
FNGO,"MicroSectors FANG  Index 2X Leveraged ETNs due January 8, 2038",NYSE Arca,False
FNGR,"FingerMotion, Inc. - common stock",NASDAQ,False
FNGS,"MicroSectors FANG  ETNs due January 8, 2038",NYSE Arca,True
FNGU,MicroSectors FANG+ 3X Leveraged ETNs,NYSE Arca,True
FNK,First Trust Mid Cap Value AlphaDEX Fund,NASDAQ,True
FNKO,"Funko, Inc. - Class A Common Stock",NASDAQ,False
FNLC,"First Bancorp, Inc (ME) - Common Stock",NASDAQ,False
FNOV,FT Vest U.S. Equity Buffer ETF - November,Cboe BZX,True
FNRN,First Northern Community Bancorp - Common stock,NASDAQ,False
FNUC,Frontier Nuclear and Minerals Inc. - Common Shares,NASDAQ,False
FNV,Franco-Nevada Corporation,NYSE,False
FNWB,First Northwest Bancorp - Common Stock,NASDAQ,False
FNWD,Finward Bancorp - common stock,NASDAQ,False
FNX,First Trust Mid Cap Core AlphaDEX Fund,NASDAQ,True
FNY,First Trust Mid Cap Growth AlphaDEX Fund,NASDAQ,True
FOA,Finance of America Companies Inc. Class A Common Stock,NYSE,False
FOCL,"EDAP TMS S.A. - American Depositary Shares, each representing One Ordinary Share",NASDAQ,False
FOCT,FT Vest U.S. Equity Buffer ETF - October,Cboe BZX,True
FOF,"Cohen & Steers Closed-End Opportunity Fund, Inc. Common Stock",NYSE,False
FOFO,"Hang Feng Technology Innovation Co., Ltd. - Ordinary Shares",NASDAQ,False
FOMG,Leverage Shares 2X Long FORM Daily ETF,Cboe BZX,True
FOPC,Frontier Asset Opportunistic Credit ETF,NYSE Arca,True
FOR,Forestar Group Inc Common Stock,NYSE,False
FORH,Formidable ETF,Cboe BZX,True
FORM,"FormFactor, Inc. - Common Stock",NASDAQ,False
FORR,"Forrester Research, Inc. - Common Stock",NASDAQ,False
FORTY,Formula Systems (1985) Ltd. - American Depositary Shares,NASDAQ,False
FOSL,"Fossil Group, Inc. - Common Stock",NASDAQ,False
FOTO,Tuttle Capital Pure Play Photonics ETF,Cboe BZX,True
FOUR,"Shift4 Payments, Inc. Class A Common Stock",NYSE,False
FOUR$A,"Shift4 Payments, Inc. 6.00% Series A Mandatory Convertible Preferred Stock",NYSE,False
FOWF,Pacer Solactive Whitney Future of Warfare ETF,Cboe BZX,True
FOX,Fox Corporation - Class B Common Stock,NASDAQ,False
FOXA,Fox Corporation - Class A Common Stock,NASDAQ,False
FOXF,Fox Factory Holding Corp. - Common Stock,NASDAQ,False
FOXX,Foxx Development Holdings Inc. - Common Stock,NASDAQ,False
FOXXW,Foxx Development Holdings Inc. - Warrant,NASDAQ,False
FOXY,Simplify Currency Strategy ETF,NYSE Arca,True
FPA,First Trust Asia Pacific Ex-Japan AlphaDEX Fund,NASDAQ,True
FPAA,FPA Global Allocation ETF,Cboe BZX,True
FPAG,FPA Global Equity ETF,Cboe BZX,True
FPAS,FPA Short Duration Government ETF,Cboe BZX,True
FPE,First Trust Preferred Securities and Income ETF ETF,NYSE Arca,True
FPEI,First Trust Institutional Preferred Securities and Income ETF,NYSE Arca,True
FPF,First Trust Intermediate Duration Preferred & Income Fund Common Shares of Beneficial Interest,NYSE,False
FPFD,Fidelity Preferred Securities & Income ETF,Cboe BZX,True
FPH,"Five Point Holdings, LLC Class A Common Shares",NYSE,False
FPI,Farmland Partners Inc. Common Stock,NYSE,False
FPRO,Fidelity Real Estate Investment ETF,Cboe BZX,True
FPS,"Forgent Power Solutions, Inc. Class A Common Stock",NYSE,False
FPSX,Leverage Shares 2X Long FPS Daily ETF,Cboe BZX,True
FPWR,First Trust EIP Power Solutions ETF,NYSE Arca,True
FPX,First Trust US Equity Opportunities ETF,NYSE Arca,True
FPXE,First Trust IPOX Europe Equity Opportunities ETF,NASDAQ,True
FPXI,First Trust International Equity Opportunities ETF,NASDAQ,True
FQAL,Fidelity Quality Factor ETF,NYSE Arca,True
FR,"First Industrial Realty Trust, Inc. Common Stock",NYSE,False
FRA,Blackrock Floating Rate Income Strategies Fund Inc  Common Stock,NYSE,False
FRAF,Franklin Financial Services Corporation - Common Stock,NASDAQ,False
FRBA,First Bank  - Common Stock,NASDAQ,False
FRBT,"Forbright, Inc. - Class A Common Stock",NASDAQ,False
FRD,Friedman Industries Inc. - Common Stock,NASDAQ,False
FRDM,Freedom 100 Emerging Markets ETF,Cboe BZX,True
FREI,Fidelity Real Estate Income ETF,NASDAQ,True
FREL,Fidelity MSCI Real Estate Index ETF,NYSE Arca,True
FRGN,Horizon International Equity ETF,NYSE Arca,True
FRGT,"Freight Technologies, Inc. - Ordinary Shares",NASDAQ,False
FRHC,Freedom Holding Corp. - Common Stock,NASDAQ,False
FRI,First Trust S&P REIT Index Fund,NYSE Arca,True
FRIZ,Franklin Dividend Growth ETF,NYSE Arca,True
FRME,First Merchants Corporation - Common Stock,NASDAQ,False
FRMEP,"First Merchants Corporation - Depository Shares, each representing a 1/100th interest in a share of 7.50% Non-Cumulative Perpetual Preferred Stock, A",NASDAQ,False
FRMI,Fermi Inc. - Common Stock,NASDAQ,False
FRMM,"Forum Markets, Incorporated - Common Stock",NASDAQ,False
FRNM,"Freenome, Inc. - Common stock",NASDAQ,False
FRNW,Fidelity Clean Energy ETF,Cboe BZX,True
FRO,Frontline Plc Ordinary Shares,NYSE,False
FROG,JFrog Ltd. - Ordinary shares,NASDAQ,False
FRPH,"FRP Holdings, Inc. - Common Stock",NASDAQ,False
FRPT,"Freshpet, Inc. - Common Stock",NASDAQ,False
FRSH,Freshworks Inc. - Class A Common Stock,NASDAQ,False
FRST,Primis Financial Corp. - Common Stock,NASDAQ,False
FRSX,Foresight Autonomous Holdings Ltd. - American Depositary Shares,NASDAQ,False
FRT,Federal Realty Investment Trust Common Stock,NYSE,False
FRT$C,"Federal Realty Investment Trust Depositary Shares, each representing a 1/1000th interest in a 5.000% Series C Cumulative Redeemable Preferred Share",NYSE,False
FRTT,Fort Technology Inc. - Common Shares,NASDAQ,False
FRTY,Alger Mid Cap 40 ETF,NYSE Arca,True
FRVO,Fervo Energy Company - Class A common stock,NASDAQ,False
FRWD,Nomura Transformational Technologies ETF,NASDAQ,True
FSBC,Five Star Bancorp - Common Stock,NASDAQ,False
FSBW,"FS Bancorp, Inc. - Common Stock",NASDAQ,False
FSCC,Federated Hermes MDT Small Cap Core ETF,NYSE Arca,True
FSCO,FS Credit Opportunities Corp. Common Stock,NYSE,False
FSCS,First Trust SMID Capital Strength ETF,NASDAQ,True
FSEA,"First Seacoast Bancorp, Inc. - Common Stock",NASDAQ,False
FSEC,Fidelity Investment Grade Securitized ETF,NYSE Arca,True
FSEG,Fidelity Enhanced Small Cap Growth ETF,NYSE Arca,True
FSEP,FT Vest U.S. Equity Buffer ETF - September,Cboe BZX,True
FSEV,Fidelity Enhanced Small Cap Value ETF,NYSE Arca,True
FSGS,First Trust SMID Growth Strength ETF,NASDAQ,True
FSHP,Flag Ship Acquisition Corp. - Ordinary Shares,NASDAQ,False
FSHPR,Flag Ship Acquisition Corp. - Right,NASDAQ,False
FSHPU,Flag Ship Acquisition Corp. - Unit,NASDAQ,False
FSI,Flexible Solutions International Inc. Common Stock (CDA),NYSE American,False
FSIG,First Trust Limited Duration Investment Grade Corporate ETF,NYSE Arca,True
FSK,FS KKR Capital Corp. Common Stock,NYSE,False
FSLR,"First Solar, Inc. - Common Stock",NASDAQ,False
FSLY,"Fastly, Inc. - Class A Common Stock",NASDAQ,False
FSM,Fortuna Mining Corp. Common Shares,NYSE,False
FSMB,First Trust Short Duration Managed Municipal ETF,NYSE Arca,True
FSMD,Fidelity Small-Mid Multifactor ETF,NYSE Arca,True
FSML,Franklin Small Cap Enhanced ETF,NYSE Arca,True
FSOL,Fidelity Solana Fund,NYSE Arca,True
FSP,Franklin Street Properties Corp. Common Stock,NYSE American,False
FSPC,First Trust Bloomberg Space Economy ETF,NYSE Arca,True
FSS,Federal Signal Corporation Common Stock,NYSE,False
FSSL,FS Specialty Lending Fund Common Shares of Beneficial Interest,NYSE,False
FSTA,Fidelity MSCI Consumer Staples Index ETF,NYSE Arca,True
FSTB,Fidelity Short-Term Bond ETF,NASDAQ,True
FSTR,L.B. Foster Company - Common Stock,NASDAQ,False
FSUN,FirstSun Capital Bancorp - Common Stock,NASDAQ,False
FSV,FirstService Corporation - Common Shares,NASDAQ,False
FSYD,Fidelity Sustainable High Yield ETF,NYSE Arca,True
FSZ,First Trust Switzerland AlphaDEX Fund,NASDAQ,True
FT,Franklin Universal Trust Common Stock,NYSE,False
FTA,First Trust Large Cap Value AlphaDEX Fund,NASDAQ,True
FTAG,First Trust Indxx Global Agriculture ETF,NASDAQ,True
FTAI,FTAI Aviation Ltd. - Common Stock,NASDAQ,False
FTAIM,FTAI Aviation Ltd. - 9.500% Fixed-Rate Reset Series D Cumulative Perpetual Redeemable Preferred Shares,NASDAQ,False
FTBD,Fidelity Tactical Bond ETF,NYSE Arca,True
FTBI,First Trust Balanced Income ETF,NYSE Arca,True
FTC,First Trust Large Cap Growth AlphaDEX Fund,NASDAQ,True
FTCA,Franklin California Municipal Income ETF,NYSE Arca,True
FTCB,First Trust Core Investment Grade ETF,NYSE Arca,True
FTCE,First Trust New Constructs Core Earnings Leaders ETF,NYSE Arca,True
FTCI,"FTC Solar, Inc. - Common Stock",NASDAQ,False
FTCS,First Trust Capital Strength ETF,NASDAQ,True
FTDR,"Frontdoor, Inc. - Common Stock",NASDAQ,False
FTDS,First Trust Dividend Strength ETF,NASDAQ,True
FTEC,Fidelity MSCI Information Technology Index ETF,NYSE Arca,True
FTEK,"Fuel Tech, Inc. - Common Stock",NASDAQ,False
FTF,Franklin Limited Duration Income Trust Common Shares of Beneficial Interest,NYSE American,False
FTFT,Future FinTech Group Inc. - Common Stock,NASDAQ,False
FTGC,First Trust Global Tactical Commodity Strategy Fund,NASDAQ,True
FTGS,First Trust Growth Strength ETF,NASDAQ,True
FTH,"Faeth Therapeutics, Inc.  - Common Stock",NASDAQ,False
FTHA,Forefront Tech Holdings Acquisition Corp - Class A Ordinary Shares,NASDAQ,False
FTHAU,Forefront Tech Holdings Acquisition Corp - Unit,NASDAQ,False
FTHAW,Forefront Tech Holdings Acquisition Corp - Warrant,NASDAQ,False
FTHB,FIS Faith Income ETF,NYSE Arca,True
FTHF,First Trust Emerging Markets Human Flourishing ETF,NYSE Arca,True
FTHI,First Trust BuyWrite Income ETF,NASDAQ,True
FTHM,Fathom Holdings Inc. - Common Stock,NASDAQ,False
FTHY,First Trust High Yield Opportunities 2027 Term Fund Common Stock,NYSE,False
FTI,TechnipFMC plc Ordinary Share,NYSE,False
FTIF,First Trust Bloomberg Inflation Sensitive Equity ETF,NYSE Arca,True
FTK,"Flotek Industries, Inc. Common Stock",NYSE,False
FTKI,First Trust Small Cap BuyWrite Income ETF,NYSE Arca,True
FTLF,"FitLife Brands, Inc. - Common Stock",NASDAQ,False
FTLS,First Trust Long/Short Equity,NYSE Arca,True
FTMA,Franklin Massachusetts Municipal Income ETF,NYSE Arca,True
FTMH,Franklin Municipal High Yield ETF,NYSE Arca,True
FTMN,Franklin Minnesota Municipal Income ETF,NYSE Arca,True
FTMS,Franklin Short-Term Municipal Income ETF,NYSE Arca,True
FTMU,Franklin Municipal Income ETF,NYSE Arca,True
FTNJ,Franklin New Jersey Municipal Income ETF,NYSE Arca,True
FTNT,"Fortinet, Inc. - Common Stock",NASDAQ,False
FTNY,Franklin New York Municipal Income ETF,NYSE Arca,True
FTOH,Franklin Ohio Municipal Income ETF,NYSE Arca,True
FTPA,Franklin Pennsylvania Municipal Income ETF,NYSE Arca,True
FTQI,First Trust Nasdaq BuyWrite Income ETF,NASDAQ,True
FTRA,FutureCorp Space Acquisition 1 Class A Ordinary Shares,NYSE,False
FTRA.U,"FutureCorp Space Acquisition 1 Units, each consisting of one Class A ordinary share and one-half of one redeemable warrant",NYSE,False
FTRA.W,"FutureCorp Space Acquisition 1 Redeemable warrants, each whole warrant exercisable for one Class A ordinary share at an exercise price of $11.50",NYSE,False
FTRB,Federated Hermes Total Return Bond ETF,NYSE Arca,True
FTRE,Fortrea Holdings Inc. - Common Stock,NASDAQ,False
FTRI,First Trust Indxx Global Natural Resources Income ETF,NASDAQ,True
FTRK,FAST TRACK GROUP - Ordinary shares,NASDAQ,False
FTS,Fortis Inc. Common Shares,NYSE,False
FTSD,Franklin Short Duration U.S. Government ETF,NYSE Arca,True
FTSL,First Trust Senior Loan Fund,NASDAQ,True
FTSM,First Trust Enhanced Short Maturity ETF,NASDAQ,True
FTV,Fortive Corporation Common Stock,NYSE,False
FTW,Presidio Production Company Class A Common Stock,NYSE,False
FTW.W,"Presidio Production Company Warrants, each whole warrant exercisable for one share of Class A common stock at an exercise price of $11.50 per share",NYSE,False
FTWO,Strive Natural Resources and Security ETF,NYSE,True
FTXG,First Trust Nasdaq Food & Beverage ETF,NASDAQ,True
FTXH,First Trust Nasdaq Pharmaceuticals ETF,NASDAQ,True
FTXL,First Trust Nasdaq Semiconductor ETF,NASDAQ,True
FTXN,First Trust Nasdaq Oil & Gas ETF,NASDAQ,True
FTXO,First Trust Nasdaq Bank ETF,NASDAQ,True
FTXR,First Trust Nasdaq Transportation ETF,NASDAQ,True
FUBO,FuboTV Inc. Class A Common Stock,NYSE,False
FUFU,BitFuFu Inc. - Class A Ordinary Shares,NASDAQ,False
FUFUW,BitFuFu Inc. - Warrant,NASDAQ,False
FUL,H. B. Fuller Company Common Stock,NYSE,False
FULC,"Fulcrum Therapeutics, Inc. - Common Stock",NASDAQ,False
FULT,Fulton Financial Corporation - Common Stock,NASDAQ,False
FULTP,"Fulton Financial Corporation - Depositary Shares Each Representing a 1/40th Interest in a Share of Fixed Rate Non-Cumulative Perpetual Preferred Stock, Series A",NASDAQ,False
FUMB,First Trust Ultra Short Duration Municipal ETF,NYSE Arca,True
FUN,Six Flags Entertainment Corporation Common Stock New,NYSE,False
FUNC,First United Corporation - Common Stock,NASDAQ,False
FUND,"Sprott Focus Trust, Inc. - Closed End Fund",NASDAQ,False
FURY,Fury Gold Mines Limited Common Shares,NYSE American,False
FUSB,"First US Bancshares, Inc. - Common Stock",NASDAQ,False
FUSD,Federated Hermes Ultrashort Bond ETF,Cboe BZX,True
FUSE,Fusemachines Inc. - Common stock,NASDAQ,False
FUSEW,Fusemachines Inc. - Warrants,NASDAQ,False
FUSI,American Century Multisector Floating Income ETF,NYSE Arca,True
FUTG,Leverage Shares 2x Long FUTU Daily ETF,NASDAQ,True
FUTU,Futu Holdings Limited - American Depositary Shares,NASDAQ,False
FUTY,Fidelity MSCI Utilities Index ETF,NYSE Arca,True
FV,First Trust Dorsey Wright Focus 5 ETF,NASDAQ,True
FVAL,Fidelity Value Factor ETF,NYSE Arca,True
FVAV,Fortress Value Acquisition Corp. V - Class A Ordinary Shares,NASDAQ,False
FVC,First Trust Dorsey Wright Dynamic Focus 5 ETF,NASDAQ,True
FVCB,"FVCBankcorp, Inc. - Common Stock",NASDAQ,False
FVD,First Trust VL Dividend,NYSE Arca,True
FVN,Future Vision II Acquisition Corporation - Ordinary Shares,NASDAQ,False
FVNNR,Future Vision II Acquisition Corporation - Right,NASDAQ,False
FVNNU,Future Vision II Acquisition Corporation - Units,NASDAQ,False
FVR,"FrontView REIT, Inc. Common Stock",NYSE,False
FVRR,"Fiverr International Ltd. Ordinary Shares, no par value",NYSE,False
FWACU,Futurewave Acquisition Corporation - Units,NASDAQ,False
FWD,AB Disruptors ETF,NYSE Arca,True
FWDI,"Forward Industries, Inc. - Common Stock",NASDAQ,False
FWONA,Liberty Media Corporation - Series A Liberty Formula One Common Stock,NASDAQ,False
FWONK,Liberty Media Corporation - Series C Liberty Formula One Common Stock,NASDAQ,False
FWRD,Forward Air Corporation - Common Stock,NASDAQ,False
FWRG,"First Watch Restaurant Group, Inc. - Common Stock",NASDAQ,False
FXA,Invesco CurrencyShares Australian Dollar Trust,NYSE Arca,True
FXAC,FortuneX Acquisition Corporation - Ordinary shares,NASDAQ,False
FXACU,FortuneX Acquisition Corporation - Units,NASDAQ,False
FXACW,FortuneX Acquisition Corporation - Warrant,NASDAQ,False
FXB,Invesco CurrencyShares British Pound Sterling Trust,NYSE Arca,True
FXC,Invesco CurrencyShares Canadian Dollar Trust,NYSE Arca,True
FXD,First Trust Cons. Discret. AlphaDEX,NYSE Arca,True
FXE,Invesco CurrencyShares Euro Currency Trust,NYSE Arca,True
FXED,Sound Enhanced Fixed Income ETF,NYSE,True
FXF,Invesco CurrencyShares Swiss Franc Trust,NYSE Arca,True
FXG,First Trust Cons. Staples AlphaDEX,NYSE Arca,True
FXH,First Trust Health Care AlphaDEX,NYSE Arca,True
FXHO,UTime Limited - Class A Ordinary Shares,NASDAQ,False
FXI,iShares China Large-Cap ETF,NYSE Arca,True
FXL,First Trust Technology AlphaDEX,NYSE Arca,True
FXN,First Trust Energy AlphaDEX Fund,NYSE Arca,True
FXNC,First National Corporation - Common Stock,NASDAQ,False
FXO,First Trust Financials AlphaDEX,NYSE Arca,True
FXP,ProShares UltraShort FTSE China 50,NYSE Arca,True
FXR,First Trust Industrials AlphaDEX,NYSE Arca,True
FXU,First Trust Utilities AlphaDEX Fund,NYSE Arca,True
FXY,Invesco CurrencyShares Japanese Yen Trust,NYSE Arca,True
FXZ,First Trust Materials AlphaDEX Fund,NYSE Arca,True
FYC,First Trust Small Cap Growth AlphaDEX Fund,NASDAQ,True
FYEE,Fidelity Yield Enhanced Equity ETF,Cboe BZX,True
FYLD,Cambria Foreign Shareholder Yield ETF,Cboe BZX,True
FYT,First Trust Small Cap Value AlphaDEX Fund,NASDAQ,True
FYX,First Trust Small Cap Core AlphaDEX Fund,NASDAQ,True
G,Genpact Limited Common Stock,NYSE,False
GAA,Cambria Global Asset Allocation ETF,Cboe BZX,True
GAB,"Gabelli Equity Trust, Inc. (The) Common Stock",NYSE,False
GAB$G,"Gabelli Equity Trust, Inc. (The) Series G Cumulative Preferred Stock",NYSE,False
GAB$H,"Gabelli Equity Trust, Inc. (The) Pfd Ser H",NYSE,False
GAB$K,"Gabelli Equity Trust, Inc. (The) 5.00% Series K Cumulative Preferred Stock",NYSE,False
GABC,"German American Bancorp, Inc. - Common Stock",NASDAQ,False
GABF,Gabelli ETFs Trust Gabelli Financial Services Opportunities ETF,NYSE Arca,True
GAEM,Simplify Gamma Emerging Market Bond ETF,NYSE Arca,True
GAIA,"Gaia, Inc. - Class A Common Stock",NASDAQ,False
GAIN,Gladstone Investment Corporation - Business Development Company,NASDAQ,False
GAING,Gladstone Investment Corporation - 7.125% Notes due 2031,NASDAQ,False
GAINI,Gladstone Investment Corporation - 7.875% Notes due 2030,NASDAQ,False
GAINZ,Gladstone Investment Corporation - 4.875% Notes due 2028,NASDAQ,False
GAL,State Street Global Allocation ETF,NYSE Arca,True
GALT,Galectin Therapeutics Inc. - Common Stock,NASDAQ,False
GALX,VistaShares Space Supercycle ETF,NYSE Arca,True
GAM,"General American Investors, Inc. Common Stock",NYSE,False
GAM$B,"General American Investors Company, Inc. Cumulative Preferred Stock",NYSE,False
GAME,"GameSquare Holdings, Inc. - Common stock",NASDAQ,False
GAMR,Amplify Video Game Leaders ETF,NYSE Arca,True
GANX,"Gain Therapeutics, Inc. - Common Stock",NASDAQ,False
GAP,"Gap, Inc. (The) Common Stock",NYSE,False
GAPR,FT Vest U.S. Equity Moderate Buffer ETF - April,Cboe BZX,True
GARA,Guinness Atkinson Real Assets Income ETF,NYSE Arca,True
GARP,iShares MSCI USA Quality GARP ETF,Cboe BZX,True
GARY,Mango Growth ETF,NASDAQ,True
GASS,"StealthGas, Inc. - common stock",NASDAQ,False
GASZ,Corgi Natural Gas Power & Turbines ETF,Cboe BZX,True
GATX,GATX Corporation Common Stock,NYSE,False
GAU,Galiano Gold Inc.,NYSE American,False
GAUG,FT Vest U.S. Equity Moderate Buffer ETF - August,Cboe BZX,True
GAUZ,Gauzy Ltd. - Ordinary Shares,NASDAQ,False
GAVA,Grayscale Avalanche Staking ETF,NASDAQ,True
GBAB,Guggenheim Taxable Municipal Bond & Investment Grade Debt Trust Common Shares of Beneficial Interest,NYSE,False
GBCI,"Glacier Bancorp, Inc. Common Stock",NYSE,False
GBDC,"Golub Capital BDC, Inc. - Closed End Fund",NASDAQ,False
GBF,iShares Government/Credit Bond ETF,NYSE Arca,True
GBFH,GBank Financial Holdings Inc. - Common Stock,NASDAQ,False
GBHI,Gabelli High Income ETF,NYSE Arca,True
GBIL,Goldman Sachs Access Treasury 0-1 Year ETF,NYSE Arca,True
GBLI,"Global Indemnity Group, LLC - Class A Common Shares",NASDAQ,False
GBND,Goldman Sachs Core Bond ETF,NYSE Arca,True
GBR,"New Concept Energy, Inc Common Stock",NYSE American,False
GBTC,Grayscale Bitcoin Trust (BTC),NYSE Arca,True
GBTG,"Global Business Travel Group, Inc. Class A Common Stock",NYSE,False
GBUG,Sprott Active Gold & Silver Miners ETF,NASDAQ,True
GBX,"Greenbrier Companies, Inc. (The) Common Stock",NYSE,False
GCAD,Gabelli Commercial Aerospace and Defense ETF,NYSE Arca,True
GCAL,Goldman Sachs Dynamic California Municipal Income ETF,NYSE Arca,True
GCBC,"Greene County Bancorp, Inc. - Common Stock",NASDAQ,False
GCC,WisdomTree EnhancedContinuous Commodity Index Fund,NYSE Arca,True
GCDT,Green Circle Decarbonize Technology Limited Ordinary Shares,NYSE American,False
GCGR,General Catalyst Global Resilience Merger Corp. - Class A Ordinary Shares,NASDAQ,False
GCGRU,General Catalyst Global Resilience Merger Corp. - Units,NASDAQ,False
GCGRW,General Catalyst Global Resilience Merger Corp. - Warrants,NASDAQ,False
GCL,GCL Global Holdings Ltd - Ordinary Shares,NASDAQ,False
GCLWW,GCL Global Holdings Ltd - Warrants,NASDAQ,False
GCMG,GCM Grosvenor Inc. - Class A Common Stock,NASDAQ,False
GCO,Genesco Inc. Common Stock,NYSE,False
GCOR,Goldman Sachs Access U.S. Aggregate Bond ETF,NYSE Arca,True
GCOW,Pacer Global Cash Cows Dividend ETF,Cboe BZX,True
GCSH,Guggenheim Ultra Short Income ETF,NYSE Arca,True
GCT,GigaCloud Technology Inc - Class A Ordinary Shares,NASDAQ,False
GCTK,"GlucoTrack, Inc. - Common Stock",NASDAQ,False
GCTS,"GCT Semiconductor Holding, Inc. Common Stock",NYSE,False
GCTS.W,"GCT Semiconductor Holding, Inc. Warrants, each whole warrant exercisable for one share of Common Stock at an exercise price of $11.50",NYSE,False
GCV,"Gabelli Convertible and Income Securities Fund, Inc. (The) Common Stock",NYSE,False
GD,General Dynamics Corporation Common Stock,NYSE,False
GDC,GD Culture Group Limited - Common Stock,NASDAQ,False
GDDY,GoDaddy Inc. Class A Common Stock,NYSE,False
GDE,WisdomTree Efficient Gold Plus Equity Strategy Fund,Cboe BZX,True
GDEC,FT Vest U.S. Equity Moderate Buffer ETF - December,Cboe BZX,True
GDEV,GDEV Inc. - Ordinary Shares,NASDAQ,False
GDEVW,GDEV Inc. - Warrant,NASDAQ,False
GDHG,Golden Heaven Group Holdings Ltd.  - Class A Ordinary Shares,NASDAQ,False
GDIV,Harbor Dividend Growth Leaders ETF,NYSE,True
GDL,"GDL Fund, The Common Shares of Beneficial Interest",NYSE,False
GDLC,Grayscale CoinDesk Crypto 5 ETF,NYSE Arca,True
GDMA,Gadsden Dynamic Multi-Asset ETF,Cboe BZX,True
GDMN,WisdomTree Efficient Gold Plus Gold Miners Strategy Fund,Cboe BZX,True
GDO,Western Asset Global Corporate Opportunity Fund Inc. Common Stock,NYSE,False
GDOC,Goldman Sachs Future Health Care Equity ETF,NYSE Arca,True
GDOG,Grayscale Dogecoin Trust ETF,NYSE Arca,True
GDOT,"Green Dot Corporation Class A Common Stock, $0.001 par value",NYSE,False
GDRX,"GoodRx Holdings, Inc. - Class A Common Stock",NASDAQ,False
GDS,GDS Holdings Limited - American Depositary Shares,NASDAQ,False
GDT,WisdomTree Efficient TIPS Plus Gold Fund,Cboe BZX,True
GDTC,CytoMed Therapeutics Limited - Ordinary Shares,NASDAQ,False
GDV,Gabelli Dividend & Income Trust Common Shares of Beneficial Interest,NYSE,False
GDV$H,The Gabelli Dividend & Income Trust 5.375% Series H Cumulative Preferred Shares,NYSE,False
GDV$K,The Gabelli Dividend & Income Trust 4.250% Series K Cumulative Preferred Shares,NYSE,False
GDX,VanEck Gold Miners ETF,NYSE Arca,True
GDXD,MicroSectors Gold Miners -3X Inverse Leveraged ETNs,NYSE Arca,True
GDXJ,VanEck Junior Gold Miners ETF,NYSE Arca,True
GDXU,MicroSectors Gold Miners 3X Leveraged ETN,NYSE Arca,True
GDXW,Roundhill Gold Miners WeeklyPay ETF,Cboe BZX,True
GDXY,YieldMax Gold Miners Option Income Strategy ETF,NYSE Arca,True
GDYN,"Grid Dynamics Holdings, Inc. - Class A Common Stock",NASDAQ,False
GE,GE Aerospace Common Stock,NYSE,False
GECC,Great Elm Capital Corp. - Closed End Fund,NASDAQ,False
GECCG,Great Elm Capital Corp. - 7.75% Notes Due 2030,NASDAQ,False
GECCH,Great Elm Capital Corp. - 8.125% Notes Due 2029,NASDAQ,False
GECCI,Great Elm Capital Corp. - 8.50% NOTES DUE 2029,NASDAQ,False
GEF,Greif Inc. Class A Common Stock,NYSE,False
GEF.B,"Greif, Inc. Corporation Class B Common Stock",NYSE,False
GEG,"Great Elm Group, Inc.  - Common Stock",NASDAQ,False
GEGGL,"Great Elm Group, Inc.  - 7.25% Notes due 2027",NASDAQ,False
GEHC,GE HealthCare Technologies Inc. - Common Stock,NASDAQ,False
GEL,"Genesis Energy, L.P. Common Units",NYSE,False
GELS,Gelteq Limited - Ordinary Shares,NASDAQ,False
GEM,Goldman Sachs ActiveBeta Emerging Markets Equity ETF,NYSE Arca,True
GEMD,Goldman Sachs Access Emerging Markets USD Bond ETF,Cboe BZX,True
GEME,Pacific North of South EM Equity Active ETF,NASDAQ,True
GEMG,Leverage Shares 2X Long GEMI Daily ETF,NASDAQ,True
GEMI,"Gemini Space Station, Inc. - Class A Common Stock",NASDAQ,False
GEN,Gen Digital Inc. - Common Stock,NASDAQ,False
GENB,"Generate Biomedicines, Inc. - Common Stock",NASDAQ,False
GENC,"Gencor Industries, Inc. Common Stock",NYSE American,False
GEND,Genter Capital Dividend Income ETF,NYSE Arca,True
GENI,Genius Sports Limited Ordinary Shares,NYSE,False
GENK,"GEN Restaurant Group, Inc. - Class A Common Stock",NASDAQ,False
GENM,Genter Capital Municipal Quality Intermediate ETF,NYSE Arca,True
GENT,Genter Capital Taxable Quality Intermediate ETF,NYSE Arca,True
GENVR,Gen Digital Inc. - Contingent Value Rights,NASDAQ,False
GENW,Genter Capital International Dividend ETF,NYSE Arca,True
GENZ,VanEck Digital Native Economy ETF,NASDAQ,True
GEO,Geo Group Inc (The) REIT,NYSE,False
GEOA,WisdomTree GeoAlpha Opportunities Fund,NYSE Arca,True
GEOS,Geospace Technologies Corporation - Common Stock,NASDAQ,False
GEQ,Cambria Global EW 2 ETF,NASDAQ,True
GERN,Geron Corporation - Common Stock,NASDAQ,False
GETY,"Getty Images Holdings, Inc. Class A Common Stock",NYSE,False
GEV,GE Vernova Inc. Common Stock,NYSE,False
GEVC,Corgi GEV 2x Daily ETF,Cboe BZX,True
GEVG,Leverage Shares 2X Long GEV Daily ETF,NASDAQ,True
GEVO,"Gevo, Inc. - Common Stock",NASDAQ,False
GEVX,Tradr 2X Long GEV Daily ETF,Cboe BZX,True
GEW,Cambria Global EW ETF,NASDAQ,True
GF,"New Germany Fund, Inc. (The) Common Stock",NYSE,False
GFAI,"Guardforce AI Co., Limited - Ordinary Shares",NASDAQ,False
GFAIW,"Guardforce AI Co., Limited - Warrant",NASDAQ,False
GFEB,FT Vest U.S. Equity Moderate Buffer ETF - February,Cboe BZX,True
GFF,Griffon Corporation Common Stock,NYSE,False
GFGF,Guru Favorite Stocks ETF,NASDAQ,True
GFI,Gold Fields Limited American Depositary Shares,NYSE,False
GFL,"GFL Environmental Inc. Subordinate voting shares, no par value",NYSE,False
GFLW,VictoryShares Free Cash Flow Growth ETF,NASDAQ,True
GFR,Greenfire Resources Ltd. Common Shares,NYSE,False
GFS,GlobalFoundries Inc. - Ordinary Share,NASDAQ,False
GFSG,Leverage Shares 2X Long GFS Daily ETF,Cboe BZX,True
GFUZ,General Fusion Group Ltd. - Common Shares,NASDAQ,False
GFUZW,General Fusion Group Ltd. - Warrant,NASDAQ,False
GGAL,"Grupo Financiero Galicia S.A. - American Depositary Shares, Class B Shares underlying",NASDAQ,False
GGB,Gerdau S.A. Common Stock,NYSE,False
GGG,Graco Inc. Common Stock,NYSE,False
GGLL,Direxion Daily GOOGL Bull 2X ETF,NASDAQ,True
GGLS,Direxion Daily GOOGL Bear 1X ETF,NASDAQ,True
GGM,GGM Macro Alignment ETF,NYSE Arca,True
GGME,Invesco Next Gen Media and Gaming ETF,NYSE Arca,True
GGN,"GAMCO Global Gold, Natural Resources & Income Trust",NYSE American,False
GGN$B,"GAMCO Global Gold, Natural Reources & Income Trust 5.00% Series B Cumulative 25.00 Liquidation Preference",NYSE American,False
GGOV,iShares Global Government Bond USD Hedged Active ETF,NYSE Arca,True
GGR,Gogoro Inc. - Ordinary Shares,NASDAQ,False
GGROW,Gogoro Inc. - Warrant,NASDAQ,False
GGRP,"The Glimpse Group, Inc. - Common Stock",NASDAQ,False
GGRW,Gabelli Growth Innovators ETF,NYSE Arca,True
GGT,"Gabelli Multi-Media Trust, Inc. (The) Common Stock",NYSE,False
GGT$E,Gabelli Multi-Media Trust Inc. (The) 5.125% Series E Cumulative Preferred Stock,NYSE,False
GGT$G,Gabelli Multi-Media Trust Inc. (The) 5.125% Series G Cumulative Preferred Shares,NYSE,False
GGTL,Gabelli Global Technology Leaders ETF,NYSE Arca,True
GGUS,Goldman Sachs MarketBeta Russell 1000 Growth Equity ETF,NYSE Arca,True
GGZ,Gabelli Global Small and Mid Cap Value Trust (The) Common Shares of Beneficial Interest,NYSE,False
GH,"Guardant Health, Inc. - Common Stock",NASDAQ,False
GHC,Graham Holdings Company Common Stock,NYSE,False
GHG,"GreenTree Hospitality Group Ltd. American depositary shares, each representing one Class A ordinary share",NYSE,False
GHI,Greystone Housing Impact Investors LP Beneficial Unit Certificates representing assignments of limited partnership interests,NYSE,False
GHM,Graham Corporation Common Stock,NYSE,False
GHRS,GH Research PLC - Ordinary Shares,NASDAQ,False
GHTA,Goose Hollow Tactical Allocation ETF,Cboe BZX,True
GHXIU,"Gores Holdings XI, Inc. - Units",NASDAQ,False
GHY,"PGIM Global High Yield Fund, Inc.",NYSE,False
GHYB,Goldman Sachs Access High Yield Corporate Bond ETF,NYSE Arca,True
GHYG,iShares US & Intl High Yield Corp Bond ETF,Cboe BZX,True
GIAX,Nicholas Global Equity and Income ETF,NYSE Arca,True
GIB,CGI Inc. Common Stock,NYSE,False
GIBO,GIBO Holdings Limited - Class A Ordinary Shares,NASDAQ,False
GIBOW,GIBO Holdings Limited - Warrants,NASDAQ,False
GIC,Global Industrial Company Common Stock,NYSE,False
GIEQ,Goldman Sachs Data Enhanced International Equity ETF,NASDAQ,True
GIFT,"Giftify, Inc. - Common Stock",NASDAQ,False
GIGB,Goldman Sachs Access Investment Grade Corporate Bond ETF,NYSE Arca,True
GIGL,Goldman Sachs Corporate Bond ETF,NYSE Arca,True
GIGM,GigaMedia Limited - Ordinary Shares,NASDAQ,False
GII,State Street SPDR S&P Global Infrastructure ETF,NYSE Arca,True
GIII,"G-III Apparel Group, LTD. - Common Stock",NASDAQ,False
GIL,"Gildan Activewear, Inc. Class A Sub. Vot. Common Stock",NYSE,False
GILD,"Gilead Sciences, Inc. - Common Stock",NASDAQ,False
GILT,Gilat Satellite Networks Ltd. - Ordinary Shares,NASDAQ,False
GIND,Goldman Sachs India Equity ETF,NASDAQ,True
GINN,Goldman Sachs Innovate Equity ETF,NYSE Arca,True
GINX,SGI Enhanced Global Income ETF,NASDAQ,True
GIPR,Generation Income Properties Inc. - Common stock,NASDAQ,False
GIPRW,Generation Income Properties Inc. - Warrant,NASDAQ,False
GIS,"General Mills, Inc. Common Stock",NYSE,False
GISC,Guggenheim Securitized Income ETF,NYSE Arca,True
GITS,"Global Interactive Technologies, Inc. Common Stock - Common Stock",NASDAQ,False
GIW,GigCapital8 Corp. - Class A Ordinary Shares,NASDAQ,False
GIWWR,GigCapital8 Corp. - Rights,NASDAQ,False
GIWWU,GigCapital8 Corp. - Units,NASDAQ,False
GIX,GigCapital9 Corp. - Class A Ordinary Share,NASDAQ,False
GIXXR,GigCapital9 Corp. - Rights,NASDAQ,False
GIXXU,GigCapital9 Corp. - Units,NASDAQ,False
GJAN,FT Vest U.S. Equity Moderate Buffer ETF - January,Cboe BZX,True
GJH,Synthetic Fixed-Income Securities Inc 6.375% (STRATS) Cl A-1,NYSE,False
GJO,"Synthetic Fixed-Income Securities, Inc. on behalf of STRATS(SM) Trust for Wal-Mart Stores, Inc. Securities, Series 2004-5",NYSE,False
GJP,"Synthetic Fixed-Income Securities, Inc. on behalf of STRATS (SM) Trust for Dominion Resources, Inc. Securities, Series 2005-6, Floating Rate Structured Repackaged Asset-Backed Trust Securities (STRATS) Certificates",NYSE,False
GJR,"Synthetic Fixed-Income Securities, Inc. STRATS Trust for Procter&Gamble Securities, Series 2006-1",NYSE,False
GJS,"Goldman Sachs Group Securities STRATS Trust for Goldman Sachs Group Securities, Series 2006-2",NYSE,False
GJT,"Synthetic Fixed-Income Securities, Inc. Floating Rate Structured Repackaged Asset-Backed Trust Securities Certificates, Series 2006-3",NYSE,False
GJUL,FT Vest U.S. Equity Moderate Buffer ETF - July,Cboe BZX,True
GJUN,FT Vest U.S. Equity Moderate Buffer ETF - June,Cboe BZX,True
GK,AdvisorShares Gerber Kawasaki ETF,NYSE Arca,True
GKAT,Scharf Global Opportunity ETF,NASDAQ,True
GKOS,Glaukos Corporation Common Stock,NYSE,False
GL,Globe Life Inc. Common Stock,NYSE,False
GL$D,Globe Life Inc. 4.25% Junior Subordinated Debentures due 2061,NYSE,False
GLAD,Gladstone Capital Corporation - Closed End Fund,NASDAQ,False
GLAM,"Corgi Beauty, Skincare & Aesthetics ETF",Cboe BZX,True
GLAS,Glass House Brands Inc. Subordinate Voting Shares,NYSE,False
GLBE,Global-E Online Ltd. - ordinary shares,NASDAQ,False
GLBL,Pacer MSCI World Industry Advantage ETF,Cboe BZX,True
GLBS,Globus Maritime Limited - Common Stock,NASDAQ,False
GLCR,GlacierShares Nasdaq Iceland ETF,NASDAQ,True
GLD,SPDR Gold Shares,NYSE Arca,True
GLDB,IDX Alternative FIAT ETF,NASDAQ,True
GLDG,GoldMining Inc. Common Shares,NYSE American,False
GLDI,"ETRACS Gold Shares Covered Call ETNs due February 2, 2033",NASDAQ,True
GLDM,SPDR Gold MiniShares Trust,NYSE Arca,True
GLDN,Nicholas Gold Income ETF,NYSE Arca,True
GLDW,Roundhill Gold WeeklyPay ETF,Cboe BZX,True
GLE,Global Engine Group Holding Limited - Class A Ordinary Shares,NASDAQ,False
GLED,GalaxyEdge Acquisition Corporation Ordinary Shares,NYSE,False
GLED.R,GalaxyEdge Acquisition Corporation Rights to receive one-fourth (1/4) of one ordinary share,NYSE,False
GLED.U,"GalaxyEdge Acquisition Corporation Units, each consisting of one Ordinary Share and one Right entitling the holder to receive 1/4th of one ordinary share",NYSE,False
GLGG,Leverage Shares 2X Long GLXY Daily ETF,NASDAQ,True
GLIBA,Liberty Capital Corporation - Series A GCI Group Common Stock,NASDAQ,False
GLIBK,Liberty Capital Corporation - Series C GCI Group Common Stock,NASDAQ,False
GLIN,VanEck India Growth Leaders ETF,NYSE Arca,True
GLIX,Lazard Listed Infrastructure ETF,NYSE Arca,True
GLL,ProShares UltraShort Gold,NYSE Arca,True
GLMD,Galmed Pharmaceuticals Ltd. - Ordinary Shares,NASDAQ,False
GLND,Greenland Energy Company - Common Stock,NASDAQ,False
GLNDW,Greenland Energy Company - Warrant,NASDAQ,False
GLNG,Golar LNG Limited - Common Shares,NASDAQ,False
GLNK,Grayscale Chainlink Trust ETF,NYSE Arca,True
GLO,Clough Global Opportunities Fund Common Stock,NYSE American,False
GLOB,Globant S.A. Common Shares,NYSE,False
GLOF,iShares Global Equity Factor ETF,NYSE Arca,True
GLOO,"Gloo Holdings, Inc. - Common Stock",NASDAQ,False
GLOP$A,GasLog Partners LP 8.625% Series A Cumulative Redeemable Perpetual Fixed to Floating Rate Preference Units,NYSE,False
GLOP$B,GasLog Partners LP 8.200% Series B Cumulative Redeemable Perpetual Fixed to Floating Rate Preference Units,NYSE,False
GLOP$C,GasLog Partners LP 8.500% Series C Cumulative Redeemable Perpetual Fixed to Floating Rate Preference Units,NYSE,False
GLOW,VictoryShares WestEnd Global Equity ETF,NASDAQ,True
GLP,Global Partners LP Common Units representing Limited Partner Interests,NYSE,False
GLP$B,Global Partners LP 9.50% Series B Fixed Rate Cumulative Redeemable Perpetual Preferred Units representing limited partner interests,NYSE,False
GLPI,"Gaming and Leisure Properties, Inc. - Common Stock",NASDAQ,False
GLQ,Clough Global Equity Fund Clough Global Equity Fund Common Shares of Beneficial Interest,NYSE American,False
GLRE,"Greenlight Reinsurance, Ltd. - Class A Ordinary Shares",NASDAQ,False
GLRY,Inspire Growth ETF,NYSE Arca,True
GLSI,"Greenwich LifeSciences, Inc. - Common stock",NASDAQ,False
GLTR,abrdn Physical Precious Metals Basket Shares ETF,NYSE Arca,True
GLU,Gabelli Global Utility Common Shares of Beneficial Ownership,NYSE American,False
GLU$A,The Gabelli Global Utility and Income Trust Series A Cumulative Puttable and Callable Preferred Shares,NYSE American,False
GLU$B,The Gabelli Global Utility and Income Trust Series B Cumulative Puttable and Callable Preferred Shares,NYSE American,False
GLUE,"Monte Rosa Therapeutics, Inc. - Common Stock",NASDAQ,False
GLV,Clough Global Dividend and Income Fund Common Shares of beneficial interest,NYSE American,False
GLW,Corning Incorporated Common Stock,NYSE,False
GLWG,Leverage Shares 2X Long GLW Daily ETF,NASDAQ,True
GLX,Corgi GLXY 2x Daily ETF,Cboe BZX,True
GLXG,Galaxy Payroll Group Limited - Class A Ordinary Shares,NASDAQ,False
GLXU,T-REX 2X Long GLXY Daily Target ETF,Cboe BZX,True
GLXY,Galaxy Digital Inc. - Class A common stock,NASDAQ,False
GM,General Motors Company Common Stock,NYSE,False
GMAB,Genmab A/S - American Depositary Shares,NASDAQ,False
GMAR,FT Vest U.S. Equity Moderate Buffer ETF - March,Cboe BZX,True
GMAY,FT Vest U.S. Equity Moderate Buffer ETF - May,Cboe BZX,True
GME,GameStop Corporation Common Stock,NYSE,False
GME.W,GameStop Corporation Warrants to Purchase Common Stock,NYSE,False
GMEC,Corgi GME 2x Daily ETF,Cboe BZX,True
GMED,"Globus Medical, Inc. Class A Common Stock",NYSE,False
GMEU,T-REX 2X Long GME Daily Target ETF,Cboe BZX,True
GMEX,GMEX ROBOTICS CORPORATION - Class A Ordinary Shares,NASDAQ,False
GMEY,YieldMax GME Option Income Strategy ETF,NYSE Arca,True
GMF,State Street SPDR S&P Emerging Asia Pacific ETF,NYSE Arca,True
GMHS,Gamehaus Holdings Inc. - Class A Ordinary Shares,NASDAQ,False
GMM,Global Mofy AI Limited  - Class A Ordinary Shares,NASDAQ,False
GMMA,GammaRoad Market Navigation ETF,NYSE Arca,True
GMMF,iShares Government Money Market ETF,NYSE,True
GMNY,Goldman Sachs Dynamic New York Municipal Income ETF,NYSE Arca,True
GMOC,GMO Ultra-Short Income ETF,NYSE Arca,True
GMOD,GMO Dynamic Allocation ETF,NYSE Arca,True
GMOI,GMO International Value ETF,NYSE Arca,True
GMOM,Cambria Global Momentum ETF,Cboe BZX,True
GMOV,GMO US Value ETF,NYSE Arca,True
GMRS,GMR Solutions Inc. Class A Common Stock,NYSE,False
GMTL,Guardian Metal Resources PLC ADS,NYSE American,False
GMUB,Goldman Sachs Municipal Income ETF,NYSE Arca,True
GNE,Genie Energy Ltd. Class B Common Stock Stock,NYSE,False
GNK,Genco Shipping & Trading Limited Ordinary Shares New (Marshall Islands),NYSE,False
GNL,"Global Net Lease, Inc. Common Stock",NYSE,False
GNL$A,"Global Net Lease, Inc. 7.25% Series A Cumulative Redeemable Preferred Stock, $0.01 par value per share",NYSE,False
GNL$B,"Global Net Lease, Inc. 6.875% Series B Cumulative Redeemable Perpetual Preferred Stock",NYSE,False
GNL$D,"Global Net Lease, Inc. 7.50% Series D Cumulative Redeemable Perpetual Preferred Stock",NYSE,False
GNL$E,"Global Net Lease, Inc. 7.375% Series E Cumulative Redeemable Perpetual Preferred Stock",NYSE,False
GNLN,"Greenlane Holdings, Inc. - Class A Common Stock",NASDAQ,False
GNLX,Genelux Corporation - Common Stock,NASDAQ,False
GNMA,iShares GNMA Bond ETF,NASDAQ,True
GNMX,Corgi Genomics & Precision Medicine ETF,Cboe BZX,True
GNOM,Global X Genomics & Biotechnology ETF,NASDAQ,True
GNOV,FT Vest U.S. Equity Moderate Buffer ETF - November,Cboe BZX,True
GNPX,"Genprex, Inc. - Common Stock",NASDAQ,False
GNR,State Street SPDR S&P Global Natural Resources ETF,NYSE Arca,True
GNRC,Generac Holdlings Inc. Common Stock,NYSE,False
GNS,Genius Group Limited Ordinary Shares,NYSE American,False
GNSS,Genasys Inc. - Common Stock,NASDAQ,False
GNT,"GAMCO Natural Resources, Gold & Income Trust",NYSE,False
GNT$A,"GAMCO Natural Resources, Gold & Income Tust  5.20% Series A Cumulative Preferred Shares (Liquidation Preference $25.00 per share)",NYSE,False
GNTA,Genenta Science S.p.A. - American Depositary Shares,NASDAQ,False
GNTX,Gentex Corporation - Common Stock,NASDAQ,False
GNW,Genworth Financial Inc Common Stock,NYSE,False
GO,Grocery Outlet Holding Corp. - Common Stock,NASDAQ,False
GOAI,Eva Live Inc. - Common Stock,NASDAQ,False
GOAU,US Global GO Gold and Precious Metal Miners ETF,NYSE Arca,True
GOCT,FT Vest U.S. Equity Moderate Buffer ETF - October,Cboe BZX,True
GOEX,Global X Gold Explorers ETF,NYSE Arca,True
GOF,Guggenheim Strategic Opportunities Fund Common Shares of Beneficial Interest,NYSE,False
GOGL,Corgi GOOGL 2x Daily ETF,Cboe BZX,True
GOGO,Gogo Inc. - Common Stock,NASDAQ,False
GOLD,"Gold.com, Inc. Common Stock",NYSE,False
GOLF,Acushnet Holdings Corp. Common Stock,NYSE,False
GOLI,Defiance Gold Enhanced Options Income ETF,NASDAQ,True
GOLS,Gabelli Opportunities in Live and Sports ETF,NYSE Arca,True
GOLY,Strategy Shares Gold Enhanced Yield ETF,Cboe BZX,True
GOOD,Gladstone Commercial Corporation - Real Estate Investment Trust,NASDAQ,False
GOODN,Gladstone Commercial Corporation - 6.625% Series E Cumulative Redeemable Preferred Stock,NASDAQ,False
GOODO,"Gladstone Commercial Corporation - 6.00% Series G Cumulative Redeemable Preferred Stock, par value $0.001 per share",NASDAQ,False
GOOG,Alphabet Inc. - Class C Capital Stock,NASDAQ,False
GOOGL,Alphabet Inc. - Class A Common Stock,NASDAQ,False
GOOGM,Alphabet Inc. - Depositary Shares representing a 1/20th Interest in a Share of Series A Mandatory Convertible Preferred Stock,NASDAQ,False
GOOGN,Alphabet Inc. - Depositary Shares representing a 1/20th Interest in a Share of Series B Mandatory Convertible Preferred Stock,NASDAQ,False
GOOL,Leverage Shares 2X Long GOOGL Daily ETF,Cboe BZX,True
GOOP,Kurv Yield Premium Strategy Google (GOOGL) ETF,Cboe BZX,True
GOOS,Canada Goose Holdings Inc. Subordinate Voting Shares,NYSE,False
GOOW,Roundhill GOOGL WeeklyPay ETF,Cboe BZX,True
GOOX,T-Rex 2X Long Alphabet Daily Target ETF,Cboe BZX,True
GOOY,YieldMax GOOGL Option Income Strategy ETF,NYSE Arca,True
GOP,Unusual Whales Subversive Republican Trading ETF,Cboe BZX,True
GORO,Goldgroup Mining Inc. Common Shares,NYSE American,False
GOSS,"Gossamer Bio, Inc. - Common Stock",NASDAQ,False
GOTU,Gaotu Techedu Inc. American Depositary Shares,NYSE,False
GOU,GraniteShares 2x Long GOOGL Daily ETF,NASDAQ,True
GOVI,Invesco Equal Weight 0-30 Year Treasury ETF,NASDAQ,True
GOVM,iShares 1-10 Year Treasury Bond ETF,Cboe BZX,True
GOVT,iShares U.S. Treasury Bond ETF,Cboe BZX,True
GOVX,"GeoVax Labs, Inc. - Common Stock",NASDAQ,False
GOVZ,iShares 25  Year Treasury STRIPS Bond ETF,Cboe BZX,True
GP,GreenPower Motor Company Inc. - Common Shares,NASDAQ,False
GPAC,General Purpose Acquisition Corp. - Class A Ordinary Shares,NASDAQ,False
GPACU,General Purpose Acquisition Corp. - Units,NASDAQ,False
GPACW,General Purpose Acquisition Corp. - Warrant,NASDAQ,False
GPAT,GP-Act III Acquisition Corp. - Class A Ordinary Share,NASDAQ,False
GPATU,GP-Act III Acquisition Corp. - Units,NASDAQ,False
GPATW,GP-Act III Acquisition Corp. - Warrants,NASDAQ,False
GPC,Genuine Parts Company Common Stock,NYSE,False
GPCR,Structure Therapeutics Inc. - American Depositary Shares,NASDAQ,False
GPGI,"GPGI, Inc. Class A Common Stock",NYSE,False
GPI,"Group 1 Automotive, Inc. Common Stock",NYSE,False
GPIQ,Goldman Sachs Nasdaq-100 Premium Income ETF,NASDAQ,True
GPIX,Goldman Sachs S&P 500 Premium Income ETF,NASDAQ,True
GPJA,"Georgia Power Company Series 2017A 5.00% Junior Subordinated Notes due October 1, 2077",NYSE,False
GPK,Graphic Packaging Holding Company,NYSE,False
GPMT,Granite Point Mortgage Trust Inc. Common Stock,NYSE,False
GPMT$A,Granite Point Mortgage Trust Inc. 7.00% Series A Fixed-to-Floating Rate Cumulative Redeemable Preferred Stock,NYSE,False
GPN,Global Payments Inc. Common Stock,NYSE,False
GPOR,Gulfport Energy Corporation Common Shares,NYSE,False
GPRE,"Green Plains, Inc. - Common Stock",NASDAQ,False
GPRF,Goldman Sachs Access U.S. Preferred Stock and Hybrid Securities ETF,NASDAQ,True
GPRK,Geopark Ltd Common Shares,NYSE,False
GPRO,"GoPro, Inc. - Class A Common Stock",NASDAQ,False
GPT,Intelligent Alpha Atlas ETF,NASDAQ,True
GPTY,YieldMax AI & Tech Portfolio Option Income ETF,NYSE Arca,True
GPUS,"Hyperscale Data, Inc. Common Stock",NYSE American,False
GPUS$D,"Hyperscale Data, Inc. 13.00% Series D Cumulative Redeemable Perpetual Preferred Stock",NYSE American,False
GPZ,VanEck Alternative Asset Manager ETF,NYSE Arca,True
GQGU,GQG US Equity ETF,NYSE Arca,True
GQI,Natixis Gateway Quality Income ETF,NYSE Arca,True
GQQQ,Astoria US Quality Growth Kings ETF,NASDAQ,True
GQRE,FlexShares Global Quality Real Estate Index Fund,NYSE Arca,True
GRAB,Grab Holdings Limited - Class A Ordinary Shares,NASDAQ,False
GRABW,Grab Holdings Limited - Warrant,NASDAQ,False
GRAG,Leverage Shares 2X Long GRAB Daily ETF,NASDAQ,True
GRAL,"GRAIL, Inc. - Common Stock",NASDAQ,False
GRAN,Grande Group Limited - Class A Ordinary Shares,NASDAQ,False
GRBK,"Green Brick Partners, Inc. Common Stock",NYSE,False
GRBK$A,"Green Brick Partners, Inc. Depositary Shares (each representing a 1/1000th fractional interest in a share of 5.75% Series A Cumulative Perpetual Preferred Stock)",NYSE,False
GRC,Gorman-Rupp Company (The) Common Stock,NYSE,False
GRCE,"Grace Therapeutics, Inc. - Common Stock",NASDAQ,False
GRDN,"Guardian Pharmacy Services, Inc. Class A Common Stock",NYSE,False
GRDX,GridAI Technologies Corp.  - Common Stock,NASDAQ,False
GREEL,Vulcan Infrastructure and Power Inc. - 8.50% Senior Notes due 2026,NASDAQ,False
GREK,Global X MSCI Greece ETF,NYSE Arca,True
GRF,"Eagle Capital Growth Fund, Inc. Common Stock",NYSE American,False
GRFS,"Grifols, S.A. - American Depositary Shares",NASDAQ,False
GRI,"GRI Bio, Inc. - Common Stock",NASDAQ,False
GRID,First Trust NASDAQ Clean Edge Smart Grid Infrastructure Index Fund,NASDAQ,True
GRIN,VictoryShares International Free Cash Flow Growth ETF,NASDAQ,True
GRML,Greenland Mines Ltd - Common Stock,NASDAQ,False
GRMLW,Greenland Mines Ltd - Warrants,NASDAQ,False
GRMN,Garmin Ltd. Common Stock (Switzerland),NYSE,False
GRN,iPath Series B Carbon Exchange-Traded Notes,NYSE Arca,False
GRNB,VanEck Green Bond ETF,NYSE Arca,True
GRND,Grindr Inc. Common Stock,NYSE,False
GRNI,Fundstrat Granny Shots US Large Cap & Income ETF,NYSE Arca,True
GRNJ,Fundstrat Granny Shots US Small- & Mid-Cap ETF,NYSE Arca,True
GRNQ,Greenpro Capital Corp. - Common Stock,NASDAQ,False
GRNT,"Granite Ridge Resources, Inc. Common Stock",NYSE,False
GRNY,Fundstrat Granny Shots US Large Cap ETF,NYSE Arca,True
GRO,Brazil Potash Corp. Common Shares,NYSE American,False
GROV,"Grove Collaborative Holdings, Inc. Class A Common Stock",NYSE,False
GROW,"U.S. Global Investors, Inc. - Class A Common Stock",NASDAQ,False
GROY,Gold Royalty Corp. Common Shares,NYSE American,False
GROY.W,Gold Royalty Corp. Warrants,NYSE American,False
GROZ,Zacks Focus Growth ETF,Cboe BZX,True
GRPM,Invesco S&P MidCap 400 GARP ETF,NYSE Arca,True
GRPN,"Groupon, Inc. - Common Stock",NASDAQ,False
GRPZ,Invesco S&P SmallCap 600 GARP ETF,NYSE Arca,True
GRRR,Gorilla Technology Group Inc. - Ordinary shares,NASDAQ,False
GRRRW,Gorilla Technology Group Inc. - Warrant,NASDAQ,False
GRSD,Grandstand Limited - Ordinary Shares,NASDAQ,False
GRVY,"GRAVITY Co., Ltd. - American depositary shares, each representing one common share.",NASDAQ,False
GRW,TCW Durable Growth ETF,NASDAQ,True
GRWG,GrowGeneration Corp. - Common Stock,NASDAQ,False
GRX,The Gabelli Healthcare & Wellness Trust Common Shares of Beneficial Interest,NYSE,False
GS,"Goldman Sachs Group, Inc. (The) Common Stock",NYSE,False
GS$A,"Goldman Sachs Group, Inc. (The) Depositary Shares each representing 1/1000th Interest in a Share of Floating Rate Non-Cumulative Preferred Stock Series A",NYSE,False
GS$C,"Goldman Sachs Group, Inc. (The) Depositary Share repstg 1/1000th Preferred Series C",NYSE,False
GS$D,"Goldman Sachs Group, Inc. (The) Dep Shs repstg 1/1000 Pfd Ser D Fltg",NYSE,False
GSAT,"Globalstar, Inc. - Common Stock",NASDAQ,False
GSBC,"Great Southern Bancorp, Inc. - Common Stock",NASDAQ,False
GSBD,"Goldman Sachs BDC, Inc. Common Stock",NYSE,False
GSC,Goldman Sachs Small Cap Equity ETF,NYSE Arca,True
GSEE,Goldman Sachs MarketBeta Emerging Markets Equity ETF,Cboe BZX,True
GSEP,FT Vest U.S. Equity Moderate Buffer ETF - September,Cboe BZX,True
GSEU,Goldman Sachs ActiveBeta Europe Equity ETF,NYSE Arca,True
GSEW,Goldman Sachs Equal Weight U.S. Large Cap Equity ETF,Cboe BZX,True
GSG,iShares GSCI Commodity-Indexed Trust Fund,NYSE Arca,True
GSGO,Goldman Sachs Growth Opportunities ETF,NASDAQ,True
GSHD,"Goosehead Insurance, Inc. - Class A Common Stock",NASDAQ,False
GSHR,Gesher Acquisition Corp. II - Class A Ordinary Shares,NASDAQ,False
GSHRU,Gesher Acquisition Corp. II - Units,NASDAQ,False
GSHRW,Gesher Acquisition Corp. II - Warrants,NASDAQ,False
GSIB,Themes Global Systemically Important Banks ETF,NASDAQ,True
GSID,Goldman Sachs MarketBeta International Equity ETF,Cboe BZX,True
GSIE,Goldman Sachs ActiveBeta International Equity ETF,NYSE Arca,True
GSIT,"GSI Technology, Inc. - Common Stock",NASDAQ,False
GSIW,Garden Stage Limited - Class A Ordinary Shares,NASDAQ,False
GSJY,Goldman Sachs ActiveBeta Japan Equity ETF,NYSE Arca,True
GSK,GSK plc American Depositary Shares (Each representing two Ordinary Shares),NYSE,False
GSKH,GSK plc ADRhedged,NYSE Arca,True
GSL,Global Ship Lease Inc New Class A Common Shares,NYSE,False
GSL$B,"Global Ship Lease, Inc. Depository Shares Representing 1/100th Perpetual Preferred Series B% (Marshall Island)",NYSE,False
GSLC,Goldman Sachs ActiveBeta U.S. Large Cap Equity ETF,NYSE Arca,True
GSM,Ferroglobe PLC - Ordinary Shares,NASDAQ,False
GSOL,Grayscale Solana Staking ETF,NYSE Arca,True
GSPY,Gotham Enhanced 500 ETF,NYSE Arca,True
GSRF,GSR IV Acquisition Corp. - Class A ordinary share,NASDAQ,False
GSRFR,GSR IV Acquisition Corp. - Rights,NASDAQ,False
GSRFU,GSR IV Acquisition Corp. - Units,NASDAQ,False
GSRV,GSR V Acquisition Corp. - Class A ordinary shares,NASDAQ,False
GSRVR,GSR V Acquisition Corp. - Rights,NASDAQ,False
GSRVU,GSR V Acquisition Corp. - Units,NASDAQ,False
GSSC,GS ActiveBeta U.S. Small Cap Equity ETF,NYSE Arca,True
GSST,Goldman Sachs Ultra Short Bond ETF,Cboe BZX,True
GSUI,Grayscale Sui Staking ETF,NYSE Arca,True
GSUN,Golden Sun Technology Group Limited - Class A Ordinary Shares,NASDAQ,False
GSUS,Goldman Sachs MarketBeta U.S. Equity ETF,Cboe BZX,True
GSWO,Goldman Sachs ActiveBeta World Equity ETF,Cboe BZX,True
GSY,Invesco Ultra Short Duration ETF,NYSE Arca,True
GT,The Goodyear Tire & Rubber Company - Common Stock,NASDAQ,False
GTBP,"GT Biopharma, Inc. - Common Stock",NASDAQ,False
GTE,Gran Tierra Energy Inc. Common Stock,NYSE American,False
GTEC,Greenland Technologies Holding Corporation - Class A Ordinary Shares,NASDAQ,False
GTEK,Goldman Sachs Future Tech Leaders Equity ETF,NYSE Arca,True
GTEN,"Gores Holdings X, Inc. - Class A ordinary shares",NASDAQ,False
GTENU,"Gores Holdings X, Inc. - Units",NASDAQ,False
GTENW,"Gores Holdings X, Inc. - Warrants",NASDAQ,False
GTERA,Globa Terra Acquisition Corporation - Class A Ordinary Shares,NASDAQ,False
GTERR,Globa Terra Acquisition Corporation - Rights,NASDAQ,False
GTERU,Globa Terra Acquisition Corporation - Units,NASDAQ,False
GTERW,Globa Terra Acquisition Corporation - Warrants,NASDAQ,False
GTES,Gates Industrial Corporation Ltd. Common Shares,NYSE,False
GTIM,Good Times Restaurants Inc. - Common Stock,NASDAQ,False
GTIP,Goldman Sachs Access Inflation Protected USD Bond ETF,Cboe BZX,True
GTLB,GitLab Inc. - Class A Common Stock,NASDAQ,False
GTM,ZoomInfo Technologies Inc. - Common Stock,NASDAQ,False
GTN,"Gray Media, Inc. Common Stock",NYSE,False
GTN.A,"Gray Media, Inc. Class A Common Stock",NYSE,False
GTND,Goaltender ETF,NYSE Arca,True
GTO,Invesco Total Return Bond ETF,NYSE Arca,True
GTOC,Invesco Core Fixed Income ETF,Cboe BZX,True
GTOH,Invesco Short Duration High Yield ETF,Cboe BZX,True
GTOP,Goldman Sachs Technology Opportunities ETF,NASDAQ,True
GTOQ,Invesco High Yield Systematic Bond ETF,NASDAQ,True
GTOS,Invesco Short Duration Total Return Bond ETF,Cboe BZX,True
GTPE,Goldman Sachs MSCI World Private Equity Return Tracker ETF,NASDAQ,True
GTR,WisdomTree Target Range Fund,NASDAQ,True
GTX,Garrett Motion Inc. - Common Stock,NASDAQ,False
GTY,Getty Realty Corporation Common Stock,NYSE,False
GUAC,Berto Acquisition Corp. II - Ordinary Shares,NASDAQ,False
GUACU,Berto Acquisition Corp. II - Units,NASDAQ,False
GUACW,Berto Acquisition Corp. II - Warrants,NASDAQ,False
GUG,Guggenheim Active Allocation Fund Common Shares of Beneficial Interest,NYSE,False
GUMI,Goldman Sachs Ultra Short Municipal Income ETF,NYSE Arca,True
GUNR,FlexShares Global Upstream Natural Resources Index Fund ETF,NYSE Arca,True
GURE,"Gulf Resources, Inc. - Common Stock",NASDAQ,False
GURU,Global X Guru Index ETF,NYSE Arca,True
GUSA,Goldman Sachs MarketBeta U.S. 1000 Equity ETF,NYSE Arca,True
GUSE,Goldman Sachs Enhanced U.S. Equity ETF,NASDAQ,True
GUSH,Direxion Daily S&P Oil & Gas Exp. & Prod. Bull 2X ETF,NYSE Arca,True
GUT,Gabelli Utility Trust (The) Common Stock,NYSE,False
GUT$C,Gabelli Utility Trust (The) 5.375% Series C Cumulative Preferred Shares,NYSE,False
GUTS,"Fractyl Health, Inc. - Common Stock",NASDAQ,False
GV,Visionary Holdings Inc. - Common Shares,NASDAQ,False
GVA,Granite Construction Incorporated Common Stock,NYSE,False
GVAL,Cambria Global Value ETF,Cboe BZX,True
GVH,Globavend Holdings Limited - Ord Shares,NASDAQ,False
GVI,iShares Intermediate Government/Credit Bond ETF,Cboe BZX,True
GVIP,Goldman Sachs Hedge Industry VIP ETF,NYSE Arca,True
GVLE,Goldman Sachs Value Opportunities ETF,NASDAQ,True
GVLU,Gotham 1000 Value ETF,NYSE Arca,True
GVUS,Goldman Sachs MarketBeta Russell 1000 Value Equity ETF,NYSE Arca,True
GWAV,"Greenwave Technology Solutions, Inc. - Common Stock",NASDAQ,False
GWH,"ESS Tech, Inc. Common Stock",NYSE,False
GWRE,"Guidewire Software, Inc. Common Stock",NYSE,False
GWRS,"Global Water Resources, Inc. - common stock",NASDAQ,False
GWW,"W.W. Grainger, Inc. Common Stock",NYSE,False
GWX,State Street SPDR S&P International Small Cap ETF,NYSE Arca,True
GXAI,Gaxos.ai Inc. - Common Stock,NASDAQ,False
GXC,State Street SPDR S&P China ETF,NYSE Arca,True
GXDW,Global X Dorsey Wright Thematic ETF,NASDAQ,True
GXIG,Global X Investment Grade Corporate Bond ETF,NYSE Arca,True
GXLC,Global X U.S. 500 ETF,NYSE Arca,True
GXO,"GXO Logistics, Inc. Common Stock",NYSE,False
GXPC,Global X PureCap MSCI Communication Services ETF,NYSE Arca,True
GXPD,Global X PureCap MSCI Consumer Discretionary ETF,NYSE Arca,True
GXPE,Global X PureCap MSCI Energy ETF,NYSE Arca,True
GXPS,Global X PureCap MSCI Consumer Staples ETF,NYSE Arca,True
GXPT,Global X PureCap MSCI Information Technology ETF,NYSE Arca,True
GXRP,Grayscale XRP Trust ETF,NYSE Arca,True
GXUS,Goldman Sachs MarketBeta Total International Equity ETF,NYSE Arca,True
GYLD,Arrow Dow Jones Global Yield ETF ETF,NYSE,True
GYRE,"Gyre Therapeutics, Inc. - Common Stock",NASDAQ,False
GYRO,"Gyrodyne , LLC - Common Stock",NASDAQ,False
H,Hyatt Hotels Corporation Class A Common Stock,NYSE,False
HACK,Amplify Cybersecurity ETF,NYSE Arca,True
HACQ,HCM IV Acquisition Corp. - Class A Ordinary Share,NASDAQ,False
HACQU,HCM IV Acquisition Corp. - Unit,NASDAQ,False
HACQW,HCM IV Acquisition Corp. - Warrants,NASDAQ,False
HAE,Haemonetics Corporation Common Stock,NYSE,False
HAFC,Hanmi Financial Corporation - Common Stock,NASDAQ,False
HAFN,Hafnia Limited Common Shares,NYSE,False
HAIL,State Street SPDR S&P Kensho Smart Mobility ETF,NYSE Arca,True
HAIN,"The Hain Celestial Group, Inc. - Common Stock",NASDAQ,False
HAKY,Amplify HACK Cybersecurity Covered Call ETF,NYSE Arca,True
HAL,Halliburton Company Common Stock,NYSE,False
HALO,"Halozyme Therapeutics, Inc. - Common Stock",NASDAQ,False
HALX,Tuttle Capital Heavy Assets Low Obsolescence ETF,Cboe BZX,True
HAO,Haoxi Health Technology Limited - Class A Ord Share,NASDAQ,False
HAP,VanEck Natural Resources ETF,NYSE Arca,True
HAPI,Harbor Human Capital Factor US Large Cap ETF,NYSE Arca,True
HAPN,"Happen, Inc. - Common Stock",NASDAQ,False
HAPS,Harbor Human Capital Factor US Small Cap ETF,NYSE Arca,True
HARD,Simplify Commodities Strategy No K-1 ETF,NYSE Arca,True
HAS,"Hasbro, Inc. - Common Stock",NASDAQ,False
HASI,"HA Sustainable Infrastructure Capital, Inc. Common Stock",NYSE,False
HAUS,Residential REIT ETF,Cboe BZX,True
HAUZ,Xtrackers International Real Estate ETF,NYSE Arca,True
HAVA,Harvard Ave Acquisition Corporation - Class A Ordinary Share,NASDAQ,False
HAVAR,Harvard Ave Acquisition Corporation - Rights that convert on a 1/10th of 1 basis to Class A ordinary Shares,NASDAQ,False
HAVAU,Harvard Ave Acquisition Corporation - Unit,NASDAQ,False
HAWK,"HawkEye 360, Inc. Common Stock",NYSE,False
HAWX,iShares Currency Hedged MSCI ACWI ex U.S. ETF,NYSE Arca,True
HAYW,"Hayward Holdings, Inc. Common Stock",NYSE,False
HBAN,Huntington Bancshares Incorporated - Common Stock,NASDAQ,False
HBANL,"Huntington Bancshares Incorporated - Depositary Shares, Each Representing a 1/40th Interest in a Share of 6.875% Series J Non-Cumulative Perpetual Preferred Stock",NASDAQ,False
HBANM,Huntington Bancshares Incorporated - Depositary Shares each representing a 1/1000th interest in a share of Huntington Series I Preferred Stock,NASDAQ,False
HBANP,Huntington Bancshares Incorporated - Depositary Shares 4.500% Series H Non-Cumulative Perpetual Preferred Stock,NASDAQ,False
HBANZ,"Huntington Bancshares Incorporated - Depositary Shares, Each Representing a 1/1000th Interest in a Share of 5.50% Series L Non-Cumulative Perpetual Preferred Stock",NASDAQ,False
HBB,Hamilton Beach Brands Holding Company Class A Common Stock,NYSE,False
HBCP,"Home Bancorp, Inc. - Common Stock",NASDAQ,False
HBDC,Hilton BDC Corporate Bond ETF,NASDAQ,True
HBIO,"Harvard Bioscience, Inc. - Common Stock",NASDAQ,False
HBM,Hudbay Minerals Inc. Ordinary Shares (Canada),NYSE,False
HBMX,Tuttle Capital Concentrated Memory Stack ETF,Cboe BZX,True
HBNB,Hotel101 Global Holdings Corp. - Class A Ordinary Shares,NASDAQ,False
HBNC,"Horizon Bancorp, Inc. - Common Stock",NASDAQ,False
HBR,Canary HBAR ETF,NASDAQ,True
HBRD,Invesco U.S. Hybrid Bond ETF,NYSE Arca,True
HBT,"HBT Financial, Inc. - Common Stock",NASDAQ,False
HBTA,Horizon Expedition Plus ETF,NYSE Arca,True
HBTC,Fortuna Hedged Bitcoin ETF,Cboe BZX,True
HCA,"HCA Healthcare, Inc. Common Stock",NYSE,False
HCAC,Hall Chadwick Acquisition Corp. - Class A Ordinary Shares,NASDAQ,False
HCACR,Hall Chadwick Acquisition Corp. - Rights,NASDAQ,False
HCACU,Hall Chadwick Acquisition Corp. - Unit,NASDAQ,False
HCAI,"Huachen AI Parking Management Technology Holding Co., Ltd. - Class A Ordinary Shares",NASDAQ,False
HCAT,"Health Catalyst, Inc - Common stock",NASDAQ,False
HCC,"Warrior Met Coal, Inc. Common Stock",NYSE,False
HCHL,Happy City Holdings Limited - Class A Ordinary shares,NASDAQ,False
HCI,"HCI Group, Inc. Common Stock",NYSE,False
HCIC,Hennessy Capital Investment Corp. VIII - Class A Ordinary Shares,NASDAQ,False
HCICR,Hennessy Capital Investment Corp. VIII - Share Rights,NASDAQ,False
HCICU,Hennessy Capital Investment Corp. VIII - Units,NASDAQ,False
HCKT,"The Hackett Group, Inc. - Common Stock",NASDAQ,False
HCM,HUTCHMED (China) Limited - American Depositary Shares,NASDAQ,False
HCMA,HCM III Acquisition Corp. - Class A Ordinary Share,NASDAQ,False
HCMAU,HCM III Acquisition Corp. - Units,NASDAQ,False
HCMAW,HCM III Acquisition Corp. - Warrants,NASDAQ,False
HCMT,Direxion HCM Tactical Enhanced US ETF,NYSE Arca,True
HCOW,Amplify COWS Covered Call ETF,NASDAQ,True
HCRB,Hartford Core Bond ETF,Cboe BZX,True
HCSG,"Healthcare Services Group, Inc. - Common Stock",NASDAQ,False
HCTI,"Healthcare Triangle, Inc. - Common Stock",NASDAQ,False
HCWB,HCW Biologics Inc. - Common Stock,NASDAQ,False
HCWC,Healthy Choice Wellness Corp. Class A Common Stock,NYSE American,False
HCXY,"Hercules Capital, Inc. 6.25% Notes due 2033",NYSE,False
HD,"Home Depot, Inc. (The) Common Stock",NYSE,False
HDB,HDFC Bank Limited Common Stock,NYSE,False
HDEF,Xtrackers MSCI EAFE High Dividend Yield Equity ETF,NYSE Arca,True
HDG,ProShares Hedge Replication ETF,NYSE Arca,True
HDGE,Ranger Equity Bear Bear ETF,NYSE Arca,True
HDL,SUPER HI INTERNATIONAL HOLDING LTD. - American Depositary Shares,NASDAQ,False
HDLB,"ETRACS Monthly Pay 2xLeveraged US High Dividend Low Volatility ETN Series B due September 30, 2044",NYSE Arca,True
HDMV,First Trust Horizon Managed Volatility Developed International ETF,NYSE Arca,True
HDRN,"Hadron Energy, Inc. - Common Stock",NASDAQ,False
HDRNW,"Hadron Energy, Inc. - Warrant",NASDAQ,False
HDSN,"Hudson Technologies, Inc. - Common Stock",NASDAQ,False
HDUS,Hartford Disciplined US Equity ETF,NYSE Arca,True
HDV,iShares Core High Dividend ETF,NYSE Arca,True
HE,"Hawaiian Electric Industries, Inc. Common Stock",NYSE,False
HEAL,Global X HealthTech ETF,NASDAQ,True
HECA,Hedgeye Capital Allocation ETF,NYSE Arca,True
HECO,State Street Galaxy Hedged Digital Asset Ecosystem ETF,NASDAQ,True
HEDG,Equable Shares Hedged Equity ETF,NYSE Arca,True
HEDJ,WisdomTree Europe Hedged Equity Fund,NYSE Arca,True
HEEM,iShares Currency Hedged MSCI Emerging Markets ETF,Cboe BZX,True
HEFA,iShares Currency Hedged MSCI EAFE ETF,Cboe BZX,True
HEFT,Hedgeye Fourth Turning ETF,NYSE Arca,True
HEGD,Swan Hedged Equity US Large Cap ETF,Cboe BZX,True
HEI,Heico Corporation Common Stock,NYSE,False
HEI.A,Heico Corporation Common Stock,NYSE,False
HELE,Helen of Troy Limited - Common Stock,NASDAQ,False
HELO,JPMorgan Hedged Equity Laddered Overlay ETF,NYSE Arca,True
HELP,Cybin Inc. - Common Stock,NASDAQ,False
HELS,Hedgeye 130/30 Equity ETF,NYSE Arca,True
HELX,Franklin Genomic Advancements ETF,Cboe BZX,True
HEMI,Hartford Equity Premium Income ETF,Cboe BZX,True
HEPS,D-Market Electronic Services & Trading - American Depositary Shares,NASDAQ,False
HEQ,John Hancock Diversified Income Fund Common Shares of Beneficial Interest,NYSE,False
HEQQ,JPMorgan Nasdaq Hedged Equity Laddered Overlay ETF,NASDAQ,True
HEQT,Simplify Hedged Equity ETF,NYSE Arca,True
HERD,Pacer Cash Cows Fund of Funds ETF,NASDAQ,True
HERE,Here Group Limited - American Depositary Shares,NASDAQ,False
HERO,Global X Video Games & Esports ETF,NASDAQ,True
HERZ,"Herzfeld Credit Income Fund, Inc.  - Closed End Fund",NASDAQ,False
HESM,Hess Midstream LP Class A Representing Limited Partner Interests,NYSE,False
HEWJ,iShares Currency Hedged MSCI Japan ETF,NYSE Arca,True
HEZU,iShares Currency Hedged MSCI Eurozone ETF,NYSE Arca,True
HF,DGA Core Plus Absolute Return ETF,NYSE,True
HFBL,"Home Federal Bancorp, Inc. of Louisiana - Common Stock",NASDAQ,False
HFEQ,Unlimited HFEQ Equity Long/Short ETF,NYSE,True
HFFG,HF Foods Group Inc. - Common Stock,NASDAQ,False
HFGM,Unlimited HFGM Global Macro ETF,NYSE,True
HFGO,Hartford Large Cap Growth ETF,Cboe BZX,True
HFMF,Unlimited HFMF Managed Futures ETF,NYSE,True
HFND,Unlimited HFND Multi-Strategy Return Tracker ETF,NYSE,True
HFRO,Highland Opportunities and Income Fund Common Shares of Beneficial Interest,NYSE,False
HFRO$A,Highland Opportunities and Income Fund 5.375% Series A Cumulative Preferred Shares,NYSE,False
HFRO$B,Highland Opportunities and Income Fund 5.375% Series B Cumulative Preferred Shares,NYSE,False
HFSI,Hartford Strategic Income ETF,Cboe BZX,True
HFSP,TradersAI Large Cap Equity & Cash ETF,NASDAQ,True
HFWA,Heritage Financial Corporation - Common Stock,NASDAQ,False
HFXI,NYLI FTSE International Equity Currency Neutral ETF,NYSE Arca,True
HG,"Hamilton Insurance Group, Ltd. Class B Common Shares",NYSE,False
HGBL,Heritage Global Inc. - Common Stock,NASDAQ,False
HGER,Harbor Commodity All-Weather Strategy ETF,NYSE,True
HGLB,Highland Global Allocation Fund Common Stock,NYSE,False
HGRO,Hedgeye Quality Growth ETF,NYSE Arca,True
HGTY,"Hagerty, Inc. Class A Common Stock",NYSE,False
HGV,Hilton Grand Vacations Inc. Common Stock,NYSE,False
HHH,Howard Hughes Holdings Inc. Common Stock,NYSE,False
HHS,"Harte Hanks, Inc. - Common Stock",NASDAQ,False
HIBL,Direxion Daily S&P 500 High Beta Bull 3X ETF,NYSE Arca,True
HIBS,Direxion Daily S&P 500 High Beta Bear 3X ETF,NYSE Arca,True
HIDE,Alpha Architect High Inflation and Deflation ETF,NASDAQ,True
HIDV,AB US High Dividend ETF,NYSE Arca,True
HIFS,Hingham Institution for Savings - Common Stock,NASDAQ,False
HIG,"The Hartford Insurance Group, Inc. Common Stock",NYSE,False
HIG$G,"The Hartford Insurance Group, Inc. Depositary Shares each representing a 1/1000th interest in a share of 6.000% Non-Cumulative Preferred Stock, Series G",NYSE,False
HIGH,Simplify Enhanced Income ETF,NYSE Arca,True
HIHO,Highway Holdings Limited - Common Stock,NASDAQ,False
HII,"Huntington Ingalls Industries, Inc. Common Stock",NYSE,False
HIMC,Corgi HIMS 2x Daily ETF,Cboe BZX,True
HIMS,"Hims & Hers Health, Inc. Class A Common Stock",NYSE,False
HIMU,iShares High Yield Muni Active ETF,Cboe BZX,True
HIMX,"Himax Technologies, Inc. - American depositary shares, each of which represents two ordinary shares.",NASDAQ,False
HIMZ,Defiance Daily Target 2X Long HIMS ETF,NASDAQ,True
HIND,"Vyome Holdings, Inc. - Common Stock",NASDAQ,False
HIO,"Western Asset High Income Opportunity Fund, Inc. Common Stock",NYSE,False
HIPO,Hippo Holdings Inc. Common Stock,NYSE,False
HIPS,GraniteShares HIPS US High Income ETF,NYSE Arca,True
HIS,Humilis US Focused Opportunities ETF,NASDAQ,True
HISF,First Trust High Income Strategic Focus ETF,NASDAQ,True
HIT,"Health In Tech, Inc. - Class A Common Stock",NASDAQ,False
HITI,High Tide Inc. - Common Shares,NASDAQ,False
HIVE,HIVE Digital Technologies Ltd - Common Shares,NASDAQ,False
HIW,"Highwoods Properties, Inc. Common Stock",NYSE,False
HIX,Western Asset High Income Fund II Inc. Common Stock,NYSE,False
HIYY,YieldMax HIMS Option Income Strategy ETF,NYSE Arca,True
HJLY,Corgi U.S. Equities 100% Structured Buffer ETF - July Series,Cboe BZX,True
HJUN,Corgi U.S. Equities 100% Structured Buffer ETF - June Series,Cboe BZX,True
HKD,AMTD Digital Inc. American Depositary Shares (every five of which represent two Class A Ordinary Shares),NYSE,False
HKIT,Hitek Global Inc. - Class A Ordinary Share,NASDAQ,False
HKPD,"Cellyan Biotechnology Co., Ltd  - Class A Ordinary Shares",NASDAQ,False
HL,Hecla Mining Company Common Stock,NYSE,False
HL$B,Hecla Mining Company Preferred Stock,NYSE,False
HLAL,Wahed FTSE USA Shariah ETF,NASDAQ,True
HLF,Herbalife Ltd. Common Shares,NYSE,False
HLI,"Houlihan Lokey, Inc. Class A Common Stock",NYSE,False
HLIO,"Helios Technologies, Inc. Common Stock",NYSE,False
HLIT,Harmonic Inc. - Common Stock,NASDAQ,False
HLLY,Holley Inc. Common Stock,NYSE,False
HLMN,Hillman Solutions Corp. - Common Stock,NASDAQ,False
HLN,Haleon plc American Depositary Shares (Each representing two Ordinary Shares),NYSE,False
HLNE,Hamilton Lane Incorporated - Class A Common Stock,NASDAQ,False
HLP,Hongli Group Inc. - Class A Ordinary Shares,NASDAQ,False
HLT,Hilton Worldwide Holdings Inc. Common Stock,NYSE,False
HLTH,Tema Healthcare AI ETF,NASDAQ,True
HLX,"Helix Energy Solutions Group, Inc. Common Stock",NYSE,False
HLXC,Helix Acquisition Corp. III - Class A Ordinary Shares,NASDAQ,False
HMAY,Corgi U.S. Equities 100% Structured Buffer ETF - May Series,Cboe BZX,True
HMC,"Honda Motor Company, Ltd. Common Stock",NYSE,False
HMH,HMH Holding Inc. - Common Stock,NASDAQ,False
HMN,Horace Mann Educators Corporation Common Stock,NYSE,False
HMOP,Hartford Municipal Opportunities ETF,NYSE Arca,True
HMR,Heidmar Maritime Holdings Corp. - Common Stock,NASDAQ,False
HMY,Harmony Gold Mining Company Limited,NYSE,False
HMYY,GraniteShares YieldBoost HIMS ETF,NASDAQ,True
HNDL,Strategy Shares Nasdaq 7HANDL Index ETF,NASDAQ,True
HNGE,"Hinge Health, Inc. Class A Common Stock",NYSE,False
HNI,HNI Corporation Common Stock,NYSE,False
HNNA,"Hennessy Advisors, Inc. - Common Stock",NASDAQ,False
HNRG,Hallador Energy Company - Common Stock,NASDAQ,False
HNST,"The Honest Company, Inc. - Common Stock",NASDAQ,False
HNVR,"Hanover Bancorp, Inc. - Common Stock",NASDAQ,False
HODL,VanEck Bitcoin Trust,Cboe BZX,True
HODO,House of Doge Inc. - Common Stock,NASDAQ,False
HODU,Direxion Daily HOOD Bull 2X ETF,NASDAQ,True
HOFT,Hooker Furnishings Corporation - Common Stock,NASDAQ,False
HOG,"Harley-Davidson, Inc. Common Stock",NYSE,False
HOLA,JPMorgan International Hedged Equity Laddered Overlay ETF,NYSE Arca,True
HOLD,Harbor Alpha Layering ETF,NYSE Arca,True
HOLO,MicroCloud Hologram Inc. - Ordinary Shares,NASDAQ,False
HOLOW,MicroCloud Hologram Inc. - Warrant,NASDAQ,False
HOMB,"Home BancShares, Inc. Common Stock",NYSE,False
HOMZ,Hoya Capital Housing ETF,NYSE Arca,True
HON,Honeywell International Inc. - Common Stock,NASDAQ,False
HONA,Honeywell Aerospace Inc. - Common Stock,NASDAQ,False
HONG,Leverage Shares 2X Long HON Daily ETF,Cboe BZX,True
HOOC,Corgi HOOD 2x Daily ETF,Cboe BZX,True
HOOD,"Robinhood Markets, Inc. - Class A Common Stock",NASDAQ,False
HOOG,Leverage Shares 2X Long HOOD Daily ETF,NASDAQ,True
HOOW,Roundhill HOOD WeeklyPay ETF,Cboe BZX,True
HOOX,Defiance Daily Target 2X Long HOOD ETF,NASDAQ,True
HOOY,YieldMax HOOD Option Income Strategy ETF,NYSE Arca,True
HOOZ,Defiance Daily Target 2X Short HOOD ETF,NYSE Arca,True
HOPE,"Hope Bancorp, Inc. - Common Stock",NASDAQ,False
HOUR,"Hour Loop, Inc. - common stock",NASDAQ,False
HOV,"Hovnanian Enterprises, Inc. Class A Common Stock",NYSE,False
HOVNP,Hovnanian Enterprises Inc - Depositary Share representing 1/1000th of 7.625% Series A Preferred Stock,NASDAQ,False
HOVR,New Horizon Aircraft Ltd. - Class A Ordinary Shares,NASDAQ,False
HOVRW,New Horizon Aircraft Ltd. - Warrant,NASDAQ,False
HOWL,"Werewolf Therapeutics, Inc. - Common Stock",NASDAQ,False
HOYY,GraniteShares YieldBOOST HOOD ETF,NASDAQ,True
HP,"Helmerich & Payne, Inc. Common Stock",NYSE,False
HPAI,Helport AI Limited - Ordinary Shares,NASDAQ,False
HPAIW,Helport AI Limited - Warrants,NASDAQ,False
HPE,Hewlett Packard Enterprise Company Common Stock,NYSE,False
HPE$C,Hewlett Packard Enterprise Company 7.625% Series C Mandatory Convertible Preferred Stock,NYSE,False
HPEL,Leverage Shares 2X Long HPE Daily ETF,Cboe BZX,True
HPF,John Hancock Pfd Income Fund II Pfd Income Fund II,NYSE,False
HPI,John Hancock Preferred Income Fund Common Shares of Beneficial Interest,NYSE,False
HPK,"HighPeak Energy, Inc. - Common Stock",NASDAQ,False
HPP,"Hudson Pacific Properties, Inc. Common Stock",NYSE,False
HPP$C,"Hudson Pacific Properties, Inc. 4.750% Series C Cumulative Redeemable Preferred Stock",NYSE,False
HPQ,HP Inc. Common Stock,NYSE,False
HPS,John Hancock Preferred Income Fund III Preferred Income Fund III,NYSE,False
HQ,Horizon Quantum Holdings Ltd. - Class A Ordinary Shares,NASDAQ,False
HQGO,Hartford US Quality Growth ETF,NASDAQ,True
HQH,abrdn Healthcare Investors Shares of Beneficial Interest,NYSE,False
HQI,"HireQuest, Inc. - Common Stock",NASDAQ,False
HQL,abrdn Life Sciences Investors Shares of Beneficial Interest,NYSE,False
HQWWW,Horizon Quantum Holdings Ltd. - Warrant,NASDAQ,False
HQY,"HealthEquity, Inc. - Common Stock",NASDAQ,False
HR,Healthcare Realty Trust Incorporated Common Stock,NYSE,False
HRB,"H&R Block, Inc. Common Stock",NYSE,False
HRI,Herc Holdings Inc. Common Stock,NYSE,False
HRL,Hormel Foods Corporation Common Stock,NYSE,False
HRMY,"Harmony Biosciences Holdings, Inc. - Common Stock",NASDAQ,False
HROW,"Harrow, Inc. - Common Stock",NASDAQ,False
HRSK,Toews Agility Shares Hedged Risk ETF,NYSE Arca,True
HRTG,"Heritage Insurance Holdings, Inc. Common Stock",NYSE,False
HRTS,Tema Heart & Health ETF,NASDAQ,True
HRTX,"Heron Therapeutics, Inc.   - Common Stock",NASDAQ,False
HRZN,Horizon Technology Finance Corporation - Common Stock,NASDAQ,False
HSAI,Hesai Group - American Depositary Share,NASDAQ,False
HSBC,"HSBC Holdings, plc. Common Stock",NYSE,False
HSBH,HSBC Holdings plc ADRhedged,NYSE Arca,True
HSCS,HeartSciences Inc. - Common Stock,NASDAQ,False
HSCSW,HeartSciences Inc. - Warrant,NASDAQ,False
HSCZ,iShares Currency Hedged MSCI EAFE Small-Cap ETF,NYSE Arca,True
HSDT,Solana Company - Class A Common Stock,NASDAQ,False
HSHP,Himalaya Shipping Ltd. Common Shares,NYSE,False
HSIC,"Henry Schein, Inc. - Common Stock",NASDAQ,False
HSLV,Highlander Silver Corp. Common Shares,NYSE American,False
HSMV,First Trust Horizon Managed Volatility Small/Mid ETF,NYSE Arca,True
HST,"Host Hotels & Resorts, Inc. - Common Stock",NASDAQ,False
HSTM,"HealthStream, Inc. - Common Stock",NASDAQ,False
HSY,The Hershey Company Common Stock,NYSE,False
HTAB,Hartford Schroders Tax-Aware Bond ETF,NYSE Arca,True
HTAX,Nomura National High-Yield Municipal Bond ETF,NYSE Arca,True
HTB,"HomeTrust Bancshares, Inc. Common Stock",NYSE,False
HTCO,High-Trend International Group - Class A Ordinary Shares,NASDAQ,False
HTCR,"Heartcore Enterprises, Inc. - Common Stock",NASDAQ,False
HTD,John Hancock Tax Advantaged Dividend Income Fund Common Shares of Beneficial Interest,NYSE,False
HTEC,ROBO Global Healthcare Technology and Innovation ETF,NYSE Arca,True
HTFC,Horizon Technology Finance Corporation 6.25% Notes due 2027,NYSE,False
HTFL,"Heartflow, Inc. - Common Stock",NASDAQ,False
HTGC,"Hercules Capital, Inc. Common Stock",NYSE,False
HTH,Hilltop Holdings Inc.,NYSE,False
HTHT,H World Group Limited - American Depositary Shares,NASDAQ,False
HTLD,"Heartland Express, Inc. - Common Stock",NASDAQ,False
HTLM,HomesToLife Ltd - Ordinary Shares,NASDAQ,False
HTO,H2O America  - Common Stock,NASDAQ,False
HTOO,Fusion Fuel Green PLC - Ordinary Shares,NASDAQ,False
HTRB,Hartford Total Return Bond ETF,NYSE Arca,True
HTT,"High Templar Tech Limited American depositary shares, each representing one Class A ordinary share",NYSE,False
HTUS,Hull Tactical US ETF,Cboe BZX,True
HTZ,"Hertz Global Holdings, Inc - Common Stock",NASDAQ,False
HTZWW,"Hertz Global Holdings, Inc - Warrant",NASDAQ,False
HUBB,Hubbell Inc Common Stock,NYSE,False
HUBC,Hub Cyber Security Ltd. - Ordinary Shares,NASDAQ,False
HUBCW,Hub Cyber Security Ltd. - Warrant expiring 2/27/28,NASDAQ,False
HUBCZ,Hub Cyber Security Ltd. - Warrant,NASDAQ,False
HUBG,"Hub Group, Inc. - Class A Common Stock",NASDAQ,False
HUBS,"HubSpot, Inc. Common Stock",NYSE,False
HUDI,"Huadi International Group Co., Ltd. - Ordinary Shares",NASDAQ,False
HUHU,HUHUTECH International Group Inc. - Ordinary Shares,NASDAQ,False
HUIZ,Huize Holding Limited - American Depositary Shares,NASDAQ,False
HULL,Corgi Shipping & Global Logistics ETF,Cboe BZX,True
HUM,Humana Inc. Common Stock,NYSE,False
HUMA,"Humacyte, Inc. - Common Stock",NASDAQ,False
HUMAW,"Humacyte, Inc. - Warrant",NASDAQ,False
HUMN,Roundhill Humanoid Robotics ETF,Cboe BZX,True
HUN,Huntsman Corporation Common Stock,NYSE,False
HURA,"TuHURA Biosciences, Inc. - Common Stock",NASDAQ,False
HURC,"Hurco Companies, Inc. - Common Stock",NASDAQ,False
HURN,Huron Consulting Group Inc. - Common Stock,NASDAQ,False
HUSV,First Trust Horizon Managed Volatility Domestic ETF,NYSE Arca,True
HUT,Hut 8 Corp. - Common Stock,NASDAQ,False
HUTG,Leverage Shares 2X Long HUT Daily ETF,NASDAQ,True
HUYA,"HUYA Inc. American depositary shares, each  representing one Class A ordinary share",NYSE,False
HVAC,AdvisorShares HVAC and Industrials ETF,NYSE Arca,True
HVII,Hennessy Capital Investment Corp. VII - Ordinary Shares,NASDAQ,False
HVIIR,Hennessy Capital Investment Corp. VII - Rights,NASDAQ,False
HVIIU,Hennessy Capital Investment Corp. VII - Unit,NASDAQ,False
HVMC,Highview Merger Corp. - Class A Ordinary Share,NASDAQ,False
HVMCU,Highview Merger Corp. - Units,NASDAQ,False
HVMCW,Highview Merger Corp. - Warrants,NASDAQ,False
HVT,"Haverty Furniture Companies, Inc. Common Stock",NYSE,False
HVT.A,"Haverty Furniture Companies, Inc. Common Stock",NYSE,False
HWAY,Themes US Infrastructure ETF,NASDAQ,True
HWBK,"Hawthorn Bancshares, Inc. - Common Stock",NASDAQ,False
HWC,Hancock Whitney Corporation - Common Stock,NASDAQ,False
HWCPZ,Hancock Whitney Corporation - 6.25% Subordinated Notes due 2060,NASDAQ,False
HWH,HWH International Inc. - Common Stock,NASDAQ,False
HWIV,Hotchkis & Wiley International Value Fund,NASDAQ,True
HWKN,"Hawkins, Inc. - Common Stock",NASDAQ,False
HWM,Howmet Aerospace Inc. Common Stock,NYSE,False
HWO,Hotchkis & Wiley Opportunities Fund,NASDAQ,True
HWSM,Hotchkis & Wiley SMID Cap Diversified Value Fund,NASDAQ,True
HXHX,Haoxin Holdings Limited - Class A Ordinary Shares,NASDAQ,False
HXL,Hexcel Corporation Common Stock,NYSE,False
HY,"Hyster-Yale, Inc. Class A common stock",NYSE,False
HYBB,iShares BB Rated Corporate Bond ETF,NYSE Arca,True
HYBI,NEOS Enhanced Income Credit Select ETF,NASDAQ,True
HYBL,State Street Blackstone High Income ETF,Cboe BZX,True
HYBX,TCW High Yield Bond ETF,NYSE,True
HYD,VanEck High Yield Muni ETF,Cboe BZX,True
HYDB,iShares High Yield Systematic Bond ETF,Cboe BZX,True
HYDR,Global X Hydrogen ETF,NASDAQ,True
HYDW,Xtrackers Low Beta High Yield Bond ETF,NYSE Arca,True
HYEM,VanEck Emerging Markets High Yield Bond ETF,NYSE Arca,True
HYFI,AB High Yield ETF,NYSE Arca,True
HYFM,"Hydrofarm Holdings Group, Inc. - Common Stock",NASDAQ,False
HYFT,MindWalk Holdings Corp. - Common Stock,NASDAQ,False
HYG,iShares iBoxx $ High Yield Corporate Bond ETF,NYSE Arca,True
HYGH,iShares Interest Rate Hedged High Yield Bond ETF,NYSE Arca,True
HYGM,Amplify HYG High Yield 10% Target Income ETF,Cboe BZX,True
HYGV,FlexShares High Yield Value-Scored Bond Index Fund,NYSE Arca,True
HYGW,iShares High Yield Corporate Bond BuyWrite Strategy ETF,Cboe BZX,True
HYHG,ProShares High Yield Interest Rate Hedged,Cboe BZX,True
HYI,Western Asset High Yield Opportunity Fund Inc. Common Stock,NYSE,False
HYIN,WisdomTree Private Credit and Alternative Income Fund,Cboe BZX,True
HYLB,Xtrackers USD High Yield Corporate Bond ETF,NYSE Arca,True
HYLN,Hyliion Holdings Corp. Class A Common Stock,NYSE American,False
HYLS,First Trust Tactical High Yield ETF,NASDAQ,True
HYMB,State Street SPDR Nuveen ICE High Yield Municipal Bond ETF,NYSE Arca,True
HYMC,Hycroft Mining Holding Corporation - Class A Common Stock,NASDAQ,False
HYNE,"Hoyne Bancorp, Inc. - Common Stock",NASDAQ,False
HYNX,T-REX 2X Long SKHY Daily Target ETF,NYSE Arca,True
HYP,Golden Eagle Dynamic Hypergrowth ETF,NASDAQ,True
HYPD,"Hyperion DeFi, Inc. - Common Stock",NASDAQ,False
HYPG,Grayscale Hyperliquid Staking ETF,NASDAQ,True
HYPR,"Hyperfine, Inc.  - Class A Common Stock",NASDAQ,False
HYS,PIMCO 0-5 Year High Yield Corporat Bond Index Exchange-Traded Fund,NYSE Arca,True
HYSA,BondBloxx USD High Yield Bond Sector Rotation ETF,NYSE Arca,True
HYSD,Columbia Short Duration High Yield ETF,NYSE Arca,True
HYT,"Blackrock Corporate High Yield Fund, Inc. Common Stock",NYSE,False
HYTI,FT Vest High Yield & Target Income ETF,NYSE Arca,True
HYTR,Counterpoint High Yield Trend ETF,NYSE,True
HYUP,Xtrackers High Beta High Yield Bond ETF,NYSE Arca,True
HYXF,iShares ESG Advanced High Yield Corporate Bond ETF,NASDAQ,True
HYZD,WisdomTree Interest Rate Hedged High Yield Bond Fund,NASDAQ,True
HZO,"MarineMax, Inc.  (FL) Common Stock",NYSE,False
IACO,Idea Acquisition Corp. - Class A Ordinary Shares,NASDAQ,False
IACOU,Idea Acquisition Corp. - Units,NASDAQ,False
IACOW,Idea Acquisition Corp. - Warrants,NASDAQ,False
IACQ,Irenic Acquisition Corp. - Class A Ordinary Shares,NASDAQ,False
IACQU,Irenic Acquisition Corp. - Unit,NASDAQ,False
IACQW,Irenic Acquisition Corp. - Warrants,NASDAQ,False
IAE,Voya Asia Pacific High Dividend Equity Income Fund ING Asia Pacific High Dividend Equity Income Fund Common Shares of Beneficial Interest,NYSE,False
IAF,"abrdn Australia Equity Fund, Inc. Common Stock",NYSE American,False
IAG,Iamgold Corporation Ordinary Shares,NYSE,False
IAGG,iShares International Aggregate Bond Fund,Cboe BZX,True
IAI,iShares U.S. Broker-Dealers & Securities Exchanges ETF,NYSE Arca,True
IAK,iShares U.S. Insurance ETF,NYSE Arca,True
IALT,iShares Systematic Alternatives Active ETF,NASDAQ,True
IAPR,Innovator International Developed Power Buffer ETF  April,NYSE Arca,True
IART,Integra LifeSciences Holdings Corporation - Common Stock,NASDAQ,False
IAT,iShares U.S. Regional Banks ETF,NYSE Arca,True
IAU,iShares Gold Trust Shares,NYSE Arca,True
IAUG,Innovator International Developed Power Buffer ETF  August,NYSE Arca,True
IAUI,NEOS Gold High Income ETF,Cboe BZX,True
IAUM,iShares Gold Trust Micro Shares,NYSE Arca,True
IAUX,i-80 Gold Corp. Common Shares,NYSE American,False
IAUX.W,"i-80 Gold Corp. Warrants, each warrant exercisable for one Common Share at an exercise price of $0.70",NYSE American,False
IBAC,IB Acquisition Corp. - Common Stock,NASDAQ,False
IBACR,IB Acquisition Corp. - Right,NASDAQ,False
IBAT,iShares Energy Storage & Materials ETF,NASDAQ,True
IBB,iShares Biotechnology ETF,NASDAQ,True
IBBQ,Invesco Nasdaq Biotechnology ETF,NASDAQ,True
IBCA,iShares iBonds Dec 2035 Term Corporate ETF,NYSE Arca,True
IBCB,iShares iBonds Dec 2036 Term Corporate ETF,NYSE Arca,True
IBCP,Independent Bank Corporation - Common Stock,NASDAQ,False
IBD,Inspire Corporate Bond ETF,NYSE Arca,True
IBDR,iShares iBonds Dec 2026 Term Corporate ETF,NYSE Arca,True
IBDS,iShares iBonds Dec 2027 Term Corporate ETF,NYSE Arca,True
IBDT,iShares iBonds Dec 2028 Term Corporate ETF,NYSE Arca,True
IBDU,iShares iBonds Dec 2029 Term Corporate ETF,NYSE Arca,True
IBDV,iShares iBonds Dec 2030 Term Corporate ETF,NYSE Arca,True
IBDW,iShares iBonds Dec 2031 Term Corporate ETF,NYSE Arca,True
IBDX,iShares iBonds Dec 2032 Term Corporate ETF,NYSE Arca,True
IBDY,iShares iBonds Dec 2033 Term Corporate ETF,NYSE Arca,True
IBDZ,iShares iBonds Dec 2034 Term Corporate ETF,NYSE Arca,True
IBEX,IBEX Limited - Common Share,NASDAQ,False
IBFR,Innovator International Developed Managed 10 Buffer ETF,NYSE Arca,True
IBG,Innovation Beverage Group Limited - Ordinary Shares,NASDAQ,False
IBGA,iShares iBonds Dec 2044 Term Treasury ETF,NASDAQ,True
IBGB,iShares iBonds Dec 2045 Term Treasury ETF,NASDAQ,True
IBGC,iShares iBonds Dec 2046 Term Treasury ETF,NASDAQ,True
IBGK,iShares iBonds Dec 2054 Term Treasury ETF,NASDAQ,True
IBGL,iShares iBonds Dec 2055 Term Treasury ETF,NASDAQ,True
IBGM,iShares iBonds Dec 2056 Term Treasury ETF,NASDAQ,True
IBHF,iShares iBonds 2026 Term High Yield and Income ETF,Cboe BZX,True
IBHG,iShares iBonds 2027 Term High Yield and Income ETF,Cboe BZX,True
IBHH,iShares iBonds 2028 Term High Yield and Income ETF,Cboe BZX,True
IBHI,iShares iBonds 2029 Term High Yield and Income ETF,Cboe BZX,True
IBHJ,iShares iBonds 2030 Term High Yield and Income ETF,Cboe BZX,True
IBHK,iShares iBonds 2031 Term High Yield and Income ETF,Cboe BZX,True
IBHL,iShares iBonds 2032 Term High Yield and Income ETF,Cboe BZX,True
IBHM,iShares iBonds 2033 Term High Yield and Income ETF,Cboe BZX,True
IBIC,iShares iBonds Oct 2026 Term TIPS ETF,NYSE Arca,True
IBID,iShares iBonds Oct 2027 Term TIPS ETF,NYSE Arca,True
IBIE,iShares iBonds Oct 2028 Term TIPS ETF,NYSE Arca,True
IBIF,iShares iBonds Oct 2029 Term TIPS ETF,NYSE Arca,True
IBIG,iShares iBonds Oct 2030 Term TIPS ETF,NYSE Arca,True
IBIH,iShares iBonds Oct 2031 Term TIPS ETF,NYSE Arca,True
IBII,iShares iBonds Oct 2032 Term TIPS ETF,NYSE Arca,True
IBIJ,iShares iBonds Oct 2033 Term TIPS ETF,NYSE Arca,True
IBIK,iShares iBonds Oct 2034 Term TIPS ETF,NYSE Arca,True
IBIL,iShares iBonds Oct 2035 Term TIPS ETF,NYSE Arca,True
IBIM,iShares iBonds Oct 2036 Term TIPS ETF,NYSE Arca,True
IBIO,"iBio, Inc. - Common Stock",NASDAQ,False
IBIT,iShares Bitcoin Trust ETF,NASDAQ,True
IBKR,"Interactive Brokers Group, Inc. - Class A Common Stock",NASDAQ,False
IBLC,iShares Blockchain and Tech ETF,NYSE Arca,True
IBM,International Business Machines Corporation Common Stock,NYSE,False
IBMO,iShares iBonds Dec 2026 Term Muni Bond ETF,Cboe BZX,True
IBMP,iShares iBonds Dec 2027 Term Muni Bond ETF,Cboe BZX,True
IBMQ,iShares iBonds Dec 2028 Term Muni Bond ETF,Cboe BZX,True
IBMR,iShares iBonds Dec 2029 Term Muni Bond ETF,Cboe BZX,True
IBMS,iShares iBonds Dec 2030 Term Muni Bond ETF,Cboe BZX,True
IBMT,iShares iBonds Dec 2031 Term Muni Bond ETF,Cboe BZX,True
IBMU,iShares iBonds Dec 2032 Term Muni Bond ETF,Cboe BZX,True
IBMV,iShares iBonds Dec 2033 Term Muni Bond ETF,Cboe BZX,True
IBMW,iShares iBonds Dec 2034 Term Muni Bond ETF,Cboe BZX,True
IBMX,iShares iBonds Dec 2035 Term Muni Bond ETF,Cboe BZX,True
IBN,ICICI Bank Limited Common Stock,NYSE,False
IBND,State Street SPDR Bloomberg International Corporate Bond ETF,NYSE Arca,True
IBO,"Impact BioMedical, Inc. Common Stock",NYSE American,False
IBOC,International Bancshares Corporation - Common Stock,NASDAQ,False
IBOT,VanEck Robotics ETF,NASDAQ,True
IBP,"Installed Building Products, Inc. Common Stock",NYSE,False
IBRN,iShares Neuroscience and Healthcare ETF,NYSE Arca,True
IBRX,"ImmunityBio, Inc. - Common Stock",NASDAQ,False
IBTA,"Ibotta, Inc. Class A Common Stock",NYSE,False
IBTG,iShares iBonds Dec 2026 Term Treasury ETF,NASDAQ,True
IBTH,iShares iBonds Dec 2027 Term Treasury ETF,NASDAQ,True
IBTI,iShares iBonds Dec 2028 Term Treasury ETF,NASDAQ,True
IBTJ,iShares iBonds Dec 2029 Term Treasury ETF,NASDAQ,True
IBTK,iShares iBonds Dec 2030 Term Treasury ETF,NASDAQ,True
IBTL,iShares iBonds Dec 2031 Term Treasury ETF,NASDAQ,True
IBTM,iShares iBonds Dec 2032 Term Treasury ETF,NASDAQ,True
IBTO,iShares iBonds Dec 2033 Term Treasury ETF,NASDAQ,True
IBTP,iShares iBonds Dec 2034 Term Treasury ETF,NASDAQ,True
IBTQ,iShares iBonds Dec 2035 Term Treasury ETF,NASDAQ,True
IBTR,iShares iBonds Dec 2036 Term Treasury ETF,NASDAQ,True
IBUF,Innovator International Developed 10 Buffer ETF - Quarterly,NYSE Arca,True
IBUY,Amplify Online Retail ETF,NYSE Arca,True
IBX,Tradr 2X Long IBM Daily ETF,Cboe BZX,True
ICAP,Infrastructure Capital Equity Income ETF,NYSE Arca,True
ICCC,ImmuCell Corporation - Common Stock,NASDAQ,False
ICCM,IceCure Medical Ltd. - Ordinary Shares,NASDAQ,False
ICE,Intercontinental Exchange Inc. Common Stock,NYSE,False
ICF,iShares Select U.S. REIT ETF,Cboe BZX,True
ICFI,"ICF International, Inc. - Common Stock",NASDAQ,False
ICG,Intchains Group Limited - American Depositary Shares,NASDAQ,False
ICHR,Ichor Holdings - Ordinary Shares,NASDAQ,False
ICL,ICL Group Ltd. Ordinary Shares,NYSE,False
ICLN,iShares Global Clean Energy ETF,NASDAQ,True
ICLO,Invesco AAA CLO Floating Rate Note ETF,Cboe BZX,True
ICLR,ICON plc - Ordinary Shares,NASDAQ,False
ICMB,"Investcorp Credit Management BDC, Inc. - Common Stock",NASDAQ,False
ICOI,Bitwise COIN Option Income Strategy ETF,NYSE Arca,True
ICON,Icon Energy Corp. - Common stock,NASDAQ,False
ICOP,iShares Copper and Metals Mining ETF,NASDAQ,True
ICOW,Pacer Developed Markets International Cash Cows 100 ETF,Cboe BZX,True
ICPI,iShares 0-1 Year TIPS Bond ETF,NYSE Arca,True
ICPY,"Tweedy, Browne International Insider + Value ETF",NYSE Arca,True
ICR$A,"InPoint Commercial Real Estate Income, Inc. 6.75% Series A Cumulative Redeemable Preferred Stock",NYSE,False
ICRC,Bitwise CRCL Option Income Strategy ETF,NYSE Arca,True
ICSH,iShares Ultra Short Duration Bond Active ETF,Cboe BZX,True
ICU,SeaStar Medical Holding Corporation - Common Stock,NASDAQ,False
ICUCW,SeaStar Medical Holding Corporation - Warrant,NASDAQ,False
ICUI,"ICU Medical, Inc. - Common Stock",NASDAQ,False
ICVT,iShares Convertible Bond ETF,Cboe BZX,True
IDA,"IDACORP, Inc. Common Stock",NYSE,False
IDAC,Iron Dome Acquisition I Corp. - Class A Ordinary Shares,NASDAQ,False
IDACU,Iron Dome Acquisition I Corp. - Units,NASDAQ,False
IDACW,Iron Dome Acquisition I Corp. - Warrant,NASDAQ,False
IDAI,T Stamp Inc. - Class A Common Stock,NASDAQ,False
IDCC,"InterDigital, Inc. - Common Stock",NASDAQ,False
IDE,"Voya Infrastructure, Industrials and Materials Fund Common Shares of Beneficial Interest",NYSE,False
IDEC,Innovator International Developed Power Buffer ETF  December,NYSE Arca,True
IDEF,iShares Defense Industrials Active ETF,NASDAQ,True
IDEQ,Lazard International Dynamic Equity ETF,NYSE Arca,True
IDEV,iShares Core MSCI International Developed Markets ETF,NYSE Arca,True
IDGT,iShares U.S. Digital Infrastructure and Real Estate ETF,NYSE Arca,True
IDHQ,Invesco S&P International Developed Quality ETF,NYSE Arca,True
IDJL,Corgi International Developed Equities 15% Structured Buffer ETF - July Series,Cboe BZX,True
IDJN,Corgi International Developed Equities 15% Structured Buffer ETF - June Series,Cboe BZX,True
IDLV,Invesco S&P International Developed Low Volatility ETF,NYSE Arca,True
IDMO,Invesco S&P International Developed Momentum ETF,NYSE Arca,True
IDMY,Corgi International Developed Equities 15% Structured Buffer ETF - May Series,Cboe BZX,True
IDN,"Intellicheck, Inc. - Common Stock",NASDAQ,False
IDNA,iShares Genomics Immunology and Healthcare ETF,NYSE Arca,True
IDOG,ALPS International Sector Dividend Dogs ETF,NYSE Arca,True
IDR,"Idaho Strategic Resources, Inc. Common Stock",NYSE American,False
IDRV,iShares Self-Driving EV and Tech ETF,NYSE Arca,True
IDT,IDT Corporation Class B Common Stock,NYSE,False
IDU,iShares U.S. Utilities ETF,NYSE Arca,True
IDUB,Aptus International Enhanced Yield ETF,Cboe BZX,True
IDV,iShares International Select Dividend ETF,Cboe BZX,True
IDVO,Amplify CWP International Enhanced Dividend Income ETF,NYSE Arca,True
IDVY,First Trust International Rising Dividend Achievers ETF,NASDAQ,True
IDVZ,Polen International Dividend Income Fund,Cboe BZX,True
IDX,VanEck Indonesia Index ETF,NYSE Arca,True
IDXX,"IDEXX Laboratories, Inc. - Common Stock",NASDAQ,False
IDYA,"IDEAYA Biosciences, Inc. - Common Stock",NASDAQ,False
IDYN,iShares International Equity Factor Rotation Active ETF,NYSE Arca,True
IE,Ivanhoe Electric Inc. Common Stock,NYSE American,False
IEAG,Infinite Eagle Acquisition Corp. - Class A Ordinary Shares,NASDAQ,False
IEAGR,Infinite Eagle Acquisition Corp. - Rights,NASDAQ,False
IEAGU,Infinite Eagle Acquisition Corp. - Unit,NASDAQ,False
IEDI,iShares U.S. Consumer Focused ETF,Cboe BZX,True
IEF,iShares 7-10 Year Treasury Bond ETF,NASDAQ,True
IEFA,iShares Core MSCI EAFE ETF,Cboe BZX,True
IEI,iShares 3-7 Year Treasury Bond ETF,NASDAQ,True
IEMG,iShares Core MSCI Emerging Markets ETF,NYSE Arca,True
IEO,iShares U.S. Oil & Gas Exploration & Production ETF,Cboe BZX,True
IEP,Icahn Enterprises L.P. - Depositary Units representing Limited Partner Interests,NASDAQ,False
IESC,"IES Holdings, Inc. - Common Stock",NASDAQ,False
IETC,iShares U.S. Tech Independence Focused ETF,Cboe BZX,True
IETH,Bitwise Ethereum Option Income Strategy ETF,NYSE Arca,True
IEUR,iShares Core MSCI Europe ETF,NYSE Arca,True
IEUS,iShares MSCI Europe Small-Cap ETF,NASDAQ,True
IEV,iShares Europe ETF,NYSE Arca,True
IEX,IDEX Corporation Common Stock,NYSE,False
IEZ,iShares U.S. Oil Equipment & Services ETF,NYSE Arca,True
IFBD,"Infobird Co., Ltd - Ordinary Shares",NASDAQ,False
IFEB,Innovator International Developed Power Buffer ETF  February,NYSE Arca,True
IFED,ETRACS IFED Invest with the Fed TR Index ETN,NYSE Arca,True
IFF,"International Flavors & Fragrances, Inc. Common Stock",NYSE,False
IFGL,iShares International Developed Real Estate ETF,NASDAQ,True
IFLN,Invesco Bloomberg Enhanced Fallen Angels ETF,NYSE Arca,True
IFLO,VictoryShares International Free Cash Flow ETF,NASDAQ,True
IFLR,Innovator International Developed Managed Floor ETF,NYSE Arca,True
IFN,"Aberdeen India Fund, Inc. Common Stock",NYSE,False
IFRA,iShares U.S. Infrastructure ETF,Cboe BZX,True
IFRX,InflaRx N.V. - Common Stock,NASDAQ,False
IFS,Intercorp Financial Services Inc. Common Shares,NYSE,False
IFV,First Trust Dorsey Wright International Focus 5 ETF,NASDAQ,True
IG,Principal Investment Grade Corporate Active ETF,Cboe BZX,True
IGA,Voya Global Advantage and Premium Opportunity Fund Common Shares of Beneficial Interest,NYSE,False
IGAC,Invest Green Acquisition Corporation - Class A Ordinary Shares,NASDAQ,False
IGACR,Invest Green Acquisition Corporation - Rights,NASDAQ,False
IGACU,Invest Green Acquisition Corporation - Units,NASDAQ,False
IGBH,iShares Interest Rate Hedged Long-Term Corporate Bond ETF,NYSE Arca,True
IGC,"IGC Pharma, Inc. Common Stock",NYSE American,False
IGCB,TCW Corporate Bond ETF,NYSE,True
IGD,Voya Global Equity Dividend and Premium Opportunity Fund,NYSE,False
IGE,iShares North American Natural Resources ETF,Cboe BZX,True
IGEB,iShares Investment Grade Systematic Bond ETF,Cboe BZX,True
IGF,iShares Global Infrastructure ETF,NASDAQ,True
IGGY,AB International Growth ETF,NYSE Arca,True
IGHG,ProShares Investment Grade-Interest Rate Hedged,Cboe BZX,True
IGI,Western Asset Investment Grade Opportunity Trust Inc. Common Stock,NYSE,False
IGIB,iShares 5-10 Year Investment Grade Corporate Bond ETF,NASDAQ,True
IGIC,International General Insurance Holdings Ltd. - Ordinary Shares,NASDAQ,False
IGLB,iShares 10  Year Investment Grade Corporate Bond ETF,NYSE Arca,True
IGLD,FT Vest Gold Strategy Target Income ETF,Cboe BZX,True
IGM,iShares Expanded Tech Sector ETF,NYSE Arca,True
IGME,Bitwise GME Option Income Strategy ETF,NYSE Arca,True
IGOV,iShares International Treasury Bond ETF,NASDAQ,True
IGPT,Invesco AI and Next Gen Software ETF,NYSE Arca,True
IGR,CBRE Global Real Estate Income Fund Common Shares of Beneficial Interest,NYSE,False
IGRO,iShares International Dividend Growth ETF,Cboe BZX,True
IGSB,iShares 1-5 Year Investment Grade Corporate Bond ETF,NASDAQ,True
IGV,iShares Expanded Tech-Software Sector ETF,Cboe BZX,True
IH,"iHuman Inc. American depositary shares, each representing five Class A ordinary shares",NYSE,False
IHAK,iShares Cybersecurity and Tech ETF,NYSE Arca,True
IHD,Voya Emerging Markets High Income Dividend Equity Fund Common Shares,NYSE,False
IHDG,WisdomTree International Hedged Quality Dividend Growth Fund,NYSE Arca,True
IHE,iShares U.S. Pharmaceutical ETF,NYSE Arca,True
IHF,iShares U.S. Health Care Providers ETF,NYSE Arca,True
IHG,Intercontinental Hotels Group American Depositary Shares (Each representing one Ordinary Share),NYSE,False
IHI,iShares U.S. Medical Devices ETF,NYSE Arca,True
IHRT,"iHeartMedia, Inc. - Class A Common Stock",NASDAQ,False
IHS,IHS Holding Limited Ordinary Shares,NYSE,False
IHT,InnSuites Hospitality Trust Shares of Beneficial Interest,NYSE American,False
IHY,VanEck International High Yield Bond ETF,NYSE Arca,True
IIF,"Morgan Stanley India Investment Fund, Inc. Common Stock",NYSE,False
IIGD,Invesco Investment Grade Defensive ETF,NYSE Arca,True
III,"Information Services Group, Inc. - Common Stock",NASDAQ,False
IIIN,"Insteel Industries, Inc. Common Stock",NYSE,False
IIIV,"i3 Verticals, Inc. - Common Stock",NASDAQ,False
IIM,Invesco Value Municipal Income Trust Common Stock,NYSE,False
IINC,Alki Consolidated Income ETF,NYSE Arca,True
IIPR,"Innovative Industrial Properties, Inc. Common Stock",NYSE,False
IIPR$A,"Innovative Industrial Properties, Inc. 9.00% Series A Cumulative Redeemable Preferred Stock",NYSE,False
IJAN,Innovator International Developed Power Buffer ETF January,NYSE Arca,True
IJH,iShares Core S&P Mid-Cap ETF,NYSE Arca,True
IJJ,iShares S&P Mid-Cap 400 Value ETF,NYSE Arca,True
IJK,iShares S&P Mid-Cap 400 Growth ETF,NYSE Arca,True
IJR,iShares Core S&P Small-Cap ETF,NYSE Arca,True
IJS,iShares S&P SmallCap 600 Value ETF,NYSE Arca,True
IJT,iShares S&P SmallCap 600 Growth ETF,NASDAQ,True
IJUL,Innovator International Developed Power Buffer ETF  July,NYSE Arca,True
IJUN,Innovator International Developed Power Buffer ETF June,NYSE Arca,True
IKT,"Inhibikase Therapeutics, Inc. - Common Stock",NASDAQ,False
ILAG,Intelligent Living Application Group Inc. - Ordinary Shares,NASDAQ,False
ILCB,iShares Morningstar Large-Cap ETF,NYSE Arca,True
ILCG,iShares Morningstar Large-Cap Growth ETF,NYSE Arca,True
ILCV,iShares Morningstar Large-Cap  Value ETF,NYSE Arca,True
ILDR,First Trust Innovation Leaders ETF,NYSE Arca,True
ILF,iShares Latin America 40 ETF,NYSE Arca,True
ILIT,iShares Lithium Miners and Producers ETF,NASDAQ,True
ILLR,Triller Group Inc. - Common Stock,NASDAQ,False
ILLRW,Triller Group Inc. - Warrant,NASDAQ,False
ILLU,Illumination Acquisition Corp I - Class A Ordinary Shares,NASDAQ,False
ILLUU,Illumination Acquisition Corp I - Units,NASDAQ,False
ILLUW,Illumination Acquisition Corp I - Warrant,NASDAQ,False
ILMN,"Illumina, Inc. - Common Stock",NASDAQ,False
ILOW,AB International Low Volatility Equity ETF,NYSE Arca,True
ILPT,Industrial Logistics Properties Trust - Common Shares of Beneficial Interest,NASDAQ,False
ILS,Brookmont Catastrophic Bond ETF,NYSE Arca,True
ILTB,iShares Core 10  Year USD Bond ETF,NYSE Arca,True
IMA,"ImageneBio, Inc. - Common Stock",NASDAQ,False
IMAR,Innovator International Developed Power Buffer ETF  March,NYSE Arca,True
IMAX,Imax Corporation Common Stock,NYSE,False
IMAY,Innovator International Developed Power Buffer ETF - May,NYSE Arca,True
IMCB,iShares Morningstar Mid-Cap ETF,NYSE Arca,True
IMCC,IM Cannabis Corp. - Common Shares,NASDAQ,False
IMCG,iShares Morningstar Mid-Cap Growth ETF,NYSE Arca,True
IMCR,Immunocore Holdings plc - American Depositary Shares,NASDAQ,False
IMCV,iShares Morningstar Mid-Cap Value ETF,NASDAQ,True
IMDX,Insight Molecular Diagnostics Inc. - Common Stock,NASDAQ,False
IMF,Invesco Managed Futures Strategy ETF,Cboe BZX,True
IMFL,Invesco International Developed Dynamic Multifactor ETF,Cboe BZX,True
IMKTA,"Ingles Markets, Incorporated - Class A Common Stock",NASDAQ,False
IMMP,Immutep Limited - American Depositary Shares,NASDAQ,False
IMMR,Immersion Corporation - Common Stock,NASDAQ,False
IMMX,"Immix Biopharma, Inc. - Common Stock",NASDAQ,False
IMNM,"Immunome, Inc. - Common Stock",NASDAQ,False
IMNN,"Imunon, Inc. - Common Stock",NASDAQ,False
IMO,Imperial Oil Limited Common Stock,NYSE American,False
IMOM,Alpha Architect International Quantitative Momentum ETF,NASDAQ,True
IMOS,ChipMOS TECHNOLOGIES INC. - American Depositary Shares,NASDAQ,False
IMPP,Imperial Petroleum Inc. - Common Shares,NASDAQ,False
IMPPP,Imperial Petroleum Inc. - 8.75% Series A Cumulative Redeemable Perpetual Preferred Shares,NASDAQ,False
IMRA,Bitwise MARA Option Income Strategy ETF,NYSE Arca,True
IMRN,Immuron Limited - American Depositary Shares,NASDAQ,False
IMRX,Immuneering Corporation - Class A Common Stock,NASDAQ,False
IMSR,Terrestrial Energy Inc. - Common Stock,NASDAQ,False
IMSRW,Terrestrial Energy Inc. - Warrant,NASDAQ,False
IMST,Bitwise MSTR Option Income Strategy ETF,NYSE Arca,True
IMTB,iShares Core 5-10 Year USD Bond ETF,NYSE Arca,True
IMTE,Integrated Media Technology Limited - Ordinary Shares,NASDAQ,False
IMTG,Invesco Agency MBS ETF,Cboe BZX,True
IMTM,iShares MSCI Intl Momentum Factor ETF,NYSE Arca,True
IMTX,Immatics N.V. - Ordinary Shares,NASDAQ,False
IMUX,"Immunic, Inc.  - Common Stock",NASDAQ,False
IMVP,Invesco India ETF,NYSE Arca,True
IMVT,"Immunovant, Inc.  - Common Stock",NASDAQ,False
IMXI,"International Money Express, Inc. - Common Stock",NASDAQ,False
INAB,"IN8bio, Inc. - Common Stock",NASDAQ,False
INAC,Indigo Acquisition Corp. - Ordinary Shares,NASDAQ,False
INACR,Indigo Acquisition Corp. - Right,NASDAQ,False
INACU,Indigo Acquisition Corp. - Unit,NASDAQ,False
INBK,First Internet Bancorp - Common Stock,NASDAQ,False
INBKZ,First Internet Bancorp - Fixed-to-Floating Rate Subordinated Notes Due 2029,NASDAQ,False
INBS,Intelligent Bio Solutions Inc.  - Common Stock,NASDAQ,False
INBX,"Inhibrx Biosciences, Inc. - Common Stock",NASDAQ,False
INCE,Franklin Income Equity Focus ETF,NYSE Arca,True
INCM,Franklin Income Focus ETF,NYSE Arca,True
INCO,Columbia India Consumer ETF,NYSE Arca,True
INCR,Intercure Ltd. - ordinary shares,NASDAQ,False
INCY,Incyte Corporation - Common Stock,NASDAQ,False
IND,Xtrackers Nifty 500 India ETF,NASDAQ,True
INDA,iShares MSCI India ETF,Cboe BZX,True
INDB,Independent Bank Corp. - Common Stock,NASDAQ,False
INDE,Matthews India Active ETF,NYSE Arca,True
INDH,WisdomTree India Hedged Equity Fund,NASDAQ,True
INDI,"indie Semiconductor, Inc. - Class A Common Stock",NASDAQ,False
INDL,Direxion Daily MSCI India Bull 2X ETF,NYSE Arca,True
INDO,Indonesia Energy Corporation Limited Ordinary Shares,NYSE American,False
INDP,"Indaptus Therapeutics, Inc. - Common Stock",NASDAQ,False
INDQ,Pacer ActiveAlpha India Quality ETF,NASDAQ,True
INDS,Pacer Industrial Real Estate ETF,NYSE Arca,True
INDV,"Indivior Pharmaceuticals, Inc.  - Common Stock",NASDAQ,False
INDY,iShares India 50 ETF,NASDAQ,True
INDZ,VanEck India Select ETF,NYSE Arca,True
INEO,INNEOVA Holdings Limited - Class A Ordinary Shares,NASDAQ,False
INEQ,Columbia International Equity Income ETF,NYSE Arca,True
INFH,Defiance Daily Target 2X Long INFQ ETF,Cboe BZX,True
INFL,Horizon Kinetics Inflation Beneficiaries ETF,NYSE Arca,True
INFO,Harbor PanAgora Dynamic Large Cap Core ETF,NYSE,True
INFQ,"Infleqtion, Inc. Common Stock",NYSE,False
INFQ.W,"Infleqtion, Inc. Warrants, each whole warrant exercisable for one share of Common Stock at an exercise price of $11.50 per share",NYSE,False
INFU,"InfuSystems Holdings, Inc. Common Stock",NYSE American,False
INFY,Infosys Limited American Depositary Shares,NYSE,False
ING,"ING Group, N.V. Common Stock",NYSE,False
INGM,Ingram Micro Holding Corporation Common Stock,NYSE,False
INGN,"Inogen, Inc - Common Stock",NASDAQ,False
INGR,Ingredion Incorporated Common Stock,NYSE,False
INHD,Inno Holdings Inc. - Common Stock,NASDAQ,False
INIO,INNIO N.V. - Ordinary Shares,NASDAQ,False
INKM,State Street Income Allocation ETF,NYSE Arca,True
INKT,"MiNK Therapeutics, Inc. - Common Stock",NASDAQ,False
INLF,INLIF LIMITED - Class A Ordinary shares,NASDAQ,False
INLX,"Intellinetics, Inc. Common Stock",NYSE American,False
INM,InMed Pharmaceuticals Inc. - Common Shares,NASDAQ,False
INMB,INmune Bio Inc. - Common stock,NASDAQ,False
INMD,InMode Ltd.  - Ordinary Shares,NASDAQ,False
INMU,iShares Intermediate Muni Income Active ETF,NYSE Arca,True
INN,"Summit Hotel Properties, Inc. Common Stock",NYSE,False
INN$E,"Summit Hotel Properties, Inc. 6.250% Series E Cumulative Redeemable Preferred Stock",NYSE,False
INN$F,"Summit Hotel Properties, Inc. 5.875% Series F Cumulative Redeemable Preferred Stock, $0.01 par value per share",NYSE,False
INNV,InnovAge Holding Corp. - Common Stock,NASDAQ,False
INO,"Inovio Pharmaceuticals, Inc. - Common Stock",NASDAQ,False
INOD,Innodata Inc. - Common Stock,NASDAQ,False
INOV,Innovator International Developed Power Buffer ETF  November,NYSE Arca,True
INQQ,INQQ The India Internet ETF,NYSE Arca,True
INR,"Infinity Natural Resources, Inc. Class A Common Stock",NYSE,False
INRO,iShares U.S. Industry Rotation Active ETF,NASDAQ,True
INSE,"Inspired Entertainment, Inc. - Common Stock",NASDAQ,False
INSG,Inseego Corp. - Common Stock,NASDAQ,False
INSM,Insmed Incorporated - Common Stock,NASDAQ,False
INSP,"Inspire Medical Systems, Inc. Common Stock",NYSE,False
INSW,"International Seaways, Inc. Common Stock",NYSE,False
INT,Corgi INTC 2x Daily ETF,Cboe BZX,True
INTA,"Intapp, Inc. - Common Stock",NASDAQ,False
INTC,Intel Corporation - Common Stock,NASDAQ,False
INTF,iShares International Equity Factor ETF,NYSE Arca,True
INTG,The Intergroup Corporation - Common Stock,NASDAQ,False
INTJ,Intelligent Group Limited - Class A Ordinary Shares,NASDAQ,False
INTL,Main International ETF,Cboe BZX,True
INTM,Invesco Intermediate Municipal ETF,Cboe BZX,True
INTR,Inter & Co. Inc. - Class A Common Shares,NASDAQ,False
INTS,"Intensity Therapeutics, Inc. - Common Stock",NASDAQ,False
INTT,inTest Corporation Common Stock,NYSE American,False
INTU,Intuit Inc. - Common Stock,NASDAQ,False
INTW,GraniteShares 2x Long INTC Daily ETF,NASDAQ,True
INTZ,Intrusion Inc. - Common Stock,NASDAQ,False
INUV,"Inuvo, Inc.",NYSE American,False
INV,"Innventure, Inc. - Common Stock",NASDAQ,False
INVA,"Innoviva, Inc. - Common Stock",NASDAQ,False
INVE,"Identiv, Inc. - Common Stock",NASDAQ,False
INVG,GMO Systematic Investment Grade Credit ETF,NYSE Arca,True
INVH,Invitation Homes Inc. Common Stock,NYSE,False
INVN,Alger Russell Innovation ETF,NYSE Arca,True
INVX,"Innovex International, Inc. Common Stock",NYSE,False
INVZ,Innoviz Technologies Ltd. - Ordinary shares,NASDAQ,False
INYY,YieldMax INTC Option Income Strategy ETF,NYSE Arca,True
IOCT,Innovator International Developed Power Buffer ETF - October,NYSE Arca,True
ION,ProShares S&P Global Core Battery Metals ETF,NYSE Arca,True
IONC,Corgi IONQ 2x Daily ETF,Cboe BZX,True
IONL,GraniteShares 2x Long IONQ Daily ETF,NASDAQ,True
IONQ,"IonQ, Inc. Common Stock",NYSE,False
IONQ.W,"IonQ, Inc. Redeemable warrants, each whole warrant exercisable for one share of Common Stock, each at an exercise price of $11.50 per share",NYSE,False
IONR,ioneer Ltd - American Depositary Shares,NASDAQ,False
IONS,"Ionis Pharmaceuticals, Inc. - Common Stock",NASDAQ,False
IONX,Defiance Daily Target 2X Long IONQ ETF,NASDAQ,True
IONZ,Defiance Daily Target 2x Short IONQ ETF,NASDAQ,True
IOO,iShares Global 100 ETF,NYSE Arca,True
IOPP,Simplify Tara India Opportunities ETF,NYSE Arca,True
IOR,"Income Opportunity Realty Investors, Inc. Common Stock",NYSE American,False
IOSP,Innospec Inc. - Common Stock,NASDAQ,False
IOSX,Corgi AAPL 2x Daily ETF,Cboe BZX,True
IOT,Samsara Inc. Class A Common Stock,NYSE,False
IOTR,iOThree Limited - Ordinary Shares,NASDAQ,False
IOVA,"Iovance Biotherapeutics, Inc. - Common Stock",NASDAQ,False
IOYY,GraniteShares YieldBOOST IONQ ETF,NASDAQ,True
IP,International Paper Company Common Stock,NYSE,False
IPAC,iShares Core MSCI Pacific ETF,NYSE Arca,True
IPAR,"Interparfums, Inc. - Common Stock",NASDAQ,False
IPAV,Global X Infrastructure Development ex-U.S. ETF,Cboe BZX,True
IPAY,Amplify Digital Payments ETF,NYSE Arca,True
IPB,"Merrill Lynch & Co., Inc. 6.0518% Index Plus Trust Certificates Series 2003-1",NYSE,True
IPCX,Inflection Point Acquisition Corp. III - Class A ordinary shares,NASDAQ,False
IPCXR,Inflection Point Acquisition Corp. III - Rights,NASDAQ,False
IPCXU,Inflection Point Acquisition Corp. III - Units,NASDAQ,False
IPDN,"Professional Diversity Network, Inc. - Common Stock",NASDAQ,False
IPEX,Inflection Point Acquisition Corp. - Class A Ordinary Shares,NASDAQ,False
IPEXR,Inflection Point Acquisition Corp. - Right,NASDAQ,False
IPEXU,Inflection Point Acquisition Corp. - Unit,NASDAQ,False
IPFX,Inflection Point Acquisition Corp. VI - Class A Ordinary Shares,NASDAQ,False
IPFXU,Inflection Point Acquisition Corp. VI - Units,NASDAQ,False
IPFXW,Inflection Point Acquisition Corp. VI - Warrant,NASDAQ,False
IPGP,IPG Photonics Corporation - Common Stock,NASDAQ,False
IPHA,Innate Pharma S.A. - American Depositary Shares,NASDAQ,False
IPI,"Intrepid Potash, Inc Common Stock",NYSE,False
IPKW,Invesco International BuyBack Achievers ETF,NASDAQ,True
IPM,Intelligent Protection Management Corp.  - Common Stock,NASDAQ,False
IPO,Renaissance IPO ETF,NYSE Arca,True
IPOS,Renaissance Capital Greenwich Fund,NYSE Arca,True
IPSC,"Century Therapeutics, Inc. - Common Stock",NASDAQ,False
IPST,"IP Strategy Holdings, Inc. - Common Stock",NASDAQ,False
IPVV,"InterPrivate Investment Partners V, Inc. - Class A Ordinary Shares",NASDAQ,False
IPVVU,"InterPrivate Investment Partners V, Inc. - Units",NASDAQ,False
IPVVW,"InterPrivate Investment Partners V, Inc. - Warrants",NASDAQ,False
IPW,iPower Inc. - Common Stock,NASDAQ,False
IPWR,Ideal Power Inc. - Common Stock,NASDAQ,False
IPX,IperionX Limited - American Depositary Share,NASDAQ,False
IQ,"iQIYI, Inc. - American Depositary Shares",NASDAQ,False
IQDF,FlexShares International Quality Dividend Index Fund,NYSE Arca,True
IQDG,WisdomTree International Quality Dividend Growth Fund,Cboe BZX,True
IQDY,FlexShares International Quality Dividend Dynamic Index Fund,NYSE Arca,True
IQHI,NYLI MacKay High Income ETF,NYSE Arca,True
IQI,Invesco Quality Municipal Income Trust Common Stock,NYSE,False
IQLT,iShares MSCI Intl Quality Factor ETF,NYSE Arca,True
IQM,Franklin Intelligent Machines ETF,Cboe BZX,True
IQMM,ProShares GENIUS Money Market ETF,NYSE Arca,True
IQMX,IQM Quantum Computers Oyj - American Depositary Shares,NASDAQ,False
IQMXW,IQM Quantum Computers Oyj - Warrants to purchase American Depositary Shares,NASDAQ,False
IQQ,iShares Nasdaq 100 ETF,NASDAQ,True
IQQQ,ProShares Nasdaq-100 High Income ETF,NASDAQ,True
IQRA,NYLI CBRE Real Assets ETF,NYSE Arca,True
IQSI,NYLI Candriam International Equity ETF,NYSE Arca,True
IQSM,NYLI Candriam U.S. Mid Cap Equity ETF,NYSE Arca,True
IQST,iQSTEL Inc. - Common Stock,NASDAQ,False
IQSU,NYLI Candriam U.S. Large Cap Equity ETF,NYSE Arca,True
IQSZ,Invesco Global Equity Net Zero ETF,NYSE Arca,True
IQV,"IQVIA Holdings, Inc. Common Stock",NYSE,False
IR,Ingersoll Rand Inc. Common Stock,NYSE,False
IRAB,Iris Acquisition Corp II Class A Ordinary Shares,NYSE,False
IRAB.U,"Iris Acquisition Corp II Units, each consisting of one Class A Ordinary Share and one-half of one redeemable Warrant",NYSE,False
IRAB.W,"Iris Acquisition Corp II Redeemable Warrants, each whole warrant exercisable for one Class A Ordinary Share at an exercise price of $11.50 per share",NYSE,False
IRD,"Opus Genetics, Inc. - Common Stock",NASDAQ,False
IRDM,Iridium Communications Inc - Common Stock,NASDAQ,False
IRE,Defiance Daily Target 2X Long IREN ETF,NYSE Arca,True
IREC,Corgi IREN 2x Daily ETF,Cboe BZX,True
IREG,Leverage Shares 2X Long IREN Daily ETF,NASDAQ,True
IREN,IREN Limited - Ordinary Shares,NASDAQ,False
IREX,Tradr 2X Long IREN Daily ETF,Cboe BZX,True
IREZ,Tradr 2X Short IREN Daily ETF,Cboe BZX,True
IRHO,Iron Horse Acquisitions II Corp. - Common Stock,NASDAQ,False
IRHOR,Iron Horse Acquisitions II Corp. - Rights,NASDAQ,False
IRHOU,Iron Horse Acquisitions II Corp. - Units,NASDAQ,False
IRIX,IRIDEX Corporation - Common Stock,NASDAQ,False
IRM,Iron Mountain Incorporated (Delaware)Common Stock REIT,NYSE,False
IRMD,iRadimed Corporation - Common Stock,NASDAQ,False
IROC,Invesco Rochester High Yield Municipal ETF,Cboe BZX,True
IRON,"Disc Medicine, Inc. - Common Stock",NASDAQ,False
IRS,IRSA Inversiones Y Representaciones S.A. Global Depositary Shares (Each representing ten shares of Common Stock),NYSE,False
IRT,"Independence Realty Trust, Inc. Common Stock",NYSE,False
IRTC,"iRhythm Holdings, Inc.  - Common Stock",NASDAQ,False
IRTR,iShares LifePath Retirement ETF,NYSE Arca,True
IRVH,Global X Interest Rate Volatility & Inflation Hedge ETF,NYSE Arca,True
IRWD,"Ironwood Pharmaceuticals, Inc. - Class A Common Stock",NASDAQ,False
ISBA,Isabella Bank Corporation - Common stock,NASDAQ,False
ISBG,IncomeSTKd 1x Bitcoin & 1x Gold Premium ETF,Cboe BZX,True
ISCB,iShares Morningstar Small-Cap ETF,NYSE Arca,True
ISCF,iShares International Small-Cap Equity Factor ETF,NYSE Arca,True
ISCG,iShares Morningstar Small-Cap Growth ETF,NYSE Arca,True
ISCV,iShares Morningstar Small-Cap Value ETF,NYSE Arca,True
ISD,"PGIM High Yield Bond Fund, Inc.",NYSE,False
ISEP,Innovator International Developed Power Buffer ETF  September,NYSE Arca,True
ISHG,iShares 1-3 Year International Treasury Bond ETF,NASDAQ,True
ISHP,First Trust S-Network E-Commerce ETF,NASDAQ,True
ISMD,Inspire Small/Mid Cap ETF,NYSE Arca,True
ISMF,iShares Managed Futures Active ETF,Cboe BZX,True
ISNRU,Snow Rothschild Acquisition Corp. - Units,NASDAQ,False
ISOU,IsoEnergy Ltd. Common Shares,NYSE American,False
ISPC,iSpecimen Inc. - Common Stock,NASDAQ,False
ISPR,Ispire Technology Inc. - Common Stock,NASDAQ,False
ISPY,ProShares S&P 500 High Income ETF,Cboe BZX,True
ISRA,VanEck Israel ETF,NYSE Arca,True
ISRG,"Intuitive Surgical, Inc. - Common Stock",NASDAQ,False
ISSB,IncomeSTKd 1x US Stocks & 1x Bitcoin Premium ETF,Cboe BZX,True
ISSC,"Innovative Solutions and Support, Inc. - Common Stock",NASDAQ,False
ISTB,iShares Core 1-5 Year USD Bond ETF,NASDAQ,True
ISTM,iShares Strategic Metals ETF,NASDAQ,True
ISTR,Investar Holding Corporation - Common Stock,NASDAQ,False
ISUL,GraniteShares 2x Long ISRG Daily ETF,NASDAQ,True
ISVL,iShares International Developed Small Cap Value Factor ETF,Cboe BZX,True
ISWN,Amplify BlackSwan ISWN ETF,NYSE Arca,True
IT,"Gartner, Inc. Common Stock",NYSE,False
ITA,iShares U.S. Aerospace & Defense ETF,Cboe BZX,True
ITAN,Sparkline Intangible Value ETF,NYSE Arca,True
ITB,iShares U.S. Home Construction ETF,Cboe BZX,True
ITDB,iShares LifePath Target Date 2030 ETF,NYSE Arca,True
ITDC,iShares LifePath Target Date 2035 ETF,NYSE Arca,True
ITDD,iShares LifePath Target Date 2040 ETF,NYSE Arca,True
ITDE,iShares LifePath Target Date 2045 ETF,NYSE Arca,True
ITDF,iShares LifePath Target Date 2050 ETF,NYSE Arca,True
ITDG,iShares LifePath Target Date 2055 ETF,NYSE Arca,True
ITDH,iShares LifePath Target Date 2060 ETF,NYSE Arca,True
ITDI,iShares LifePath Target Date 2065 ETF,NYSE Arca,True
ITDJ,iShares LifePath Target Date 2070 ETF,NYSE Arca,True
ITEQ,Amplify BlueStar Israel Technology ETF,NYSE Arca,True
ITG,"ITG, Inc. - Class A Common Stock",NASDAQ,False
ITGR,Integer Holdings Corporation Common Stock,NYSE,False
ITHA,ITHAX Acquisition Corp III - Class A Ordinary Shares,NASDAQ,False
ITHAU,ITHAX Acquisition Corp III - Units,NASDAQ,False
ITHAW,ITHAX Acquisition Corp III - Warrants,NASDAQ,False
ITIC,Investors Title Company - Common Stock,NASDAQ,False
ITM,VanEck Intermediate Muni ETF,Cboe BZX,True
ITOC,iTonic Holdings Ltd - Class A Ordinary Shares,NASDAQ,False
ITOT,iShares Core S&P Total U.S. Stock Market ETF,NYSE Arca,True
ITP,"IT Tech Packaging, Inc. Common Stock",NYSE American,False
ITRG,Integra Resources Corp. Common Shares,NYSE American,False
ITRI,"Itron, Inc. - Common Stock",NASDAQ,False
ITRN,Ituran Location and Control Ltd. - Ordinary Shares,NASDAQ,False
ITT,ITT Inc. Common Stock,NYSE,False
ITUB,Itau Unibanco Banco Holding SA American Depositary Shares (Each repstg 500 Preferred shares),NYSE,False
ITW,Illinois Tool Works Inc. Common Stock,NYSE,False
ITWO,ProShares Russell 2000 High Income ETF,Cboe BZX,True
IUS,Invesco RAFI Strategic US ETF,NASDAQ,True
IUSB,iShares Core Universal USD Bond ETF,NASDAQ,True
IUSG,iShares Core S&P U.S. Growth ETF,NASDAQ,True
IUSV,iShares Core S&P U.S. Value ETF,NASDAQ,True
IVA,Inventiva S.A. - American Depository Shares,NASDAQ,False
IVAL,Alpha Architect International Quantitative Value ETF,NASDAQ,True
IVDA,"Iveda Solutions, Inc. - Common Stock",NASDAQ,False
IVDAW,"Iveda Solutions, Inc. - Warrant",NASDAQ,False
IVE,iShares S&P 500 Value ETF,NYSE Arca,True
IVEP,Dan IVES Wedbush AI Power & Infrastructure ETF,NYSE Arca,True
IVES,Dan IVES Wedbush AI Revolution ETF,NYSE Arca,True
IVF,"INVO Fertility, Inc. - Common Stock",NASDAQ,False
IVLU,iShares MSCI Intl Value Factor ETF,NYSE Arca,True
IVOG,Vanguard S&P Mid-Cap 400 Growth ETF,NYSE Arca,True
IVOL,Quadratic Interest Rate Volatility and Inflation Hedge ETF,NYSE Arca,True
IVOO,Vanguard S&P Mid-Cap 400 ETF,NYSE Arca,True
IVOV,Vanguard S&P Mid-Cap 400 Value ETF,NYSE Arca,True
IVR,INVESCO MORTGAGE CAPITAL INC Common Stock,NYSE,False
IVR$C,"INVESCO MORTGAGE CAPITAL INC 7.5% Fixed-to-Floating Series C Cumulative Redeemable Preferred Stock, Liquation Preference $25.00 per Share",NYSE,False
IVRS,iShares Future Metaverse Tech and Communications ETF,NYSE Arca,True
IVSI,Applied Finance IVS International Large ETF,NASDAQ,True
IVSS,Applied Finance IVS US SMID ETF,NASDAQ,True
IVSX,Applied Finance IVS International SMID ETF,NASDAQ,True
IVT,InvenTrust Properties Corp. Common Stock,NYSE,False
IVV,iShares Core S&P 500 ETF,NYSE Arca,True
IVVB,iShares Large Cap Deep Quarterly Laddered ETF,Cboe BZX,True
IVVD,"Invivyd, Inc. - Common Stock",NASDAQ,False
IVVM,iShares Large Cap Moderate Quarterly Laddered ETF,Cboe BZX,True
IVVW,iShares S&P 500 BuyWrite ETF,Cboe BZX,True
IVW,iShares S&P 500 Growth ETF,NYSE Arca,True
IVZ,Invesco Ltd Common Stock,NYSE,False
IWB,iShares Russell 1000 ETF,NYSE Arca,True
IWC,iShares Microcap ETF,NYSE Arca,True
IWD,iShares Russell 1000 Value ETF,NYSE Arca,True
IWDL,ETRACS 2x Leveraged US Value Factor TR ETN,NYSE Arca,True
IWF,iShares Russell 1000 Growth Fund,NYSE Arca,True
IWFG,NYLI Winslow Focused Large Cap Growth ETF,NYSE Arca,True
IWFL,ETRACS 2x Leveraged US Growth Factor TR ETN,NYSE Arca,True
IWL,iShares Russell Top 200 ETF,NYSE Arca,True
IWLG,NYLI Winslow Large Cap Growth ETF,NYSE Arca,True
IWM,iShares Russell 2000 Index Fund,NYSE Arca,True
IWMI,NEOS Russell 2000 High Income ETF,Cboe BZX,True
IWML,ETRACS 2x Leveraged US Size Factor TR ETN,NYSE Arca,True
IWMW,iShares Russell 2000 BuyWrite ETF,Cboe BZX,True
IWMY,Defiance R2000 Weekly Distribution ETF,NYSE Arca,True
IWN,iShares Russell 2000 Value ETF,NYSE Arca,True
IWO,iShares Russell 2000 Growth Fund,NYSE Arca,True
IWP,iShares Russell Midcap Growth ETF,NYSE Arca,True
IWR,iShares Russell Mid-Cap ETF,NYSE Arca,True
IWS,iShares Russell Mid-Cap Value ETF,NYSE Arca,True
IWV,iShares Russell 3000 Fund,NYSE Arca,True
IWX,iShares Russell Top 200 Value ETF,NYSE Arca,True
IWY,iShares Russell Top 200 Growth ETF,NYSE Arca,True
IX,ORIX Corporation American Depositary Shares,NYSE,False
IXC,iShares Global Energy ETF,NYSE Arca,True
IXG,iShares Global Financial ETF,NYSE Arca,True
IXHL,Incannex Healthcare Inc. - Common Stock,NASDAQ,False
IXJ,iShares Global Healthcare ETF,NYSE Arca,True
IXN,iShares Global Tech ETF,NYSE Arca,True
IXP,iShares Global Comm Services ETF,NYSE Arca,True
IXUS,iShares Core MSCI Total International Stock ETF,NASDAQ,True
IYC,iShares U.S. Consumer Discretionary ETF,NYSE Arca,True
IYE,iShares U.S. Energy ETF,NYSE Arca,True
IYF,iShares U.S. Financial ETF,NYSE Arca,True
IYG,iShares U.S. Financial Services ETF,NYSE Arca,True
IYH,iShares U.S. Healthcare ETF,NYSE Arca,True
IYJ,iShares U.S. Industrials ETF,Cboe BZX,True
IYK,iShares U.S. Consumer Staples ETF,NYSE Arca,True
IYLD,iShares Morningstar Multi-Asset Income ETF,Cboe BZX,True
IYM,iShares U.S. Basic Materials ETF,NYSE Arca,True
IYR,iShares U.S. Real Estate ETF,NYSE Arca,True
IYRI,NEOS Real Estate High Income ETF,Cboe BZX,True
IYT,iShares U.S. Transportation ETF,Cboe BZX,True
IYW,iShares U.S. Technology ETF,NYSE Arca,True
IYY,iShares Dow Jones U.S. ETF,NYSE Arca,True
IYZ,iShares U.S. Telecommunications ETF,Cboe BZX,True
IZEA,"IZEA Worldwide, Inc. - Common Stock",NASDAQ,False
IZM,ICZOOM Group Inc. - Class A Ordinary Shares,NASDAQ,False
IZRL,ARK Israel Innovative Technology ETF,Cboe BZX,True
J,Jacobs Solutions Inc. Common Stock,NYSE,False
JA,Janus Henderson AA-A CLO ETF,NYSE Arca,True
JAAA,Janus Henderson AAA CLO ETF,NYSE Arca,True
JABRU,JAB Acquisition Corp I - Units,NASDAQ,False
JABS,Janus Henderson Asset-Backed Securities ETF,NYSE Arca,True
JACK,Jack In The Box Inc. - Common Stock,NASDAQ,False
JACS,Jackson Acquisition Company II Class A Ordinary Shares,NYSE,False
JACS.R,"Jackson Acquisition Company II Rights, each right to acquire one-tenth (1/10) of one Class A ordinary share",NYSE,False
JACS.U,"Jackson Acquisition Company II Units, each consisting of one Class A ordinary share and one right to acquire one-tenth (1/10) of one Class A ordinary share",NYSE,False
JADB,Aptus January Deep Buffer ETF,Cboe BZX,True
JADE,JPMorgan Active Developing Markets Equity ETF,NYSE Arca,True
JAGU,Jaguar Uranium Corp. Class A Common Shares,NYSE American,False
JAGX,"Jaguar Health, Inc. - Common Stock",NASDAQ,False
JAJL,Innovator Equity Defined Protection ETF - 6mo Jan/Jul,Cboe BZX,True
JAKK,"JAKKS Pacific, Inc. - Common Stock",NASDAQ,False
JAN,"Janus Living, Inc. Class A-1 Common Stock",NYSE,False
JANB,Aptus January Buffer ETF,Cboe BZX,True
JANH,Innovator Premium Income 20 Barrier ETF - January,Cboe BZX,True
JANI,AllianzIM International Equity Buffer15 Uncapped Jan ETF,Cboe BZX,True
JANJ,Innovator Premium Income 30 Barrier ETF - January,Cboe BZX,True
JANM,FT Vest U.S. Equity Max Buffer ETF - January,Cboe BZX,True
JANP,PGIM S&P 500 Buffer 12 ETF - January,Cboe BZX,True
JANT,AllianzIM U.S. Large Cap Buffer10 Jan ETF,Cboe BZX,True
JANU,AllianzIM U.S. Equity Buffer15 Uncapped Jan ETF,Cboe BZX,True
JANW,AllianzIM U.S. Large Cap Buffer20 Jan ETF,Cboe BZX,True
JANX,"Janux Therapeutics, Inc. - Common Stock",NASDAQ,False
JANZ,TrueShares Structured Outcome (January) ETF,Cboe BZX,True
JAPN,Horizon Kinetics Japan Owner Operator ETF,NASDAQ,True
JATT,JATT II Acquisition Corp - Ordinary Shares,NASDAQ,False
JAVA,JPMorgan Active Value ETF,NYSE Arca,True
JAZZ,Jazz Pharmaceuticals plc - Ordinary Shares,NASDAQ,False
JBBB,Janus Henderson B-BBB CLO ETF,Cboe BZX,True
JBDI,JBDI Holdings Limited - Ordinary Shares,NASDAQ,False
JBGS,JBG SMITH Properties Common Shares,NYSE,False
JBHT,"J.B. Hunt Transport Services, Inc. - Common Stock",NASDAQ,False
JBI,"Janus International Group, Inc. Common Stock",NYSE,False
JBIO,"Jade Biosciences, Inc. - Common Stock",NASDAQ,False
JBK,Lehman ABS 3.50 3.50% Adjustable Corp Backed Tr Certs GS Cap I,NYSE,False
JBL,Jabil Inc. Common Stock,NYSE,False
JBLG,Leverage Shares 2X Long JBL Daily ETF,Cboe BZX,True
JBLU,JetBlue Airways Corporation - Common Stock,NASDAQ,False
JBND,JPMorgan Active Bond ETF,NYSE,True
JBS,JBS N.V. Class A Common Shares,NYSE,False
JBSS,"John B. Sanfilippo & Son, Inc. - Common Stock",NASDAQ,False
JBTM,JBT Marel Corporation Common Stock,NYSE,False
JCAL,JPMorgan California Tax Free Bond ETF,NYSE Arca,True
JCAP,"Jefferson Capital, Inc. - Common Stock",NASDAQ,False
JCE,Nuveen Core Equity Alpha Fund Common Shares of Beneficial Interest,NYSE,False
JCHI,JPMorgan Active China ETF,NYSE Arca,True
JCI,Johnson Controls International plc Ordinary Share,NYSE,False
JCPB,JPMorgan Core Plus Bond ETF,NYSE Arca,True
JCPI,JPMorgan Inflation Managed Bond ETF,NYSE Arca,True
JCSE,JE Cleantech Holdings Limited - Ordinary Shares,NASDAQ,False
JCTC,Jewett-Cameron Trading Company - Common Shares,NASDAQ,False
JD,"JD.com, Inc. - American Depositary Shares",NASDAQ,False
JDIV,JPMorgan Dividend Leaders ETF,NYSE Arca,True
JDOC,JPMorgan Healthcare Leaders ETF,NASDAQ,True
JDST,Direxion Daily Junior Gold Miners Index Bear 2X ETF,NYSE Arca,True
JDVI,John Hancock Disciplined Value International Select ETF,NYSE Arca,True
JDVL,John Hancock Disciplined Value Select ETF,NYSE Arca,True
JDZG,JIADE LIMITED - Class A Ordinary Shares,NASDAQ,False
JEDI,Defiance Drone and Modern Warfare ETF,NYSE Arca,True
JEF,Jefferies Financial Group Inc. Common Stock,NYSE,False
JELD,"JELD-WEN Holding, Inc. Common Stock",NYSE,False
JELH,Janus Henderson Equity Linked High Income ETF,Cboe BZX,True
JELM,Janus Henderson Equity Linked Moderate Income ETF,Cboe BZX,True
JEM,707 Cayman Holdings Limited - Ordinary Shares,NASDAQ,False
JEMA,JPMorgan ActiveBuilders Emerging Markets Equity ETF,NASDAQ,True
JEMB,Janus Henderson Emerging Markets Debt Hard Currency ETF,NYSE Arca,True
JENA,Jena Acquisition Corporation II Class A Ordinary Shares,NYSE,False
JENA.R,"Jena Acquisition Corporation II Rights, each right to acquire one-twentieth (1/20) of one Class A ordinary share",NYSE,False
JENA.U,"Jena Acquisition Corporation II Units, each consisting of one Class A ordinary share and one right",NYSE,False
JEPI,JPMorgan Equity Premium Income ETF,NYSE Arca,True
JEPQ,JPMorgan Nasdaq Equity Premium Income ETF,NASDAQ,True
JETD,MAX Airlines -3X Inverse Leveraged ETNs,NYSE Arca,True
JETS,U.S. Global Jets ETF,NYSE Arca,True
JETU,MAX Airlines 3X Leveraged ETNs,NYSE Arca,True
JF,J and Friends Holdings Limited - American Depositary Shares,NASDAQ,False
JFB,JFB Construction Holdings - Class A Common Stock,NASDAQ,False
JFIN,Jiayin Group Inc. - American Depositary Shares,NASDAQ,False
JFLI,JPMorgan Flexible Income ETF,NYSE Arca,True
JFLX,JPMorgan Flexible Debt ETF,NYSE Arca,True
JFR,Nuveen Floating Rate Income Fund Common Stock,NYSE,False
JFU,9F Inc. - American Depositary Shares,NASDAQ,False
JG,Aurora Mobile Limited - American Depositary Shares,NASDAQ,False
JGH,Nuveen Global High Income Fund Common Shares of Beneficial Interest,NYSE,False
JGLO,JPMorgan Global Select Equity ETF,NASDAQ,True
JGRO,JPMorgan Active Growth ETF,NYSE Arca,True
JGRW,Jensen Quality Growth ETF,NYSE Arca,True
JHAC,John Hancock Fundamental All Cap Core ETF,NYSE Arca,True
JHAI,Janus Henderson Global Artificial Intelligence ETF,NASDAQ,True
JHCB,John Hancock Corporate Bond ETF,NYSE Arca,True
JHCP,John Hancock Core Plus Bond ETF,NYSE Arca,True
JHCR,John Hancock Core Bond ETF,NYSE Arca,True
JHDG,John Hancock Hedged Equity ETF,NYSE Arca,True
JHDV,John Hancock U.S. High Dividend ETF,NYSE Arca,True
JHEM,John Hancock Multifactor Emerging Markets ETF,NYSE Arca,True
JHHY,John Hancock High Yield ETF,NYSE Arca,True
JHI,John Hancock Investors Trust Common Stock,NYSE,False
JHID,John Hancock International High Dividend ETF,NYSE Arca,True
JHLN,John Hancock Global Senior Loan ETF,NYSE Arca,True
JHMB,John Hancock Mortgage-Backed Securities ETF,NYSE Arca,True
JHMD,John Hancock Multifactor Developed International ETF,NYSE Arca,True
JHML,John Hancock Multifactor Large Cap ETF,NYSE Arca,True
JHMM,John Hancock Multifactor Mid Cap ETF,NYSE Arca,True
JHMU,John Hancock Dynamic Municipal Bond ETF,NYSE Arca,True
JHPI,John Hancock Preferred Income ETF,NYSE Arca,True
JHS,John Hancock Income Securities Trust Common Stock,NYSE,False
JHSC,John Hancock Multifactor Small Cap ETF,NYSE Arca,True
JHX,James Hardie Industries plc. Ordinary Shares,NYSE,False
JIDE,JPMorgan International Dynamic ETF,NYSE Arca,True
JIG,JPMorgan International Growth ETF,NYSE Arca,True
JIII,Janus Henderson Income ETF,NYSE Arca,True
JILL,"J. Jill, Inc. Common Stock",NYSE,False
JIRE,JPMorgan International Research Enhanced Equity ETF,NYSE Arca,True
JIVE,JPMorgan International Value ETF,NASDAQ,True
JJSF,J & J Snack Foods Corp. - Common Stock,NASDAQ,False
JKHY,"Jack Henry & Associates, Inc. - Common Stock",NASDAQ,False
JKS,JinkoSolar Holding Company Limited American Depositary Shares (each representing 4 Common Shares),NYSE,False
JL,J-Long Group Limited - Class A Ordinary Shares,NASDAQ,False
JLCO,John Hancock Large Cap Opportunities ETF,NYSE Arca,True
JLHL,Julong Holding Limited - Class A Ordinary Shares,NASDAQ,False
JLL,Jones Lang LaSalle Incorporated Common Stock,NYSE,False
JLQD,Janus Henderson Corporate Bond ETF,NYSE Arca,True
JLS,Nuveen Mortgage and Income Fund,NYSE,False
JMBS,Janus Henderson Mortgage-Backed Securities ETF,NYSE Arca,True
JMEE,JPMorgan Small & Mid Cap Enhanced Equity ETF,NYSE Arca,True
JMHI,JPMorgan High Yield Municipal ETF,NYSE Arca,True
JMIA,"Jumia Technologies AG American Depositary Shares, each representing two Ordinary Shares",NYSE,False
JMID,Janus Henderson Mid Cap Growth Alpha ETF,NASDAQ,True
JMM,Nuveen Multi-Market Income Fund (MA),NYSE,False
JMMF,JPMorgan 100% U.S. Treasury Securities Money Market ETF,NYSE Arca,True
JMOM,JPMorgan U.S. Momentum Factor ETF,NYSE Arca,True
JMSB,"John Marshall Bancorp, Inc. - Common Stock",NASDAQ,False
JMSI,JPMorgan Sustainable Municipal Income ETF,NYSE Arca,True
JMST,JPMorgan Ultra-Short Municipal Income ETF,NYSE Arca,True
JMTG,JPMorgan Mortgage-Backed Securities ETF,NYSE Arca,True
JMUB,JPMorgan Municipal ETF,NYSE Arca,True
JNEU,AllianzIM U.S. Equity Buffer15 Uncapped June ETF,Cboe BZX,True
JNJ,Johnson & Johnson Common Stock,NYSE,False
JNK,State Street SPDR Bloomberg High Yield Bond ETF,NYSE Arca,True
JNUG,Direxion Daily Junior Gold Miners Index Bull 2X ETF,NYSE Arca,True
JOB,GEE Group Inc. Common Stock,NYSE American,False
JOBC,Corgi JOBY 2x Daily ETF,Cboe BZX,True
JOBX,Tradr 2X Long JOBY Daily ETF,Cboe BZX,True
JOBY,"Joby Aviation, Inc. Common Stock",NYSE,False
JOBY.W,"Joby Aviation, Inc. Warrants",NYSE,False
JOE,St. Joe Company (The) Common Stock,NYSE,False
JOET,Virtus Terranova U.S. Quality Momentum ETF,NYSE Arca,True
JOF,Japan Smaller Capitalization Fund Inc Common Stock,NYSE,False
JOJO,ATAC Credit Rotation ETF,NYSE Arca,True
JONEU,Jones Ventures INTL Acquisition1 Corp - Units,NASDAQ,False
JOUL,Corgi High Voltage Grid Equipment ETF,Cboe BZX,True
JOUT,Johnson Outdoors Inc. - Class A Common Stock,NASDAQ,False
JOYT,JPMorgan Equity and Options Total Return ETF,NASDAQ,True
JOYY,JOYY Inc. - American Depositary Shares,NASDAQ,False
JPAN,Matthews Japan Active ETF,NYSE Arca,True
JPC,Nuveen Preferred & Income Opportunities Fund,NYSE,False
JPEF,JPMorgan Equity Focus ETF,NASDAQ,True
JPEM,JPMorgan Diversified Return Emerging Markets Equity ETF,NYSE Arca,True
JPFP,JPMorgan Managed Futures Plus ETF,NASDAQ,True
JPHY,JPMorgan Active High Yield ETF,NYSE Arca,True
JPIB,JPMorgan International Bond Opportunities ETF,NYSE Arca,True
JPIE,JPMorgan Income ETF,NYSE Arca,True
JPIN,JPMorgan Diversified Return International Equity ETF,NYSE Arca,True
JPLD,JPMorgan Limited Duration Bond ETF,NYSE Arca,True
JPM,JP Morgan Chase & Co. Common Stock,NYSE,False
JPM$C,"J P Morgan Chase & Co Depositary Shares, each representing a 1/400th interest in a share of 6.00% Non-Cumulative  Preferred Stock, Series EE",NYSE,False
JPM$D,"J P Morgan Chase & Co Depositary Shares, each representing a 1/400th  interest in a share of 5.75% Non-Cumulative  Preferred Stock, Series DD",NYSE,False
JPM$J,"J P Morgan Chase & Co Depositary Shares, each representing a 1/400th interest in a share of JPMorgan Chase & Co. 4.75% Non-Cumulative Preferred Stock, Series GG",NYSE,False
JPM$K,"J P Morgan Chase & Co Depositary Shares, each representing a 1/400th interest in a share of 4.55% Non-Cumulative Preferred Stock, Series JJ",NYSE,False
JPM$L,"J P Morgan Chase & Co Depositary Shares, each representing a 1/400th interest in a share of 4.625% Non-Cumulative Preferred Stock, Series LL",NYSE,False
JPM$M,"J P Morgan Chase & Co Depositary Shares, each representing a 1/400th interest in a share of 4.20% Non-Cumulative Preferred Stock, Series MM",NYSE,False
JPMB,JPMorgan USD Emerging Markets Sovereign Bond ETF,NYSE Arca,True
JPME,JPMorgan Diversified Return U.S. Mid Cap Equity ETF,NYSE Arca,True
JPO,YieldMax JP Option Income Strategy ETF,NYSE Arca,True
JPRE,JPMorgan Realty Income ETF,NYSE Arca,True
JPRF,JPMorgan Preferred and Income Securities ETF,NYSE Arca,True
JPSE,JPMorgan Diversified Return U.S. Small Cap Equity ETF,NYSE Arca,True
JPST,JPMorgan Ultra-Short Income ETF,NYSE Arca,True
JPSV,JPMorgan Active Small Cap Value ETF,NYSE Arca,True
JPUS,JPMorgan Diversified Return U.S. Equity ETF,NYSE Arca,True
JPXN,iShares JPX-Nikkei 400 ETF,NYSE Arca,True
JPY,Lazard Japanese Equity ETF,NASDAQ,True
JQC,Nuveen Credit Strategies Income Fund Shares of Beneficial Interest,NYSE,False
JQUA,JPMorgan U.S. Quality Factor ETF,NYSE Arca,True
JRE,Janus Henderson U.S. Real Estate ETF,NYSE Arca,True
JRI,Nuveen Real Asset Income and Growth Fund Common Shares of Beneficial Interest,NYSE,False
JRS,Nuveen Real Estate Income Fund Common Shares of Beneficial Interest,NYSE,False
JRSH,"Jerash Holdings (US), Inc. - Common Stock",NASDAQ,False
JRVR,"James River Group Holdings, Inc. - Common Stock",NASDAQ,False
JSCP,JPMorgan Short Duration Core Plus ETF,NYSE Arca,True
JSI,Janus Henderson Securitized Income ETF,NYSE Arca,True
JSM,"Navient Corporation - 6% Senior Notes due December 15, 2043",NASDAQ,False
JSMD,Janus Henderson Small/Mid Cap Growth Alpha ETF,NASDAQ,True
JSML,Janus Henderson Small Cap Growth Alpha ETF,NASDAQ,True
JSPR,"Jasper Therapeutics, Inc. - Class A Common Stock",NASDAQ,False
JSPRW,"Jasper Therapeutics, Inc. - Warrant",NASDAQ,False
JSTC,Adasina Social Justice All Cap Global ETF,NYSE Arca,True
JTAI,Jet.AI Inc. - Common Stock,NASDAQ,False
JTEK,JPMorgan U.S. Tech Leaders ETF,NASDAQ,True
JTNY,JPMorgan New York Tax Free Bond ETF,NYSE Arca,True
JUCY,Aptus Enhanced Yield ETF,Cboe BZX,True
JUDB,Aptus July Deep Buffer ETF,Cboe BZX,True
JUDO,Janus Henderson U.S. Equity Enhanced Income ETF,Cboe BZX,True
JULB,Aptus July Buffer ETF,Cboe BZX,True
JULC,Corgi U.S. Equities 10% Structured Buffer ETF - July Series,Cboe BZX,True
JULH,Innovator Premium Income 20 Barrier ETF - July,Cboe BZX,True
JULI,AllianzIM International Equity Buffer15 Uncapped Jul ETF,Cboe BZX,True
JULJ,Innovator Premium Income 30 Barrier ETF - July,Cboe BZX,True
JULM,FT Vest U.S. Equity Max Buffer ETF - July,Cboe BZX,True
JULP,PGIM S&P 500 Buffer 12 ETF - July,Cboe BZX,True
JULT,AllianzIM U.S. Large Cap Buffer10 Jul ETF,Cboe BZX,True
JULU,AllianzIM U.S. Equity Buffer15 Uncapped Jul ETF,Cboe BZX,True
JULW,AllianzIM U.S. Large Cap Buffer20 Jul ETF,Cboe BZX,True
JULZ,TrueShares Structured Outcome (July) ETF,Cboe BZX,True
JUNC,Corgi U.S. Equities 10% Structured Buffer ETF - June Series,Cboe BZX,True
JUNM,FT Vest U.S. Equity Max Buffer ETF - June,Cboe BZX,True
JUNP,PGIM S&P 500 Buffer 12 ETF - June,Cboe BZX,True
JUNS,"Jupiter Neurosciences, Inc. - Common Stock",NASDAQ,False
JUNT,AllianzIM U.S. Large Cap Buffer10 Jun ETF,Cboe BZX,True
JUNW,AllianzIM U.S. Large Cap Buffer20 Jun ETF,Cboe BZX,True
JUNZ,TrueShares Structured Outcome (June) ETF,Cboe BZX,True
JUSA,JPMorgan U.S. Research Enhanced Large Cap ETF,NYSE Arca,True
JUST,Goldman Sachs JUST U.S. Large Cap Equity ETF,NYSE Arca,True
JVA,"Coffee Holding Co., Inc. - Common Stock",NASDAQ,False
JVAL,JPMorgan U.S. Value Factor ETF,NYSE Arca,True
JWEL,Jowell Global Ltd. - Ordinary Shares,NASDAQ,False
JXG,JX Luxventure Group Inc. - Common Stock,NASDAQ,False
JXI,iShares Global Utilities ETF,NYSE Arca,True
JXN,Jackson Financial Inc. Class A Common Stock,NYSE,False
JXN$A,"Jackson Financial Inc. Depositary Shares, each representing a 1/1,000th interest in a share of Fixed-Rate Reset Noncumulative Perpetual Preferred Stock, Series A",NYSE,False
JXX,Janus Henderson Transformational Growth ETF,Cboe BZX,True
JYD,Jayud Global Logistics Limited - Class A Ordinary Shares,NASDAQ,False
JYNT,The Joint Corp. - Common Stock,NASDAQ,False
JZ,Jianzhi Education Technology Group Company Limited - American Depositary Shares,NASDAQ,False
JZXN,"Jiuzi Holdings, Inc. - Ordinary Shares",NASDAQ,False
KAI,Kadant Inc Common Stock,NYSE,False
KALA,"KALA BIO, Inc. - Common Stock",NASDAQ,False
KALU,Kaiser Aluminum Corporation - Common Stock,NASDAQ,False
KAMO,Kensington Credit Opportunities ETF,Cboe BZX,True
KAPA,"Kairos Pharma, Ltd. Common Stock",NYSE American,False
KAPR,Innovator U.S. Small Cap Power Buffer ETF - April,Cboe BZX,True
KARD,"Kardigan, Inc. - Common Stock",NASDAQ,False
KARO,Karooooo Ltd. - Ordinary shares,NASDAQ,False
KARS,KraneShares Electric Vehicles and Future Mobility Index ETF,NYSE Arca,True
KAT,Scharf ETF,NASDAQ,True
KAUG,Innovator US Small Cap Power Buffer ETF - August,Cboe BZX,True
KAZR,Skyline Builders Group Holding Limited - Class A Ordinary Shares,NASDAQ,False
KB,KB Financial Group Inc,NYSE,False
KBA,KraneShares Bosera MSCI China A 50 Connect Index ETF,NYSE Arca,True
KBAB,KraneShares 2x Long BABA Daily ETF,NASDAQ,True
KBDC,"Kayne Anderson BDC, Inc. Common Stock",NYSE,False
KBDU,KraneShares 2x Long BIDU Daily ETF,NASDAQ,True
KBE,State Street SPDR S&P Bank ETF,NYSE Arca,True
KBFR,Innovator U.S. Small Cap Managed 10 Buffer ETF,NYSE Arca,True
KBH,KB Home Common Stock,NYSE,False
KBON,Karbon Capital Partners Corp. - Class A Ordinary Shares,NASDAQ,False
KBONU,Karbon Capital Partners Corp. - Units,NASDAQ,False
KBONW,Karbon Capital Partners Corp. - Warrant,NASDAQ,False
KBR,"KBR, Inc. Common Stock",NYSE,False
KBSX,FST Corp. - Ordinary Shares,NASDAQ,False
KBUF,KraneShares 90% KWEB Defined Outcome January 2027 ETF,NYSE Arca,True
KBWB,Invesco KBW Bank ETF,NASDAQ,True
KBWD,Invesco KBW High Dividend Yield Financial ETF,NASDAQ,True
KBWP,Invesco KBW Property & Casualty Insurance ETF,NASDAQ,True
KBWY,Invesco KBW Premium Yield Equity REIT ETF,NASDAQ,True
KC,Kingsoft Cloud Holdings Limited - American Depositary Shares,NASDAQ,False
KCA.U,"Kensington Capital Acquisition Corp. VI New Units, each consisting of one Class A Ordinary Share and three-quarters of one Class 2 Redeemable Warrant",NYSE,False
KCAC.U,"Kensington Capital Acquisition Corp. VI Units, each consisting of one Class A ordinary share, one-quarter of one Class 1 redeemable warrant and three-quarters of one Class 2 redeemable warrant",NYSE,False
KCAC.W,"Kensington Capital Acquisition Corp. VI Class 1 redeemable warrants, each exercisable for one Class A ordinary share at an exercise price of $11.50",NYSE,False
KCAI,KraneShares China Alpha Index ETF,NYSE Arca,True
KCCA,KraneShares California Carbon Allowance Strategy ETF,NYSE Arca,True
KCE,State Street SPDR S&P Capital Markets ETF,NYSE Arca,True
KCHV,Kochav Defense Acquisition Corp. - Class A Ordinary Shares,NASDAQ,False
KCHVR,Kochav Defense Acquisition Corp. - Right,NASDAQ,False
KCHVU,Kochav Defense Acquisition Corp. - Units,NASDAQ,False
KCOP,Kurv Copper & Mining Enhanced Income ETF,Cboe BZX,True
KCSH,KraneShares Sustainable Ultra Short Duration Index ETF,NYSE Arca,True
KD,"Kyndryl Holdings, Inc. Common Stock",NYSE,False
KDEC,Innovator U.S. Small Cap Power Buffer ETF - December,Cboe BZX,True
KDEF,PLUS Korea Defense Industry Index ETF,NYSE Arca,True
KDK,"Kodiak AI, Inc. - Common Stock",NASDAQ,False
KDKRW,"Kodiak AI, Inc. - Warrant",NASDAQ,False
KDP,Keurig Dr Pepper Inc. - Common Stock,NASDAQ,False
KDRN,Kingsbarn Tactical Bond ETF,NYSE Arca,True
KDVD,Keeley Dividend ETF,NYSE Arca,True
KE,"Kimball Electronics, Inc. - Common Stock",NASDAQ,False
KEAT,Keating Active ETF,NASDAQ,True
KEEL,Keel Infrastructure Corp. - Common Stock,NASDAQ,False
KEEX,Defiance Daily Target 2x Long KEEL ETF,Cboe BZX,True
KELYA,"Kelly Services, Inc. - Class A Common Stock",NASDAQ,False
KELYB,"Kelly Services, Inc. - Class B Common Stock",NASDAQ,False
KEMQ,KraneShares Emerging Markets Consumer Technology Index ETF,NYSE Arca,True
KEMX,KraneShares MSCI Emerging Markets ex China Index ETF,NYSE Arca,True
KEN,Kenon Holdings Ltd. Ordinary Shares,NYSE,False
KEP,Korea Electric Power Corporation Common Stock,NYSE,False
KEQU,Kewaunee Scientific Corporation - Common Stock,NASDAQ,False
KEX,Kirby Corporation Common Stock,NYSE,False
KEY,KeyCorp Common Stock,NYSE,False
KEY$I,"KeyCorp Depositary Shares Each Representing a 1/40th Ownership Interest in a Share of Fixed-to-Floating Rate Perpetual Non-Cumulative Preferred Stock, Series E",NYSE,False
KEY$J,"KeyCorp Depositary Shares each representing a 1/40th ownership interest in a share of Fixed Rate Perpetual Non-Cumulative Preferred Stock, Series F",NYSE,False
KEY$K,"KeyCorp Depositary Shares, each representing a 1/40th ownership interest in a share of Fixed Rate Perpetual Non-Cumulative Preferred Stock, Series G",NYSE,False
KEY$L,"KeyCorp Depositary Shares each representing a 1/40th ownership interest in a share of Fixed Rate Perpetual Non-Cumulative Preferred Stock, Series H",NYSE,False
KEYG,Leverage Shares 2X Long KEYS Daily ETF,Cboe BZX,True
KEYS,Keysight Technologies Inc. Common Stock,NYSE,False
KEYX,Corgi KEYS 2x Daily ETF,Cboe BZX,True
KEYY,Keystone Acquisition Corp. - Class A Ordinary Shares,NASDAQ,False
KEYYU,Keystone Acquisition Corp. - Unit,NASDAQ,False
KEYYW,Keystone Acquisition Corp. - Warrants,NASDAQ,False
KF,"Korea Fund, Inc. (The) New Common Stock",NYSE,False
KFEB,Innovator U.S. Small Cap Power Buffer ETF - February,Cboe BZX,True
KFFB,Kentucky First Federal Bancorp - Common Stock,NASDAQ,False
KFII,K&F Growth Acquisition Corp. II - Class A Ordinary shares,NASDAQ,False
KFIIR,K&F Growth Acquisition Corp. II - Rights,NASDAQ,False
KFIIU,K&F Growth Acquisition Corp. II - Unit,NASDAQ,False
KFRC,"Kforce, Inc. Common Stock",NYSE,False
KFY,Korn Ferry Common Stock,NYSE,False
KG,"Kestrel Group, Ltd. - Common Stock",NASDAQ,False
KGC,Kinross Gold Corporation Common Stock,NYSE,False
KGEI,Kolibri Global Energy Inc. - Common stock,NASDAQ,False
KGLD,Kurv Gold Enhanced Income ETF,Cboe BZX,True
KGRN,KraneShares MSCI China Clean Technology Index ETF,NYSE Arca,True
KGS,"Kodiak Gas Services, Inc. Common Stock",NYSE,False
KHC,The Kraft Heinz Company - Common Stock,NASDAQ,False
KHPI,Kensington Hedged Premium Income ETF,Cboe BZX,True
KHYB,KraneShares Asia Pacific High Income USD Bond ETF,NYSE Arca,True
KIDS,OrthoPediatrics Corp. - Common Stock,NASDAQ,False
KIDZ,KIDZ AI Inc. - Class B Common Stock,NASDAQ,False
KIDZW,KIDZ AI Inc. - Warrants,NASDAQ,False
KIE,State Street SPDR S&P Insurance ETF,NYSE Arca,True
KIM,Kimco Realty Corporation (HC) Common Stock,NYSE,False
KIM$L,"Kimco Realty Corporation Class L Depositary Shares, each of which represents a one-one thousandth fractional interest in a share of 5.125% Class L Cumulative Redeemable Preferred Stock, liquidation preference $25,000.00 per share",NYSE,False
KIM$M,"Kimco Realty Corporation Class M Depositary Shares, each of which represents a one-one thousandth fractional interest in a share of 5.25% Class M Cumulative Redeemable Preferred Stock, liquidation preference $25,000.00 per share",NYSE,False
KIM$N,"Kimco Realty Corporation Depositary Shares, each representing 1/1,000th interest in a share of 7.25% Class N Cumulative Convertible Perpetual Preferred Stock",NYSE,False
KINS,"Kingstone Companies, Inc - Common Stock",NASDAQ,False
KIO,KKR Income Opportunities Fund Common Shares,NYSE,False
KIQQ,KraneShares InspereX Nasdaq Dynamic Buffered High Income Index ETF,NASDAQ,True
KITT,"Nauticus Robotics, Inc. - Common stock",NASDAQ,False
KITTW,"Nauticus Robotics, Inc. - Warrant",NASDAQ,False
KJAN,Innovator U.S. Small Cap Power Buffer ETF - January,Cboe BZX,True
KJD,KraneShares 2x Long JD Daily ETF,NASDAQ,True
KJUL,Innovator U.S. Small Cap Power Buffer ETF - July,Cboe BZX,True
KJUN,Innovator U.S. Small Cap Power Buffer ETF - June,Cboe BZX,True
KKR,KKR & Co. Inc. Common Stock,NYSE,False
KKR$D,KKR & Co. Inc. 6.25% Series D Mandatory Convertible Preferred Stock,NYSE,False
KKRS,KKR Group Finance Co. IX LLC 4.625% Subordinated Notes due 2061,NYSE,False
KKRT,KKR & Co. Inc. 6.875% Subordinated Notes due 2065,NYSE,False
KLAC,KLA Corporation  - Common Stock,NASDAQ,False
KLAG,Leverage Shares 2x Long KLAC Daily ETF,NASDAQ,True
KLAR,Klarna Group plc Ordinary Shares,NYSE,False
KLC,"KinderCare Learning Companies, Inc. Common Stock",NYSE,False
KLIC,"Kulicke and Soffa Industries, Inc. - Common Stock",NASDAQ,False
KLIP,KraneShares KWEB Covered Call Strategy ETF,NYSE Arca,True
KLMN,Invesco MSCI North America Climate ETF,NYSE Arca,True
KLMT,Invesco MSCI Global Climate 500 ETF,NYSE Arca,True
KLRA,"Kailera Therapeutics, Inc. - Common stock",NASDAQ,False
KLRS,"Kalaris Therapeutics, Inc.  - Common Stock",NASDAQ,False
KLTR,"Kaltura, Inc. - Common Stock",NASDAQ,False
KLXE,"KLX Energy Services Holdings, Inc.  - Common Stock",NASDAQ,False
KMAR,Innovator U.S. Small Cap Power Buffer ETF - March,Cboe BZX,True
KMAY,Innovator U.S. Small Cap Power Buffer ETF - May,Cboe BZX,True
KMB,Kimberly-Clark Corporation - Common Stock,NASDAQ,False
KMCA,PLUS Korea Manufacturing Core Alliance Index ETF,NYSE Arca,True
KMDA,Kamada Ltd. - Ordinary Shares,NASDAQ,False
KMEM,Kurv Memory Select ETF,Cboe BZX,True
KMI,"Kinder Morgan, Inc. Common Stock",NYSE,False
KMID,Virtus KAR Mid-Cap ETF,NYSE Arca,True
KMLI,KraneShares 2x Long MELI Daily ETF,NASDAQ,True
KMLM,KraneShares Mount Lucas Managed Futures Index Strategy ETF,NYSE Arca,True
KMPB,Kemper Corporation 5.875% Fixed-Rate Reset Junior Subordinated Debentures due 2062,NYSE,False
KMPR,Kemper Corporation,NYSE,False
KMRK,K-Tech Solutions Company Limited - Class A Ordinary Shares,NASDAQ,False
KMT,Kennametal Inc. Common Stock,NYSE,False
KMTS,"Kestra Medical Technologies, Ltd. - Common Stock",NASDAQ,False
KMX,CarMax Inc,NYSE,False
KN,Knowles Corporation Common Stock,NYSE,False
KNCT,Invesco Next Gen Connectivity ETF,NYSE Arca,True
KNDI,"Kandi Technologies Group, Inc. - Ordinary Shares",NASDAQ,False
KNF,Knife Riv Holding Co. Common Stock,NYSE,False
KNG,FT Vest S&P 500 Dividend Aristocrats Target Income ETF,Cboe BZX,True
KNGZ,First Trust S&P 500 Diversified Dividend Aristocrats ETF,NASDAQ,True
KNO,AXS Knowledge Leaders ETF,NYSE Arca,True
KNOP,KNOT Offshore Partners LP Common Units representing Limited Partner Interests,NYSE,False
KNOV,Innovator U.S. Small Cap Power Buffer ETF - November,Cboe BZX,True
KNOW,Fundamentals First ETF,Cboe BZX,True
KNRG,Simplify Kayne Anderson Energy and Infrastructure Credit ETF,NYSE Arca,True
KNRX,KNOREX LTD. Class A Ordinary Shares,NYSE American,False
KNSA,"Kiniksa Pharmaceuticals International, plc - Class A Ordinary Shares",NASDAQ,False
KNSL,"Kinsale Capital Group, Inc. Common Stock",NYSE,False
KNTK,Kinetik Holdings Inc. Class A Common Stock,NYSE,False
KNX,Knight-Swift Transportation Holdings Inc.,NYSE,False
KO,Coca-Cola Company (The) Common Stock,NYSE,False
KOCT,Innovator U.S. Small Cap Power Buffer ETF - October,Cboe BZX,True
KOD,Kodiak Sciences Inc - Common Stock,NASDAQ,False
KODK,Eastman Kodak Company Common New,NYSE,False
KOF,"Coca Cola Femsa S.A.B. de C.V.  American Depositary Shares, each representing 10 Units (each Unit consists of 3 Series B Shares and 5 Series L Shares)",NYSE,False
KOID,KraneShares Global Humanoid Robotics and Physical AI Index ETF,NASDAQ,True
KOKU,Xtrackers MSCI Kokusai Equity ETF,NYSE Arca,True
KOLD,ProShares UltraShort Bloomberg Natural Gas,NYSE Arca,True
KOMP,State Street SPDR S&P Kensho New Economies Composite ETF,NYSE Arca,True
KONG,Formidable Fortress ETF,Cboe BZX,True
KOOL,North Shore Equity Rotation ETF,NYSE Arca,True
KOP,Koppers Holdings Inc. Common Stock,NYSE,False
KOPN,Kopin Corporation - Common Stock,NASDAQ,False
KORP,American Century Diversified Corporate Bond ETF,NYSE Arca,True
KORU,Direxion Daily South Korea Bull 3X ETF,NYSE Arca,True
KOS,Kosmos Energy Ltd. Common Shares (DE),NYSE,False
KOSS,Koss Corporation - Common Stock,NASDAQ,False
KOYN,CSLM Digital Asset Acquisition Corp III - Class A Ordinary Shares,NASDAQ,False
KOYNU,CSLM Digital Asset Acquisition Corp III - Units,NASDAQ,False
KOYNW,CSLM Digital Asset Acquisition Corp III - Warrants,NASDAQ,False
KPDD,KraneShares 2x Long PDD Daily ETF,NASDAQ,True
KPET,KPET Ultra Paceline Corporation Class A Ordinary Shares,NYSE,False
KPET.U,"KPET Ultra Paceline Corporation Units, each consisting of one Class A Ordinary Share and one-sixth of one Warrant",NYSE,False
KPET.W,"KPET Ultra Paceline Corporation Warrants, each whole warrant exercisable for one Class A ordinary share at an exercise price of $11.50 per share",NYSE,False
KPHO,KraneShares Dragon Capital Growth of Vietnam Index ETF,NYSE Arca,True
KPLT,"Katapult Holdings, Inc. - Common Stock",NASDAQ,False
KPRO,KraneShares 100% KWEB Defined Outcome January 2027 ETF,NYSE Arca,True
KPRX,"Kiora Pharmaceuticals, Inc.  - Common Stock",NASDAQ,False
KPTI,Karyopharm Therapeutics Inc. - Common Stock,NASDAQ,False
KQQQ,Kurv Technology Titans Select ETF,NASDAQ,True
KR,Kroger Company (The) Common Stock,NYSE,False
KRAQ,KRAKacquisition Corp - Class A Ordinary Shares,NASDAQ,False
KRAQU,KRAKacquisition Corp - Unit,NASDAQ,False
KRAQW,KRAKacquisition Corp - Warrants,NASDAQ,False
KRBN,KraneShares Global Carbon Strategy ETF,NYSE Arca,True
KRC,Kilroy Realty Corporation Common Stock,NYSE,False
KRE,State Street SPDR S&P Regional Banking ETF,NYSE Arca,True
KREF,KKR Real Estate Finance Trust Inc. Common Stock,NYSE,False
KREF$A,KKR Real Estate Finance Trust Inc. 6.50% Series A Cumulative Redeemable Preferred Stock,NYSE,False
KRG,Kite Realty Group Trust Common Stock,NYSE,False
KRKR,36Kr Holdings Inc. - American Depositary Shares,NASDAQ,False
KRMD,"KORU Medical Systems, Inc. - Common Stock",NASDAQ,False
KRMN,Karman Holdings Inc. Common Stock,NYSE,False
KRNT,Kornit Digital Ltd. - Ordinary Shares,NASDAQ,False
KRNY,Kearny Financial - Common Stock,NASDAQ,False
KRO,Kronos Worldwide Inc Common Stock,NYSE,False
KROP,Global X AgTech & Food Innovation ETF,NASDAQ,True
KROS,"Keros Therapeutics, Inc. - common stock",NASDAQ,False
KRP,Kimbell Royalty Partners Common Units Representing Limited Partner Interests,NYSE,False
KRRO,"Korro Bio, Inc. - Common Stock",NASDAQ,False
KRSP,Rice Acquisition Corporation 3 Class A Ordinary Shares,NYSE,False
KRSP.U,"Rice Acquisition Corporation 3 Units, each consisting of one Class A ordinary share, and one-sixth of one redeemable warrant",NYSE,False
KRSP.W,"Rice Acquisition Corporation 3 Redeemable warrants, each whole warrant exercisable for one Class A ordinary share at an exercise price of $11.50",NYSE,False
KRT,Karat Packaging Inc. - Common Stock,NASDAQ,False
KRUS,"Kura Sushi USA, Inc. - Class A Common Stock",NASDAQ,False
KRWX,Corgi South Korea 2x Daily ETF,Cboe BZX,True
KRYP,ProShares CoinDesk 20 Crypto ETF,NYSE Arca,True
KRYS,"Krystal Biotech, Inc. - Common Stock",NASDAQ,False
KSA,iShares MSCI Saudi Arabia ETF,NYSE Arca,True
KSCP,"Knightscope, Inc. - Class A Common Stock",NASDAQ,False
KSEP,Innovator U.S. Small Cap Power Buffer ETF - September,Cboe BZX,True
KSLV,Kurv Silver Enhanced Income ETF,Cboe BZX,True
KSPI,Joint Stock Company Kaspi.kz - American Depository Shares,NASDAQ,False
KSPY,KraneShares Hedgeye Hedged Equity Index ETF,NYSE Arca,True
KSS,Kohl's Corporation Common Stock,NYSE,False
KSTR,KraneShares China Technology & Semiconductor STAR 50 Index ETF,NYSE Arca,True
KT,KT Corporation Common Stock,NYSE,False
KTB,"Kontoor Brands, Inc. Common Stock",NYSE,False
KTCC,Key Tronic Corporation - Common Stock,NASDAQ,False
KTEC,KraneShares Hang Seng TECH Index ETF,NYSE Arca,True
KTF,DWS Municipal Income Trust,NYSE,False
KTH,Structures Products Cp 8% CorTS Issued by Peco Energy Cap Tr II Preferred Stock,NYSE,False
KTN,Structured Products Corp 8.205% CorTS 8.205% Corporate Backed Trust Securities (CorTS),NYSE,False
KTOS,"Kratos Defense & Security Solutions, Inc. - Common Stock",NASDAQ,False
KTTA,Pasithea Therapeutics Corp. - Common Stock,NASDAQ,False
KTTAW,Pasithea Therapeutics Corp. - Warrant,NASDAQ,False
KTUP,T-REX 2X Long KTOS Daily Target ETF,Cboe BZX,True
KTWO,K2 Capital Acquisition Corporation - Class A Ordinary Share,NASDAQ,False
KTWOR,K2 Capital Acquisition Corporation - Rights,NASDAQ,False
KTWOU,K2 Capital Acquisition Corporation - Units,NASDAQ,False
KULR,"KULR Technology Group, Inc. Common Stock",NYSE American,False
KURA,"Kura Oncology, Inc. - Common Stock",NASDAQ,False
KURE,KraneShares MSCI All China Health Care Index ETF,NYSE Arca,True
KUST,"Kustom Entertainment, Inc. - Common Stock",NASDAQ,False
KVAC,Keen Vision Acquisition Corporation - Ordinary Shares,NASDAQ,False
KVACU,Keen Vision Acquisition Corporation - Units,NASDAQ,False
KVACW,Keen Vision Acquisition Corporation - Warrant,NASDAQ,False
KVHI,"KVH Industries, Inc. - Common Stock",NASDAQ,False
KVLE,KraneShares Value Line Dynamic Dividend Equity Index ETF,NYSE Arca,True
KVUE,Kenvue Inc. Common Stock,NYSE,False
KVYO,"Klaviyo, Inc. Series A Common Stock",NYSE,False
KWEB,KraneShares CSI China Internet ETF,NYSE Arca,True
KWH,GMO Power Infrastructure ETF,NYSE Arca,True
KWIN,KraneShares Wahed Alternative Income Index ETF,NYSE Arca,True
KWM,"K Wave Media, Ltd. - Ordinary Shares",NASDAQ,False
KWMWW,"K Wave Media, Ltd. - Warrant",NASDAQ,False
KWR,Quaker Houghton Common Stock,NYSE,False
KWT,iShares MSCI Kuwait ETF,Cboe BZX,True
KWY,Kingsway Corporation Common Stock,NYSE,False
KXI,iShares Global Consumer Staples ETF,NYSE Arca,True
KXIN,Kaixin Holdings - Ordinary Shares,NASDAQ,False
KYC,Corgi Digital Banking & Fintech Infrastructure ETF,Cboe BZX,True
KYIV,Kyivstar Group Ltd. - Common Shares,NASDAQ,False
KYIVW,Kyivstar Group Ltd. - Warrant,NASDAQ,False
KYLD,Kurv High Income ETF,Cboe BZX,True
KYMR,"Kymera Therapeutics, Inc. - Common Stock",NASDAQ,False
KYN,"Kayne Anderson Energy Infrastructure Fund, Inc.",NYSE,False
KYNB,"Kyntra Bio, Inc. - Common Stock",NASDAQ,False
KYTX,"Kyverna Therapeutics, Inc. - Common Stock",NASDAQ,False
KZIA,Kazia Therapeutics Limited - American Depositary Shares,NASDAQ,False
L,Loews Corporation Common Stock,NYSE,False
LAB,Standard BioTools Inc. - Common Stock,NASDAQ,False
LABD,Direxion Daily S&P Biotech Bear 3X ETF,NYSE Arca,True
LABT,Lakewood-Amedex Biotherapeutics Inc. - Common Stock,NASDAQ,False
LABU,Direxion Daily S&P Biotech Bull 3X ETF,NYSE Arca,True
LABX,Tradr 2X Long ALAB Daily ETF,Cboe BZX,True
LAC,Lithium Americas Corp. Common Shares,NYSE,False
LACG,Leverage Shares 2X Long LAC Daily ETF,NASDAQ,True
LAD,"Lithia Motors, Inc. Common Stock",NYSE,False
LADM,Pacer Swan SOS Laddered Moderate ETF,Cboe BZX,True
LADR,Ladder Capital Corp Class A Common Stock,NYSE,False
LAES,SEALSQ Corp - Ordinary Shares,NASDAQ,False
LAFA,LaFayette Acquisition Corp. - Ordinary Share,NASDAQ,False
LAFAR,LaFayette Acquisition Corp. - Rights,NASDAQ,False
LAFAU,LaFayette Acquisition Corp. - Unit,NASDAQ,False
LAKE,"Lakeland Industries, Inc. - Common Stock",NASDAQ,False
LALT,First Trust Multi-Strategy Alternative ETF,NYSE Arca,True
LAMR,Lamar Advertising Company - Class A Common Stock,NASDAQ,False
LAND,Gladstone Land Corporation - Common Stock,NASDAQ,False
LANDO,Gladstone Land Corporation - 6.00% Series B Cumulative Redeemable Preferred Stock,NASDAQ,False
LANDP,Gladstone Land Corporation - 6.00% Series C Cumulative Redeemable Preferred Stock,NASDAQ,False
LANV,Lanvin Group Holdings Limited Ordinary Shares,NYSE,False
LAPR,Innovator Premium Income 15 Buffer ETF - April,Cboe BZX,True
LAR,Lithium Argentina AG Common Shares,NYSE,False
LARK,Landmark Bancorp Inc. - Common Stock,NASDAQ,False
LASC,Corgi LASR 2x Daily ETF,Cboe BZX,True
LASE,Laser Photonics Corporation - Common Stock,NASDAQ,False
LASR,"nLIGHT, Inc. - Common Stock",NASDAQ,False
LATA,Galata Acquisition Corp. II - Class A Ordinary Shares,NASDAQ,False
LATAU,Galata Acquisition Corp. II - Units,NASDAQ,False
LATAW,Galata Acquisition Corp. II - Warrant,NASDAQ,False
LATR,Corgi Buy Now Pay Later ETF,Cboe BZX,True
LAUR,"Laureate Education, Inc. - Common Stock",NASDAQ,False
LAW,"CS Disco, Inc. Common Stock",NYSE,False
LAWR,"Robot Consulting Co., Ltd. - ADS",NASDAQ,False
LAZ,"Lazard, Inc. Common Stock",NYSE,False
LAZR,Tema Photonics & Optical ETF,NYSE Arca,True
LB,LandBridge Company LLC Class A Shares Representing Limited Liability Company Interests,NYSE,False
LBAY,Leatherback Long/Short Alternative Yield ETF,NYSE Arca,True
LBGJ,Li Bang International Corporation Inc. - Class A Ordinary Shares,NASDAQ,False
LBO,WHITEWOLF Publicly Listed Private Equity ETF,Cboe BZX,True
LBRDA,Liberty Broadband Corporation - Class A Common Stock,NASDAQ,False
LBRDK,Liberty Broadband Corporation - Class C Common Stock,NASDAQ,False
LBRDP,Liberty Broadband Corporation - Series A Cumulative Redeemable Preferred Stock,NASDAQ,False
LBRT,Liberty Energy Inc. Class A common stock,NYSE,False
LBRX,LB Pharmaceuticals Inc - Common Stock,NASDAQ,False
LBTYA,Liberty Global Ltd. - Class A Common Shares,NASDAQ,False
LBTYB,Liberty Global Ltd. - Class B Common Shares,NASDAQ,False
LBTYK,Liberty Global Ltd. - Class C Common Shares,NASDAQ,False
LCAP,Principal Capital Appreciation Select ETF,Cboe BZX,True
LCCC,Lakeshore Acquisition III Corp. - Ordinary Shares,NASDAQ,False
LCCCR,Lakeshore Acquisition III Corp. - Rights,NASDAQ,False
LCCCU,Lakeshore Acquisition III Corp. - Unit,NASDAQ,False
LCDS,JPMorgan Fundamental Data Science Large Core ETF,NASDAQ,True
LCF,Touchstone US Large Cap Focused ETF,Cboe BZX,True
LCFY,Locafy Limited - Ordinary Share,NASDAQ,False
LCFYW,Locafy Limited - Warrant,NASDAQ,False
LCID,"Lucid Group, Inc. - Common Stock",NASDAQ,False
LCII,LCI Industries,NYSE,False
LCLG,Logan Capital Broad Innovative Growth ETF,NYSE Arca,True
LCLN,"Lincoln International, Inc. Class A Common Stock",NYSE,False
LCNB,LCNB Corporation - Common Stock,NASDAQ,False
LCO,LOGIQ Contrarian Opportunities ETF,NYSE Arca,True
LCOW,Pacer S&P 500 Quality FCF Aristocrats ETF,Cboe BZX,True
LCR,Leuthold Core ETF,NYSE Arca,True
LCTD,iShares World ex U.S. Carbon Transition Readiness Aware Active ETF,NYSE Arca,True
LCTO,Kurv U.S. Large Cap TaxOptimized ETF,Cboe BZX,True
LCTU,iShares U.S. Carbon Transition Readiness Aware Active ETF,NYSE Arca,True
LCTX,"Lineage Cell Therapeutics, Inc. Common Stock",NYSE American,False
LCUT,"Lifetime Brands, Inc. - Common Stock",NASDAQ,False
LDDR,LifeX 2035 Income Bucket ETF,Cboe BZX,True
LDEM,iShares ESG MSCI EM Leaders ETF,NASDAQ,True
LDI,"loanDepot, Inc. Class A Common Stock",NYSE,False
LDOS,"Leidos Holdings, Inc. Common Stock",NYSE,False
LDP,"Cohen & Steers Limited Duration Preferred and Income Fund, Inc.",NYSE,False
LDRC,iShares iBonds 1-5 Year Corporate Ladder ETF,NYSE Arca,True
LDRH,iShares iBonds 1-5 Year High Yield and Income Ladder ETF,NYSE Arca,True
LDRI,iShares iBonds 1-5 Year TIPS Ladder ETF,NYSE Arca,True
LDRT,iShares iBonds 1-5 Year Treasury Ladder ETF,NYSE Arca,True
LDRX,SGI Enhanced Market Leaders ETF,NASDAQ,True
LDSF,First Trust Low Duration Strategic Focus ETF,NASDAQ,True
LDUR,PIMCO Enhanced Low Duration Active Exchange-Traded Fund,NYSE Arca,True
LE,"Lands' End, Inc. - Common Stock",NASDAQ,False
LEA,Lear Corporation Common Stock,NYSE,False
LECO,"Lincoln Electric Holdings, Inc. - Common Shares",NASDAQ,False
LEDS,SemiLEDS Corporation - Common Stock,NASDAQ,False
LEE,"Lee Enterprises, Incorporated - Common Stock",NASDAQ,False
LEG,"Leggett & Platt, Incorporated Common Stock",NYSE,False
LEGH,Legacy Housing Corporation - Common Stock,NASDAQ,False
LEGN,Legend Biotech Corporation - American Depositary Shares,NASDAQ,False
LEGO,Legato Merger Corp. IV Ordinary Shares,NYSE American,False
LEGO.U,"Legato Merger Corp. IV Units, each consisting of one ordinary share and one-third of one redeemable warrant",NYSE American,False
LEGO.W,"Legato Merger Corp. IV Redeemable Warrants, each whole warrant exercisable to purchase one ordinary share at an exercise price of $11.50 per share",NYSE American,False
LEGR,First Trust Indxx Innovative Transaction & Process ETF,NASDAQ,True
LEMB,iShares J.P. Morgan EM Local Currency Bond,NYSE Arca,True
LEN,Lennar Corporation Class A Common Stock,NYSE,False
LEN.B,Lennar Corporation Class B,NYSE,False
LEND,SEI High Yield Bond & Alternative Credit ETF,NASDAQ,True
LENS,Sarmaya Thematic ETF,Cboe BZX,True
LENZ,"LENZ Therapeutics, Inc. - Common Stock",NASDAQ,False
LEO,"BNY Mellon Strategic Municipals, Inc. Common Stock",NYSE,False
LESL,"Leslie's, Inc. - Common Stock",NASDAQ,False
LEU,Centrus Energy Corp. Class A Common Stock,NYSE,False
LEUX,Tradr 2X Long LEU Daily ETF,Cboe BZX,True
LEVI,Levi Strauss & Co Class A Common Stock,NYSE,False
LEXI,Alexis Practical Tactical ETF,NASDAQ,True
LEXX,Lexaria Bioscience Corp. - Common Stock,NASDAQ,False
LFAC,Leapfrog Acquisition Corporation - Class A Ordinary Shares,NASDAQ,False
LFACU,Leapfrog Acquisition Corporation - Units,NASDAQ,False
LFACW,Leapfrog Acquisition Corporation - Warrants,NASDAQ,False
LFAI,LifeX 2050 Longevity Income ETF,Cboe BZX,True
LFAO,LifeX 2055 Longevity Income ETF,Cboe BZX,True
LFAW,LifeX 2060 Longevity Income ETF,Cboe BZX,True
LFBE,LifeX 2065 Longevity Income ETF,Cboe BZX,True
LFCR,"Lifecore Biomedical, Inc. - Common Stock",NASDAQ,False
LFDR,LifeX Durable Income ETF,Cboe BZX,True
LFEQ,VanEck Long/Flat Trend ETF,NYSE Arca,True
LFGY,YieldMax Crypto Industry & Tech Portfolio Option Income ETF,NYSE Arca,True
LFMD,"LifeMD, Inc. - Common Stock",NASDAQ,False
LFMDP,"LifeMD, Inc. - 8.875% Series A Cumulative Perpetual Preferred Stock",NASDAQ,False
LFS,"LEIFRAS Co., Ltd. - American Depositary Shares",NASDAQ,False
LFSC,F/m Emerald Life Sciences Innovation ETF,NASDAQ,True
LFST,"LifeStance Health Group, Inc. - Common Stock",NASDAQ,False
LFT,"Lument Finance Trust, Inc. Common Stock",NYSE,False
LFT$A,"Lument Finance Trust, Inc. 7.875% Series A Cumulative Redeemable Preferred Stock",NYSE,False
LFTO,"Liftoff Mobile, Inc. - Common Stock",NASDAQ,False
LFUS,"Littelfuse, Inc. - Common Stock",NASDAQ,False
LFVN,Lifevantage Corporation - Common Stock,NASDAQ,False
LFWD,Lifeward Ltd. - Ordinary Shares,NASDAQ,False
LGCF,Themes US Cash Flow Champions ETF,NASDAQ,True
LGCL,Lucas GC Limited - Class A Ordinary Shares,NASDAQ,False
LGCY,Legacy Education Inc. Common Stock,NYSE American,False
LGDS,JPMorgan Fundamental Data Science Large Growth ETF,NASDAQ,True
LGDX,Intech S&P Large Cap Diversified Alpha ETF,NYSE Arca,True
LGH,HCM Defender 500 Index ETF,NYSE Arca,True
LGHL,Lion Group Holding Ltd. - American Depositary Share,NASDAQ,False
LGHT,Langar Global HealthTech ETF,Cboe BZX,True
LGI,Lazard Global Total Return and Income Fund Common Stock,NYSE,False
LGIH,"LGI Homes, Inc. - Common Stock",NASDAQ,False
LGL,"LGL Group, Inc. (The) Common Stock",NYSE American,False
LGLV,State Street SPDR US Large Cap Low Volatility Index ETF,NYSE Arca,True
LGN,Legence Corp. - Class A Common stock,NASDAQ,False
LGND,Ligand Pharmaceuticals Incorporated - Common Stock,NASDAQ,False
LGO,Largo Inc. - Common Shares,NASDAQ,False
LGOV,First Trust Long Duration Opportunities ETF,NYSE Arca,True
LGPS,LogProstyle Inc. Common Shares,NYSE American,False
LGRO,Level Four Large Cap Growth Active ETF,NASDAQ,True
LGVN,Longeveron Inc. - Class A Common stock,NASDAQ,False
LH,Labcorp Holdings Inc. Common Stock,NYSE,False
LHAI,Linkhome Holdings Inc. - Common stock,NASDAQ,False
LHSW,Lianhe Sowell International Group Ltd - Class A Ordinary Shares,NASDAQ,False
LHX,"L3Harris Technologies, Inc. Common Stock",NYSE,False
LI,Li Auto Inc. - American Depositary Shares,NASDAQ,False
LIAE,LifeX 2050 Inflation-Protected Longevity Income ETF,Cboe BZX,True
LIAM,LifeX 2055 Inflation-Protected Longevity Income ETF,Cboe BZX,True
LIAU,LifeX 2060 Inflation-Protected Longevity Income ETF,Cboe BZX,True
LIBD,LifeX 2065 Inflation-Protected Longevity Income ETF,Cboe BZX,True
LICN,Lichen International Limited - Class A Ordinary Shares,NASDAQ,False
LIDR,"AEye, Inc. - Class A Common Stock",NASDAQ,False
LIDRW,"AEye, Inc. - Warrant",NASDAQ,False
LIEN,"Chicago Atlantic BDC, Inc. - Common Stock",NASDAQ,False
LIF,"Life360, Inc. - Common Stock",NASDAQ,False
LIFE,Ethos Technologies Inc. - Class A Common Stock,NASDAQ,False
LIFT,LifeX 2028 Income Bucket ETF,Cboe BZX,True
LII,"Lennox International, Inc. Common Stock",NYSE,False
LILA,Liberty Latin America Ltd. - Class A Common Stock,NASDAQ,False
LILAK,Liberty Latin America Ltd. - Class C Common Stock,NASDAQ,False
LILAP,Liberty Latin America Ltd. - 9.0% Fixed Rate Cumulative Perpetual Redeemable Series A Preference Shares,NASDAQ,False
LIME,"Neutron Holdings, Inc. - Common Stock",NASDAQ,False
LIMI,Themes Lithium & Battery Metal Miners ETF,Cboe BZX,True
LIMN,"Liminatus Pharma, Inc. - Class A Common Stock",NASDAQ,False
LIMNW,"Liminatus Pharma, Inc. - Warrants",NASDAQ,False
LIN,Linde plc - Ordinary Shares,NASDAQ,False
LINC,Lincoln Educational Services Corporation - Common Stock,NASDAQ,False
LIND,Lindblad Expeditions Holdings Inc.  - Common Stock,NASDAQ,False
LINE,"Lineage, Inc. - Common Stock",NASDAQ,False
LINK,"Interlink Electronics, Inc. - Common Stock",NASDAQ,False
LINT,Direxion Daily INTC Bull 2X ETF,NASDAQ,True
LION,Lionsgate Studios Corp Common Shares,NYSE,False
LIQT,"LiqTech International, Inc. - Common Stock",NASDAQ,False
LIT,Global X Lithium & Battery Tech ETF,NYSE Arca,True
LITB,"LightInTheBox Holding Co., Ltd. American Depositary Shares, each representing twelve ordinary shares",NYSE,False
LITC,Corgi LITE 2x Daily ETF,Cboe BZX,True
LITE,Lumentum Holdings Inc. - Common Stock,NASDAQ,False
LITL,Simplify Piper Sandler US Small-Cap PLUS Income ETF,NYSE Arca,True
LITP,Sprott Lithium Miners ETF,NASDAQ,True
LITS,"Lite Strategy, Inc. - Common Stock",NASDAQ,False
LITU,T-REX 2X Long LITE Daily Target ETF,Cboe BZX,True
LITX,Tradr 2X Long LITE Daily ETF,Cboe BZX,True
LITZ,Tradr 2X Short LITE Daily ETF,Cboe BZX,True
LIVE,Live Ventures Incorporated - Common Stock,NASDAQ,False
LIVN,LivaNova PLC - Ordinary Shares,NASDAQ,False
LJAN,Innovator Premium Income 15 Buffer ETF - January,Cboe BZX,True
LJUL,Innovator Premium Income 15 Buffer ETF - July,Cboe BZX,True
LKFN,Lakeland Financial Corporation - Common Stock,NASDAQ,False
LKFT,Lakefront Biotherapeutics - American Depositary Shares,NASDAQ,False
LKOR,FlexShares Credit-Scored US Long Corporate Bond Index Fund,Cboe BZX,True
LKQ,LKQ Corporation - Common Stock,NASDAQ,False
LKSP,Lake Superior Acquisition Corp. - Class A Ordinary Shares,NASDAQ,False
LKSPR,Lake Superior Acquisition Corp. - Rights,NASDAQ,False
LKSPU,Lake Superior Acquisition Corp. - Units,NASDAQ,False
LLDR,Global X Long-Term Treasury Ladder ETF,NYSE Arca,True
LLY,Eli Lilly and Company Common Stock,NYSE,False
LLYVA,"Liberty Live Holdings, Inc. - Series A Liberty Live Group Common Stock",NASDAQ,False
LLYVK,"Liberty Live Holdings, Inc. - Series C Liberty Live Group Common Stock",NASDAQ,False
LLYX,Defiance Daily Target 2X Long LLY ETF,NYSE Arca,True
LMAT,"LeMaitre Vascular, Inc. - Common Stock",NASDAQ,False
LMB,"Limbach Holdings, Inc. - Common Stock",NASDAQ,False
LMBS,First Trust Low Duration Opportunities ETF,NASDAQ,True
LMND,"Lemonade, Inc. Common Stock",NYSE,False
LMNR,Limoneira Co - Common Stock,NASDAQ,False
LMNX,Defiance Daily Target 2x Long LMND ETF,NASDAQ,True
LMRI,"Lumexa Imaging Holdings, Inc. - Common Stock",NASDAQ,False
LMT,Lockheed Martin Corporation Common Stock,NYSE,False
LMTL,Direxion Daily LMT Bull 2X ETF,NASDAQ,True
LMUB,iShares Long-Term National Muni Bond ETF,NYSE Arca,True
LNAI,Lunai Bioworks Inc. - Common Stock,NASDAQ,False
LNC,Lincoln National Corporation Common Stock,NYSE,False
LNC$D,"Lincoln National Corporation Depositary Shares Each Representing a 1/1,000th Interest in a Share of 9.000% Non-Cumulative Preferred Stock, Series D",NYSE,False
LND,Brasilagro Brazilian Agric Real Estate Co Sponsored ADR (Brazil),NYSE,False
LNG,"Cheniere Energy, Inc. Common Stock",NYSE,False
LNGX,Global X U.S. Natural Gas ETF,NYSE Arca,True
LNKS,Linkers Industries Limited - Class A Ordinary Shares,NASDAQ,False
LNN,Lindsay Corporation Common Stock,NYSE,False
LNOK,Defiance Daily Target 2X Long NOK ETF,Cboe BZX,True
LNSR,"LENSAR, Inc. - Common Stock",NASDAQ,False
LNT,Alliant Energy Corporation - Common Stock,NASDAQ,False
LNTH,"Lantheus Holdings, Inc. - Common Stock",NASDAQ,False
LNZA,"LanzaTech Global, Inc. - Common Stock",NASDAQ,False
LNZAW,"LanzaTech Global, Inc. - Warrant",NASDAQ,False
LOAN,"Manhattan Bridge Capital, Inc - Common Stock",NASDAQ,False
LOAR,Loar Holdings Inc. Common Stock,NYSE,False
LOB,"Live Oak Bancshares, Inc. Common Stock",NYSE,False
LOB$A,"Live Oak Bancshares, Inc. Depositary Shares, Each Representing a 1/40th Interest in a Share of 8.375% Fixed Rate Series A Non-Cumulative Perpetual Preferred Stock",NYSE,False
LOBO,LOBO TECHNOLOGIES LTD. - Class A Ordinary Shares,NASDAQ,False
LOCL,Local Bounti Corporation Common Stock,NYSE,False
LOCO,"El Pollo Loco Holdings, Inc. - Common Stock",NASDAQ,False
LOCT,Innovator Premium Income 15 Buffer ETF - October,Cboe BZX,True
LODE,Comstock Inc. Common Stock,NYSE American,False
LODI,AAM SLC Low Duration Income ETF,NYSE Arca,True
LOEV,Harding Loevner International Developed Markets Select Equity ETF,NYSE Arca,True
LOFF,Direxion Daily SpaceX Bull 2X ETF,NYSE Arca,True
LOGI,Logitech International S.A. - Registered Shares,NASDAQ,False
LOGO,Alpha Brands Consumption Leaders ETF,NASDAQ,True
LOHA,Roundhill HALO ETF,Cboe BZX,True
LOMA,Loma Negra Compania Industrial Argentina Sociedad Anonima ADS,NYSE,False
LONA,"LeonaBio, Inc. - Common Stock",NASDAQ,False
LONZ,PIMCO Senior Loan Active Exchange-Traded Fund,NYSE Arca,True
LOOP,"Loop Industries, Inc. - Common Stock",NASDAQ,False
LOPE,"Grand Canyon Education, Inc. - Common Stock",NASDAQ,False
LOPP,Gabelli Love Our Planet & People ETF Gabelli Love Our Planet & People ETF,NYSE Arca,True
LOT,Lotus Technology Inc. - American Depositary Shares,NASDAQ,False
LOTI,Liberty One Tactical Income ETF,NASDAQ,True
LOTWW,Lotus Technology Inc. - Warrants,NASDAQ,False
LOUP,Innovator Deepwater Frontier Tech ETF,NYSE Arca,True
LOVE,The Lovesac Company - Common Stock,NASDAQ,False
LOW,"Lowe's Companies, Inc. Common Stock",NYSE,False
LOWV,AB US Low Volatility Equity ETF,NYSE Arca,True
LPA,Logistic Properties of the Americas Ordinary Shares,NYSE American,False
LPAA,Launch One Acquisition Corp. - Class A Ordinary Shares,NASDAQ,False
LPAAU,Launch One Acquisition Corp. - Unit,NASDAQ,False
LPAAW,Launch One Acquisition Corp. - Warrant,NASDAQ,False
LPBB,Launch Two Acquisition Corp. - Class A Ordinary Shares,NASDAQ,False
LPBBU,Launch Two Acquisition Corp. - Unit,NASDAQ,False
LPBBW,Launch Two Acquisition Corp. - Warrant,NASDAQ,False
LPCN,Lipocine Inc. - Common Stock,NASDAQ,False
LPCV,Launchpad Cadenza Acquisition Corp I - Class A Ordinary Share,NASDAQ,False
LPCVU,Launchpad Cadenza Acquisition Corp I - Unit,NASDAQ,False
LPCVW,Launchpad Cadenza Acquisition Corp I - Warrant,NASDAQ,False
LPG,Dorian LPG Ltd. Common Stock,NYSE,False
LPL,"LG Display Co, Ltd AMERICAN DEPOSITORY SHARES",NYSE,False
LPLA,LPL Financial Holdings Inc. - Common Stock,NASDAQ,False
LPRE,Long Pond Real Estate Select ETF,NYSE Arca,True
LPRO,Open Lending Corporation - Common Stock,NASDAQ,False
LPSN,"LivePerson, Inc. - Common Stock",NASDAQ,False
LPTH,"LightPath Technologies, Inc. - Class A Common Stock",NASDAQ,False
LPX,Louisiana-Pacific Corporation Common Stock,NYSE,False
LQ,Simplify Tax Aware Alternatives ETF,NASDAQ,True
LQAI,LG QRAFT AI-Powered U.S. Large Cap Core ETF,NYSE Arca,True
LQD,iShares iBoxx $ Investment Grade Corporate Bond ETF,NYSE Arca,True
LQDA,Liquidia Corporation - Common Stock,NASDAQ,False
LQDB,iShares BBB Rated Corporate Bond ETF,NYSE Arca,True
LQDH,iShares Interest Rate Hedged Corporate Bond ETF,NYSE Arca,True
LQDI,iShares Inflation Hedged Corporate Bond ETF,Cboe BZX,True
LQDM,Amplify LQD Investment Grade 12% Target Income ETF,Cboe BZX,True
LQDT,"Liquidity Services, Inc. - Common Stock",NASDAQ,False
LQDW,iShares Investment Grade Corporate Bond BuyWrite Strategy ETF,Cboe BZX,True
LQID,Kurv Enhanced Short Maturity ETF,Cboe BZX,True
LQTI,FT Vest Investment Grade & Target Income ETF,NYSE Arca,True
LRCC,Corgi LRCX 2x Daily ETF,Cboe BZX,True
LRCU,Tradr 2X Long LRCX Daily ETF,Cboe BZX,True
LRCX,Lam Research Corporation - Common Stock,NASDAQ,False
LRE,"Lead Real Estate Co., Ltd - American Depositary Shares",NASDAQ,False
LRGC,AB US Large Cap Strategic Equities ETF,NYSE Arca,True
LRGE,ClearBridge Large Cap Growth Select ETF,NASDAQ,True
LRGF,iShares U.S. Equity Factor ETF,NYSE Arca,True
LRGG,Nomura Focused Large Growth ETF,NYSE Arca,True
LRHC,La Rosa Holdings Corp. - Common Stock,NASDAQ,False
LRMR,"Larimar Therapeutics, Inc. - Common Stock",NASDAQ,False
LRN,"Stride, Inc. Common Stock",NYSE,False
LRND,NYLI U.S. Large Cap R&D Leaders ETF,NASDAQ,True
LRNX,Corgi LRN 2x Daily ETF,Cboe BZX,True
LRNZ,"TrueShares Technology, AI & Deep Learning ETF",Cboe BZX,True
LSAF,LeaderShares AlphaFactor US Core Equity ETF,NYSE Arca,True
LSAK,"Lesaka Technologies, Inc. - Common Stock",NASDAQ,False
LSAT,LeaderShares AlphaFactor Tactical Focused ETF,NYSE Arca,True
LSBK,"Lake Shore Bancorp, Inc. - Common Stock",NASDAQ,False
LSCC,Lattice Semiconductor Corporation - Common Stock,NASDAQ,False
LSCP,Natixis Loomis Sayles Dynamic Core Plus ETF,NYSE Arca,True
LSE,"Leishen Energy Holding Co., Ltd. - Class A Ordinary Shares",NASDAQ,False
LSEQ,Harbor Long-Short Equity ETF,NYSE Arca,True
LSF,"Laird Superfood, Inc. Common Stock",NYSE American,False
LSGR,Natixis Loomis Sayles Focused Growth ETF,NYSE Arca,True
LSH,Lakeside Holding Limited - Common Stock,NASDAQ,False
LSPD,Lightspeed Commerce Inc. Subordinate Voting Shares,NYSE,False
LST,Leuthold Select Industries ETF,NYSE Arca,True
LSTA,"Lisata Therapeutics, Inc. - Common Stock",NASDAQ,False
LSTB,Natixis Loomis Sayles Total Return Bond ETF,NYSE Arca,True
LSTR,"Landstar System, Inc. - Common Stock",NASDAQ,False
LSVD,LSV Disciplined Value ETF,NYSE Arca,True
LTAX,Nomura Tax-Free USA ETF,NYSE Arca,True
LTBR,Lightbridge Corporation - Common Stock,NASDAQ,False
LTC,"LTC Properties, Inc. Common Stock",NYSE,False
LTCC,Canary Litecoin ETF,NASDAQ,True
LTGR,Long Table Growth Corp. - Class A Ordinary Shares,NASDAQ,False
LTGRU,Long Table Growth Corp. - Units,NASDAQ,False
LTGRW,Long Table Growth Corp. - Warrants,NASDAQ,False
LTH,"Life Time Group Holdings, Inc. Common Stock",NYSE,False
LTL,ProShares Ultra Communication Services,NYSE Arca,True
LTM,"LATAM Airlines Group S.A. American Depositary Shares (each representing two thousand (2,000) shares of Common Stock)",NYSE,False
LTPZ,Pimco 15  Year U.S. TIPS Index Exchange-Traded Fund,NYSE Arca,True
LTRN,Lantern Pharma Inc. - Common Stock,NASDAQ,False
LTRX,"Lantronix, Inc. - Common Stock",NASDAQ,False
LTRYW,Sports Entertainment Gaming Global Corporation  - Warrant,NASDAQ,False
LTTI,FT Vest 20+ Year Treasury & Target Income ETF,NYSE Arca,True
LU,"Lufax Holding Ltd American Depositary Shares, each representing two (2) Ordinary Shares",NYSE,False
LUCD,Lucid Diagnostics Inc. - Common Stock,NASDAQ,False
LUCK,Lucky Strike Entertainment Corporation Class A Common Stock,NYSE,False
LUCY,"Innovative Eyewear, Inc. - Common Stock",NASDAQ,False
LUCYW,"Innovative Eyewear, Inc. - Warrants",NASDAQ,False
LUD,Luda Technology Group Limited Ordinary Shares,NYSE American,False
LULG,Leverage Shares 2X Long LULU Daily ETF,NASDAQ,True
LULU,lululemon athletica inc. - Common Stock,NASDAQ,False
LUMA,KraneShares Photonic and Optical ETF,NYSE Arca,True
LUMN,"Lumen Technologies, Inc. Common Stock",NYSE,False
LUNG,Pulmonx Corporation - Common Stock,NASDAQ,False
LUNL,Defiance Daily Target 2X Long LUNR ETF,Cboe BZX,True
LUNR,"Intuitive Machines, Inc. - Class A Common Stock",NASDAQ,False
LUV,Southwest Airlines Company Common Stock,NYSE,False
LUXE,"LuxExperience B.V. American Depositary Shares, each representing one Ordinary Share",NYSE,False
LVDS,JPMorgan Fundamental Data Science Large Value ETF,NASDAQ,True
LVHD,Franklin U.S. Low Volatility High Dividend Index ETF,NASDAQ,True
LVHI,Franklin International Low Volatility High Dividend Index ETF,Cboe BZX,True
LVIG,Longview Advantage Fixed Income ETF,NASDAQ,True
LVLN,State Street SPDR S&P Leveraged Loan ETF,NYSE Arca,True
LVLU,"Lulu's Fashion Lounge Holdings, Inc. - Common Stock",NASDAQ,False
LVO,"LiveOne, Inc. - Common Stock",NASDAQ,False
LVS,Las Vegas Sands Corp. Common Stock,NYSE,False
LVWR,"LiveWire Group, Inc. Common Stock",NYSE,False
LVWR.W,"LiveWire Group, Inc. Warrants, each exercisable for one share of Common Stock at an exercise price of $11.50 per share",NYSE,False
LW,"Lamb Weston Holdings, Inc. Common Stock",NYSE,False
LWAC,LightWave Acquisition Corp. - Class A Ordinary Shares,NASDAQ,False
LWACU,LightWave Acquisition Corp. - Units,NASDAQ,False
LWACW,LightWave Acquisition Corp. - Warrants,NASDAQ,False
LWAY,"Lifeway Foods, Inc. - Common Stock",NASDAQ,False
LWLG,"Lightwave Logic, Inc. - Common Stock",NASDAQ,False
LX,LexinFintech Holdings Ltd. - American Depositary Shares,NASDAQ,False
LXEH,"Lixiang Education Holding Co., Ltd. - American Depositary Shares",NASDAQ,False
LXEO,"Lexeo Therapeutics, Inc. - Common Stock",NASDAQ,False
LXFR,Luxfer Holdings PLC Ordinary Shares,NYSE,False
LXP,LXP Industrial Trust Common Stock (Maryland REIT),NYSE,False
LXP$C,LXP Industrial Trust 6.5% Series C Cumulative Convertible Preferred Stock,NYSE,False
LXRX,"Lexicon Pharmaceuticals, Inc. - Common Stock",NASDAQ,False
LXU,"LSB Industries, Inc. Common Stock",NYSE,False
LYB,LyondellBasell Industries NV Ordinary Shares Class A (Netherlands),NYSE,False
LYEL,"Lyell Immunopharma, Inc. - Common Stock",NASDAQ,False
LYFT,"Lyft, Inc. - Class A Common Stock",NASDAQ,False
LYG,Lloyds Banking Group Plc American Depositary Shares,NYSE,False
LYLD,Cambria Large Cap Shareholder Yield ETF,Cboe BZX,True
LYTS,LSI Industries Inc. - Common Stock,NASDAQ,False
LYV,"Live Nation Entertainment, Inc. Common Stock",NYSE,False
LZ,"LegalZoom.com, Inc. - Common Stock",NASDAQ,False
LZB,La-Z-Boy Incorporated Common Stock,NYSE,False
LZM,Lifezone Metals Limited Ordinary Shares,NYSE,False
LZM.W,Lifezone Metals Limited Warrants,NYSE,False
LZMH,LZ Technology Holdings Limited - Class B Ordinary Shares,NASDAQ,False
M,Macy's Inc Common Stock,NYSE,False
MA,Mastercard Incorporated Common Stock,NYSE,False
MAA,"Mid-America Apartment Communities, Inc. Common Stock",NYSE,False
MAA$I,"Mid-America Apartment Communities, Inc. 8.50% Series I Cumulative Redeemable Preferred Stock",NYSE,False
MAAS,Maase Inc. - Class A Ordinary Shares,NASDAQ,False
MAAY,GraniteShares YieldBOOST MARA ETF,NASDAQ,True
MAC,Macerich Company (The) Common Stock,NYSE,False
MACI,Melar Acquisition Corp. I - Class A Ordinary Shares,NASDAQ,False
MACIU,Melar Acquisition Corp. I - Unit,NASDAQ,False
MACIW,Melar Acquisition Corp. I - Warrant,NASDAQ,False
MADE,iShares U.S. Manufacturing ETF,NYSE Arca,True
MAGA,Truth Social America First ETF,NYSE Arca,True
MAGC,Roundhill China Magnificent Seven ETF,Cboe BZX,True
MAGG,Madison Aggregate Bond ETF,NYSE Arca,True
MAGH,Magnitude International Ltd - Ordinary Shares,NASDAQ,False
MAGN,Magnera Corporation Common Stock,NYSE,False
MAGS,Roundhill Magnificent Seven ETF,Cboe BZX,True
MAGX,Roundhill Daily 2X Long Magnificent Seven ETF,Cboe BZX,True
MAGY,Roundhill Magnificent Seven Covered Call ETF,Cboe BZX,True
MAIA,"MAIA Biotechnology, Inc. Common Stock",NYSE American,False
MAIN,Main Street Capital Corporation Common Stock,NYSE,False
MAIR,Madison Air Solutions Corporation Class A Common Stock,NYSE,False
MAKO,Mako Mining Corp - Common Stock,NASDAQ,False
MAKX,ProShares S&P Kensho Smart Factories ETF,NYSE Arca,True
MAMA,"Mama's Creations, Inc. - Common Stock",NASDAQ,False
MAMB,Monarch Ambassador Income Index ETF,Cboe BZX,True
MAMK,MaxsMaking Inc. - Class A Ordinary Shares,NASDAQ,False
MAMO,Massimo Group - Common Stock,NASDAQ,False
MAN,ManpowerGroup Common Stock,NYSE,False
MANE,"Veradermics, Incorporated Common Stock",NYSE,False
MANH,"Manhattan Associates, Inc. - Common Stock",NASDAQ,False
MANI,Man Active Income ETF,NYSE Arca,True
MANU,Manchester United Ltd. Class A Ordinary Shares,NYSE,False
MAPP,Harbor Multi-Asset Explorer ETF,NYSE Arca,True
MAR,Marriott International - Class A Common Stock,NASDAQ,False
MARA,"MARA Holdings, Inc. - Common Stock",NASDAQ,False
MARM,FT Vest U.S. Equity Max Buffer ETF - March,Cboe BZX,True
MARO,YieldMax MARA Option Income Strategy ETF,NYSE Arca,True
MARPS,Marine Petroleum Trust - Units of Beneficial Interest,NASDAQ,False
MARS,Roundhill Space & Technology ETF,Cboe BZX,True
MART,AllianzIM U.S. Large Cap Buffer10 Mar ETF,Cboe BZX,True
MARU,AllianzIM U.S. Equity Buffer15 Uncapped Mar ETF,Cboe BZX,True
MARW,AllianzIM U.S. Large Cap Buffer20 Mar ETF,Cboe BZX,True
MARZ,TrueShares Structured Outcome (March) ETF,Cboe BZX,True
MAS,Masco Corporation Common Stock,NYSE,False
MASK,3 E Network Technology Group Ltd - Class A Ordinary Shares,NASDAQ,False
MASS,908 Devices Inc. - Common Stock,NASDAQ,False
MAT,"Mattel, Inc. - Common Stock",NASDAQ,False
MATE,Man Active Trend Enhanced ETF,NASDAQ,True
MATH,Metalpha Technology Holding Limited - Ordinary Shares,NASDAQ,False
MATV,"Mativ Holdings, Inc. Common Stock",NYSE,False
MATW,Matthews International Corporation - Class A Common Stock,NASDAQ,False
MATX,"Matson, Inc. Common Stock",NYSE,False
MAUG,Pacer Swan SOS Moderate (August) ETF,Cboe BZX,True
MAVF,Matrix Advisors Value ETF,NYSE Arca,True
MAX,"MediaAlpha, Inc. Class A Common Stock",NYSE,False
MAXI,Simplify Bitcoin Strategy ETF,NASDAQ,True
MAXJ,iShares Large Cap Max Buffer Jun ETF,Cboe BZX,True
MAYC,Corgi U.S. Equities 10% Structured Buffer ETF - May Series,Cboe BZX,True
MAYM,FT Vest U.S. Equity Max Buffer ETF - May,Cboe BZX,True
MAYP,PGIM S&P 500 Buffer 12 ETF - May,Cboe BZX,True
MAYS,"J. W. Mays, Inc. - Common Stock",NASDAQ,False
MAYT,AllianzIM U.S. Large Cap Buffer10 May ETF,Cboe BZX,True
MAYU,AllianzIM U.S. Equity Buffer15 Uncapped May ETF,Cboe BZX,True
MAYW,AllianzIM U.S. Large Cap Buffer20 May ETF,Cboe BZX,True
MAYZ,TrueShares Structured Outcome (May) ETF,Cboe BZX,True
MAZE,"Maze Therapeutics, Inc. - Common Stock",NASDAQ,False
MB,MasterBeef Group - Ordinary Shares,NASDAQ,False
MBAI,Check-Cap Ltd. - Ordinary Share,NASDAQ,False
MBB,iShares MBS ETF,NASDAQ,True
MBBA,iShares Mortgage-Backed Securities Active ETF,Cboe BZX,True
MBBB,VanEck Moody's Analytics BBB Corporate Bond ETF,Cboe BZX,True
MBBC,"Marathon Bancorp, Inc. - Common Stock",NASDAQ,False
MBC,"MasterBrand, Inc. Common Stock",NYSE,False
MBCE,Monarch Blue Chips Elite Index ETF,Cboe BZX,True
MBGL,Mobility Global Inc. Common Stock,NYSE,False
MBI,MBIA Inc. Common Stock,NYSE,False
MBIN,Merchants Bancorp - Common Stock,NASDAQ,False
MBINL,"Merchants Bancorp - Depositary Shares, Each Representing a 1/40th Interest in a Share of 7.625% Fixed Rate Series E Non-Cumulative Perpetual Preferred Stock, without par value",NASDAQ,False
MBINM,"Merchants Bancorp - Depositary Shares, Each Representing a 1/40th Interest in a Share of 8.25% Fixed-Rate Reset Series D Non-Cumulative Perpetual Preferred Stock",NASDAQ,False
MBINN,Merchants Bancorp - Depositary Shares 6.00% Fixed Rate Series C Non-Cumulative Perpetual Preferred Stock,NASDAQ,False
MBIO,"Mustang Bio, Inc. - Common Stock",NASDAQ,False
MBLY,Mobileye Global Inc. - Class A Common Stock,NASDAQ,False
MBND,State Street Nuveen Municipal Bond ETF,Cboe BZX,True
MBNKO,"Medallion Bank - Fixed-Rate Reset Non-Cumulative Perpetual Preferred Stock, Series G, par value $1.00 per share",NASDAQ,False
MBOT,Microbot Medical Inc.  - Common Stock,NASDAQ,False
MBOX,Freedom Day Dividend ETF,NYSE Arca,True
MBRX,"Moleculin Biotech, Inc. - Common Stock",NASDAQ,False
MBS,Angel Oak Mortgage-Backed Securities ETF,NASDAQ,True
MBSD,FlexShares Disciplined Duration MBS Index Fund,NYSE Arca,True
MBSF,Regan Floating Rate MBS ETF,NYSE Arca,True
MBSX,Regan Fixed Rate MBS ETF,NYSE Arca,True
MBUU,"Malibu Boats, Inc. - Common Stock",NASDAQ,False
MBVI,M3-Brigade Acquisition VI Corp. - Class A Ordinary Shares,NASDAQ,False
MBVIU,M3-Brigade Acquisition VI Corp. - Units,NASDAQ,False
MBVIW,M3-Brigade Acquisition VI Corp. - Warrant,NASDAQ,False
MBWM,Mercantile Bank Corporation - Common Stock,NASDAQ,False
MBX,"MBX Biosciences, Inc. - Common Stock",NASDAQ,False
MC,Moelis & Company Class A Common Stock,NYSE,False
MCAH,Mountain Crest Acquisition 6 Corp. - Ordinary Shares,NASDAQ,False
MCAHR,Mountain Crest Acquisition 6 Corp. - Rights,NASDAQ,False
MCAHU,Mountain Crest Acquisition 6 Corp. - Units,NASDAQ,False
MCB,Metropolitan Bank Holding Corp. Common Stock,NYSE,False
MCBS,"MetroCity Bankshares, Inc. - Common Stock",NASDAQ,False
MCD,McDonald's Corporation Common Stock,NYSE,False
MCDS,JPMorgan Fundamental Data Science Mid Core ETF,NASDAQ,True
MCFT,"MasterCraft Boat Holdings, Inc. - Common Stock",NASDAQ,False
MCGA,Yorkville Acquisition Corp. - Class A Ordinary Share,NASDAQ,False
MCGAU,Yorkville Acquisition Corp. - Unit,NASDAQ,False
MCGAW,Yorkville Acquisition Corp. - Warrant,NASDAQ,False
MCH,Matthews China Active ETF,NYSE Arca,True
MCHB,Mechanics Bancorp - Class A Common Stock,NASDAQ,False
MCHG,Leverage Shares 2X Long MCHP Daily ETF,Cboe BZX,True
MCHI,iShares MSCI China ETF,NASDAQ,True
MCHP,Microchip Technology Incorporated - Common Stock,NASDAQ,False
MCHPP,Microchip Technology Incorporated - Depositary Shares Each Representing a 1/20th Interest in a Share of 7.50% Series A Mandatory Convertible Preferred Stock,NASDAQ,False
MCHS,Matthews China Innovators Active ETF,NASDAQ,True
MCHU,Tradr 2X Long MCHP Daily ETF,Cboe BZX,True
MCHX,"Marchex, Inc. - Class B Common Stock",NASDAQ,False
MCI,Barings Corporate Investors Common Stock,NYSE,False
MCK,McKesson Corporation Common Stock,NYSE,False
MCN,XAI Madison Equity Premium Income Fund Common Shares,NYSE,False
MCO,Moody's Corporation Common Stock,NYSE,False
MCOW,Pacer S&P MidCap 400 Quality FCF Aristocrats ETF,Cboe BZX,True
MCRB,"Seres Therapeutics, Inc. - Common Stock",NASDAQ,False
MCRI,"Monarch Casino & Resort, Inc. - Common Stock",NASDAQ,False
MCRP,Micropolis AI Robotics Ordinary Shares,NYSE American,False
MCS,Marcus Corporation (The) Common Stock,NYSE,False
MCTA,Charming Medical Limited - Class A Ordinary Shares,NASDAQ,False
MCVT,Miller Convertible Total Return ETF,NYSE Arca,True
MCY,Mercury General Corporation Common Stock,NYSE,False
MD,"Pediatrix Medical Group, Inc. Common Stock",NYSE,False
MDA,MDA Space Ltd. Common Shares,NYSE,False
MDAA,Myriad Dynamic Asset Allocation ETF,NYSE Arca,True
MDAI,"Spectral AI, Inc. - Class A Common Stock",NASDAQ,False
MDAIW,"Spectral AI, Inc. - Warrants",NASDAQ,False
MDB,"MongoDB, Inc. - Class A Common Stock",NASDAQ,False
MDBH,"MDB Capital Holdings, LLC - Class A common",NASDAQ,False
MDCR,Pacer Swan SOS Moderate December ETF,Cboe BZX,True
MDCX,Medicus Pharma Ltd. - Common Stock,NASDAQ,False
MDCXW,Medicus Pharma Ltd. - Warrant,NASDAQ,False
MDEV,First Trust Indxx Medical Devices ETF,Cboe BZX,True
MDGL,"Madrigal Pharmaceuticals, Inc. - Common Stock",NASDAQ,False
MDIA,Mediaco Holding Inc. - Class A Common Stock,NASDAQ,False
MDIV,Multi-Asset Diversified Income Index Fund,NASDAQ,True
MDLN,Medline Inc. - Class A common stock,NASDAQ,False
MDLV,Morgan Dempsey Large Cap Value ETF,Cboe BZX,True
MDLZ,"Mondelez International, Inc. - Class A Common Stock",NASDAQ,False
MDPL,Monarch Dividend Plus Index ETF,Cboe BZX,True
MDRR,"Medalist Diversified, Inc. - Common Stock",NASDAQ,False
MDST,Westwood Salient Enhanced Midstream Income ETF,NYSE,True
MDT,Medtronic plc. Ordinary Shares,NYSE,False
MDU,"MDU Resources Group, Inc. Common Stock (Holding Company)",NYSE,False
MDV,"Modiv Industrial, Inc. Class C Common Stock",NYSE,False
MDV$A,"Modiv Industrial, Inc. 7.375% Series A Cumulative Redeemable Perpetual Preferred Stock",NYSE,False
MDWD,MediWound Ltd. - Ordinary Shares,NASDAQ,False
MDXG,"MiMedx Group, Inc - Common Stock",NASDAQ,False
MDXH,MDxHealth SA - Ordinary Shares,NASDAQ,False
MDY,State Street SPDR S&P MIDCAP 400 ETF Trust,NYSE Arca,True
MDYG,State Street SPDR S&P 400 Mid Cap Growth ETF,NYSE Arca,True
MDYV,State Street SPDR S&P 400 Mid Cap Value ETF,NYSE Arca,True
MEAR,iShares Short Maturity Municipal Bond Active ETF,Cboe BZX,True
MEC,"Mayville Engineering Company, Inc. Common Stock",NYSE,False
MED,MEDIFAST INC Common Stock,NYSE,False
MEDI,Harbor Health Care ETF,NYSE Arca,True
MEDP,"Medpace Holdings, Inc. - Common Stock",NASDAQ,False
MEDS,"DataMeds AI, Inc. - Common Stock",NASDAQ,False
MEDX,Horizon Kinetics Medical ETF,NASDAQ,True
MEGI,NYLI CBRE Global Infrastructure Megatrends Term Fund Common Shares,NYSE,False
MEGL,Magic Empire Global Limited - Class A Ordinary Shares,NASDAQ,False
MEI,"Methode Electronics, Inc. Common Stock",NYSE,False
MELI,"MercadoLibre, Inc. - Common Stock",NASDAQ,False
MEM,Matthews Emerging Markets Equity Active ETF,NYSE Arca,True
MEMA,Man Active Emerging Markets Alternative ETF,NASDAQ,True
MEME,Roundhill Meme Stock ETF,NYSE Arca,True
MEMS,Matthews Emerging Markets Discovery Active ETF,NASDAQ,True
MEMX,Matthews Emerging Markets ex China Active ETF,NYSE Arca,True
MEMY,Tuttle Capital Meme Stock Income Blast ETF,Cboe BZX,True
MENS,Jyong Biotech Ltd. - Ordinary shares,NASDAQ,False
MEOH,Methanex Corporation - Common Stock,NASDAQ,False
MER$K,"Bank of America Corporation Income Capital Obligation Notes initially due December 15, 2066",NYSE,False
MERC,Mercer International Inc. - Common Stock,NASDAQ,False
MESH,Meshflow Acquisition Corp. - Class A Ordinary Shares,NASDAQ,False
MESHU,Meshflow Acquisition Corp. - Units,NASDAQ,False
MESHW,Meshflow Acquisition Corp. - Warrants,NASDAQ,False
MESO,Mesoblast Limited - American Depositary Shares,NASDAQ,False
MET,"MetLife, Inc. Common Stock",NYSE,False
MET$A,"MetLife, Inc. Preferred Series A Floating Rate",NYSE,False
MET$E,"MetLife, Inc. Depositary Shares",NYSE,False
MET$F,"MetLife, Inc. Depositary Shares, each representing a 1/1,000th interest in a share of 4.75% Non-Cumulative Preferred Stock, Series F",NYSE,False
META,"Meta Platforms, Inc. - Class A Common Stock",NASDAQ,False
METC,"Ramaco Resources, Inc. - Class A Common Stock",NASDAQ,False
METCB,"Ramaco Resources, Inc. - Class B Common Stock",NASDAQ,False
METCI,"Ramaco Resources, Inc. - 8.250% Senior Notes due 2030",NASDAQ,False
METCZ,"Ramaco Resources, Inc. - 8.375% Senior Notes due 2029",NASDAQ,False
METD,Direxion Daily META Bear 1X ETF,NASDAQ,True
METG,Leverage Shares 2X Long META Daily ETF,Cboe BZX,True
METL,Sprott Active Metals & Miners ETF,NASDAQ,True
METU,Direxion Daily META Bull 2X ETF,NASDAQ,True
METV,Roundhill Ball Metaverse ETF,NYSE Arca,True
METW,Roundhill META WeeklyPay ETF,Cboe BZX,True
MEVO,M Evo Global Acquisition Corp II - Class A Ordinary Shares,NASDAQ,False
MEVOU,M Evo Global Acquisition Corp II - Units,NASDAQ,False
MEVOW,M Evo Global Acquisition Corp II - Warrants,NASDAQ,False
MEXX,Direxion Daily MSCI Mexico Bull 3X ETF,NYSE Arca,True
MF,MindForge Inc. - Class A Ordinary Shares,NASDAQ,False
MFA,"MFA Financial, Inc.",NYSE,False
MFA$B,"MFA Financial, Inc. Preferred Series B",NYSE,False
MFA$C,"MFA Financial, Inc. 6.50% Series C Fixed-to-Floating Rate Cumulative Redeemable Preferred Stock",NYSE,False
MFAN,"MFA Financial, Inc. 8.875% Senior Notes due 2029",NYSE,False
MFAO,"MFA Financial, Inc. 9.000% Senior Notes due 2029",NYSE,False
MFC,Manulife Financial Corporation Common Stock,NYSE,False
MFDX,PIMCO RAFI Dynamic Multi-Factor International Equity ETF,NYSE Arca,True
MFEB,Pacer Swan SOS Moderate (February) ETF,Cboe BZX,True
MFEM,PIMCO RAFI Dynamic Multi-Factor Emerging Markets Equity ETF,NYSE Arca,True
MFG,"Mizuho Financial Group, Inc. Sponosred ADR (Japan)",NYSE,False
MFI,mF International Limited - Class A Ordinary Shares,NASDAQ,False
MFIC,MidCap Financial Investment Corporation - Closed End Fund,NASDAQ,False
MFICL,MidCap Financial Investment Corporation - 8.00% Notes due 2028,NASDAQ,False
MFIG,Motley Fool Innovative Growth ETF,NASDAQ,True
MFIN,Medallion Financial Corp. - Common Stock,NASDAQ,False
MFLX,First Trust Flexible Municipal High Income ETF,NASDAQ,True
MFM,Aberdeen Municipal Income Fund Common Shares of Beneficial Interest,NYSE,False
MFMO,Motley Fool Momentum Factor ETF,NASDAQ,True
MFP,"Midera Food Processing, Inc. - Common Stock",NASDAQ,False
MFSB,MFS Active Core Plus Bond ETF,NYSE,True
MFSG,MFS Active Growth ETF,NYSE,True
MFSI,MFS Active International ETF,NYSE,True
MFSM,MFS Active Intermediate Muni Bond ETF,NYSE,True
MFSV,MFS Active Value ETF,NYSE,True
MFUL,Mindful Conservative ETF,Cboe BZX,True
MFUS,PIMCO RAFI Dynamic Multi-Factor U.S. Equity ETF,NYSE Arca,True
MFUT,Cambria Chesapeake Pure Trend ETF,Cboe BZX,True
MFVL,Motley Fool Value Factor ETF,NASDAQ,True
MG,Mistras Group Inc Common Stock,NYSE,False
MGA,"Magna International, Inc. Common Stock",NYSE,False
MGC,Vanguard Mega Cap ETF,NYSE Arca,True
MGEE,MGE Energy Inc. - Common Stock,NASDAQ,False
MGF,Aberdeen Government Markets Income Fund Common Shares of Beneficial Interest,NYSE,False
MGIH,Millennium Group International Holdings Limited - Ordinary Shares,NASDAQ,False
MGK,Vanguard Mega Cap Growth ETF,NYSE Arca,True
MGKX,Corgi U.S. Mega-Cap Growth 2x Daily ETF,Cboe BZX,True
MGLD,"The Marygold Companies, Inc. Common Stock",NYSE American,False
MGM,MGM Resorts International Common Stock,NYSE,False
MGMT,Ballast Small/Mid Cap ETF,NYSE Arca,True
MGN,Megan Holdings Limited - Class A Ordinary Shares,NASDAQ,False
MGNI,"Magnite, Inc. - Common Stock",NASDAQ,False
MGNR,American Beacon Select Funds American Beacon GLG Natural Resources ETF,NYSE Arca,True
MGNX,"MacroGenics, Inc. - Common Stock",NASDAQ,False
MGOV,First Trust Intermediate Government Opportunities ETF,NYSE Arca,True
MGPI,"MGP Ingredients, Inc. - Common Stock",NASDAQ,False
MGR,"Affiliated Managers Group, Inc. 5.875% Junior Subordinated Notes due 2059",NYSE,False
MGRB,"Affiliated Managers Group, Inc. 4.750% Junior Subordinated Notes due 2060",NYSE,False
MGRC,McGrath RentCorp - Common Stock,NASDAQ,False
MGRD,"Affiliated Managers Group, Inc. 4.200% Junior Subordinated Notes due 2061",NYSE,False
MGRE,"Affiliated Managers Group, Inc. 6.750% Junior Subordinated Notes due 2064",NYSE,False
MGRT,Mega Fortune Company Limited - Ordinary Shares,NASDAQ,False
MGRX,"Mangoceuticals, Inc. - Common Stock",NASDAQ,False
MGTX,MeiraGTx Holdings plc - Ordinary Shares,NASDAQ,False
MGV,Vanguard Mega Cap Value ETF,NYSE Arca,True
MGX,"Metagenomi Therapeutics, Inc. - Common Stock",NASDAQ,False
MGY,Magnolia Oil & Gas Corporation Class A Common Stock,NYSE,False
MGYR,"Magyar Bancorp, Inc. - Common Stock",NASDAQ,False
MH,"McGraw Hill, Inc. Common Stock",NYSE,False
MHD,"Blackrock MuniHoldings Fund, Inc. Common Stock",NYSE,False
MHF,"Western Asset Municipal High Income Fund, Inc. Common Stock",NYSE,False
MHH,"Mastech Digital, Inc Common Stock",NYSE American,False
MHIG,Milliman Healthcare Inflation Guard ETF,NYSE Arca,True
MHIP,Milliman Healthcare Inflation Plus ETF,NYSE Arca,True
MHK,"Mohawk Industries, Inc. Common Stock",NYSE,False
MHLA,"Maiden Holdings, Ltd. 6.625% Notes due 2046",NYSE,False
MHNC,"Maiden Holdings North America, Ltd. 7.75% Notes due 2043",NYSE,False
MHO,"M/I Homes, Inc. Common Stock",NYSE,False
MHX,Corgi MARA 2x Daily ETF,Cboe BZX,True
MHY,Man Active High Yield ETF,NYSE Arca,True
MI,NFT Limited Class A Ordinary Share,NYSE American,False
MIACU,Meridian3 Industrials Acquisition Corp - Units,NASDAQ,False
MIAX,"Miami International Holdings, Inc. Common Stock",NYSE,False
MIC,Corgi MU 2x Daily ETF,Cboe BZX,True
MICC,The Magnum Ice Cream Company N.V. Ordinary Shares,NYSE,False
MID,American Century Mid Cap Growth Impact ETF,NYSE Arca,True
MIDD,The Middleby Corporation - Common Stock,NASDAQ,False
MIDE,Xtrackers S&P MidCap 400 Scored & Screened ETF,NYSE Arca,True
MIDU,Direxion Mid Cap Bull 3X ETF,NYSE Arca,True
MIG,VanEck Moody's Analytics IG Corporate Bond ETF,Cboe BZX,True
MIGO,MIG Core ETF,NYSE Arca,True
MILK,Pacer US Cash Cows Bond ETF,Cboe BZX,True
MILN,Global X Millennial Consumer ETF,NASDAQ,True
MIMI,Mint Incorporation Limited - Class A Ordinary Shares,NASDAQ,False
MIN,Aberdeen Intermediate Income Fund Common Shares of Beneficial Interest,NYSE,False
MIND,"MIND Technology, Inc. - Common Stock",NASDAQ,False
MINE,Mayfair Gold Corp. Common Shares,NYSE American,False
MINN,Mairs & Power Minnesota Municipal Bond ETF,Cboe BZX,True
MINO,PIMCO Municipal Income Opportunities Active Exchange-Traded Fund,NYSE Arca,True
MINT,PIMCO Enhanced Short Maturity Active Exchange-Traded Fund,NYSE Arca,True
MINV,Matthews Asia Innovators Active ETF,NYSE Arca,True
MINY,YieldMax Strategic Metals & Mining Portfolio Option Income ETF,NYSE Arca,True
MIR,"Mirion Technologies, Inc. Class A Common Stock",NYSE,False
MIRA,"MIRA Pharmaceuticals, Inc. - Common Stock",NASDAQ,False
MIRM,"Mirum Pharmaceuticals, Inc. - common stock",NASDAQ,False
MISL,First Trust Indxx Aerospace & Defense ETF,NYSE Arca,True
MIST,Milestone Pharmaceuticals Inc. - Common Shares,NASDAQ,False
MITK,"Mitek Systems, Inc. - Common Stock",NASDAQ,False
MITN,"TPG Mortgage Investment Trust, Inc. 9.500% Senior Notes due 2029",NYSE,False
MITP,"TPG Mortgage Investment Trust, Inc. 9.500% Senior Notes due 2029",NYSE,False
MITQ,"Moving iMage Technologies, Inc. Common Stock",NYSE American,False
MITT,"TPG Mortgage Investment Trust, Inc. Common Stock",NYSE,False
MITT$A,"TPG Mortgage Investment Trust, Inc. 8.25% Series A Cumulative Redeemable Preferred Stock",NYSE,False
MITT$B,"TPG Mortgage Investment Trust, Inc. 8.00% Series B Cumulative Redeemable Preferred Stock",NYSE,False
MITT$C,"TPG Mortgage Investment Trust, Inc. 8.00% Series C Fixed-to-Floating Rate Cumulative Redeemable Preferred Stock, $0.01 par value per share",NYSE,False
MIVL,MFS Active International Value ETF,NYSE Arca,True
MIY,"Blackrock MuniYield Michigan Quality Fund, Inc. Common Stock",NYSE,False
MJ,Amplify Alternative Harvest ETF,NYSE Arca,True
MJSC,MUFG Japan Small Cap Active ETF,NYSE Arca,True
MJUN,Pacer Swan SOS Moderate June ETF,Cboe BZX,True
MKAM,MKAM ETF,NASDAQ,True
MKC,"McCormick & Company, Incorporated Common Stock",NYSE,False
MKC.V,"McCormick & Company, Incorporated Common Stock",NYSE,False
MKDW,MKDWELL Tech Inc. - Ordinary Shares,NASDAQ,False
MKDWW,MKDWELL Tech Inc. - Warrants,NASDAQ,False
MKL,Markel Group Inc. Common Stock,NYSE,False
MKLY,McKinley Acquisition Corporation - Class A Ordinary Shares,NASDAQ,False
MKLYR,McKinley Acquisition Corporation - Rights,NASDAQ,False
MKLYU,McKinley Acquisition Corporation - Units,NASDAQ,False
MKOR,Matthews Korea Active ETF,NYSE Arca,True
MKSI,MKS Inc. - Common Stock,NASDAQ,False
MKTN,Federated Hermes MDT Market Neutral ETF,NYSE Arca,True
MKTW,"MarketWise, Inc. - Class A Common Stock",NASDAQ,False
MKTX,"MarketAxess Holdings, Inc. - Common Stock",NASDAQ,False
MKZR,"MacKenzie Realty Capital, Inc. - Common Stock",NASDAQ,False
MLAA,Mountain Lake Acquisition Corp. II - Class A Ordinary Shares,NASDAQ,False
MLAAU,Mountain Lake Acquisition Corp. II - Units,NASDAQ,False
MLAAW,Mountain Lake Acquisition Corp. II - Warrants,NASDAQ,False
MLAB,"Mesa Laboratories, Inc. - Common Stock",NASDAQ,False
MLCI,Mount Logan Capital Inc. - Common Stock,NASDAQ,False
MLCIL,Mount Logan Capital Inc. - 8.00% Notes Due 2031,NASDAQ,False
MLCO,Melco Resorts & Entertainment Limited - American Depositary Shares,NASDAQ,False
MLDR,Global X Intermediate-Term Treasury Ladder ETF,NYSE Arca,True
MLEC,Moolec Science SA - Ordinary Shares,NASDAQ,False
MLECW,Moolec Science SA - Warrant,NASDAQ,False
MLGO,"MicroAlgo, Inc. - Ordinary Shares",NASDAQ,False
MLI,"Mueller Industries, Inc. Common Stock",NYSE,False
MLKN,"MillerKnoll, Inc. - Common Stock",NASDAQ,False
MLM,"Martin Marietta Materials, Inc. Common Stock",NYSE,False
MLN,VanEck Long Muni ETF,Cboe BZX,True
MLP,"Maui Land & Pineapple Company, Inc. Common Stock",NYSE,False
MLPA,Global X MLP ETF,NYSE Arca,True
MLPB,"ETRACS Alerian MLP Infrastructure Index ETN Series B due April 2, 2040",NYSE Arca,False
MLPD,Global X MLP & Energy Infrastructure Covered Call ETF,NYSE Arca,True
MLPI,NEOS MLP & Energy Infrastructure High Income ETF,Cboe BZX,True
MLPR,ETRACS Quarterly Pay 1.5X Leveraged Alerian MLP Index ETN,NYSE Arca,True
MLPX,Global X MLP & Energy Infrastructure ETF,NYSE Arca,True
MLR,"Miller Industries, Inc. Common Stock",NYSE,False
MLSS,"Milestone Scientific, Inc. Common Stock",NYSE American,False
MLTX,MoonLake Immunotherapeutics - Class A Ordinary Shares,NASDAQ,False
MLYS,"Mineralys Therapeutics, Inc. - Common Stock",NASDAQ,False
MMA,Mixed Martial Arts Group Limited Ordinary Shares,NYSE American,False
MMAR,Pacer Swan SOS Moderate March ETF,Cboe BZX,True
MMAX,iShares Large Cap Max Buffer Mar ETF,Cboe BZX,True
MMAY,Pacer Swan SOS Moderate (May) ETF,Cboe BZX,True
MMCA,NYLI MacKay California Muni Intermediate ETF,NYSE Arca,True
MMD,NYLI MacKay DefinedTerm Muni Opportunities Fund Common Shares,NYSE,False
MMED,"MiniMed Group, Inc. - Common Stock",NASDAQ,False
MMI,"Marcus & Millichap, Inc. Common Stock",NYSE,False
MMID,MFS Active Mid Cap ETF,NYSE,True
MMIN,NYLI MacKay Muni Insured ETF,NYSE Arca,True
MMIT,NYLI MacKay Muni Intermediate ETF,NYSE Arca,True
MMK,State Street Prime Money Market ETF,NYSE,True
MMKT,Texas Capital Government Money Market ETF,NYSE,True
MMLP,Martin Midstream Partners L.P. - Common Units Representing Limited Partnership Interests,NASDAQ,False
MMM,3M Company Common Stock,NYSE,False
MMMA,NYLI MacKay Muni Allocation ETF,NYSE Arca,True
MMS,"Maximus, Inc. Common Stock",NYSE,False
MMSC,First Trust Multi-Manager Small Cap Opportunities ETF,NYSE Arca,True
MMSD,NYLI MacKay Muni Short Duration ETF,NYSE Arca,True
MMSI,"Merit Medical Systems, Inc. - Common Stock",NASDAQ,False
MMT,Aberdeen Multi-Market Income Fund Common Shares of Beneficial Interest,NYSE,False
MMTM,State Street SPDR S&P 1500 Momentum Tilt ETF,NYSE Arca,True
MMTX,Miluna Acquisition Corp - Class A Ordinary Shares,NASDAQ,False
MMTXU,Miluna Acquisition Corp - Units,NASDAQ,False
MMTXW,Miluna Acquisition Corp - Warrant,NASDAQ,False
MMU,"Western Asset Managed Municipals Fund, Inc. Common Stock",NYSE,False
MMYT,MakeMyTrip Limited - Ordinary Shares,NASDAQ,False
MNA,NYLI Merger Arbitrage ETF,NYSE Arca,True
MNBD,ALPS BBH Intermediate Municipal Bond ETF,NYSE Arca,True
MNDO,MIND C.T.I. Ltd. - Ordinary Shares,NASDAQ,False
MNDR,Mobile-health Network Solutions - Class A Ordinary Shares,NASDAQ,False
MNDY,monday.com Ltd. - Ordinary Shares,NASDAQ,False
MNKD,MannKind Corporation - Common Stock,NASDAQ,False
MNOV,"MediciNova, Inc. - Common Stock",NASDAQ,False
MNPR,Monopar Therapeutics Inc. - Common Stock,NASDAQ,False
MNR,Mach Natural Resources LP Common Units representing Limited Partner Interests,NYSE,False
MNRO,"Monro, Inc.  - Common Stock",NASDAQ,False
MNRS,Grayscale Bitcoin Miners ETF,NYSE Arca,True
MNSB,"MainStreet Bancshares, Inc. - Common Stock",NASDAQ,False
MNSBP,"MainStreet Bancshares, Inc. - Depositary Shares",NASDAQ,False
MNSO,"MINISO Group Holding Limited American Depositary Shares, each representing four Ordinary Shares",NYSE,False
MNST,Monster Beverage Corporation - Common Stock,NASDAQ,False
MNSX,Corgi MNST 2x Daily ETF,Cboe BZX,True
MNTK,"Montauk Renewables, Inc. - Common Stock",NASDAQ,False
MNTN,"MNTN, Inc. Class A Common Stock",NYSE,False
MNTS,Momentus Inc. - Class A Common Stock,NASDAQ,False
MNTSW,Momentus Inc. - Warrant,NASDAQ,False
MNVR,Pacer Swan SOS Moderate (November) ETF,Cboe BZX,True
MNVT,Moonvest ETF,NASDAQ,True
MNY,MoneyHero Limited - Class A Ordinary Shares,NASDAQ,False
MNYWW,MoneyHero Limited - Warrants,NASDAQ,False
MNZL,Manzil Russell Halal USA Broad Market ETF,NASDAQ,True
MO,"Altria Group, Inc.",NYSE,False
MOAT,VanEck Morningstar Wide Moat ETF,Cboe BZX,True
MOB,Mobilicom Limited - Ordinary Shares,NASDAQ,False
MOBBW,Mobilicom Limited - Warrants,NASDAQ,False
MOBI,"Mobia Medical, Inc. - Common Stock",NASDAQ,False
MOBX,"Mobix Labs, Inc. - Class A Common Stock",NASDAQ,False
MOBXW,"Mobix Labs, Inc. - Warrants",NASDAQ,False
MOD,Modine Manufacturing Company Common Stock,NYSE,False
MODD,"Modular Medical, Inc. - common stock",NASDAQ,False
MODL,VictoryShares WestEnd U.S. Sector ETF,NASDAQ,True
MOG.A,Moog Inc. Class A Common Stock,NYSE,False
MOG.B,Moog Inc. Class B Common Stock,NYSE,False
MOGU,MOGU Inc. American Depositary Shares (each  representing 25 Class A Ordinary Shares),NYSE,False
MOH,Molina Healthcare Inc Common Stock,NYSE,False
MOLN,Molecular Partners AG - American Depositary Shares,NASDAQ,False
MOMO,Hello Group Inc.  - American Depositary Shares,NASDAQ,False
MOO,VanEck Agribusiness ETF,NYSE Arca,True
MOOD,Relative Sentiment Tactical Allocation ETF,NASDAQ,True
MORN,"Morningstar, Inc. - Common Stock",NASDAQ,False
MORT,VanEck Mortgage REIT Income ETF,NYSE Arca,True
MOS,Mosaic Company (The) Common Stock,NYSE,False
MOTG,VanEck Morningstar Global Wide Moat ETF,Cboe BZX,True
MOTI,VanEck Morningstar International Moat ETF,Cboe BZX,True
MOTO,Guinness Atkinson Smart Transportation & Technology ETF,NYSE Arca,True
MOV,Movado Group Inc. Common Stock,NYSE,False
MOVE,"Corvex, Inc. - Common Stock",NASDAQ,False
MP,MP Materials Corp. Common Stock,NYSE,False
MPA,Blackrock MuniYield Pennsylvania Quality Fund Common Stock,NYSE,False
MPAA,"Motorcar Parts of America, Inc. - Common Stock",NASDAQ,False
MPB,Mid Penn Bancorp - Common Stock,NASDAQ,False
MPC,Marathon Petroleum Corporation Common Stock,NYSE,False
MPG,Leverage Shares 2X Long MP Daily ETF,NASDAQ,True
MPL,Defiance Daily Target 2X Long MP ETF,NYSE Arca,True
MPLT,"MapLight Therapeutics, Inc. - Common Stock",NASDAQ,False
MPLX,MPLX LP Common Units Representing Limited Partner Interests,NYSE,False
MPLY,Monopoly ETF,Cboe BZX,True
MPRO,Monarch ProCap Index ETF,Cboe BZX,True
MPT,"Medical Properties Trust, Inc. common stock",NYSE,False
MPTI,"M-tron Industries, Inc. Common Stock",NYSE American,False
MPU,Mega Matrix Inc. Class A Ordinary Shares,NYSE American,False
MPV,Barings Participation Investors Common Stock,NYSE,False
MPWC,Corgi MPWR 2x Daily ETF,Cboe BZX,True
MPWR,"Monolithic Power Systems, Inc. - Common Stock",NASDAQ,False
MPWX,Tradr 2X Long MPWR Daily ETF,Cboe BZX,True
MQ,"Marqeta, Inc. - Class A Common Stock",NASDAQ,False
MQQQ,Tradr 2X Long Innovation 100 Monthly ETF,NASDAQ,True
MQY,"Blackrock MuniYield Quality Fund, Inc. Common Stock",NYSE,False
MRA,GraniteShares Autocallable MARA ETF,NASDAQ,True
MRAL,GraniteShares 2x Long MARA Daily ETF,NASDAQ,True
MRAM,"Everspin Technologies, Inc. - Common Stock",NASDAQ,False
MRBK,Meridian Corporation - Common Stock,NASDAQ,False
MRCOU,Mercator Acquisition Corp. - Units,NASDAQ,False
MRCP,PGIM S&P 500 Buffer 12 ETF - March,Cboe BZX,True
MRCY,Mercury Systems Inc - Common Stock,NASDAQ,False
MRDN,Meridian Holdings Inc. - Common Stock,NASDAQ,False
MREO,Mereo BioPharma Group plc - American Depositary Shares,NASDAQ,False
MRGR,ProShares Merger ETF,Cboe BZX,True
MRK,"Merck & Company, Inc. Common Stock (new)",NYSE,False
MRKR,"Marker Therapeutics, Inc. - Common Stock",NASDAQ,False
MRLN,"Merlin, Inc. - Common Stock",NASDAQ,False
MRM,MEDIROM Healthcare Technologies Inc. - American Depositary Share,NASDAQ,False
MRNA,"Moderna, Inc. - Common Stock",NASDAQ,False
MRNO,Murano Global Investments PLC - Ordinary Shares,NASDAQ,False
MRNOW,Murano Global Investments PLC - Warrants,NASDAQ,False
MRNX,Defiance Daily Target 2X Long MRNA ETF,NYSE Arca,True
MRNY,YieldMax MRNA Option Income Strategy ETF,NYSE Arca,True
MRP,"Millrose Properties, Inc. Class A Common Stock",NYSE,False
MRSH,Marsh Common Stock,NYSE,False
MRSK,Toews Agility Shares Managed Risk ETF,NYSE Arca,True
MRT,"Marti Technologies, Inc. Class A Ordinary Shares",NYSE American,False
MRTN,"Marten Transport, Ltd. - Common Stock",NASDAQ,False
MRVI,"Maravai LifeSciences Holdings, Inc. - Class A common stock",NASDAQ,False
MRVL,"Marvell Technology, Inc. - Common Stock",NASDAQ,False
MRVU,Direxion Daily MRVL Bull 2X ETF,NASDAQ,True
MRVX,Corgi MRVL 2x Daily ETF,Cboe BZX,True
MRX,Marex Group Limited - Ordinary Shares,NASDAQ,False
MS,Morgan Stanley Common Stock,NYSE,False
MS$A,Morgan Stanley Dep Shs repstg 1/1000 Pfd Ser A,NYSE,False
MS$E,Morgan Stanley DEPOSITARY SHARES REP 1/1000TH SHARES FIXED/FLTG PREFERRED STOCK SERIES E,NYSE,False
MS$F,Morgan Stanley Dep Shs Rpstg 1/1000th Int Prd Ser F Fxd to Flag,NYSE,False
MS$I,Morgan Stanley Depository Shares Representing 1/1000th Preferred Series 1 Fixed to Floating Non (Cum),NYSE,False
MS$K,"Morgan Stanley Depositary Shares, each representing 1/1,000th of a share of Fixed-to-Floating Rate Non-Cumulative Preferred Stock,  Series K",NYSE,False
MS$L,"Morgan Stanley Depositary Shares, each representing 1/1,000th of a share of 4.875% Non-Cumulative Preferred Stock, Series L",NYSE,False
MS$O,"Morgan Stanley Depositary Shares, each representing 1/1,000th of a share of 4.250% Non-Cumulative Preferred Stock, Series O",NYSE,False
MS$P,"Morgan Stanley Depositary Shares, each representing 1/1,000th of a share of 6.500% Non-Cumulative Preferred Stock, Series P",NYSE,False
MS$Q,"Morgan Stanley Depositary Shares, each representing 1/1,000th of a share of 6.625% Non-Cumulative Preferred Stock, Series Q",NYSE,False
MSA,MSA Safety Incorporated Common Stock,NYSE,False
MSAI,"MultiSensor AI Holdings, Inc. - Common Stock",NASDAQ,False
MSAIW,"MultiSensor AI Holdings, Inc. - Warrants",NASDAQ,False
MSB,Mesabi Trust Common Stock,NYSE,False
MSBI,"Midland States Bancorp, Inc. - Common Stock",NASDAQ,False
MSBIP,"Midland States Bancorp, Inc. - Depositary Shares Each Representing a 1/40th Interest in a Share of 7.750% Fixed-Rate Reset Non-Cumulative Perpetual Preferred Stock, Series A",NASDAQ,False
MSBT,Common Units of Beneficial Interest of Morgan Stanley Bitcoin Trust,NYSE Arca,True
MSC,"Studio City International Holdings Limited American depositary shares, each representing four  Class A ordinary shares",NYSE,False
MSCI,MSCI Inc. Common Stock,NYSE,False
MSD,"Morgan Stanley Emerging Markets Debt Fund, Inc. Common Stock",NYSE,False
MSDL,Morgan Stanley Direct Lending Fund Common Stock,NYSE,False
MSEP,Pacer Swan SOS Moderate September ETF,Cboe BZX,True
MSEX,Middlesex Water Company - Common Stock,NASDAQ,False
MSFC,Corgi MSFT 2x Daily ETF,Cboe BZX,True
MSFD,Direxion Daily MSFT Bear 1X ETF,NASDAQ,True
MSFL,GraniteShares 2x Long MSFT Daily ETF,NASDAQ,True
MSFO,YieldMax MSFT Option Income Strategy ETF,NYSE Arca,True
MSFT,Microsoft Corporation - Common Stock,NASDAQ,False
MSFU,Direxion Daily MSFT Bull 2X ETF,NASDAQ,True
MSFW,Roundhill MSFT WeeklyPay ETF,Cboe BZX,True
MSFX,T-Rex 2X Long Microsoft Daily Target ETF,Cboe BZX,True
MSFY,Kurv Yield Premium Strategy Microsoft (MSFT) ETF,Cboe BZX,True
MSGE,Madison Square Garden Entertainment Corp. Class A Common Stock,NYSE,False
MSGM,Motorsport Games Inc. - Class A Common Stock,NASDAQ,False
MSGS,Madison Square Garden Sports Corp. Class A Common Stock (New),NYSE,False
MSGY,Masonglory Limited - Ordinary Shares,NASDAQ,False
MSI,"Motorola Solutions, Inc. Common Stock",NYSE,False
MSIF,"MSC Income Fund, Inc. Common Stock",NYSE,False
MSIX,Corgi MSI 2x Daily ETF,Cboe BZX,True
MSLC,Morgan Stanley Pathway Large Cap Equity ETF,NYSE Arca,True
MSLE,Satellos Bioscience Inc. - Common Stock,NASDAQ,False
MSM,"MSC Industrial Direct Company, Inc. Common Stock",NYSE,False
MSMR,McElhenny Sheffield Managed Risk ETF,Cboe BZX,True
MSN,Emerson Radio Corporation Common Stock,NYSE American,False
MSOL,Morgan Stanley Solana Trust,NYSE Arca,True
MSOS,AdvisorShares Pure US Cannabis ETF,NYSE Arca,True
MSOX,AdvisorShares MSOS Daily Leveraged ETF,NYSE Arca,True
MSR,GraniteShares Autocallable MSTR ETF,NASDAQ,True
MSS,Maison Solutions Inc. - Class A Common Stock,NASDAQ,False
MSSE,Morgan Stanley Ethereum Trust,NYSE Arca,True
MSSM,Morgan Stanley Pathway Small-Mid Cap Equity ETF,NYSE Arca,True
MSSS,Monarch Select Subsector Index ETF,Cboe BZX,True
MSST,YieldMax MSTR Performance & Distribution Target 25 ETF,Cboe BZX,True
MST,Defiance Leveraged Long + Income MSTR ETF,NASDAQ,True
MSTB,LHA Market State Tactical Beta ETF,Cboe BZX,True
MSTC,Corgi MSTR 2x Daily ETF,Cboe BZX,True
MSTI,Madison Short Term Strategic Income ETF,NYSE Arca,True
MSTP,GraniteShares 2x Long MSTR Daily ETF,NASDAQ,True
MSTQ,LHA Market State Tactical Q ETF,Cboe BZX,True
MSTR,Strategy Inc - Class A Common Stock,NASDAQ,False
MSTU,T-Rex 2X Long MSTR Daily Target ETF,Cboe BZX,True
MSTW,Roundhill MSTR WeeklyPay ETF,Cboe BZX,True
MSTX,Defiance Daily Target 2x Long MSTR ETF,NASDAQ,True
MSTY,YieldMax MSTR Option Income Strategy ETF,NYSE Arca,True
MSTZ,T-Rex 2X Inverse MSTR Daily Target ETF,Cboe BZX,True
MT,Arcelor Mittal NY Registry Shares NEW,NYSE,False
MTA,Metalla Royalty & Streaming Ltd. Common Shares,NYSE American,False
MTAKU,Market Technology Acquisition Corp - Unit,NASDAQ,False
MTAL,Metals Acquisition Corp. II Class A Ordinary Shares,NYSE,False
MTAL.U,"Metals Acquisition Corp. II Units, each consisting of one Class A ordinary share and one-third of one redeemable warrant",NYSE,False
MTAL.W,"Metals Acquisition Corp. II Warrants, each whole warrant exercisable for one Class A ordinary share at an exercise price of $11.50 per share",NYSE,False
MTB,M&T Bank Corporation Common Stock,NYSE,False
MTB$H,"M&T Bank Corporation Perpetual Fixed-to-Floating Rate Non-Cumulative Preferred Stock, Series H",NYSE,False
MTB$J,"M&T Bank Corporation Depositary Shares each representing a 1/400th ownership interest in a share of Perpetual 7.500% Non-Cumulative Preferred Stock, Series J",NYSE,False
MTB$K,"M&T Bank Corporation Depositary Shares each representing a 1/400th interest in a share of Perpetual 6.350% Non-Cumulative Preferred Stock, Series K",NYSE,False
MTB$L,"M&T Bank Corporation Depositary Shares each representing a 1/400th ownership interest in a share of Perpetual 6.625% Non-Cumulative Preferred Stock, Series L",NYSE,False
MTBA,Simplify MBS ETF,NYSE Arca,True
MTC,"MMTec, Inc. - Common Shares",NASDAQ,False
MTCH,"Match Group, Inc. - Common Stock",NASDAQ,False
MTD,"Mettler-Toledo International, Inc. Common Stock",NYSE,False
MTDR,Matador Resources Company Common Stock,NYSE,False
MTEK,Maris-Tech Ltd. - ordinary shares,NASDAQ,False
MTEKW,Maris-Tech Ltd. - Warrants,NASDAQ,False
MTEN,Mingteng International Corporation Inc. - Class A Ordinary Shares,NASDAQ,False
MTEX,"Mannatech, Incorporated - Common Stock",NASDAQ,False
MTG,MGIC Investment Corporation Common Stock,NYSE,False
MTGP,WisdomTree Mortgage Plus Bond Fund,NYSE Arca,True
MTH,Meritage Homes Corporation Common Stock,NYSE,False
MTLS,Materialise NV - American Depositary Shares,NASDAQ,False
MTN,"Vail Resorts, Inc. Common Stock",NYSE,False
MTNB,"Matinas Biopharma Holdings, Inc. Common Stock",NYSE American,False
MTNE,CH4 Natural Solutions Corporation Class A Ordinary Shares,NYSE,False
MTNE.U,"CH4 Natural Solutions Corporation Units, each consisting of one Class A ordinary share and one-half of one Warrant",NYSE,False
MTNE.W,"CH4 Natural Solutions Corporation Warrants, each whole warrant exercisable for one Class A Ordinary Share at an exercise price of $11.50 per share",NYSE,False
MTR,Mesa Royalty Trust Common Stock,NYSE,False
MTRA,Invesco International Growth Focus ETF,Cboe BZX,True
MTRN,Materion Corporation,NYSE,False
MTRX,Matrix Service Company - Common Stock,NASDAQ,False
MTSG,Leverage Shares 2X Long MTSI Daily ETF,Cboe BZX,True
MTSI,"MACOM Technology Solutions Holdings, Inc. - Common Stock",NASDAQ,False
MTUL,ETRACS 2x Leveraged MSCI US Momentum Factor TR ETN,NYSE Arca,True
MTUM,iShares MSCI USA Momentum Factor ETF,Cboe BZX,True
MTUS,Metallus Inc. Common Shares,NYSE,False
MTVA,MetaVia Inc.  - Common Stock,NASDAQ,False
MTW,"Manitowoc Company, Inc. (The) Common Stock",NYSE,False
MTX,Minerals Technologies Inc. Common Stock,NYSE,False
MTYY,GraniteShares YieldBOOST MSTR ETF,NASDAQ,True
MTZ,"MasTec, Inc. Common Stock",NYSE,False
MU,"Micron Technology, Inc. - Common Stock",NASDAQ,False
MUA,"Blackrock MuniAssets Fund, Inc Common Stock",NYSE,False
MUA.V,"Blackrock MuniAssets Fund, Inc. Rights (expiring August 20, 2026) Rights when issued",NYSE,False
MUB,iShares National Muni Bond ETF,NYSE Arca,True
MUC,"Blackrock MuniHoldings California Quality Fund, Inc.  Common Stock",NYSE,False
MUD,Direxion Daily MU Bear 1X ETF,NASDAQ,True
MUFG,"Mitsubishi UFJ Financial Group, Inc. Common Stock",NYSE,False
MUJ,"Blackrock MuniHoldings New Jersey Quality Fund, Inc. Common Stock",NYSE,False
MULL,GraniteShares 2x Long MU Daily ETF,NASDAQ,True
MULT,Franklin Multisector Income ETF,NASDAQ,True
MUNA,Northern Trust 2030 Tax-Exempt Distributing Ladder ETF,NYSE Arca,True
MUNB,Northern Trust 2035 Tax-Exempt Distributing Ladder ETF,NYSE Arca,True
MUNC,Northern Trust 2045 Tax-Exempt Distributing Ladder ETF,NYSE Arca,True
MUND,Northern Trust 2055 Tax-Exempt Distributing Ladder ETF,NYSE Arca,True
MUNI,PIMCO Intermediate Municipal Bond Active Exchange-Traded Fund,NYSE Arca,True
MUNX,AMG GW&K Muni Income ETF,NYSE Arca,True
MUNY,Vanguard New York Tax-Exempt Bond ETF,Cboe BZX,True
MUR,Murphy Oil Corporation Common Stock,NYSE,False
MUSA,Murphy USA Inc. Common Stock,NYSE,False
MUSE,TCW Multisector Credit Income ETF,NYSE,True
MUSI,American Century Multisector Income ETF,NYSE Arca,True
MUSQ,MUSQ Global Music Industry Index ETF,NYSE Arca,True
MUST,Columbia Multi-Sector Municipal Income ETF,NYSE Arca,True
MUU,Direxion Daily MU Bull 2X ETF,NASDAQ,True
MUX,McEwen Inc. Common Stock,NYSE,False
MUYY,GraniteShares YieldBOOST MU ETF,NASDAQ,True
MUZ,Defiance Daily Target 2X Short MU ETF,NYSE Arca,True
MUZE,Muzero Acquisition Corp - Class A Ordinary Shares,NASDAQ,False
MUZEU,Muzero Acquisition Corp - Unit,NASDAQ,False
MUZEW,Muzero Acquisition Corp - Warrant,NASDAQ,False
MVAL,VanEck Morningstar Wide Moat Value ETF,Cboe BZX,True
MVBF,MVB Financial Corp. - Common Stock,NASDAQ,False
MVFD,Monarch Volume Factor Dividend Tree Index ETF,Cboe BZX,True
MVFG,Monarch Volume Factor Global Unconstrained Index ETF,Cboe BZX,True
MVIS,"MicroVision, Inc. - Common Stock",NASDAQ,False
MVLL,GraniteShares 2x Long MRVL Daily ETF,NASDAQ,True
MVPA,Miller Value Partners Appreciation ETF,NYSE Arca,True
MVPL,Miller Value Partners Leverage ETF,NYSE Arca,True
MVRL,ETRACS Monthly Pay 1.5X Leveraged Mortgage REIT ETN,NYSE Arca,True
MVST,"Microvast Holdings, Inc. - Common Stock",NASDAQ,False
MVV,ProShares Ultra MidCap400,NYSE Arca,True
MWA,MUELLER WATER PRODUCTS Common Stock,NYSE,False
MWC,"Micware Co., Ltd. - American Depositary Shares",NASDAQ,False
MWG,Multi Ways Holdings Limited Class A Ordinary Shares,NYSE American,False
MWH,"SOLV Energy, Inc. - Class A common stock",NASDAQ,False
MWHS,Skylar Electricity Futures ETF,NYSE Arca,True
MWYN,"Marwynn Holdings, Inc. - Common stock",NASDAQ,False
MX,Magnachip Semiconductor Corporation Common Stock,NYSE,False
MXC,Mexco Energy Corporation Common Stock,NYSE American,False
MXCT,"MaxCyte, Inc. - Common Stock",NASDAQ,False
MXE,"Mexico Equity and Income Fund, Inc. (The) Common Stock",NYSE,False
MXF,"Mexico Fund, Inc. (The) Common Stock",NYSE,False
MXI,iShares Global Materials ETF,NYSE Arca,True
MXL,"MaxLinear, Inc - Common Stock",NASDAQ,False
MYCF,State Street My2026 Corporate Bond ETF,NASDAQ,True
MYCG,State Street My2027 Corporate Bond ETF,NASDAQ,True
MYCH,State Street My2028 Corporate Bond ETF,NASDAQ,True
MYCI,State Street My2029 Corporate Bond ETF,NASDAQ,True
MYCJ,State Street My2030 Corporate Bond ETF,NASDAQ,True
MYCK,State Street My2031 Corporate Bond ETF,NASDAQ,True
MYCL,State Street My2032 Corporate Bond ETF,NASDAQ,True
MYCM,State Street My2033 Corporate Bond ETF,NASDAQ,True
MYCN,State Street My2034 Corporate Bond ETF,NASDAQ,True
MYCO,State Street My2035 Corporate Bond ETF,NASDAQ,True
MYE,"Myers Industries, Inc. Common Stock",NYSE,False
MYFW,"First Western Financial, Inc. - Common Stock",NASDAQ,False
MYGN,"Myriad Genetics, Inc. - Common Stock",NASDAQ,False
MYHA,State Street My2027 High Yield Corporate Bond ETF,NASDAQ,True
MYHB,State Street My2028 High Yield Corporate Bond ETF,NASDAQ,True
MYHC,State Street My2029 High Yield Corporate Bond ETF,NASDAQ,True
MYHD,State Street My2030 High Yield Corporate Bond ETF,NASDAQ,True
MYHE,State Street My2031 High Yield Corporate Bond ETF,NASDAQ,True
MYI,"Blackrock MuniYield Quality Fund III, Inc Common Stock",NYSE,False
MYLD,Cambria Micro and SmallCap Shareholder Yield ETF,Cboe BZX,True
MYMF,State Street My2026 Municipal Bond ETF,NASDAQ,True
MYMG,State Street My2027 Municipal Bond ETF,NASDAQ,True
MYMH,State Street My2028 Municipal Bond ETF,NASDAQ,True
MYMI,State Street My2029 Municipal Bond ETF,NASDAQ,True
MYMJ,State Street My2030 Municipal Bond ETF,NASDAQ,True
MYMK,State Street My2031 Municipal Bond ETF,NASDAQ,True
MYN,"Blackrock MuniYield New York Quality Fund, Inc.Common Stock",NYSE,False
MYND,"Mynd.ai, Inc. American Depositary Shares",NYSE American,False
MYO,Myomo Inc. Common Stock,NYSE American,False
MYPS,"PLAYSTUDIOS, Inc.  - Class A Common Stock",NASDAQ,False
MYRG,"MYR Group, Inc. - Common Stock",NASDAQ,False
MYSE,"Myseum.AI, Inc. - Common Stock",NASDAQ,False
MYSEW,"Myseum.AI, Inc. - Series A Warrant",NASDAQ,False
MYSZ,"My Size, Inc. - Common Stock",NASDAQ,False
MYX,Maywood Acquisition Corp. 2 - Class A Ordinary Share,NASDAQ,False
MYXXR,Maywood Acquisition Corp. 2 - Rights,NASDAQ,False
MYXXU,Maywood Acquisition Corp. 2 - Units,NASDAQ,False
MYXXW,Maywood Acquisition Corp. 2 - Warrants,NASDAQ,False
MYY,ProShares Short MidCap400,NYSE Arca,True
MZTI,The Marzetti Company - Common Stock,NASDAQ,False
MZYX,MOZAYYX Acquisition Corp. Class A Ordinary Shares,NYSE,False
MZYX.U,"MOZAYYX Acquisition Corp. Units, each consisting of one Class A ordinary share and one-quarter of one redeemable warrant",NYSE,False
MZYX.W,"MOZAYYX Acquisition Corp. Redeemable warrants, each whole warrant exercisable for one Class A ordinary share at an exercise price of $11.50",NYSE,False
MZZ,ProShares UltraShort MidCap400,NYSE Arca,True
NAAS,NaaS Technology Inc. - American Depositary Shares,NASDAQ,False
NABL,"N-able, Inc. Common Stock",NYSE,False
NAC,Nuveen California Quality Municipal Income Fund,NYSE,False
NACP,Impact Shares NAACP Minority Empowerment ETF,NYSE Arca,True
NAD,Nuveen Quality Municipal Income Fund Common Stock,NYSE,False
NAGE,"Niagen Bioscience, Inc. - Common Stock",NASDAQ,False
NAII,"Natural Alternatives International, Inc. - Common Stock",NASDAQ,False
NAIL,Direxion Daily Homebuilders & Supplies Bull 3X ETF,NYSE Arca,True
NAK,"Northern Dynasty Minerals, Ltd. Common Stock",NYSE American,False
NAKA,Nakamoto Inc. - Common Stock,NASDAQ,False
NAMI,Jinxin Technology Holding Company - American Depositary Shares,NASDAQ,False
NAMM,Namib Minerals - Ordinary Shares,NASDAQ,False
NAMMW,Namib Minerals - Warrants,NASDAQ,False
NAMS,NewAmsterdam Pharma Company N.V. - Ordinary Shares,NASDAQ,False
NAMSW,NewAmsterdam Pharma Company N.V. - Warrant,NASDAQ,False
NAN,Nuveen New York Quality Municipal Income Fund Common Stock,NYSE,False
NANC,Unusual Whales Subversive Democratic Trading ETF,Cboe BZX,True
NANR,State Street SPDR S&P North American Natural Resources ETF,NYSE Arca,True
NAPR,Innovator Growth-100 Power Buffer ETF - April,Cboe BZX,True
NASA,Tema Space Innovators ETF,NYSE Arca,True
NAT,Nordic American Tankers Limited Common Stock,NYSE,False
NATH,"Nathan's Famous, Inc. - Common Stock",NASDAQ,False
NATL,NCR Atleos Corporation Common Stock,NYSE,False
NATO,Themes Transatlantic Defense ETF,NASDAQ,True
NATR,"Nature's Sunshine Products, Inc. - Common Stock",NASDAQ,False
NAUG,Innovator Growth-100 Power Buffer ETF - August,Cboe BZX,True
NAUT,"Nautilus Biotechnology, Inc. - Common Stock",NASDAQ,False
NAVI,Navient Corporation - Common Stock,NASDAQ,False
NAVN,"Navan, Inc. - Class A Common Stock",NASDAQ,False
NAZ,Nuveen Arizona Quality Municipal Income Fund Common Stock,NYSE,False
NB,NioCorp Developments Ltd. - Common Stock,NASDAQ,False
NBB,Nuveen Taxable Municipal Income Fund Common Shares of Beneficial Interest,NYSE,False
NBBK,"NB Bancorp, Inc. - Common Stock",NASDAQ,False
NBCE,Neuberger China Equity ETF,NYSE Arca,True
NBCM,Neuberger Commodity Strategy ETF,NYSE Arca,True
NBCR,Neuberger Core Equity ETF,NYSE Arca,True
NBDS,Neuberger Disrupters ETF,NYSE Arca,True
NBET,Neuberger Energy Transition & Infrastructure ETF,NYSE Arca,True
NBFC,Neuberger Flexible Credit Income ETF,NYSE Arca,True
NBFR,Innovator Nasdaq-100 Managed 10 Buffer ETF,NYSE Arca,True
NBGX,Neuberger Growth ETF,NYSE Arca,True
NBH,Neuberger Municipal Fund Inc. Common Stock,NYSE American,False
NBHC,National Bank Holdings Corporation Common Stock,NYSE,False
NBIC,Corgi NBIS 2x Daily ETF,Cboe BZX,True
NBIE,Neuberger International Core Equity ETF,NYSE Arca,True
NBIG,Leverage Shares 2X Long NBIS Daily ETF,NASDAQ,True
NBIL,GraniteShares 2x Long NBIS Daily ETF,NASDAQ,True
NBIS,Nebius Group N.V. - Class A Ordinary Shares,NASDAQ,False
NBIX,"Neurocrine Biosciences, Inc. - Common Stock",NASDAQ,False
NBIZ,Tradr 2X Short NBIS Daily ETF,Cboe BZX,True
NBJP,Neuberger Japan Equity ETF,NYSE Arca,True
NBN,Northeast Bank - Common Stock,NASDAQ,False
NBOS,Neuberger Option Strategy ETF,NYSE Arca,True
NBP,NovaBridge Biosciences - American Depositary Shares,NASDAQ,False
NBR,Nabors Industries Ltd.,NYSE,False
NBRG,Newbridge Acquisition Limited - Class A Ordinary Share,NASDAQ,False
NBRGR,Newbridge Acquisition Limited - Rights,NASDAQ,False
NBRGU,Newbridge Acquisition Limited - Unit,NASDAQ,False
NBSD,Neuberger Short Duration Income ETF,NYSE Arca,True
NBSM,Neuberger Small-Mid Cap ETF,NYSE Arca,True
NBTB,NBT Bancorp Inc. - Common Stock,NASDAQ,False
NBTR,Neuberger Total Return Bond ETF,NYSE Arca,True
NBTX,Nanobiotix S.A. - ADSs,NASDAQ,False
NBXG,Neuberger Next Generation Connectivity Fund Inc. Common Stock,NYSE,False
NC,"NACCO Industries, Inc. Common Stock",NYSE,False
NCA,Nuveen California Municipal Value Fund,NYSE,False
NCDL,Nuveen Churchill Direct Lending Corp. Common Stock,NYSE,False
NCEL,NewcelX Ltd. - Ordinary Shares,NASDAQ,False
NCEW,New Century Logistics (BVI) Limited - Ordinary Shares,NASDAQ,False
NCI,Neo-Concept International Group Holdings Limited - Class A Ordinary Shares,NASDAQ,False
NCIQ,Hashdex Nasdaq CME Crypto Index ETF,NASDAQ,True
NCL,Northann Corp. Common Stock,NYSE American,False
NCLH,Norwegian Cruise Line Holdings Ltd. Ordinary Shares,NYSE,False
NCLO,Nuveen AA-BBB CLO ETF,NYSE Arca,True
NCMI,"National CineMedia, Inc. - Common Stock",NASDAQ,False
NCNA,NuCana plc - American Depositary Shares,NASDAQ,False
NCNO,"nCino, Inc. - Common Stock",NASDAQ,False
NCOOU,Southern Cross Acquisition I Corp. - Units,NASDAQ,False
NCPB,Nuveen Core Plus Bond ETF,NASDAQ,True
NCPL,Netcapital Inc. - Common Stock,NASDAQ,False
NCPLW,Netcapital Inc. - warrants,NASDAQ,False
NCRA,"Nocera, Inc. - common stock",NASDAQ,False
NCSM,"NCS Multistage Holdings, Inc. - Common Stock",NASDAQ,False
NCT,Intercont (Cayman) Limited - Class A Ordinary shares,NASDAQ,False
NCTY,The9 Limited - American Depository Shares,NASDAQ,False
NCV,Virtus Convertible & Income Fund Common Shares of Beneficial Interest,NYSE,False
NCV$A,Virtus Convertible & Income Fund 5.625% Series A Cumulative Preferred Shares,NYSE,False
NCZ,Virtus Convertible & Income Fund II Common Shares of Beneficial Interest,NYSE,False
NCZ$A,Virtus Convertible & Income Fund II 5.50% Series A Cumulative Preferred Shares,NYSE,False
NDAA,Ned Davis Research 360 Dynamic Allocation ETF,NASDAQ,True
NDAQ,"Nasdaq, Inc. - Common Stock",NASDAQ,False
NDEC,Innovator Growth-100 Power Buffer ETF - December,Cboe BZX,True
NDIA,Global X India Active ETF,NYSE Arca,True
NDIV,Amplify Energy & Natural Resources Covered Call ETF,NYSE Arca,True
NDLS,Noodles & Company - Class A Common Stock,NASDAQ,False
NDMO,Nuveen Dynamic Municipal Opportunities Fund Common Shares of Beneficial Interest,NYSE,False
NDOW,Anydrus Advantage ETF,Cboe BZX,True
NDRA,ENDRA Life Sciences Inc. - Common Stock,NASDAQ,False
NDSN,Nordson Corporation - Common Stock,NASDAQ,False
NE,Noble Corporation plc A Ordinary Shares,NYSE,False
NE.A,Noble Corporation plc Tranche 2 Warrants,NYSE,False
NE.W,Noble Corporation plc Tranche 1 Warrants,NYSE,False
NEA,Nuveen AMT-Free Quality Municipal Income Fund Common Shares of Beneficial Interest Par Value $.01,NYSE,False
NEAR,iShares Short Duration Bond Active ETF,Cboe BZX,True
NEBX,Tradr 2X Long NBIS Daily ETF,Cboe BZX,True
NECB,"NorthEast Community Bancorp, Inc. - Common Stock",NASDAQ,False
NEE,"NextEra Energy, Inc. Common Stock",NYSE,False
NEE$N,"NextEra Energy Capital Holdings Inc. Series N Junior Subordinated Debentures due March 1, 2079",NYSE,False
NEE$S,"NextEra Energy, Inc. 7.299% Corporate Units",NYSE,False
NEE$T,"NextEra Energy, Inc. 7.234% Corporate Units",NYSE,False
NEE$U,"NextEra Energy, Inc. Series U Junior Subordinated Debentures due June 1, 2085",NYSE,False
NEE$V,"NextEra Energy, Inc. 7.375% Corporate Units",NYSE,False
NEE$W,"NextEra Energy Capital Holdings Inc. Series Z Junior Subordinated Debentures due April 15, 2086",NYSE,False
NEGG,"Newegg Commerce, Inc. - Common Shares",NASDAQ,False
NEHI,NEOS Ethereum High Income ETF,Cboe BZX,True
NELS,Nelson Select ETF,Cboe BZX,True
NEM,Newmont Corporation,NYSE,False
NEMD,Neuberger Emerging Markets Debt Hard Currency ETF,NYSE Arca,True
NEMG,Leverage Shares 2x Long NEM Daily ETF,NASDAQ,True
NEN,New England Realty Associates Limited Partnership Class A Depositary Receipts Evidencing Units of Limited Partnership,NYSE American,False
NEO,"NeoGenomics, Inc. - Common Stock",NASDAQ,False
NEOG,Neogen Corporation - Common Stock,NASDAQ,False
NEON,Neonode Inc. - Common Stock,NASDAQ,False
NEOV,NeoVolta Inc. - Common Stock,NASDAQ,False
NEOVW,NeoVolta Inc. - Warrant,NASDAQ,False
NEPH,"Nephros, Inc. - Common Stock",NASDAQ,False
NERD,Roundhill Video Games ETF,Cboe BZX,True
NERV,"Minerva Neurosciences, Inc - Common Stock",NASDAQ,False
NESR,National Energy Services Reunited Corp - Ordinary Shares,NASDAQ,False
NET,"Cloudflare, Inc. Class A Common Stock",NYSE,False
NETG,Leverage Shares 2X Long NET Daily ETF,NASDAQ,True
NETL,Colterpoint Net Lease Real Estate ETF,NYSE Arca,True
NEU,NewMarket Corp Common Stock,NYSE,False
NEUP,Neuphoria Therapeutics Inc. - Common Stock,NASDAQ,False
NEWP,New Pacific Metals Corp. Common Shares,NYSE American,False
NEWT,"NewtekOne, Inc. - Common Stock",NASDAQ,False
NEWTG,"NewtekOne, Inc. - 8.50% Fixed Rate Senior Notes due 2029",NASDAQ,False
NEWTH,"NewtekOne, Inc. - 8.625% Fixed Rate Senior Notes due 2029",NASDAQ,False
NEWTI,"NewtekOne, Inc. - 8.00% Fixed Rate Senior Notes due 2028",NASDAQ,False
NEWTO,"NewtekOne, Inc. - 8.50% Fixed Rate Senior Notes due 2031",NASDAQ,False
NEWTP,"NewtekOne, Inc. - Depositary Shares, Each Representing a 1/40th Interest in a Share of 8.500% Fixed Rate Reset Non-Cumulative Perpetual Preferred Stock, Series B",NASDAQ,False
NEWZ,StockSnips AI-Powered Sentiment US All Cap ETF,NASDAQ,True
NEXA,Nexa Resources S.A. Common Shares,NYSE,False
NEXM,NexMetals Mining Corp. - Common Stock,NASDAQ,False
NEXN,Nexxen International Ltd. - Ordinary Shares,NASDAQ,False
NEXR,Nexera Technologies Ltd - Ordinary Shares,NASDAQ,False
NEXRW,Nexera Technologies Ltd - Warrant,NASDAQ,False
NEXT,NextDecade Corporation - Common Stock,NASDAQ,False
NFE,New Fortress Energy Inc. - Class A Common Stock,NASDAQ,False
NFEB,Innovator Growth-100 Power Buffer ETF - February,Cboe BZX,True
NFG,National Fuel Gas Company Common Stock,NYSE,False
NFGC,New Found Gold Corp Common Shares,NYSE American,False
NFJ,"Virtus Dividend, Interest & Premium Strategy Fund Common Shares of Beneficial Interest",NYSE,False
NFLP,Kurv Yield Premium Strategy Netflix (NFLX) ETF,Cboe BZX,True
NFLT,Virtus Newfleet Multi-Sector Bond ETF,NYSE Arca,True
NFLU,T-Rex 2X Long NFLX Daily Target ETF,Cboe BZX,True
NFLW,Roundhill NFLX WeeklyPay ETF,Cboe BZX,True
NFLX,"Netflix, Inc. - Common Stock",NASDAQ,False
NFLY,YieldMax NFLX Option Income Strategy ETF,NYSE Arca,True
NFRA,FlexShares STOXX Global Broad Infrastructure Index Fund,NYSE Arca,True
NFRX,Harrison Street Infrastructure Active ETF,NASDAQ,True
NFTY,First Trust India Nifty 50 Equal Weight ETF,NASDAQ,True
NFX,Corgi NFLX 2x Daily ETF,Cboe BZX,True
NFXL,Direxion Daily NFLX Bull 2X ETF,NASDAQ,True
NFXS,Direxion Daily NFLX Bear 1X ETF,NASDAQ,True
NG,Novagold Resources Inc.,NYSE American,False
NGEN,NervGen Pharma Corp. - Common stock,NASDAQ,False
NGG,"National Grid Transco, PLC National Grid PLC (NEW) American Depositary Shares",NYSE,False
NGHT,Nicholas Bitcoin and Treasuries AfterDark ETF,NASDAQ,True
NGIF,Nuveen Global Infrastructure Fund: ETF Class Shares,NYSE Arca,True
NGL,NGL ENERGY PARTNERS LP Common Units representing Limited Partner Interests,NYSE,False
NGL$B,NGL ENERGY PARTNERS LP 9.00% Class B Fixed-to-Floating Rate Cumulative Redeemable Perpetual Preferred Units representing limited partnership interests,NYSE,False
NGL$C,NGL ENERGY PARTNERS LP 9.625% Class C Fixed-to-Floating Rate Cumulative  Redeemable Perpetual Preferred Units representing  limited partner interests,NYSE,False
NGNE,Neurogene Inc. - Common Stock,NASDAQ,False
NGS,"Natural Gas Services Group, Inc. Common Stock",NYSE,False
NGVC,"Natural Grocers by Vitamin Cottage, Inc. Common Stock",NYSE,False
NGVT,Ingevity Corporation Common Stock,NYSE,False
NHC,National HealthCare Corporation Common Stock,NYSE American,False
NHI,"National Health Investors, Inc. Common Stock",NYSE,False
NHIC,NewHold Investment Corp III - Class A Ordinary shares,NASDAQ,False
NHICU,NewHold Investment Corp III - Units,NASDAQ,False
NHICW,NewHold Investment Corp III - Warrants,NASDAQ,False
NHIV,NewHold Investment Corp IV - Class A Ordinary Shares,NASDAQ,False
NHIVU,NewHold Investment Corp IV - Units,NASDAQ,False
NHIVW,NewHold Investment Corp IV - Warrants,NASDAQ,False
NHP,"National Healthcare Properties, Inc. - Class A Common Stock",NASDAQ,False
NHPAP,"National Healthcare Properties, Inc. - 7.375% Series A Cumulative Redeemable Perpetual Preferred Stock",NASDAQ,False
NHPBP,"National Healthcare Properties, Inc. - 7.125% Series B Cumulative Redeemable Perpetual Preferred Stock",NASDAQ,False
NHS,Neuberger High Yield Strategies Fund Inc. Common Stock,NYSE American,False
NHTC,Natural Health Trends Corp. - Common Stock,NASDAQ,False
NHYB,Nuveen High Yield Corporate Bond ETF,NYSE Arca,True
NHYM,Nuveen High Yield Municipal Income ETF,NYSE Arca,True
NI,NiSource Inc Common Stock,NYSE,False
NIC,Nicolet Bankshares Inc. Common Stock,NYSE,False
NICE,NICE Ltd - American Depositary Shares each representing one Ordinary Share,NASDAQ,False
NICM,Nicola Mining Inc. - American Depositary Shares,NASDAQ,False
NICO,Hexis Active Nicotine Engagement ETF,NYSE Arca,True
NIE,Virtus Equity & Convertible Income Fund Common Shares of Beneficial Interest,NYSE,False
NIHI,NEOS MSCI EAFE High Income ETF,Cboe BZX,True
NIKI,"Niki BioSolutions, Inc. - Common Stock",NASDAQ,False
NIKL,Sprott Nickel Miners ETF,NASDAQ,True
NIM,Nuveen Select Maturities Municipal Fund Common Stock,NYSE,False
NINE,"Nine Energy Service, Inc. Common Stock",NYSE American,False
NIO,"NIO Inc. American depositary shares, each  representing one Class A ordinary share",NYSE,False
NIOBW,NioCorp Developments Ltd. - Warrant,NASDAQ,False
NIOG,Leverage Shares 2X Long NIO Daily ETF,NASDAQ,True
NIPG,NIP Group Inc. - American Depositary Shares,NASDAQ,False
NIQ,NIQ Global Intelligence plc Ordinary Shares,NYSE,False
NISM,NYLI International Small-Mid Cap Equity ETF,NYSE Arca,True
NITE,The Nightview Fund NITE,NYSE Arca,True
NIU,Niu Technologies - American Depositary Shares,NASDAQ,False
NIVF,NewGenIvf Group Limited - Class A Ordinary Shares,NASDAQ,False
NIVFW,NewGenIvf Group Limited - Warrants,NASDAQ,False
NIXT,Research Affiliates Deletions ETF,NASDAQ,True
NIXX,"Nixxy, Inc. - Common Stock",NASDAQ,False
NJAN,Innovator Growth-100 Power Buffer ETF - January,Cboe BZX,True
NJNK,Columbia U.S. High Yield ETF,NYSE Arca,True
NJR,NewJersey Resources Corporation Common Stock,NYSE,False
NJUL,Innovator Growth-100 Power Buffer ETF - July,Cboe BZX,True
NJUN,Innovator Growth-100 Power Buffer ETF - June,Cboe BZX,True
NKE,"Nike, Inc. Common Stock",NYSE,False
NKLR,Terra Innovatum Global N.V. - Ordinary shares,NASDAQ,False
NKSH,"National Bankshares, Inc. - Common Stock",NASDAQ,False
NKTR,Nektar Therapeutics - Common Stock,NASDAQ,False
NKTX,"Nkarta, Inc. - Common Stock",NASDAQ,False
NKX,Nuveen California AMT-Free Quality Municipal Income Fund,NYSE,False
NL,"NLI Holdings, Inc. Common Stock",NYSE,False
NLOP,Net Lease Office Properties Common Shares of Beneficial Interest,NYSE,False
NLR,VanEck Uranium and Nuclear ETF,NYSE Arca,True
NLSI,NEOS Long/Short Equity Income ETF,Cboe BZX,True
NLY,Annaly Capital Management Inc. Common Stock,NYSE,False
NLY$F,Annaly Capital Management Inc 6.95% Series F,NYSE,False
NLY$G,Annaly Capital Management Inc 6.50% Series G Fixed-to-Floating Rate Cumulative Redeemable Preferred Stock,NYSE,False
NLY$I,Annaly Capital Management Inc 6.750% Series I Fixed-to-Floating Rate Cumulative Redeemable Preferred Stock,NYSE,False
NLY$J,Annaly Capital Management Inc. 8.875% Series J Fixed-Rate Cumulative Redeemable Preferred Stock,NYSE,False
NMAD,"Nomad Power Solutions, Inc. - Common Stock",NASDAQ,False
NMAI,Nuveen Multi-Asset Income Fund Common Shares of Beneficial Interest,NYSE,False
NMAR,Innovator Growth-100 Power Buffer ETF - March,Cboe BZX,True
NMAX,"Newsmax, Inc. Class B Common Stock",NYSE,False
NMAY,Innovator Growth-100 Power Buffer ETF - May,Cboe BZX,True
NMB,Simplify National Muni Bond ETF,NYSE Arca,True
NMBL,NovaTide Flexible Allocation ETF,NYSE Arca,True
NMCO,Nuveen Municipal Credit Opportunities Fund Common Shares,NYSE,False
NMFC,New Mountain Finance Corporation - Common Stock,NASDAQ,False
NMFCZ,New Mountain Finance Corporation - 8.250% Notes due 2028,NASDAQ,False
NMG,Nouveau Monde Graphite Inc. Common Shares,NYSE,False
NMI,"Nuveen Municipal Income Fund, Inc. Common Stock",NYSE,False
NMIH,NMI Holdings Inc - Common Stock,NASDAQ,False
NML,Neuberger Energy Infrastructure and Income Fund Inc. Common Stock,NYSE American,False
NMM,Navios Maritime Partners LP Common Units Representing Limited Partner Interests,NYSE,False
NMP,NMP Acquisition Corp. - Class A Ordinary Shares,NASDAQ,False
NMPAR,NMP Acquisition Corp. - Right,NASDAQ,False
NMPAU,NMP Acquisition Corp. - Units,NASDAQ,False
NMR,Nomura Holdings Inc ADR American Depositary Shares,NYSE,False
NMRA,"Neumora Therapeutics, Inc. - Common Stock",NASDAQ,False
NMRK,"Newmark Group, Inc. - Class A Common Stock",NASDAQ,False
NMS,Nuveen Minnesota Quality Municipal Income Fund,NYSE,False
NMT,Nuveen Massachusetts Quality Municipal Income Fund Common Stock,NYSE,False
NMTC,NeuroOne Medical Technologies Corporation - Common Stock,NASDAQ,False
NMZ,"Nuveen Municipal High Income Opportunity Fund Common Stock, $0.01 par value, per share",NYSE,False
NN,NextNav Inc. - Common stock,NASDAQ,False
NNBR,"NN, Inc. - Common Stock",NASDAQ,False
NNDM,Nano Dimension Ltd. - American Depositary Shares,NASDAQ,False
NNE,Nano Nuclear Energy Inc. - common stock,NASDAQ,False
NNI,"Nelnet, Inc. Common Stock",NYSE,False
NNN,"NNN REIT, Inc. Common Stock",NYSE,False
NNNN,Anbio Biotechnology - Class A Ordinary Shares,NASDAQ,False
NNOV,Innovator Growth-100 Power Buffer ETF - November,Cboe BZX,True
NNOX,NANO-X IMAGING LTD - Ordinary Shares,NASDAQ,False
NNVC,"NanoViricides, Inc. Common Stock",NYSE American,False
NNY,Nuveen New York Municipal Value Fund Common Stock,NYSE,False
NOA,North American Construction Group Ltd. Common Shares (no par),NYSE,False
NOAH,Noah Holdings Limited American Depositary Shares,NYSE,False
NOBL,ProShares S&P 500 Dividend Aristocrats ETF,Cboe BZX,True
NOC,Northrop Grumman Corporation Common Stock,NYSE,False
NOCT,Innovator Growth-100 Power Buffer ETF- October,Cboe BZX,True
NODE,VanEck Onchain Economy ETF,Cboe BZX,True
NODK,"NI Holdings, Inc. - Common Stock",NASDAQ,False
NOEM,CO2 Energy Transition Corp. - Common Stock,NASDAQ,False
NOEMR,CO2 Energy Transition Corp. - Right,NASDAQ,False
NOEMU,CO2 Energy Transition Corp. - Unit,NASDAQ,False
NOEMW,CO2 Energy Transition Corp. - Warrant,NASDAQ,False
NOEQ,Northern Trust US Equity ETF,NYSE Arca,True
NOG,"Northern Oil and Gas, Inc. Common Stock",NYSE,False
NOK,Nokia Corporation Sponsored American Depositary Shares,NYSE,False
NOMA,NOMADAR Corp. - Class A Common Stock,NASDAQ,False
NOMD,Nomad Foods Limited Ordinary Shares,NYSE,False
NORW,Global X MSCI Norway ETF,NYSE Arca,True
NOV,NOV Inc. Common Stock,NYSE,False
NOVM,FT Vest U.S. Equity Max Buffer ETF - November,Cboe BZX,True
NOVP,PGIM S&P 500 Buffer 12 ETF - November,Cboe BZX,True
NOVT,Novanta Inc. - Common Shares,NASDAQ,False
NOVTU,Novanta Inc. - Tangible Equity Units,NASDAQ,False
NOVZ,TrueShares Structured Outcome (November) ETF,Cboe BZX,True
NOW,"ServiceNow, Inc. Common Stock",NYSE,False
NOWL,GraniteShares 2x Long NOW Daily ETF,NASDAQ,True
NOWX,Corgi NOW 2x Daily ETF,Cboe BZX,True
NP,Neptune Insurance Holdings Inc. Class A Common Stock,NYSE,False
NPAC,New Providence Acquisition Corp. III - Ordinary Shares,NASDAQ,False
NPACU,New Providence Acquisition Corp. III - Units,NASDAQ,False
NPACW,New Providence Acquisition Corp. III - Warrants,NASDAQ,False
NPB,"Northpointe Bancshares, Inc. Common Stock",NYSE,False
NPCE,"Neuropace, Inc. - Common Stock",NASDAQ,False
NPCT,Nuveen Core Plus Impact Fund Common Shares of Beneficial Interest,NYSE,False
NPFD,Nuveen Variable Rate Preferred & Income Fund Common Shares,NYSE,False
NPFE,NPF Core Equity ETF,Cboe BZX,True
NPFI,Nuveen Preferred and Income ETF,NASDAQ,True
NPK,"National Presto Industries, Inc. Common Stock",NYSE,False
NPKI,NPK International Inc. Common Stock,NYSE,False
NPO,Enpro Inc. Common Stock,NYSE,False
NPT,Texxon Holding Limited - Ordinary shares,NASDAQ,False
NPV,Nuveen Virginia Quality Municipal Income Fund Common Stock,NYSE,False
NPWR,NET Power Inc. Class A Common Stock,NYSE,False
NPWR.W,"NET Power Inc. Redeemable warrants, each whole warrant exercisable for one share of Class A Common Stock at an exercise price of $11.50",NYSE,False
NQLT,Neuberger Quality Select ETF,NYSE Arca,True
NRC,NRC Health - Common Stock,NASDAQ,False
NRDS,"NerdWallet, Inc. - Class A Common Stock",NASDAQ,False
NRDY,Nerdy Inc. Class A Common Stock,NYSE,False
NREF,"NexPoint Real Estate Finance, Inc. Common Stock",NYSE,False
NREF$A,"NexPoint Real Estate Finance, Inc. 8.50% Series A Cumulative Redeemable Preferred Stock",NYSE,False
NRES,Xtrackers RREEF Global Natural Resources ETF,NASDAQ,True
NRG,"NRG Energy, Inc. Common Stock",NYSE,False
NRGD,"MicroSectors U.S. Big Oil -3 Inverse Leveraged ETNs due February 17, 2045",NYSE Arca,True
NRGU,"MicroSectors U.S. Big Oil 3 Leveraged ETNs due February 17, 2045",NYSE Arca,True
NRGV,"Energy Vault Holdings, Inc. Common Stock",NYSE,False
NRIM,Northrim BanCorp Inc - Common Stock,NASDAQ,False
NRIX,"Nurix Therapeutics, Inc. - Common stock",NASDAQ,False
NRK,Nuveen New York AMT-Free Quality Municipal Income Fund,NYSE,False
NRO,Neuberger Real Estate Securities Income Fund Inc. Common Stock,NYSE American,False
NRP,Natural Resource Partners LP Limited Partnership,NYSE,False
NRSH,Aztlan North America Nearshoring Stock Selection ETF,NYSE Arca,True
NRSN,NeuroSense Therapeutics Ltd. - Ordinary Shares,NASDAQ,False
NRSNW,NeuroSense Therapeutics Ltd. - Warrant,NASDAQ,False
NRT,North European Oil Royality Trust Common Stock,NYSE,False
NRUC,National Rural Utilities Cooperative Finance Corporation 5.500% Subordinated Notes due 2064 (Subordinated Deferrable Interest Notes),NYSE,False
NRXP,"NRX Pharmaceuticals, Inc. - Common Stock",NASDAQ,False
NRXS,"Neuraxis, Inc. Common Stock",NYSE American,False
NSC,Norfolk Southern Corporation Common Stock,NYSE,False
NSCI,Nuveen Securitized Income ETF,NYSE Arca,True
NSEP,Innovator Growth-100 Power Buffer ETF - September,Cboe BZX,True
NSI,National Security Emerging Markets Index ETF,NASDAQ,True
NSIG,North Square Growth Opportunities ETF,NYSE Arca,True
NSIT,"Insight Enterprises, Inc. - Common Stock",NASDAQ,False
NSIV,North Square Disciplined Value ETF,NYSE Arca,True
NSLR,Neostellar Capital Corp. - Closed End Fund,NASDAQ,False
NSLRL,Neostellar Capital Corp. - 6.00% Notes due 2026,NASDAQ,False
NSP,"Insperity, Inc. Common Stock",NYSE,False
NSPR,InspireMD Inc. - Common Stock,NASDAQ,False
NSRX,Nasus Pharma Ltd. Ordinary Shares,NYSE American,False
NSSC,"NAPCO Security Technologies, Inc. - Common Stock",NASDAQ,False
NSTS,"NSTS Bancorp, Inc. - Common Stock",NASDAQ,False
NSYS,Nortech Systems Incorporated - Common Stock,NASDAQ,False
NTAL,GraniteShares 2x Long NTAP Daily ETF,NASDAQ,True
NTAP,"NetApp, Inc. - Common Stock",NASDAQ,False
NTB,Bank of N.T. Butterfield & Son Limited (The) Voting Ordinary Shares,NYSE,False
NTCL,NETCLASS TECHNOLOGY INC - Class A Ordinary Shares,NASDAQ,False
NTCT,"NetScout Systems, Inc. - Common Stock",NASDAQ,False
NTES,"NetEase, Inc. - American Depositary Shares, each representing 5 ordinary shares",NASDAQ,False
NTGR,"NETGEAR, Inc. - Common Stock",NASDAQ,False
NTHI,"NeOnc Technologies Holdings, Inc. - Common Stock",NASDAQ,False
NTIC,Northern Technologies International Corporation - Common Stock,NASDAQ,False
NTIP,"Network-1 Technologies, Inc. Common Stock",NYSE American,False
NTLA,"Intellia Therapeutics, Inc. - Common Stock",NASDAQ,False
NTNX,"Nutanix, Inc. - Class A Common Stock",NASDAQ,False
NTR,Nutrien Ltd. Common Shares,NYSE,False
NTRA,"Natera, Inc. - Common Stock",NASDAQ,False
NTRB,Nutriband Inc. - Common Stock,NASDAQ,False
NTRBW,Nutriband Inc. - Warrant,NASDAQ,False
NTRL,First Trust Equity Market Neutral ETF,NYSE Arca,True
NTRP,"NextTrip, Inc. - Common Stock",NASDAQ,False
NTRS,Northern Trust Corporation - Common Stock,NASDAQ,False
NTRSO,"Northern Trust Corporation - Depositary Shares Each Representing a 1/1,000th Interest in a Share of Series E Non-Cumulative Perpetual Preferred Stock",NASDAQ,False
NTSD,WisdomTree Efficient U.S. Plus International Equity Fund,NYSE Arca,True
NTSE,WisdomTree Emerging Markets Efficient Core Fund,NYSE Arca,True
NTSI,WisdomTree International Efficient Core Fund,NYSE Arca,True
NTSK,"Netskope, Inc. - Class A Common Stock",NASDAQ,False
NTST,NetSTREIT Corp. Common Stock,NYSE,False
NTSX,WisdomTree U.S. Efficient Core Fund,NYSE Arca,True
NTWK,NETSOL Technologies Inc. - Common Stock,NASDAQ,False
NTWO,Newbury Street II Acquisition Corp - Class A Ordinary Shares,NASDAQ,False
NTWOU,Newbury Street II Acquisition Corp - Unit,NASDAQ,False
NTWOW,Newbury Street II Acquisition Corp - Warrant,NASDAQ,False
NTZ,"Natuzzi, S.p.A.",NYSE,False
NU,Nu Holdings Ltd. Class A Ordinary Shares,NYSE,False
NUAG,Nuveen Enhanced Yield U.S. Aggregate Bond ETF,NYSE Arca,True
NUAI,"New Era Energy & Digital, Inc. - Common Stock",NASDAQ,False
NUAIW,"New Era Energy & Digital, Inc. - Warrants",NASDAQ,False
NUBD,Nuveen ESG U.S. Aggregate Bond ETF,NYSE Arca,True
NUCL,Eagle Nuclear Energy Corp. - Common stock,NASDAQ,False
NUCLW,Eagle Nuclear Energy Corp. - Warrants,NASDAQ,False
NUDG,Nuveen Dividend Growth Fund: ETF Class Shares,NYSE Arca,True
NUDM,Nuveen ESG International Developed Markets Equity ETF,Cboe BZX,True
NUDV,Nuveen ESG Dividend ETF,Cboe BZX,True
NUE,Nucor Corporation Common Stock,NYSE,False
NUEM,Nuveen ESG Emerging Markets Equity ETF,Cboe BZX,True
NUG,Leverage Shares 2X Long NU Daily ETF,NASDAQ,True
NUGO,Nuveen Growth Opportunities ETF,NYSE Arca,True
NUGT,Direxion Daily Gold Miners Index Bull 2X ETF,NYSE Arca,True
NUGY,GraniteShares YieldBOOST Gold Miners ETF,NASDAQ,True
NUHY,Nuveen ESG High Yield Corporate Bond ETF,NYSE Arca,True
NUIF,Nuveen US Infrastructure ETF,NASDAQ,True
NUKX,Nicholas Nuclear Income ETF,NYSE Arca,True
NUKZ,Range Nuclear Renaissance Index ETF,NYSE Arca,True
NULC,Nuveen ESG Large-Cap ETF,Cboe BZX,True
NULG,Nuveen ESG Large-Cap Growth ETF,Cboe BZX,True
NULV,Nuveen ESG Large-Cap Value ETF,Cboe BZX,True
NUMG,Nuveen ESG Mid-Cap Growth ETF,Cboe BZX,True
NUMI,Nuveen Municipal Income ETF,NYSE Arca,True
NUMV,Nuveen ESG Mid-Cap Value ETF,Cboe BZX,True
NURE,Nuveen Short-Term REIT ETF,Cboe BZX,True
NUS,"Nu Skin Enterprises, Inc. Common Stock",NYSE,False
NUSA,Nuveen ESG 1-5 Year U.S. Aggregate Bond ETF,NYSE Arca,True
NUSB,Nuveen Ultra Short Income ETF,NASDAQ,True
NUSC,Nuveen ESG Small-Cap ETF,Cboe BZX,True
NUTR,Nusatrip Incorporated - Common Stock,NASDAQ,False
NUTX,Nutex Health Inc. - Common Stock,NASDAQ,False
NUV,"Nuveen Municipal Value Fund, Inc. Common Stock",NYSE,False
NUVB,Nuvation Bio Inc. Class A Common Stock,NYSE,False
NUW,Nuveen AMT-Free Municipal Value Fund,NYSE,False
NUWE,"Nuwellis, Inc. - Common Stock",NASDAQ,False
NVA,Nova Minerals Corp Common Stock,NYSE American,False
NVA.W,Nova Minerals Corp Warrants to Purchase Common Stock,NYSE American,False
NVAX,"Novavax, Inc. - Common Stock",NASDAQ,False
NVBT,AllianzIM U.S. Large Cap Buffer10 Nov ETF,Cboe BZX,True
NVBU,AllianzIM U.S. Equity Buffer15 Uncapped Nov ETF,Cboe BZX,True
NVBW,AllianzIM U.S. Large Cap Buffer20 Nov ETF,Cboe BZX,True
NVC,Corgi NVDA 2x Daily ETF,Cboe BZX,True
NVCR,NovoCure Limited - Ordinary Shares,NASDAQ,False
NVCT,"Nuvectis Pharma, Inc. - Common Stock",NASDAQ,False
NVD,GraniteShares 2x Short NVDA Daily ETF,NASDAQ,True
NVDA,NVIDIA Corporation - Common Stock,NASDAQ,False
NVDB,ProShares Ultra NVDA,NYSE Arca,True
NVDD,Direxion Daily NVDA Bear 1X ETF,NASDAQ,True
NVDG,Leverage Shares 2X Long NVDA Daily ETF,NASDAQ,True
NVDL,GraniteShares 2x Long NVDA Daily ETF,NASDAQ,True
NVDQ,T-Rex 2X Inverse NVIDIA Daily Target ETF,Cboe BZX,True
NVDS,Tradr 1.5X Short NVDA Daily ETF,NASDAQ,True
NVDU,Direxion Daily NVDA Bull 2X ETF,NASDAQ,True
NVDW,Roundhill NVDA WeeklyPay ETF,Cboe BZX,True
NVDX,T-Rex 2X Long NVIDIA Daily Target ETF,Cboe BZX,True
NVDY,YieldMax NVDA Option Income Strategy ETF,NYSE Arca,True
NVEC,NVE Corporation - Common Stock,NASDAQ,False
NVG,Nuveen AMT-Free Municipal Credit Income Fund,NYSE,False
NVGS,Navigator Holdings Ltd. Ordinary Shares (Marshall Islands),NYSE,False
NVII,REX NVDA Growth & Income ETF,Cboe BZX,True
NVIR,Horizon Kinetics Energy and Remediation ETF,NYSE Arca,True
NVIT,YieldMax NVDA Performance & Distribution Target 25 ETF,Cboe BZX,True
NVMI,Nova Ltd. - Ordinary Shares,NASDAQ,False
NVNI,Nvni Group Limited - Ordinary Shares,NASDAQ,False
NVNIW,Nvni Group Limited - Warrants,NASDAQ,False
NVNO,enVVeno Medical Corporation - Common Stock,NASDAQ,False
NVO,Novo Nordisk A/S Common Stock,NYSE,False
NVOC,Corgi NVO 2x Daily ETF,Cboe BZX,True
NVOH,Novo Nordisk A/S B Shares ADRhedged,NYSE Arca,True
NVOX,Defiance Daily Target 2X Long NVO ETF,NYSE Arca,True
NVPS,PurePlay Nvidia Ecosystem Picks & Shovels Index ETF,NASDAQ,True
NVR,"NVR, Inc. Common Stock",NYSE,False
NVRI,Enviri Corporation Common Stock,NYSE,False
NVS,Novartis AG Common Stock,NYSE,False
NVST,Envista Holdings Corporation Common Stock,NYSE,False
NVT,nVent Electric plc Ordinary Shares,NYSE,False
NVTC,Corgi NVTS 2x Daily ETF,Cboe BZX,True
NVTS,Navitas Semiconductor Corporation - Common Stock,NASDAQ,False
NVTX,Tradr 2X Long NVTS Daily ETF,Cboe BZX,True
NVX,NOVONIX Limited - American Depository Shares,NASDAQ,False
NVYY,GraniteShares YieldBOOST NVDA ETF,NASDAQ,True
NWAX,New America Acquisition I Corp. Class A Common Stock,NYSE,False
NWAX.U,"New America Acquisition I Corp. Units, each consisting of one share of Class A Common Stock and one-half of one redeemable warrant",NYSE,False
NWAX.W,"New America Acquisition I Corp. Warrants, each whole warrant is exercisable to purchase one share of Class A common stock",NYSE,False
NWBI,"Northwest Bancshares, Inc. - Common Stock",NASDAQ,False
NWE,"NorthWestern Energy Group, Inc.  - Common Stock",NASDAQ,False
NWFL,Norwood Financial Corp. - Common Stock,NASDAQ,False
NWG,"NatWest Group plc American Depositary Shares, (each representing two (2) Ordinary Shares)",NYSE,False
NWGL,CL Workshop Group Limited - American Depositary Shares,NASDAQ,False
NWL,Newell Brands Inc. - Common Stock,NASDAQ,False
NWN,Northwest Natural Holding Company Common Stock,NYSE,False
NWPX,"NWPX Infrastructure, Inc. - Common Stock",NASDAQ,False
NWS,News Corporation - Class B Common Stock,NASDAQ,False
NWSA,News Corporation - Class A Common Stock,NASDAQ,False
NWTG,"Newton Golf Company, Inc. - Common Stock",NASDAQ,False
NX,Quanex Building Products Corporation Common Stock,NYSE,False
NXB,NextBoat Inc. Common Stcok,NYSE American,False
NXDR,"Nextdoor Holdings, Inc. Class A Common Stock",NYSE,False
NXDT,NexPoint Diversified Real Estate Trust Common Stock,NYSE,False
NXDT$A,NexPoint Diversified Real Estate Trust 5.50% Series A Cumulative Preferred Shares ($25.00 liquidation preference per share),NYSE,False
NXE,Nexgen Energy Ltd. Common Shares,NYSE,False
NXG,NXG NextGen Infrastructure Income Fund Common Shares of Beneficial Interest,NYSE,False
NXGL,"NexGel, Inc - Common Stock",NASDAQ,False
NXGLW,"NexGel, Inc - Warrant",NASDAQ,False
NXL,"Nexalin Technology, Inc. - Common Stock",NASDAQ,False
NXP,Nuveen Select Tax Free Income Portfolio Common Stock,NYSE,False
NXPG,Leverage Shares 2X Long NXPI Daily ETF,Cboe BZX,True
NXPI,NXP Semiconductors N.V. - Common Stock,NASDAQ,False
NXPL,NextPlat Corp - Common Stock,NASDAQ,False
NXPX,Tradr 2X Long NXPI Daily ETF,Cboe BZX,True
NXRT,"NexPoint Residential Trust, Inc. Common Stock",NYSE,False
NXST,"Nexstar Media Group, Inc. - Common Stock",NASDAQ,False
NXT,Nextpower Inc. - Class A Common Stock,NASDAQ,False
NXTC,"NextCure, Inc. - Common Stock",NASDAQ,False
NXTE,AXS Green Alpha ETF,NYSE Arca,True
NXTG,First Trust Indxx NextG ETF,NASDAQ,True
NXTI,Simplify Next Intangible Core Index ETF,Cboe BZX,True
NXTS,Nexentis Technologies Inc. - Common Stock,NASDAQ,False
NXTT,Next Technology Holding Inc. - Ordinary Shares,NASDAQ,False
NXUS,Nuveen International Aggregate Bond ETF,NYSE Arca,True
NXXT,"NextNRG, Inc. - Common Stock",NASDAQ,False
NYAX,Nayax Ltd. - Ordinary Shares,NASDAQ,False
NYC,American Strategic Investment Co. Class A Common Stock,NYSE,False
NYF,iShares New York Muni Bond ETF,NYSE Arca,True
NYM,AB New York Intermediate Municipal ETF,NYSE Arca,True
NYNY,Corgi NYC Based ETF,Cboe BZX,True
NYSX,Global X NYSE 100 ETF,NYSE Arca,True
NYT,New York Times Company (The) Common Stock,NYSE,False
NYXH,Nyxoah SA - Ordinary Shares,NASDAQ,False
NYYY,xETFs NVDA Daily Income ETF,NYSE Arca,True
NZAC,State Street SPDR MSCI ACWI Climate Paris Aligned ETF,NASDAQ,True
NZF,Nuveen Municipal Credit Income Fund,NYSE,False
O,Realty Income Corporation Common Stock,NYSE,False
OABI,"OmniAb, Inc. - Common Stock",NASDAQ,False
OABIW,"OmniAb, Inc. - Warrant",NASDAQ,False
OACC,Oaktree Acquisition Corp. III Life Sciences - Class A Ordinary Share,NASDAQ,False
OACCU,Oaktree Acquisition Corp. III Life Sciences - Unit,NASDAQ,False
OACCW,Oaktree Acquisition Corp. III Life Sciences - Warrant,NASDAQ,False
OACP,OneAscent Core Plus Bond ETF,NYSE Arca,True
OAEM,OneAscent Emerging Markets ETF,NYSE Arca,True
OAIM,OneAscent International Equity ETF,NYSE Arca,True
OAK$A,"Brookfield Oaktree Holdings, LLC 6.625% Series A Preferred Units",NYSE,False
OAK$B,"Brookfield Oaktree Holdings, LLC 6.550% Series B Preferred Units",NYSE,False
OAKG,Oakmark Global Large Cap ETF,NYSE Arca,True
OAKI,Oakmark International Large Cap ETF,NYSE Arca,True
OAKM,Oakmark U.S. Large Cap ETF,NYSE Arca,True
OALC,OneAscent Large Cap Core ETF,NYSE Arca,True
OARK,YieldMax Innovation Option Income Strategy ETF,NYSE Arca,True
OASC,OneAscent Enhanced Small and Mid Cap ETF,NYSE Arca,True
OBA,Oxley Bridge Acquisition Limited - Class A Ordinary Shares,NASDAQ,False
OBAI,"Our Bond, Inc. - Common Stock",NASDAQ,False
OBAWU,Oxley Bridge Acquisition Limited - Unit,NASDAQ,False
OBAWW,Oxley Bridge Acquisition Limited - Warrants,NASDAQ,False
OBDC,Blue Owl Capital Corporation Common Stock,NYSE,False
OBE,Obsidian Energy Ltd. Common Shares,NYSE American,False
OBIL,US Treasury 12 Month Bill ETF,NASDAQ,True
OBIO,"Orchestra BioMed Holdings, Inc. - Ordinary Shares",NASDAQ,False
OBK,"Origin Bancorp, Inc. Common Stock",NYSE,False
OBND,State Street Loomis Sayles Opportunistic Bond ETF,Cboe BZX,True
OBOR,KraneShares MSCI One Belt One Road Index ETF,NYSE Arca,True
OBT,"Orange County Bancorp, Inc. - Common Stock",NASDAQ,False
OBTC,Osprey Bitcoin Trust,NASDAQ,True
OC,Owens Corning Inc Common Stock New,NYSE,False
OCAC.U,"Ocean Capital Acquisition Corporation Units, each consisting of one Class A Ordinary Share, one redeemable Warrant and one Right",NYSE,False
OCC,Optical Cable Corporation - Common Stock,NASDAQ,False
OCCI,"OFS Credit Company, Inc. - Closed End Fund",NASDAQ,False
OCCIM,"OFS Credit Company, Inc. - 7.875% Series F Term Preferred Stock",NASDAQ,False
OCCIN,"OFS Credit Company, Inc. - 5.25% Series E Term Preferred Stock Due 2026",NASDAQ,False
OCDB,Aptus October Deep Buffer ETF,Cboe BZX,True
OCFC,OceanFirst Financial Corp. - Common Stock,NASDAQ,False
OCG,Oriental Culture Holding LTD - Ordinary Shares,NASDAQ,False
OCGN,"Ocugen, Inc. - Common Stock",NASDAQ,False
OCIO,ClearShares OCIO ETF,NYSE Arca,True
OCS,Oculis Holding AG - Ordinary shares,NASDAQ,False
OCSAW,Oculis Holding AG - Warrants,NASDAQ,False
OCSL,Oaktree Specialty Lending Corporation - Closed End Fund,NASDAQ,False
OCTB,Aptus October Buffer ETF,Cboe BZX,True
OCTH,Innovator Premium Income 20 Barrier ETF - October,Cboe BZX,True
OCTJ,Innovator Premium Income 30 Barrier ETF - October,Cboe BZX,True
OCTM,FT Vest U.S. Equity Max Buffer ETF - October,Cboe BZX,True
OCTP,PGIM S&P 500 Buffer 12 ETF - October,Cboe BZX,True
OCTT,AllianzIM U.S. Large Cap Buffer10 Oct ETF,Cboe BZX,True
OCTU,AllianzIM U.S. Equity Buffer15 Uncapped Oct ETF,Cboe BZX,True
OCTV,Octave Intelligence plc - Class B Ordinary Shares,NASDAQ,False
OCTW,AllianzIM U.S. Large Cap Buffer20 Oct ETF,Cboe BZX,True
OCTZ,TrueShares Structured Outcome (October) ETF,Cboe BZX,True
OCUL,"Ocular Therapeutix, Inc. - Common Stock",NASDAQ,False
ODC,Oil-Dri Corporation Of America Common Stock,NYSE,False
ODD,ODDITY Tech Ltd. - Class A Ordinary Shares,NASDAQ,False
ODDS,Pacer BlueStar Digital Entertainment ETF,NASDAQ,True
ODDZ,Corgi Sports Betting & Gambling ETF,Cboe BZX,True
ODFL,"Old Dominion Freight Line, Inc. - Common Stock",NASDAQ,False
ODHY,Obra Defensive High Yield ETF,NYSE Arca,True
ODTE,VegaShares SPX NDX RTY Premium Income ETF,NASDAQ,True
ODTX,"Odyssey Therapeutics, Inc. - Common Stock",NASDAQ,False
ODYS,Odysight.ai Inc. - Common Stock,NASDAQ,False
OEC,Orion S.A. Common Shares,NYSE,False
OEF,iShares S&P 100 Fund,NYSE Arca,True
OEFA,ALPS O'Shares International Developed Quality Dividend ETF,NYSE Arca,True
OEI,Optimized Equity Income ETF,NYSE Arca,True
OESX,"Orion Energy Systems, Inc. - Common Stock",NASDAQ,False
OFAL,OFA Group - Class A Ordinary Shares,NASDAQ,False
OFG,OFG Bancorp Common Stock,NYSE,False
OFIX,Orthofix Medical Inc.  - Common Stock,NASDAQ,False
OFLX,"Omega Flex, Inc. - Common Stock",NASDAQ,False
OFRM,"Once Upon a Farm, PBC Common Stock",NYSE,False
OFS,OFS Capital Corporation - Closed End Fund,NASDAQ,False
OFSSH,OFS Capital Corporation - 4.95% Notes due 2028,NASDAQ,False
OFSSO,OFS Capital Corporation - 7.50% Notes due 2028,NASDAQ,False
OGC,OceanaGold Corporation Common Shares,NYSE,False
OGCP,"Empire State Realty OP, L.P. Series 60 Operating Partnership Units Representing Limited Partnership Interests",NYSE Arca,False
OGE,OGE Energy Corp Common Stock,NYSE,False
OGEN,Oragenics Inc. Common Stock,NYSE American,False
OGG,Osisko Gold Group Inc. Common Shares,NYSE,False
OGGWZ,Osisko Gold Group Inc. - Warrant,NASDAQ,False
OGI,Organigram Global Inc. - Common Shares,NASDAQ,False
OGIG,ALPS O'Shares Global Internet Giants ETF,NYSE Arca,True
OGN,Organon & Co. Common Stock,NYSE,False
OGS,"ONE Gas, Inc. Common Stock",NYSE,False
OGSP,Obra High Grade Structured Products ETF,NYSE Arca,True
OHAC,Oceanhawk Acquisition Corp. - Class A Ordinary Shares,NASDAQ,False
OHACR,Oceanhawk Acquisition Corp. - Rights,NASDAQ,False
OHACU,Oceanhawk Acquisition Corp. - Units,NASDAQ,False
OHI,"Omega Healthcare Investors, Inc. Common Stock",NYSE,False
OI,"O-I Glass, Inc. Common Stock",NYSE,False
OIA,Invesco Municipal Income Opportunities Trust Common Stock,NYSE,False
OIH,VanEck Oil Services ETF,NYSE Arca,True
OII,"Oceaneering International, Inc. Common Stock",NYSE,False
OILD,MicroSectors Oil & Gas Exp. & Prod. -3x Inverse Leveraged ETN,NYSE Arca,True
OILK,ProShares K-1 Free Crude Oil ETF,Cboe BZX,True
OILT,Texas Capital Texas Oil Index ETF,NYSE Arca,True
OILU,MicroSectors Oil & Gas Exp. & Prod. 3x Leveraged ETN,NYSE Arca,True
OIM,OneIM Acquisition Corp. - Class A Ordinary Shares,NASDAQ,False
OIMAU,OneIM Acquisition Corp. - Units,NASDAQ,False
OIMAW,OneIM Acquisition Corp. - Warrant,NASDAQ,False
OIO,OIO Group - Ordinary Shares,NASDAQ,False
OIOWW,OIO Group - Warrants,NASDAQ,False
OIS,"Oil States International, Inc. Common Stock",NYSE,False
OKE,"ONEOK, Inc. Common Stock",NYSE,False
OKLC,Corgi OKLO 2x Daily ETF,Cboe BZX,True
OKLL,Defiance Daily Target 2x Long OKLO ETF,NASDAQ,True
OKLO,Oklo Inc. Class A common stock,NYSE,False
OKLS,Defiance Daily Target 2X Short OKLO ETF,NYSE Arca,True
OKTA,"Okta, Inc. - Class A Common Stock",NASDAQ,False
OKTG,Leverage Shares 2X Long OKTA Daily ETF,NASDAQ,True
OKUR,"OnKure Therapeutics, Inc. - Class A Common Stock",NASDAQ,False
OKYO,OKYO Pharma Limited - Ordinary Shares,NASDAQ,False
OLB,"The OLB Group, Inc. - Common Stock",NASDAQ,False
OLED,Universal Display Corporation - Common Stock,NASDAQ,False
OLLI,"Ollie's Bargain Outlet Holdings, Inc. - Common Stock",NASDAQ,False
OLMA,"Olema Pharmaceuticals, Inc. - Common Stock",NASDAQ,False
OLN,Olin Corporation Common Stock,NYSE,False
OLOX,Olenox Industries Inc. - Common Stock,NASDAQ,False
OLP,"One Liberty Properties, Inc. Common Stock",NYSE,False
OM,"Outset Medical, Inc. - Common Stock",NASDAQ,False
OMAB,Grupo Aeroportuario del Centro Norte S.A.B. de C.V. - American Depositary Shares each representing 8 Series B shares,NASDAQ,False
OMAH,VistaShares Target 15 Berkshire Select Income ETF,NYSE Arca,True
OMC,Omnicom Group Inc. Common Stock,NYSE,False
OMCL,"Omnicell, Inc. - Common Stock",NASDAQ,False
OMDA,"Omada Health, Inc. - Common Stock",NASDAQ,False
OMER,Omeros Corporation - Common Stock,NASDAQ,False
OMEX,"Odyssey Marine Exploration, Inc. - Common Stock",NASDAQ,False
OMF,"OneMain Holdings, Inc. Common Stock",NYSE,False
OMFL,Invesco Russell 1000 Dynamic Multifactor ETF,Cboe BZX,True
OMFS,Invesco Russell 2000 Dynamic Multifactor ETF,Cboe BZX,True
OMH,Ohmyhome Limited - Class A Ordinary Shares,NASDAQ,False
OMSE,OMS Energy Technologies Inc. - Ordinary Shares,NASDAQ,False
ON,ON Semiconductor Corporation - Common Stock,NASDAQ,False
ONB,Old National Bancorp - Common Stock,NASDAQ,False
ONBPO,"Old National Bancorp - Depositary Shares, Each Representing a 1/40th Interest in a Share of Series C Preferred Stock",NASDAQ,False
ONBPP,"Old National Bancorp - Depositary Shares, Each Representing a 1/40th Interest in a Share of Series A Preferred Stock",NASDAQ,False
ONC,BeOne Medicines Ltd. - American Depositary Shares,NASDAQ,False
ONCH,1RT Acquisition Corp. - Class A Ordinary Share,NASDAQ,False
ONCHU,1RT Acquisition Corp. - Units,NASDAQ,False
ONCHW,1RT Acquisition Corp. - Warrant,NASDAQ,False
ONCO,"Onconetix, Inc.  - Common Stock",NASDAQ,False
ONCY,Oncolytics Biotech Inc. - Common Stock,NASDAQ,False
OND,ProShares On-Demand ETF,NYSE Arca,True
ONDC,Corgi ONDS 2x Daily ETF,Cboe BZX,True
ONDG,Leverage Shares 2X Long ONDS Daily ETF,NASDAQ,True
ONDL,Defiance Daily Target 2X Long ONDS ETF,Cboe BZX,True
ONDS,Ondas Inc - Common Stock,NASDAQ,False
ONDU,Tradr 2X Long ONDS Daily ETF,Cboe BZX,True
ONEG,OneConstruction Group Limited - Ordinary Shares,NASDAQ,False
ONEH,TrueShares Equity Hedge ETF,Cboe BZX,True
ONEO,State Street SPDR Russell 1000 Momentum Focus ETF,NYSE Arca,True
ONEQ,Fidelity Nasdaq Composite Index ETF,NASDAQ,True
ONEV,State Street SPDR Russell 1000 Low Volatility Focus ETF,NYSE Arca,True
ONEW,OneWater Marine Inc. - Class A Common Stock,NASDAQ,False
ONEY,State Street SPDR Russell 1000 Yield Focus ETF,NYSE Arca,True
ONEZ,TrueShares Seasonality Laddered Buffered ETF,Cboe BZX,True
ONFO,Onfolio Holdings Inc. - Common Stock,NASDAQ,False
ONFOW,Onfolio Holdings Inc. - Warrant,NASDAQ,False
ONG,Leverage Shares 2X Long ON Daily ETF,Cboe BZX,True
ONIT,Onity Group Inc. Common Stock,NYSE,False
ONL,Orion Properties Inc. Common Stock,NYSE,False
ONLN,ProShares Online Retail ETF,NYSE Arca,True
ONMD,OneMedNet Corp - Class A Common Stock,NASDAQ,False
ONMDW,OneMedNet Corp - Warrant,NASDAQ,False
ONOF,Global X Adaptive U.S. Risk Management ETF,NYSE Arca,True
ONON,On Holding AG Class A Ordinary Shares,NYSE,False
ONT,"Onterris, Inc. Common Stock",NYSE,False
ONTO,Onto Innovation Inc. Common Stock,NYSE,False
ONTX,Corgi ONTO 2x Daily ETF,Cboe BZX,True
ONX,Tradr 2X Long ON Daily ETF,Cboe BZX,True
OOMA,"Ooma, Inc. Common Stock",NYSE,False
OOSP,Obra Opportunistic Structured Products ETF,NYSE Arca,True
OPAD,Offerpad Solutions Inc. Class A Common Stock,NYSE,False
OPAL,OPAL Fuels Inc. - Class A Common Stock,NASDAQ,False
OPBK,OP Bancorp - Common Stock,NASDAQ,False
OPCH,"Option Care Health, Inc. - Common Stock",NASDAQ,False
OPEG,Leverage Shares 2X Long OPEN Daily ETF,NASDAQ,True
OPEN,Opendoor Technologies Inc  - Common Stock,NASDAQ,False
OPENL,"Opendoor Technologies Inc  - Series A Warrants, each whole warrant exercisable to purchase one share of Common Stock at an exercise price of $13.00 per warrant",NASDAQ,False
OPENW,"Opendoor Technologies Inc  - Series K Warrants, each whole warrant exercisable to purchase one share of Common Stock at an exercise price of $9.00 per warrant",NASDAQ,False
OPENZ,"Opendoor Technologies Inc  - Series Z Warrants, each whole warrant exercisable to purchase one share of Common Stock at an exercise price of $17.00 per warrant",NASDAQ,False
OPER,ETF ClearShares Ultra-Short Maturity ETF,NYSE Arca,True
OPEX,Tradr 2X Long OPEN Daily ETF,Cboe BZX,True
OPFI,OppFi Inc. Class A Common Stock,NYSE,False
OPHC,"OptimumBank Holdings, Inc. Common Stock",NYSE American,False
OPI,Office Properties Income Trust - Common shares of beneficial interest,NASDAQ,False
OPK,"Opko Health, Inc. - Common Stock",NASDAQ,False
OPLN,"OPENLANE, Inc. Common Stock",NYSE,False
OPP,"RiverNorth/DoubleLine Strategic Opportunity Fund, Inc. Common Stock",NYSE,False
OPP$A,"RiverNorth/DoubleLine Strategic Opportunity Fund, Inc. 4.375% Series A Cumulative Preferred Stock",NYSE,False
OPP$B,"RiverNorth/DoubleLine Strategic Opportunity Fund, Inc. 4.75% Series B Cumulative Preferred Stock",NYSE,False
OPP$C,"RiverNorth/DoubleLine Strategic Opportunity Fund, Inc. 6.00% Series C Term Preferred Stock (Liquidation Preference $10.00 per share)",NYSE American,False
OPPE,WisdomTree European Opportunities Fund,NYSE Arca,True
OPPJ,WisdomTree Japan Opportunities Fund,NASDAQ,True
OPRA,Opera Limited - American Depositary Shares,NASDAQ,False
OPRT,Oportun Financial Corporation - common stock,NASDAQ,False
OPRX,OptimizeRx Corporation - Common Stock,NASDAQ,False
OPTH,Optimi Health Corp. - Common Shares,NASDAQ,False
OPTT,"Ocean Power Technologies, Inc. Common Stock",NYSE American,False
OPTU,"Optimum Communications, Inc. Class A common stock",NYSE,False
OPTX,"Syntec Optics Holdings, Inc. - Class A Common Stock",NASDAQ,False
OPTXW,"Syntec Optics Holdings, Inc. - Warrant",NASDAQ,False
OPTZ,Optimize Strategy Index ETF,NASDAQ,True
OPXS,"Optex Systems Holdings, Inc. - Common Stock",NASDAQ,False
OPY,"Oppenheimer Holdings, Inc. Class A Common Stock (DE)",NYSE,False
OR,OR Royalties Inc. Common Shares,NYSE,False
ORA,"Ormat Technologies, Inc. Common Stock",NYSE,False
ORAC,Corgi ORCL 2x Daily ETF,Cboe BZX,True
ORBS,Eightco Holdings Inc. - Common Stock,NASDAQ,False
ORBX,Global X Space Tech ETF,NASDAQ,True
ORC,"Orchid Island Capital, Inc. Common Stock",NYSE,False
ORCL,Oracle Corporation Common Stock,NYSE,False
ORCL$D,"Oracle Corporation Depositary Shares, each representing a 1/2,000th interest in a sh of 6.50% Series D Mandatory Convertible Preferred Stock",NYSE,False
ORCS,Direxion Daily ORCL Bear 1X ETF,NASDAQ,True
ORCU,Direxion Daily ORCL Bull 2X ETF,NASDAQ,True
ORCX,Defiance Daily Target 2X Long ORCL ETF,NASDAQ,True
ORCZ,Tradr 2X Short ORCL Daily ETF,Cboe BZX,True
ORGO,Organogenesis Holdings Inc.  - Class A,NASDAQ,False
ORI,Old Republic International Corporation Common Stock,NYSE,False
ORIC,"Oric Pharmaceuticals, Inc. - Common Stock",NASDAQ,False
ORIO,Orion Digital Corp. - Common Shares,NASDAQ,False
ORIQ,Origin Investment Corp I - Ordinary Shares,NASDAQ,False
ORIQU,Origin Investment Corp I - Units,NASDAQ,False
ORIQW,Origin Investment Corp I - Redeemable Warrant,NASDAQ,False
ORKA,"Oruka Therapeutics, Inc. - Common Stock",NASDAQ,False
ORKT,Orangekloud Technology Inc. - Class A Ordinary Shares,NASDAQ,False
ORLA,Orla Mining Ltd. Common Shares,NYSE American,False
ORLG,Leverage Shares 2X Long ORLY Daily ETF,NASDAQ,True
ORLY,"O'Reilly Automotive, Inc. - Common Stock",NASDAQ,False
ORMP,Oramed Pharmaceuticals Inc. - Common Stock,NASDAQ,False
ORN,"Orion Group Holdings, Inc. Common",NYSE,False
ORO,Arrow Valtoro ETF,Cboe BZX,True
ORR,Militia Long/Short Equity ETF,NASDAQ,True
ORRF,"Orrstown Financial Services, Inc. - Common Stock",NASDAQ,False
OSBC,"Old Second Bancorp, Inc. - Common Stock",NASDAQ,False
OSCG,Leverage Shares 2X Long OSCR Daily ETF,NASDAQ,True
OSCR,"Oscar Health, Inc. Class A Common Stock",NYSE,False
OSCV,Opus Small Cap Value ETF,Cboe BZX,True
OSCX,Defiance Daily Target 2x Long OSCR ETF,NASDAQ,True
OSEA,Harbor International Compounders ETF,NYSE Arca,True
OSG,"Octave Specialty Group, Inc. Common Stock",NYSE,False
OSIS,"OSI Systems, Inc. - Common Stock",NASDAQ,False
OSK,Oshkosh Corporation (Holding Company)Common Stock,NYSE,False
OSPN,OneSpan Inc. - Common Stock,NASDAQ,False
OSPRU,Osprey Acquisition Corp. III - Units,NASDAQ,False
OSRH,"OSR Health, Inc. - Common Stock",NASDAQ,False
OSRHW,"OSR Health, Inc. - Warrant",NASDAQ,False
OSS,"One Stop Systems, Inc. - Common Stock",NASDAQ,False
OSSL,Defiance Daily Target 2X Long OSS ETF,Cboe BZX,True
OST,"Ostin Technology Group Co., Ltd. - Class A Ordinary Shares",NASDAQ,False
OSTX,OS Therapies Incorporated Common Stock,NYSE American,False
OSUR,"OraSure Technologies, Inc. - Common Stock",NASDAQ,False
OSW,OneSpaWorld Holdings Limited - Common Shares,NASDAQ,False
OTAI,Starlink AI Acquisition Corporation Ordinary Shares,NYSE,False
OTAI.R,"Starlink AI Acquisition Corporation Rights, each entitling the holder to receive one-fourth (1/4) of one ordinary share",NYSE,False
OTAI.U,"Starlink AI Acquisition Corporation Units, each consisting of one Ordinary Share, and one Right to receive one-fourth (1/4) of one ordinary share",NYSE,False
OTEX,Open Text Corporation - Common Shares,NASDAQ,False
OTF,Blue Owl Technology Finance Corp. Common Stock,NYSE,False
OTGA,OTG Acquisition Corp. I - Class A Ordinary Share,NASDAQ,False
OTGAU,OTG Acquisition Corp. I - Unit,NASDAQ,False
OTGAW,OTG Acquisition Corp. I - Warrants,NASDAQ,False
OTGL,OTG Latin America ETF,NASDAQ,True
OTIS,Otis Worldwide Corporation Common Stock,NYSE,False
OTLK,"Outlook Therapeutics, Inc. - Common Stock",NASDAQ,False
OTLY,Oatly Group AB - American Depositary Shares,NASDAQ,False
OTTR,Otter Tail Corporation - Common Stock,NASDAQ,False
OUNZ,VanEck Merk Gold ETF,NYSE Arca,True
OUSA,ALPS O'Shares U.S. Quality Dividend ETF,NYSE Arca,True
OUSL,Defiance Daily Target 2X Long OUST ETF,Cboe BZX,True
OUSM,ALPS O'Shares U.S. Small-Cap Quality Dividend ETF,NYSE Arca,True
OUST,"Ouster, Inc. - Common Stock",NASDAQ,False
OUT,OUTFRONT Media Inc. Common Stock,NYSE,False
OVB,Overlay Shares Core Bond ETF,Cboe BZX,True
OVBC,Ohio Valley Banc Corp. - Common Stock,NASDAQ,False
OVF,Overlay Shares Foreign Equity ETF,Cboe BZX,True
OVID,Ovid Therapeutics Inc. - Common Stock,NASDAQ,False
OVL,Overlay Shares Large Cap Equity ETF,Cboe BZX,True
OVLH,Overlay Shares Hedged Large Cap Equity ETF,Cboe BZX,True
OVLY,Oak Valley Bancorp (CA) - Common Stock,NASDAQ,False
OVM,Overlay Shares Municipal Bond ETF,Cboe BZX,True
OVS,Overlay Shares Small Cap Equity ETF,Cboe BZX,True
OVT,Overlay Shares Short Term Bond ETF,Cboe BZX,True
OVV,Ovintiv Inc. (DE),NYSE,False
OWL,Blue Owl Capital Inc. Class A Common Stock,NYSE,False
OWLS,OBOOK Holdings Inc. - Class A Common Shares,NASDAQ,False
OWLT,"Owlet, Inc. Class A Common Stock",NYSE,False
OWN,Inside Ownership 100 ETF,Cboe BZX,True
OWNB,Bitwise Bitcoin Standard Corporations ETF,NYSE Arca,True
OWNS,Quaker Investment Trust CCM Affordable Housing MBS ETF,NYSE Arca,True
OXBR,Oxbridge Re Holdings Limited - Ordinary Shares,NASDAQ,False
OXBRW,Oxbridge Re Holdings Limited - Warrant,NASDAQ,False
OXLC,Oxford Lane Capital Corp. - Closed End Fund,NASDAQ,False
OXLCG,Oxford Lane Capital Corp. - 7.95% Notes due 2032,NASDAQ,False
OXLCI,Oxford Lane Capital Corp. - 8.75% Notes due 2030,NASDAQ,False
OXLCL,Oxford Lane Capital Corp. - 6.75% Notes due 2031,NASDAQ,False
OXLCM,"Oxford Lane Capital Corp. - Preferred Stock Shares, 8.25% Series 2031",NASDAQ,False
OXLCN,Oxford Lane Capital Corp. - 7.125% Series 2029 Term Preferred Stock,NASDAQ,False
OXLCO,"Oxford Lane Capital Corp. - Preferred Stock Shares, 6.00% Series 2029",NASDAQ,False
OXLCZ,Oxford Lane Capital Corp. - 5.00% Notes due 2027,NASDAQ,False
OXM,"Oxford Industries, Inc. Common Stock",NYSE,False
OXSQ,Oxford Square Capital Corp. - Closed End Fund,NASDAQ,False
OXSQG,Oxford Square Capital Corp. - 5.50% Notes due 2028,NASDAQ,False
OXSQH,Oxford Square Capital Corp. - 7.75% Notes due 2030,NASDAQ,False
OXY,Occidental Petroleum Corporation Common Stock,NYSE,False
OXY.W,Occidental Petroleum Corporation Warrants,NYSE,False
OYSE,Oyster Enterprises II Acquisition Corp - Class A Ordinary Shares,NASDAQ,False
OYSER,Oyster Enterprises II Acquisition Corp - Rights,NASDAQ,False
OYSEU,Oyster Enterprises II Acquisition Corp - Units,NASDAQ,False
OZ,"Belpointe PREP, LLC Class A Units",NYSE American,False
OZEM,Roundhill GLP-1 & Weight Loss ETF,NASDAQ,True
OZK,Bank OZK - Common Stock,NASDAQ,False
OZKAP,Bank OZK - 4.625% Series A Non-Cumulative Perpetual Preferred Stock,NASDAQ,False
P,"Everpure, Inc. Class A common stock",NYSE,False
PAA,"Plains All American Pipeline, L.P. - Common Units representing Limited Partner Interests",NASDAQ,False
PAAA,PGIM AAA CLO ETF,NYSE Arca,True
PAAC,Proem Acquisition Corp I - Ordinary Shares,NASDAQ,False
PAACU,Proem Acquisition Corp I - Units,NASDAQ,False
PAACW,Proem Acquisition Corp I - Warrants,NASDAQ,False
PAAS,Pan American Silver Corp. Common Stock,NYSE,False
PAB,PGIM Active Aggregate Bond ETF,NYSE Arca,True
PABD,iShares Paris-Aligned Climate Optimized MSCI World ex USA ETF,NASDAQ,True
PABU,iShares Paris-Aligned Climate Optimized MSCI USA ETF,NASDAQ,True
PAC,"Grupo Aeroportuario Del Pacifico, S.A. B. de C.V. Grupo Aeroportuario Del Pacifico, S.A. de C.V. (each representing 10 Series B shares)",NYSE,False
PACB,"Pacific Biosciences of California, Inc. - Common Stock",NASDAQ,False
PACH,Pioneer Acquisition I Corp - Class A Ordinary Shares,NASDAQ,False
PACHU,Pioneer Acquisition I Corp - Units,NASDAQ,False
PACHW,Pioneer Acquisition I Corp - Warrants,NASDAQ,False
PACK,Ranpak Holdings Corp Class A Common Stock,NYSE,False
PACS,"PACS Group, Inc. Common Stock",NYSE,False
PAG,"Penske Automotive Group, Inc. Common Stock",NYSE,False
PAGP,"Plains GP Holdings, L.P. - Class A Shares representing limited partner interests",NASDAQ,False
PAGS,PagSeguro Digital Ltd. Class A Common Shares,NYSE,False
PAHC,Phibro Animal Health Corporation - Class A Common Stock,NASDAQ,False
PAI,Western Asset Investment Grade Income Fund Inc.,NYSE,False
PAII,Pyrophyte Acquisition Corp. II Class A Ordinary Shares,NYSE,False
PAII.U,"Pyrophyte Acquisition Corp. II Units, each consisting of one Class A ordinary share and one-half of one redeemable warrant",NYSE,False
PAII.W,"Pyrophyte Acquisition Corp. II Warrants, each whole warrant exercisable for one Class A Ordinary Share at an exercise price of $11.50 per share",NYSE,False
PAL,"Proficient Auto Logistics, Inc. - Common Stock",NASDAQ,False
PALC,Pacer Lunt Large Cap Multi-Factor Alternator ETF,NYSE Arca,True
PALD,Direxion Daily PANW Bear 1X ETF,NASDAQ,True
PALI,"Palisade Bio, Inc. - Common Stock",NASDAQ,False
PALL,abrdn Physical Palladium Shares ETF,NYSE Arca,True
PALO,Paloma Acquisition Corp I - Class A Ordinary Shares,NASDAQ,False
PALOU,Paloma Acquisition Corp I - Units,NASDAQ,False
PALOW,Paloma Acquisition Corp I - Warrants,NASDAQ,False
PALU,Direxion Daily PANW Bull 2X ETF,NASDAQ,True
PAM,Pampa Energia S.A.,NYSE,False
PAMC,Pacer Lunt MidCap Multi-Factor Alternator ETF,NYSE Arca,True
PAMT,PAMT CORP - Common Stock,NASDAQ,False
PANG,Leverage Shares 2X Long PANW Daily ETF,NASDAQ,True
PANL,Pangaea Logistics Solutions Ltd. - Common Stock,NASDAQ,False
PANW,"Palo Alto Networks, Inc. - Common Stock",NASDAQ,False
PAPI,Parametric Equity Premium Income ETF,NYSE Arca,True
PAPL,Pineapple Financial Inc. Common Stock,NYSE American,False
PAPR,Innovator U.S. Equity Power Buffer ETF - April,Cboe BZX,True
PAR,PAR Technology Corporation Common Stock,NYSE,False
PARK,"Park Dental Partners, Inc. - Common Stock",NASDAQ,False
PARR,"Par Pacific Holdings, Inc.  Common Stock",NYSE,False
PASG,"Passage Bio, Inc. - Common Stock",NASDAQ,False
PASW,"Ping An Biomedical Co., Ltd. - Class A Ordinary Shares",NASDAQ,False
PATH,"UiPath, Inc. Class A Common Stock",NYSE,False
PATK,"Patrick Industries, Inc. - Common Stock",NASDAQ,False
PATN,Pacer Nasdaq International Patent Leaders ETF,NASDAQ,True
PATX,Tradr 2X Long PATH Daily ETF,Cboe BZX,True
PAUG,Innovator U.S. Equity Power Buffer ETF - August,Cboe BZX,True
PAVE,Global X U.S. Infrastructure Development ETF,Cboe BZX,True
PAVM,PAVmed Inc. - Common Stock,NASDAQ,False
PAVS,Paranovus Entertainment Technology Ltd. - Class A Ordinary Shares,NASDAQ,False
PAWZ,ProShares Pet Care ETF,Cboe BZX,True
PAX,Patria Investments Limited - Class A Common Shares,NASDAQ,False
PAXS,PIMCO Access Income Fund Common Shares of Beneficial Interest,NYSE,False
PAY,"Paymentus Holdings, Inc. Class A Common Stock",NYSE,False
PAYC,"Paycom Software, Inc. Common Stock",NYSE,False
PAYH,TrueShares S&P Autocallable High Income ETF,Cboe BZX,True
PAYM,TrueShares S&P Autocallable Defensive Income ETF,Cboe BZX,True
PAYO,Payoneer Global Inc. - Common Stock,NASDAQ,False
PAYP,PayPay Corporation - American Depository Shares,NASDAQ,False
PAYR,Federated Hermes Enhanced Income ETF,Cboe BZX,True
PAYS,"Paysign, Inc. - Common Stock",NASDAQ,False
PAYX,"Paychex, Inc. - Common Stock",NASDAQ,False
PB,"Prosperity Bancshares, Inc. Common Stock",NYSE,False
PBA,Pembina Pipeline Corp. Ordinary Shares (Canada),NYSE,False
PBAP,PGIM S&P 500 Buffer 20 ETF - April,Cboe BZX,True
PBAU,PGIM S&P 500 Buffer 20 ETF - August,Cboe BZX,True
PBD,Invesco Global Clean Energy ETF,NYSE Arca,True
PBDC,Putnam BDC Income ETF,NYSE Arca,True
PBDE,PGIM S&P 500 Buffer 20 ETF - December,Cboe BZX,True
PBE,Invesco Biotechnology & Genome ETF,NYSE Arca,True
PBEU,Portfolio Building Block European Banks Index ETF,NASDAQ,True
PBF,PBF Energy Inc. Class A Common Stock,NYSE,False
PBFB,PGIM S&P 500 Buffer 20 ETF - February,Cboe BZX,True
PBFR,PGIM Laddered S&P 500 Buffer 20 ETF,Cboe BZX,True
PBFS,"Pioneer Bancorp, Inc. - Common Stock",NASDAQ,False
PBH,Prestige Consumer Healthcare Inc. Common Stock,NYSE,False
PBHC,"Pathfinder Bancorp, Inc. - Common Stock",NASDAQ,False
PBI,Pitney Bowes Inc. Common Stock,NYSE,False
PBI$B,Pitney Bowes Inc 6.70% Notes Due 2043,NYSE,False
PBJ,Invesco Food & Beverage ETF,NYSE Arca,True
PBJA,PGIM S&P 500 Buffer 20 ETF - January,Cboe BZX,True
PBJL,PGIM S&P 500 Buffer 20 ETF - July,Cboe BZX,True
PBJN,PGIM S&P 500 Buffer 20 ETF - June,Cboe BZX,True
PBK,PowerBank Corporation - Common Stock,NASDAQ,False
PBL,PGIM Portfolio Ballast ETF,Cboe BZX,True
PBLS,"Parabilis Medicines, Inc. - Common Stock",NASDAQ,False
PBM,Psyence Biomedical Ltd. - Common Shares,NASDAQ,False
PBMR,PGIM S&P 500 Buffer 20 ETF - March,Cboe BZX,True
PBMWW,Psyence Biomedical Ltd. - Warrant,NASDAQ,False
PBMY,PGIM S&P 500 Buffer 20 ETF - May,Cboe BZX,True
PBNV,PGIM S&P 500 Buffer 20 ETF - November,Cboe BZX,True
PBOC,PGIM S&P 500 Buffer 20 ETF - October,Cboe BZX,True
PBOG,Portfolio Building Block Integrated Oil and Gas and Exploration and Production Index ETF,NASDAQ,True
PBOT,Pictet AI & Automation ETF,NYSE Arca,True
PBP,Invesco S&P 500 BuyWrite ETF,Cboe BZX,True
PBPH,Portfolio Building Block World Pharma and Biotech Index ETF,NASDAQ,True
PBQQ,PGIM Laddered Nasdaq-100 Buffer 12 ETF,NASDAQ,True
PBR,Petroleo Brasileiro S.A. Petrobras ADS,NYSE,False
PBR.A,Petroleo Brasileiro S.A. Petrobras American Depositary Shares representing Preferred Shares,NYSE,False
PBRG,Leverage Shares 2X Long PBR Daily ETF,NASDAQ,True
PBSC,Pacer Barings Secured Credit Flex ETF,NASDAQ,True
PBSE,PGIM S&P 500 Buffer 20 ETF - September,Cboe BZX,True
PBT,Permian Basin Royalty Trust Common Stock,NYSE,False
PBTP,Invesco 0-5 Yr US TIPS ETF,Cboe BZX,True
PBUS,Invesco MSCI USA ETF,Cboe BZX,True
PBW,Invesco WilderHill Clean Energy ETF,NYSE Arca,True
PBYI,Puma Biotechnology Inc - Common Stock,NASDAQ,False
PC,Premium Catering (Holdings) Limited - Ordinary Shares,NASDAQ,False
PCAP,ProCap Acquisition Corp - Class A Ordinary Shares,NASDAQ,False
PCAPU,ProCap Acquisition Corp - Unit,NASDAQ,False
PCAPW,ProCap Acquisition Corp - Warrant,NASDAQ,False
PCAR,PACCAR Inc. - Common Stock,NASDAQ,False
PCB,PCB Bancorp - Common Stock,NASDAQ,False
PCCE,Polen Capital China Growth ETF,NYSE Arca,True
PCEB,Polen Euro High Yield Bond ETF,NYSE Arca,True
PCEF,Invesco CEF Income Composite ETF,NYSE Arca,True
PCF,High Income Securities Fund Common Stock,NYSE,False
PCFI,Polen Floating Rate Income ETF,NYSE Arca,True
PCG,Pacific Gas & Electric Co. Common Stock,NYSE,False
PCG$A,Pacific Gas & Electric Co. 6% Preferred Stock,NYSE American,False
PCG$B,Pacific Gas & Electric Co. 5 1/2% Preferred Stock,NYSE American,False
PCG$C,Pacific Gas & Electric Co. 5% 1st Preferred Stock,NYSE American,False
PCG$D,Pacific Gas & Electric Co. 5% 1st  Red. Preferred Stock,NYSE American,False
PCG$E,Pacific Gas & Electric Co. 5% 1st A Preferred Stock,NYSE American,False
PCG$G,Pacific Gas & Electric Co. 4.80% 1st Preferred Stock,NYSE American,False
PCG$H,Pacific Gas & Electric Co. 4.50% 1st Preferred Stock,NYSE American,False
PCG$I,Pacific Gas & Electric Co. 4.36% 1st Preferred Stock,NYSE American,False
PCG$X,PG&E Corp 6.000% Series A Mandatory Convertible Preferred Stock,NYSE,False
PCGG,Polen Capital Global Growth ETF,NYSE Arca,True
PCHI,Polen High Income ETF,NYSE Arca,True
PCI,PGIM Corporate Bond 5-10 Year ETF,Cboe BZX,True
PCIG,Polen Capital International Growth ETF,NYSE Arca,True
PCL,PGIM Corporate Bond 10+ Year ETF,Cboe BZX,True
PCLA,PicoCELA Inc. - American Depositary Shares,NASDAQ,False
PCLC,Polen 5Perspectives Large Growth ETF,NYSE Arca,True
PCLG,Polen Focus Growth ETF,NYSE Arca,True
PCLN,Pictet Cleaner Planet ETF,NYSE Arca,True
PCLO,VIRTUS SEIX AAA Private Credit CLO ETF,NYSE Arca,True
PCM,"PCM Fund, Inc. Common Stock",NYSE,False
PCMM,BondBloxx Private Credit CLO ETF,NASDAQ,True
PCN,Pimco Corporate & Income Strategy Fund Common Stock,NYSE,False
PCOR,"Procore Technologies, Inc. Common Stock",NYSE,False
PCPI,PIMCO Inflation PLUS Active Exchange-Traded Fund,NASDAQ,True
PCPP,Porter & Company Porter Portfolio Index ETF,Cboe BZX,True
PCQ,PIMCO California Municipal Income Fund Common Stock,NYSE,False
PCR,Simplify VettaFi Private Credit Strategy ETF,NYSE Arca,True
PCRX,"Pacira BioSciences, Inc. - Common Stock",NASDAQ,False
PCS,PGIM Corporate Bond 0-5 Year ETF,Cboe BZX,True
PCSA,"Processa Pharmaceuticals, Inc. - Common Stock",NASDAQ,False
PCSG,Polen 5Perspectives Small-Mid Growth ETF,NYSE Arca,True
PCT,"PureCycle Technologies, Inc. - Common stock",NASDAQ,False
PCTTU,"PureCycle Technologies, Inc. - Unit",NASDAQ,False
PCTTW,"PureCycle Technologies, Inc. - Warrant",NASDAQ,False
PCTY,Paylocity Holding Corporation - Common Stock,NASDAQ,False
PCVX,"Vaxcyte, Inc. - Common Stock",NASDAQ,False
PCY,Invesco Emerging Markets Sovereign Debt ETF,NYSE Arca,True
PCYO,Pure Cycle Corporation - Common Stock,NASDAQ,False
PD,"PagerDuty, Inc. Common Stock",NYSE,False
PDBA,Invesco Agriculture Commodity Strategy No K-1 ETF,NASDAQ,True
PDBC,Invesco Optimum Yield Diversified Commodity Strategy No K-1 ETF,NASDAQ,True
PDC,Perpetuals.com Ltd - American Depositary Shares,NASDAQ,False
PDCC,Pearl Diver Credit Company Inc. Common Stock,NYSE,False
PDD,PDD Holdings Inc. - American Depositary Shares,NASDAQ,False
PDDL,GraniteShares 2x Long PDD Daily ETF,NASDAQ,True
PDEC,Innovator U.S. Equity Power Buffer ETF - December,Cboe BZX,True
PDEX,"Pro-Dex, Inc. - Common Stock",NASDAQ,False
PDFS,"PDF Solutions, Inc. - Common Stock",NASDAQ,False
PDI,PIMCO Dynamic Income Fund Common Stock,NYSE,False
PDLB,"Ponce Financial Group, Inc. - Common Stock",NASDAQ,False
PDM,"Piedmont Realty Trust, Inc. Class A Common Stock",NYSE,False
PDN,Invesco RAFI Developed Markets ex-U.S. Small-Mid ETF,NYSE Arca,True
PDO,PIMCO Dynamic Income Opportunities Fund Common Shares of Beneficial Interest,NYSE,False
PDP,Invesco Dorsey Wright Momentum ETF,NASDAQ,True
PDPA,Pearl Diver Credit Company Inc. 8.00% Series A Preferred Stock Due 2029,NYSE,False
PDS,Precision Drilling Corporation Common Stock,NYSE,False
PDSB,PDS Biotechnology Corporation - Common Stock,NASDAQ,False
PDT,John Hancock Premium Dividend Fund,NYSE,False
PDX,PIMCO Dynamic Income Strategy Fund Common Shares of Beneficial Interest,NYSE,False
PDYN,Palladyne AI Corp. - Common stock,NASDAQ,False
PDYNW,Palladyne AI Corp. - Warrant,NASDAQ,False
PEB,Pebblebrook Hotel Trust Common Shares of Beneficial Interest,NYSE,False
PEB$E,Pebblebrook Hotel Trust 6.375% Series E Cumulative Redeemable Preferred Shares of Beneficial Interest,NYSE,False
PEB$F,Pebblebrook Hotel Trust 6.3% Series F Cumulative Redeemable Preferred Shares of Beneficial Interest,NYSE,False
PEB$G,Pebblebrook Hotel Trust 6.375% Series G Cumulative Redeemable Preferred Shares of Beneficial Interest,NYSE,False
PEB$H,Pebblebrook Hotel Trust 5.700% Series H Cumulative Redeemable Preferred Shares of Beneficial Interest,NYSE,False
PEBK,"Peoples Bancorp of North Carolina, Inc. - Common Stock",NASDAQ,False
PEBO,Peoples Bancorp Inc. - Common Stock,NASDAQ,False
PECE,Peace Acquisition Corp - Ordinary Shares,NASDAQ,False
PECER,Peace Acquisition Corp - Right,NASDAQ,False
PECEU,Peace Acquisition Corp - Units,NASDAQ,False
PECEW,Peace Acquisition Corp - Warrant,NASDAQ,False
PECO,"Phillips Edison & Company, Inc. - Common Stock",NASDAQ,False
PED,Pedevco Corp. Common Stock,NYSE American,False
PEG,Public Service Enterprise Group Incorporated Common Stock,NYSE,False
PEGA,Pegasystems Inc. - Common Stock,NASDAQ,False
PEJ,Invesco Leisure and Entertainment ETF,NYSE Arca,True
PEMX,Putnam Emerging Markets ex-China ETF,NYSE Arca,True
PEN,"Penumbra, Inc. Common Stock",NYSE,False
PENG,"Penguin Solutions, Inc. - Common Stock",NASDAQ,False
PENN,"PENN Entertainment, Inc. - Common Stock",NASDAQ,False
PEO,"Adams Natural Resources Fund, Inc. Common Stock",NYSE,False
PEP,"PepsiCo, Inc. - Common Stock",NASDAQ,False
PEPG,PepGen Inc. - Common Stock,NASDAQ,False
PEPS,Parametric Equity Plus ETF,NASDAQ,True
PERF,Perfect Corp. Class A Ordinary Share,NYSE,False
PERI,Perion Network Ltd - Ordinary Shares,NASDAQ,False
PESI,"Perma-Fix Environmental Services, Inc. - Common Stock",NASDAQ,False
PETS,"PetMed Express, Inc. - Common Stock",NASDAQ,False
PETZ,"TDH Holdings, Inc. - Common Shares",NASDAQ,False
PEVC,Pacer PE/VC ETF,NYSE Arca,True
PEW,GrabAGun Digital Holdings Inc. Common Stock,NYSE,False
PEW.W,"GrabAGun Digital Holdings Inc. Warrants, each whole warrant exercisable to purchase one share of Common Stock at an exercise price of $11.50 per share",NYSE,False
PEX,ProShares Global Listed Private Equity ETF,Cboe BZX,True
PEXL,Pacer US Export Leaders ETF,NYSE Arca,True
PEY,Invesco High Yield Equity Dividend Achievers ETF,NASDAQ,True
PEZ,Invesco Dorsey Wright Consumer Cyclicals Momentum ETF,NASDAQ,True
PFAI,Pinnacle Food Group Limited - Class A Common Shares,NASDAQ,False
PFBC,Preferred Bank - Common Stock,NASDAQ,False
PFD,Flaherty & Crumrine Preferred and Income Fund Incorporated,NYSE,False
PFDE,Pathfinder Disciplined US Equity ETF,NASDAQ,True
PFE,"Pfizer, Inc. Common Stock",NYSE,False
PFEB,Innovator U.S. Equity Power Buffer ETF - February,Cboe BZX,True
PFF,iShares Preferred and Income Securities ETF,NASDAQ,True
PFFA,Virtus InfraCap U.S. Preferred Stock ETF,NYSE Arca,True
PFFD,Global X U.S. Preferred ETF,NYSE Arca,True
PFFL,"ETRACS 2xMonthly Pay Leveraged Preferred Stock Index ETN due September 25, 2048",NYSE Arca,False
PFFR,InfraCap REIT Preferred ETF,NYSE Arca,True
PFFV,Global X Variable Rate Preferred ETF,NYSE Arca,True
PFG,Principal Financial Group Inc - Common Stock,NASDAQ,False
PFGC,Performance Food Group Company Common Stock,NYSE,False
PFH,"Prudential Financial, Inc. 4.125% Junior Subordinated Notes due 2060",NYSE,False
PFI,Invesco Dorsey Wright Financial Momentum ETF,NASDAQ,True
PFIG,Invesco Fundamental Investment Grade Corporate Bond  ETF,NYSE Arca,True
PFIS,Peoples Financial Services Corp.  - Common Stock,NASDAQ,False
PFIX,Simplify Interest Rate Hedge ETF,NYSE Arca,True
PFL,PIMCO Income Strategy Fund Shares of Beneficial Interest,NYSE,False
PFLA,PennantPark Floating Rate Capital Ltd. 7.375% Notes Due 2031,NYSE,False
PFLD,AAM Low Duration Preferred and Income Securities ETF,NYSE Arca,True
PFLT,PennantPark Floating Rate Capital Ltd. Common Stock,NYSE,False
PFM,Invesco Dividend Achievers ETF,NASDAQ,True
PFN,PIMCO Income Strategy Fund II,NYSE,False
PFO,Flaherty & Crumrine Preferred and Income Opportunity Fund Incorporated,NYSE,False
PFOE,Pathfinder Focused Opportunities ETF,NASDAQ,True
PFRL,PGIM Floating Rate Income ETF,NYSE Arca,True
PFS,"Provident Financial Services, Inc Common Stock",NYSE,False
PFSA,"Profusa, Inc. - Common Stock",NASDAQ,False
PFSI,"PennyMac Financial Services, Inc. Common Stock",NYSE,False
PFX,PhenixFIN Corporation  - Common Stock,NASDAQ,False
PFXF,VanEck Preferred Securities ex Financials ETF,NYSE Arca,True
PFXNZ,PhenixFIN Corporation  - 5.25% Notes due 2028,NASDAQ,False
PG,Procter & Gamble Company (The) Common Stock,NYSE,False
PGAC,Pantages Capital Acquisition Corporation - Class A Ordinary Shares,NASDAQ,False
PGACR,Pantages Capital Acquisition Corporation - Right,NASDAQ,False
PGACU,Pantages Capital Acquisition Corporation - Unit,NASDAQ,False
PGC,Peapack-Gladstone Financial Corporation - Common Stock,NASDAQ,False
PGEN,"Precigen, Inc. - Common Stock",NASDAQ,False
PGF,Invesco Financial Preferred ETF,NYSE Arca,True
PGHY,Invesco Global ex-US High Yield Corporate Bond ETF,NYSE Arca,True
PGJ,Invesco Golden Dragon China ETF,NASDAQ,True
PGNY,"Progyny, Inc. - Common Stock",NASDAQ,False
PGP,Pimco Global StocksPlus & Income Fund Common Shares of Beneficial Interest,NYSE,False
PGR,Progressive Corporation (The) Common Stock,NYSE,False
PGRI,Putnam International Stock ETF,NYSE Arca,True
PGRO,Putnam Focused Large Cap Growth ETF,NYSE Arca,True
PGX,Invesco Preferred ETF,NYSE Arca,True
PGY,Pagaya Technologies Ltd. - Class A Ordinary Shares,NASDAQ,False
PGYWW,Pagaya Technologies Ltd. - Warrants,NASDAQ,False
PGZ,Principal Real Estate Income Fund Common Shares of Beneficial Interest,NYSE,False
PH,Parker-Hannifin Corporation Common Stock,NYSE,False
PHAR,"Pharming Group N.V. - ADS, each representing 10 ordinary shares",NASDAQ,False
PHAT,"Phathom Pharmaceuticals, Inc. - Common Stock",NASDAQ,False
PHDG,Invesco S&P 500 Downside Hedged ETF,NYSE Arca,True
PHEQ,Parametric Hedged Equity ETF,NYSE Arca,True
PHG,Koninklijke Philips N.V. NY Registry Shares,NYSE,False
PHGE,BiomX Inc. COmmon Stock,NYSE American,False
PHI,PLDT Inc. Sponsored ADR,NYSE,False
PHIN,PHINIA Inc. Common Stock,NYSE,False
PHIO,Phio Pharmaceuticals Corp. - Common Stock,NASDAQ,False
PHK,Pimco High Income Fund,NYSE,False
PHM,"PulteGroup, Inc. Common Stock",NYSE,False
PHO,Invesco Water Resources ETF,NASDAQ,True
PHOE,Phoenix Asia Holdings Limited - Ordinary Shares,NASDAQ,False
PHR,"Phreesia, Inc. Common Stock",NYSE,False
PHUN,"Phunware, Inc. - Common Stock",NASDAQ,False
PHVS,Pharvaris N.V. - Ordinary Shares,NASDAQ,False
PHXE$,"Phoenix Energy One, LLC Series A Cumulative Redeemable Preferred Shares",NYSE American,False
PHYL,PGIM Active High Yield Bond ETF,NYSE Arca,True
PHYS,Sprott Physical Gold Trust ETV,NYSE Arca,True
PI,"Impinj, Inc. - Common Stock",NASDAQ,False
PICB,Invesco International Corporate Bond ETF,NYSE Arca,True
PICK,iShares MSCI Global Select Metals & Mining Producers Fund,Cboe BZX,True
PICS,PicS N.V. - Class A Common Shares,NASDAQ,False
PID,Invesco International Dividend Achievers ETF,NASDAQ,True
PIE,Invesco Dorsey Wright Emerging Markets Momentum ETF,NASDAQ,True
PIEL,Pacer International Export Leaders ETF,Cboe BZX,True
PIEQ,Principal International Equity ETF,Cboe BZX,True
PIFI,ClearShares Piton Intermediate Fixed Income ETF,NYSE Arca,True
PII,Polaris Inc. Common Stock,NYSE,False
PIII,P3 Health Partners Inc. - Class A Common Stock,NASDAQ,False
PIIIW,P3 Health Partners Inc. - Warrant,NASDAQ,False
PILL,Direxion Daily Pharmaceutical & Medical Bull 3X ETF,NYSE Arca,True
PIM,Franklin Master Intermediate Income Trust Shares of Beneficial Interest,NYSE,False
PINC,PGIM Securitized Income ETF,Cboe BZX,True
PINE,"Alpine Income Property Trust, Inc. Common Stock",NYSE,False
PINE$A,"Alpine Income Property Trust, Inc. 8.00% Series A Cumulative Redeemable Preferred Stock",NYSE,False
PINK,Simplify Health Care ETF,NYSE Arca,True
PINS,"Pinterest, Inc. Class A Common Stock",NYSE,False
PIO,Invesco Global Water ETF,NASDAQ,True
PIPE,Invesco SteelPath MLP & Energy Infrastructure ETF,Cboe BZX,True
PIPR,Piper Sandler Companies Common Stock,NYSE,False
PIT,VanEck Commodity Strategy ETF,Cboe BZX,True
PIZ,Invesco Dorsey Wright Developed Markets Momentum ETF,NASDAQ,True
PJAN,Innovator U.S. Equity Power Buffer ETF - January,Cboe BZX,True
PJFG,PGIM Jennison Focused Growth ETF,NYSE Arca,True
PJFM,PGIM Jennison Focused Mid-Cap ETF,Cboe BZX,True
PJFV,PGIM Jennison Focused Value ETF,NYSE Arca,True
PJIO,PGIM Jennison International Opportunities ETF,NYSE Arca,True
PJP,Invesco Pharmaceuticals ETF,NYSE Arca,True
PJT,PJT Partners Inc. Class A Common Stock,NYSE,False
PJUL,Innovator U.S. Equity Power Buffer ETF - July,Cboe BZX,True
PJUN,Innovator U.S. Equity Power Buffer ETF - June,Cboe BZX,True
PJUS,PGIM Jennison U.S. Core Equity ETF,Cboe BZX,True
PK,Park Hotels & Resorts Inc. Common Stock,NYSE,False
PKB,Invesco Building & Construction ETF,NYSE Arca,True
PKBK,"Parke Bancorp, Inc. - Common Stock",NASDAQ,False
PKE,Park Aerospace Corp. Common Stock,NYSE,False
PKG,Packaging Corporation of America Common Stock,NYSE,False
PKOH,Park-Ohio Holdings Corp. - Common Stock,NASDAQ,False
PKW,Invesco BuyBack Achievers ETF,NASDAQ,True
PKX,POSCO HOLDINGS INC. American Depositary Shares (Each representing 1/4th of a share of Common Stock),NYSE,False
PL,Planet Labs PBC Class A Common Stock,NYSE,False
PLA,GraniteShares Autocallable PLTR ETF,NASDAQ,True
PLAB,"Photronics, Inc. - Common Stock",NASDAQ,False
PLAG,Planet Green Holdings Corp. Common Stock,NYSE American,False
PLAY,"Dave & Buster's Entertainment, Inc. - Common Stock",NASDAQ,False
PLBC,Plumas Bancorp - Common Stock,NASDAQ,False
PLBL,Polibeli Group Ltd - Class A Ordinary Shares,NASDAQ,False
PLBY,"Playboy, Inc. - Common Stock",NASDAQ,False
PLCE,"Children's Place, Inc. (The) - Common Stock",NASDAQ,False
PLCIU,Pelican Acquisition II Corporation - Unit,NASDAQ,False
PLD,"Prologis, Inc. Common Stock",NYSE,False
PLG,Platinum Group Metals Ltd. Ordinary Shares (Canada),NYSE American,False
PLGI,PL Growth and Income ETF,Cboe BZX,True
PLGO,Pelagos Insurance Capital Limited Common Shares,NYSE,False
PLMK,Plum Acquisition Corp. IV - Class A Ordinary Shares,NASDAQ,False
PLMKU,Plum Acquisition Corp. IV - Unit,NASDAQ,False
PLMKW,Plum Acquisition Corp. IV - Warrants,NASDAQ,False
PLMR,"Palomar Holdings, Inc. - Common stock",NASDAQ,False
PLNT,"Planet Fitness, Inc. Common Stock",NYSE,False
PLOW,"Douglas Dynamics, Inc. Common Stock",NYSE,False
PLPC,Preformed Line Products Company - Common Stock,NASDAQ,False
PLRX,"Pliant Therapeutics, Inc. - Common Stock",NASDAQ,False
PLRZ,Polyrizon Ltd. - Ordinary Shares,NASDAQ,False
PLSE,"Pulse Biosciences, Inc - Common Stock",NASDAQ,False
PLSM,Pulsenmore Ltd. - Ordinary Shares,NASDAQ,False
PLTA,ProShares Ultra PLTR,NYSE Arca,True
PLTD,Direxion Daily PLTR Bear 1X ETF,NASDAQ,True
PLTG,Leverage Shares 2X Long PLTR Daily ETF,NASDAQ,True
PLTK,Playtika Holding Corp. - Common Stock,NASDAQ,False
PLTL,Corgi PLTR 2x Daily ETF,Cboe BZX,True
PLTM,GraniteShares Platinum Shares ETF,NYSE Arca,True
PLTR,Palantir Technologies Inc. - Class A Common Stock,NASDAQ,False
PLTS,Platinum Analytics Cayman Limited - Class A Ordinary Shares,NASDAQ,False
PLTU,Direxion Daily PLTR Bull 2X ETF,NASDAQ,True
PLTW,Roundhill PLTR WeeklyPay ETF,Cboe BZX,True
PLTY,YieldMax PLTR Option Income Strategy ETF,NYSE Arca,True
PLTZ,Defiance Daily Target 2x Short PLTR ETF,NASDAQ,True
PLU,Defiance Daily Target 2x Long PL ETF,Cboe BZX,True
PLUG,"Plug Power, Inc. - Common Stock",NASDAQ,False
PLUL,Leverage Shares 2X Long PLUG Daily ETF,NASDAQ,True
PLUN,Plutonian Acquisition Corp II Class A Ordinary Shares,NYSE,False
PLUN.R,"Plutonian Acquisition Corp II Rights, each entitling the holder to receive one-fourth of one Class A Ordinary Share",NYSE,False
PLUN.U,"Plutonian Acquisition Corp II Units, each consisting of one Class A Ordinary Share and one right entitling the holder to one-fourth of one Class A Ordinary Share",NYSE,False
PLUR,Pluri Inc. - Common Stock,NASDAQ,False
PLUS,ePlus inc. - Common Stock,NASDAQ,False
PLUT,Plutus Financial Group Limited - Ordinary Shares,NASDAQ,False
PLX,"Protalix BioTherapeutics, Inc. (DE) Common Stock",NYSE American,False
PLXS,Plexus Corp. - Common Stock,NASDAQ,False
PLYX,"Polaryx Therapeutics, Inc. - Common Stock",NASDAQ,False
PLYY,GraniteShares YieldBOOST PLTR ETF,NASDAQ,True
PM,Philip Morris International Inc Common Stock,NYSE,False
PMA,Ming Shing Group Holdings Limited - Ordinary Shares,NASDAQ,False
PMAP,PGIM S&P 500 Max Buffer ETF - April,Cboe BZX,True
PMAR,Innovator U.S. Equity Power Buffer ETF - March,Cboe BZX,True
PMAU,PGIM S&P 500 Max Buffer ETF - August,Cboe BZX,True
PMAX,Powell Max Limited - Class A Ordinary Shares,NASDAQ,False
PMAY,Innovator U.S. Equity Power Buffer ETF - May,Cboe BZX,True
PMBS,PIMCO Mortgage-Backed Securities Active Exchange-Traded Fund,NASDAQ,True
PMCB,"PharmaCyte  Biotech, Inc. - Common Stock",NASDAQ,False
PMDE,PGIM S&P 500 Max Buffer ETF - December,Cboe BZX,True
PMEC,Primech Holdings Ltd. - Ordinary Shares,NASDAQ,False
PMFB,PGIM S&P 500 Max Buffer ETF - February,Cboe BZX,True
PMI,"Picard Medical, Inc. Common Stock",NYSE American,False
PMIO,PGIM Municipal Income Opportunities ETF,NYSE Arca,True
PMJA,PGIM S&P 500 Max Buffer ETF - January,Cboe BZX,True
PMJL,PGIM S&P 500 Max Buffer ETF - July,Cboe BZX,True
PMJN,PGIM S&P 500 Max Buffer ETF - June,Cboe BZX,True
PML,Pimco Municipal Income Fund II Common Shares of Beneficial Interest,NYSE,False
PMM,Franklin Managed Municipal Income Trust Shares of Beneficial Interest,NYSE,False
PMMF,iShares Prime Money Market ETF,NYSE,True
PMMR,PGIM S&P 500 Max Buffer ETF - March,Cboe BZX,True
PMMY,PGIM S&P 500 Max Buffer ETF - May,Cboe BZX,True
PMN,ProMIS Neurosciences Inc. - Common Shares,NASDAQ,False
PMNV,PGIM S&P 500 Max Buffer ETF - November,Cboe BZX,True
PMO,Franklin Municipal Opportunities Trust Shares of Beneficial Interest,NYSE,False
PMOC,PGIM S&P 500 Max Buffer ETF - October,Cboe BZX,True
PMSE,PGIM S&P 500 Max Buffer ETF - September,Cboe BZX,True
PMT,PennyMac Mortgage Investment Trust Common Shares of Beneficial Interest,NYSE,False
PMT$A,PennyMac Mortgage Investment Trust 8.125% Series A Fixed-to-Floating Rate Cumulative Redeemable Preferred Shares of Beneficial Interest,NYSE,False
PMT$B,PennyMac Mortgage Investment Trust 8.00% Series B Fixed-to-Floating Rate Cumulative Redeemable Preferred Shares of Beneficial Interest,NYSE,False
PMT$C,PennyMac Mortgage Investment Trust 6.75% Series C Cumulative Redeemable Preferred Shares of Beneficial Interest,NYSE,False
PMTL,First Trust Indxx Quality Precious Metals Miners ETF,NYSE Arca,True
PMTR,Perimeter Acquisition Corp. I - Class A Ordinary Shares,NASDAQ,False
PMTRU,Perimeter Acquisition Corp. I - Unit,NASDAQ,False
PMTRW,Perimeter Acquisition Corp. I - Warrant,NASDAQ,False
PMTS,CPI Card Group Inc. - Common Stock,NASDAQ,False
PMTU,PennyMac Mortgage Investment Trust 8.50% Senior Notes due 2028,NYSE,False
PMTV,PennyMac Mortgage Investment Trust 9.00% Senior Notes due 2030,NYSE,False
PMTW,PennyMac Mortgage Investment Trust 9.00% Senior Notes due 2030,NYSE,False
PMVP,"PMV Pharmaceuticals, Inc. - Common Stock",NASDAQ,False
PN,PN Smart Energy Limited - Class A Ordinary Shares,NASDAQ,False
PNBK,Patriot National Bancorp Inc. - Common Stock,NASDAQ,False
PNC,"PNC Financial Services Group, Inc. (The) Common Stock",NYSE,False
PNFP,"Pinnacle Financial Partners, Inc. Common stock",NYSE,False
PNFP$A,"Pinnacle Financial Partners, Inc. Fixed-to-Floating Rate Non-Cumulative Perpetual Preferred Stock, Series A",NYSE,False
PNFP$B,"Pinnacle Financial Partners, Inc. Fixed-to-Floating Rate Non-Cumulative Perpetual Preferred Stock, Series B",NYSE,False
PNFP$C,"Pinnacle Financial Partners, Inc. Fixed-to-Floating Rate Non-Cumulative Perpetual Preferred Stock, Series C",NYSE,False
PNI,Pimco New York Municipal Income Fund II Common Shares of Beneficial Interest,NYSE,False
PNNT,PennantPark Investment Corporation Common Stock,NYSE,False
PNOV,Innovator U.S. Equity Power Buffer ETF - November,Cboe BZX,True
PNQI,Invesco Nasdaq Internet ETF,NASDAQ,True
PNR,Pentair plc. Ordinary Share,NYSE,False
PNRG,PrimeEnergy Resources Corporation - Common Stock,NASDAQ,False
PNTG,"The Pennant Group, Inc. - Common Stock",NASDAQ,False
PNW,Pinnacle West Capital Corporation Common Stock,NYSE,False
POAS,Phaos Technology Holdings (Cayman) Limited Class A Ordinary Shares,NYSE American,False
POCI,"Precision Optics Corporation, Inc. - Common stock",NASDAQ,False
POCT,Innovator U.S. Equity Power Buffer ETF - October,Cboe BZX,True
PODC,"PodcastOne, Inc. - Common Stock",NASDAQ,False
PODD,Insulet Corporation - Common Stock,NASDAQ,False
POEL,Defiance Daily Target 2X Long POET ETF,Cboe BZX,True
POET,POET Technologies Inc. - Common Shares,NASDAQ,False
POLA,"Polar Power, Inc. - Common Stock",NASDAQ,False
POLE,Andretti Acquisition Corp. II - Class A Ordinary Shares,NASDAQ,False
POLEU,Andretti Acquisition Corp. II - Unit,NASDAQ,False
POLEW,Andretti Acquisition Corp. II - Warrant,NASDAQ,False
POM,POMDOCTOR LIMITED - American Depositary Shares,NASDAQ,False
PONO,"Pono Capital Four, Inc. - Class A Ordinary Shares",NASDAQ,False
PONOR,"Pono Capital Four, Inc. - Rights",NASDAQ,False
PONOU,"Pono Capital Four, Inc. - Units",NASDAQ,False
PONX,Tradr 2X Long PONY Daily ETF,Cboe BZX,True
PONY,Pony AI Inc. - American Depositary Shares,NASDAQ,False
POOL,Pool Corporation - Common Stock,NASDAQ,False
POR,Portland General Electric Co Common Stock,NYSE,False
POST,"Post Holdings, Inc. Common Stock",NYSE,False
POW,VistaShares Electrification Supercycle ETF,NYSE Arca,True
POWA,Invesco Bloomberg Pricing Power ETF,NYSE Arca,True
POWI,"Power Integrations, Inc. - Common Stock",NASDAQ,False
POWL,"Powell Industries, Inc. - Common Stock",NASDAQ,False
POWR,iShares U.S. Power Infrastructure ETF,NYSE Arca,True
POWW,Outdoor Holding Company - Common Stock,NASDAQ,False
POWWP,Outdoor Holding Company - 8.75% Series A Cumulative Redeemable Perpetual Preferred Stock,NASDAQ,False
PPA,Invesco Aerospace & Defense ETF,NYSE Arca,True
PPBT,Purple Biotech Ltd. - American Depositary Shares,NASDAQ,False
PPC,Pilgrim's Pride Corporation - Common Stock,NASDAQ,False
PPCB,"Propanc Biopharma, Inc. - Common Stock",NASDAQ,False
PPG,"PPG Industries, Inc. Common Stock",NYSE,False
PPH,VanEck Pharmaceutical ETF,NASDAQ,True
PPHC,"Public Policy Holding Company, Inc. - Common Stock",NASDAQ,False
PPI,Astoria Real Assets ETF,NASDAQ,True
PPIH,"Perma-Pipe International Holdings, Inc. - Common Stock",NASDAQ,False
PPL,PPL Corporation Common Stock,NYSE,False
PPLC,PPL Corporation Corporate Units,NYSE,False
PPLI,People Incorporated - Common Stock,NASDAQ,False
PPLT,abrdn Physical Platinum Shares ETF,NYSE Arca,True
PPSI,"Pioneer Power Solutions, Inc. - Common Stock",NASDAQ,False
PPT,Franklin Premier Income Trust Shares of Beneficial Interest,NYSE,False
PPTA,Perpetua Resources Corp. - Common Shares,NASDAQ,False
PPTY,U.S. Diversified Real Estate ETF,NYSE Arca,True
PQAP,PGIM Nasdaq-100 Buffer 12 ETF - April,NASDAQ,True
PQDI,Principal Spectrum Preferred and Income ETF,NYSE Arca,True
PQJA,PGIM Nasdaq-100 Buffer 12 ETF - January,NASDAQ,True
PQJL,PGIM Nasdaq-100 Buffer 12 ETF - July,NASDAQ,True
PQNT,Pictet AI Enhanced International Equity ETF,NYSE Arca,True
PQOC,PGIM Nasdaq-100 Buffer 12 ETF - October,NASDAQ,True
PQUS,Pictet AI Enhanced US Equity ETF,NYSE Arca,True
PQV,PGIM S&P 500 Quarterly Buffer 5 ETF,Cboe BZX,True
PQX,PGIM S&P 500 Quarterly Buffer 10 ETF,Cboe BZX,True
PQXV,PGIM S&P 500 Quarterly Buffer 15 ETF,Cboe BZX,True
PQXX,PGIM S&P 500 Quarterly Buffer 20 ETF,Cboe BZX,True
PR,Permian Resources Corporation Class A Common Stock,NYSE,False
PRAA,"PRA Group, Inc. - Common Stock",NASDAQ,False
PRAB,State Street IG Public & Private ABS ETF,NYSE Arca,True
PRAE,PlanRock Alternative Growth ETF,NYSE Arca,True
PRAX,"Praxis Precision Medicines, Inc. - Common Stock",NASDAQ,False
PRAY,FIS Christian Stock Fund,NYSE Arca,True
PRCH,"Porch Group, Inc. - Common Stock",NASDAQ,False
PRCS,Parnassus Core Select ETF,NYSE,True
PRCT,PROCEPT BioRobotics Corporation - Common Stock,NASDAQ,False
PRDO,Perdoceo Education Corporation - Common Stock,NASDAQ,False
PRE,Prenetics Global Limited - Class A Ordinary Share,NASDAQ,False
PREF,Principal Spectrum Preferred Securities Active ETF,NYSE Arca,True
PRENW,Prenetics Global Limited - Warrant,NASDAQ,False
PRF,Invesco RAFI US 1000 ETF,NYSE Arca,True
PRFD,PIMCO Preferred and Capital Securities Active Exchange-Traded Fund,NYSE Arca,True
PRFX,PRF Technologies Ltd. - Ordinary Shares,NASDAQ,False
PRFZ,Invesco RAFI US 1500 Small-Mid ETF,NASDAQ,True
PRG,"PROG Holdings, Inc. Common Stock",NYSE,False
PRGO,Perrigo Company plc Ordinary Shares,NYSE,False
PRGS,Progress Software Corporation - Common Stock,NASDAQ,False
PRH,"Prudential Financial, Inc. 5.950% Junior Subordinated Notes due 2062",NYSE,False
PRHI,"Presurance Holdings, Inc. - Common Stock",NASDAQ,False
PRHIZ,"Presurance Holdings, Inc. - 9.75% Senior Unsecured Notes due 2028",NASDAQ,False
PRI,"Primerica, Inc. Common Stock",NYSE,False
PRIF$D,"Priority Income Fund, Inc. 7.00% Series D Term Preferred Stock due 2029",NYSE,False
PRIF$K,"Priority Income Fund, Inc. 7.000% Series K Cumulative Preferred Stock",NYSE,False
PRIF$L,"Priority Income Fund, Inc. 6.375% Series L Term Preferred Stock Due 2029",NYSE,False
PRIM,Primoris Services Corporation Common Stock,NYSE,False
PRIV,State Street IG Public & Private Credit ETF,NYSE Arca,True
PRIZ,Zacks Preferred Income ETF,NYSE Arca,True
PRK,Park National Corporation Common Stock,NYSE American,False
PRKS,United Parks & Resorts Inc. Common Stock,NYSE,False
PRLB,"Proto Labs, Inc. Common stock",NYSE,False
PRLD,Prelude Therapeutics Incorporated - Common Stock,NASDAQ,False
PRM,"Perimeter Solutions, SA Common Stock",NYSE,False
PRMB,Primo Brands Corporation Class A Common Stock,NYSE,False
PRME,"Prime Medicine, Inc. - Common Stock",NASDAQ,False
PRMR,PeakShares RMR Prime Equity ETF,NASDAQ,True
PRN,Invesco Dorsey Wright Industrials Momentum ETF,NASDAQ,True
PRNT,3D Printing (The) ETF,Cboe BZX,True
PROF,Profound Medical Corp. - common stock,NASDAQ,False
PROK,ProKidney Corp. - Class A Ordinary Shares,NASDAQ,False
PROP,Prairie Operating Co. - Common Stock,NASDAQ,False
PROV,"Provident Financial Holdings, Inc. - Common Stock",NASDAQ,False
PRPL,"Purple Innovation, Inc. - Common Stock",NASDAQ,False
PRPO,"Precipio, Inc. - Common Stock",NASDAQ,False
PRQR,ProQR Therapeutics N.V. - Ordinary Shares,NASDAQ,False
PRS,"Prudential Financial, Inc. 5.625% Junior Subordinated Notes due 2058",NYSE,False
PRSD,State Street Short Duration IG Public & Private Credit ETF,NYSE Arca,True
PRSO,Peraso Inc. - Common Stock,NASDAQ,False
PRSU,"Pursuit Attractions and Hospitality, Inc. Common Stock",NYSE,False
PRT,PermRock Royalty Trust Units of Beneficial Interest,NYSE,False
PRTA,Prothena Corporation plc - Ordinary Shares,NASDAQ,False
PRTH,"Priority Technology Holdings, Inc. - Common Stock",NASDAQ,False
PRTO,RCN Pareto Strategic Allocation ETF,NYSE Arca,True
PRTS,"CarParts.com, Inc. - Common Stock",NASDAQ,False
PRU,"Prudential Financial, Inc. Common Stock",NYSE,False
PRVA,"Privia Health Group, Inc. - Common Stock",NASDAQ,False
PRVS,Parnassus Value Select ETF,NYSE,True
PRVT,Tema Alternative Asset Managers ETF,Cboe BZX,True
PRXG,Praxis Impact Large Cap Growth ETF,NYSE Arca,True
PRXI,Praxis Impact International ETF,NYSE Arca,True
PRXV,Praxis Impact Large Cap Value ETF,NYSE Arca,True
PRZO,ParaZero Technologies Ltd. - Ordinary Shares,NASDAQ,False
PS,Pershing Square Inc. Common Stock,NYSE,False
PSA,Public Storage Common Stock,NYSE,False
PSA$F,"Public Storage Depositary Shares Each Representing 1/1,000 of a 5.15% Cumulative Preferred Share of Beneficial Interest, Series F, par value $0.01 per share",NYSE,False
PSA$G,"Public Storage Depositary Shares, Each Representing 1/1,000 of a 5.05% Cumulative Preferred Share of Beneficial Interest, Series G",NYSE,False
PSA$H,"Public Storage Depositary Shares Each Representing 1/1,000 of a  5.60% Cumulative Preferred  Share of Beneficial Interest, Series H",NYSE,False
PSA$I,"Public Storage Depositary Shares Each Representing 1/1,000 of a 4.875% Cumulative Preferred Share of Beneficial Interest, Series I, par value $0.01 per share",NYSE,False
PSA$J,"Public Storage Depositary Shares Each Representing 1/1,000 of a 4.700% Cumulative Preferred Share of Beneficial Interest, Series J, par value $0.01 per share",NYSE,False
PSA$K,"Public Storage Depositary Shares Each Representing 1/1,000 of a 4.75% Cumulative Preferred Share of Beneficial Interest, Series K",NYSE,False
PSA$L,"Public Storage Depositary Shares Each Representing 1/1,000 of a 4.625% Cumulative Preferred Share of Beneficial Interest, Series L, par value $0.01 per share",NYSE,False
PSA$M,"Public Storage Depositary Shares Each Representing 1/1,000 of a 4.125% Cumulative Preferred Share of Beneficial Interest, Series M",NYSE,False
PSA$N,"Public Storage Depositary Shares Each Representing 1/1,000 of a 3.875% Cumulative Preferred Share of Beneficial Interest, Series N",NYSE,False
PSA$O,"Public Storage Depositary Shares Each Representing 1/1,000 of a 3.900% Cumulative Preferred Share of Beneficial Interest, Series O",NYSE,False
PSA$P,"Public Storage Depositary Shares Each Representing 1/1,000 of a 4.000% Cumulative Preferred Share of Bene cial Interest, Series P",NYSE,False
PSA$Q,"Public Storage Depositary Shares Each Representing 1/1,000 of a 3.950% Cumulative Preferred Share of Beneficial Interest, Series Q, par value $0.01 per share",NYSE,False
PSA$R,"Public Storage Depositary Shares Each Representing 1/1,000 of a 4.00% Cumulative Preferred Share of Bene cial Interest, Series R",NYSE,False
PSA$S,"Public Storage Depositary Shares Each Representing 1/1,000 of a 4.100% Cumulative Preferred Share of Beneficial Interest, Series S",NYSE,False
PSA$T,"Public Storage 6.000% Cumulative Preferred Shares of beneficial interest, Series T",NYSE,False
PSA$U,"Public Storage 6.000% Cumulative Preferred Shares of Beneficial Interest, Series U",NYSE,False
PSAI,Pacer S&P 500 3AI Top 100 ETF,Cboe BZX,True
PSBD,Palmer Square Capital BDC Inc. Common Stock,NYSE,False
PSC,Principal U.S. Small-Cap ETF,NASDAQ,True
PSCC,Invesco S&P SmallCap Consumer Staples ETF,NASDAQ,True
PSCD,Invesco S&P SmallCap Consumer Discretionary ETF,NASDAQ,True
PSCE,Invesco S&P SmallCap Energy ETF,NASDAQ,True
PSCF,Invesco S&P SmallCap Financials ETF,NASDAQ,True
PSCH,Invesco S&P SmallCap Health Care ETF,NASDAQ,True
PSCI,Invesco S&P SmallCap Industrials ETF,NASDAQ,True
PSCJ,Pacer Swan SOS Conservative (July) ETF,Cboe BZX,True
PSCM,Invesco S&P SmallCap Materials ETF,NASDAQ,True
PSCQ,Pacer Swan SOS Conservative (October) ETF,Cboe BZX,True
PSCT,Invesco S&P SmallCap Information Technology ETF,NASDAQ,True
PSCU,Invesco S&P SmallCap Utilities & Communication Services ETF,NASDAQ,True
PSCW,Pacer Swan SOS Conservative (April) ETF,Cboe BZX,True
PSCX,Pacer Swan SOS Conservative (January) ETF,Cboe BZX,True
PSDM,PGIM Short Duration Multi-Sector Bond ETF,Cboe BZX,True
PSEC,Prospect Capital Corporation - Closed End Fund,NASDAQ,False
PSEC$A,Prospect Capital Corporation 5.35% Series A Fixed Rate Cumulative Perpetual Preferred Stock,NYSE,False
PSEP,Innovator U.S. Equity Power Buffer ETF - September,Cboe BZX,True
PSET,Principal Quality ETF,NASDAQ,True
PSF,"Cohen & Steers Select Preferred and Income Fund, Inc. Common Stock",NYSE,False
PSFD,Pacer Swan SOS Flex (January) ETF,Cboe BZX,True
PSFE,Paysafe Limited Common Shares,NYSE,False
PSFF,Pacer Swan SOS Fund of Funds ETF,Cboe BZX,True
PSFJ,Pacer Swan SOS Flex (July) ETF,Cboe BZX,True
PSFM,Pacer Swan SOS Flex (April) ETF,Cboe BZX,True
PSFO,Pacer Swan SOS Flex (October) ETF,Cboe BZX,True
PSH,PGIM Short Duration High Yield ETF,Cboe BZX,True
PSHG,Performance Shipping Inc. - Common Shares,NASDAQ,False
PSI,Invesco Semiconductors ETF,NYSE Arca,True
PSIG,PS International Group Ltd. - Ordinary Shares,NASDAQ,False
PSIL,AdvisorShares Psychedelics ETF,NYSE Arca,True
PSIX,"Power Solutions International, Inc. - Common Stock",NASDAQ,False
PSK,State Street SPDR ICE Preferred Securities ETF,NYSE Arca,True
PSKY,Paramount Skydance Corporation - Class B Common Stock,NASDAQ,False
PSL,Invesco Dorsey Wright Consumer Staples Momentum ETF,NASDAQ,True
PSLV,Sprott Physical Silver Trust ETV,NYSE Arca,True
PSMD,Pacer Swan SOS Moderate (January) ETF,Cboe BZX,True
PSMJ,Pacer Swan SOS Moderate (July) ETF,Cboe BZX,True
PSMO,Pacer Swan SOS Moderate (October) ETF,Cboe BZX,True
PSMR,Pacer Swan SOS Moderate (April) ETF,Cboe BZX,True
PSMT,"PriceSmart, Inc. - Common Stock",NASDAQ,False
PSN,Parsons Corporation Common Stock,NYSE,False
PSNL,"Personalis, Inc. - Common Stock",NASDAQ,False
PSNY,Polestar Automotive Holding UK Limited - Class A ADS,NASDAQ,False
PSNYW,Polestar Automotive Holding UK Limited - Class C-1 ADS (ADW),NASDAQ,False
PSO,"Pearson, Plc Common Stock",NYSE,False
PSP,Invesco Global Listed Private Equity ETF,NYSE Arca,True
PSQ,ProShares Short QQQ,NYSE Arca,True
PSQA,Palmer Square CLO Senior Debt ETF,NYSE Arca,True
PSQH,"PSQ Holdings, Inc. Class A Common Stock",NYSE,False
PSQH.W,"PSQ Holdings, Inc. Warrants, each exercisable for one share of Class A common stock at an exercise price of $11.50 per share",NYSE,False
PSQO,Palmer Square Credit Opportunities ETF,NYSE Arca,True
PSR,Invesco Active U.S. Real Estate Fund,NYSE Arca,True
PST,ProShares UltraShort Lehman 7-10 Year Treasury,NYSE Arca,True
PSTL,"Postal Realty Trust, Inc. Class A Common Stock",NYSE,False
PSTP,Innovator Power Buffer Step-Up Strategy ETF,NYSE Arca,True
PSTR,PeakShares Sector Rotation ETF,NASDAQ,True
PSTV,"PLUS THERAPEUTICS, Inc. - Common Stock",NASDAQ,False
PSUS,"Pershing Square USA, Ltd. Common Shares",NYSE,False
PSWD,Xtrackers Cybersecurity Select Equity ETF,NASDAQ,True
PSX,Phillips 66 Common Stock,NYSE,False
PTA,Cohen & Steers Tax-Advantaged Preferred Securities and Income Fund Common Shares of Beneficial Interest,NYSE,False
PTAC,Patriot Acquisition Corp. - Class A Ordinary Shares,NASDAQ,False
PTACU,Patriot Acquisition Corp. - Units,NASDAQ,False
PTACW,Patriot Acquisition Corp. - Warrants,NASDAQ,False
PTBD,Pacer Trendpilot US Bond ETF,NYSE Arca,True
PTC,PTC Inc. - Common Stock,NASDAQ,False
PTCT,"PTC Therapeutics, Inc. - Common Stock",NASDAQ,False
PTEN,"Patterson-UTI Energy, Inc. - Common Stock",NASDAQ,False
PTEU,Pacer TrendpilotTM European Index ETF,Cboe BZX,True
PTF,Invesco Dorsey Wright Technology Momentum ETF,NASDAQ,True
PTGX,"Protagonist Therapeutics, Inc. - Common Stock",NASDAQ,False
PTH,Invesco Dorsey Wright Healthcare Momentum ETF,NASDAQ,True
PTHS,Pelthos Therapeutics Inc. Common Stock,NYSE American,False
PTIN,Pacer Trendpilot International ETF,NYSE Arca,True
PTIR,GraniteShares 2x Long PLTR Daily ETF,NASDAQ,True
PTL,Inspire 500 ETF,NYSE Arca,True
PTLC,Pacer Trendpilot US Large Cap ETF,Cboe BZX,True
PTLE,PTL LTD - Class A Ordinary Shares,NASDAQ,False
PTLO,Portillo's Inc. - Class A Common Stock,NASDAQ,False
PTMC,Pacer Trendpilot US Mid Cap ETF,Cboe BZX,True
PTN,"Palatin Technologies, Inc. - Common Stock",NASDAQ,False
PTNQ,Pacer Trendpilot 100 ETF,NASDAQ,True
PTNT,Corgi IP Licensing & Royalties ETF,Cboe BZX,True
PTON,"Peloton Interactive, Inc. - Common Stock",NASDAQ,False
PTOR,Praetorian Acquisition Corp. - Class A Ordinary Shares,NASDAQ,False
PTORU,Praetorian Acquisition Corp. - Units,NASDAQ,False
PTORW,Praetorian Acquisition Corp. - Warrant,NASDAQ,False
PTRB,PGIM Total Return Bond ETF,NYSE Arca,True
PTRN,Pattern Group Inc. - Series A Common Stock,NASDAQ,False
PTY,Pimco Corporate & Income Opportunity Fund,NYSE,False
PUBM,"PubMatic, Inc. - Class A Common Stock",NASDAQ,False
PUI,Invesco Dorsey Wright Utilities Momentum ETF,NASDAQ,True
PUK,Prudential Public Limited Company Common Stock,NYSE,False
PUL,GraniteShares 2x Long P Daily ETF,NASDAQ,True
PULM,"Pulmatrix, Inc. - Common Stock",NASDAQ,False
PULS,PGIM Ultra Short Bond ETF,NYSE Arca,True
PUMP,ProPetro Holding Corp. Common Stock,NYSE,False
PUR,Defiance Daily Target 2X Long PURR ETF,NASDAQ,True
PURR,Hyperliquid Strategies Inc - Common Stock,NASDAQ,False
PUSA,Aureus Greenway Holdings Inc. - Common Stock,NASDAQ,False
PUSH,PGIM Ultra Short Municipal Bond ETF,NYSE Arca,True
PVAL,Putnam Focused Large Cap Value ETF,NYSE Arca,True
PVEX,TrueShares ConVex Protect ETF,Cboe BZX,True
PVH,PVH Corp. Common Stock,NYSE,False
PVI,Invesco Floating Rate Municipal Income ETF,NYSE Arca,True
PVL,Permianville Royalty Trust Units of Beneficial Interest,NYSE,False
PVLA,"Palvella Therapeutics, Inc. - Common Stock",NASDAQ,False
PW,Power REIT (MD) Common Stock,NYSE American,False
PW$A,Power REIT 7.75% Series A Cumulative Perpetual Preferred Stock,NYSE American,False
PWB,Invesco Large Cap Growth ETF,NYSE Arca,True
PWCM,"PowerCompute, Inc. - Common Stock",NASDAQ,False
PWER,Nomura Energy Transition ETF,NYSE Arca,True
PWP,Perella Weinberg Partners - Class A Common Stock,NASDAQ,False
PWR,"Quanta Services, Inc. Common Stock",NYSE,False
PWRD,TCW Transform Systems ETF,NASDAQ,True
PWRL,Powerlaw Corp. - Common Stock,NASDAQ,False
PWRZ,TrueShares Eagle Global Renewable Energy Income ETF,Cboe BZX,True
PWS,Pacer WealthShield ETF,Cboe BZX,True
PWV,Invesco Large Cap Value ETF,NYSE Arca,True
PWZ,Invesco California AMT-Free Municipal Bond Portfolio,NYSE Arca,True
PXE,Invesco Energy Exploration & Production ETF,NYSE Arca,True
PXED,"Phoenix Education Partners, Inc. Common Stock",NYSE,False
PXF,Invesco RAFI Developed Markets ex-U.S. ETF,NYSE Arca,True
PXH,Invesco RAFI Emerging Markets ETF,NYSE Arca,True
PXI,Invesco Dorsey Wright Energy Momentum ETF,NASDAQ,True
PXJ,Invesco Oil & Gas Services ETF,NYSE Arca,True
PXLW,"Pixelworks, Inc. - Common Stock",NASDAQ,False
PXS,Pyxis Tankers Inc. - Common Stock,NASDAQ,False
PY,Principal Value ETF,NASDAQ,True
PYLD,PIMCO Multisector Bond Active Exchange-Traded Fund,NYSE Arca,True
PYPD,PolyPid Ltd. - Ordinary Shares,NASDAQ,False
PYPG,Leverage Shares 2X Long PYPL Daily ETF,NASDAQ,True
PYPL,"PayPal Holdings, Inc. - Common Stock",NASDAQ,False
PYPU,Direxion Daily PYPL Bull 2X ETF,NYSE Arca,True
PYPY,YieldMax PYPL Option Income Strategy ETF,NYSE Arca,True
PYT,PPlus Tr GSC-2 Tr Ctf Fltg Rate,NYSE,False
PYXS,"Pyxis Oncology, Inc. - Common Stock",NASDAQ,False
PYZ,Invesco Dorsey Wright Basic Materials Momentum ETF,NASDAQ,True
PZA,Invesco National AMT-Free Municipal Bond ETFo,NYSE Arca,True
PZG,Paramount Gold Nevada Corp. Common Stock,NYSE American,False
PZIV,Pzena International Value ETF,NYSE Arca,True
PZLV,Pzena U.S. Large Cap Value ETF,NYSE Arca,True
PZT,Invesco New York AMT-Free Municipal Bond ETF,NYSE Arca,True
PZZA,"Papa John's International, Inc. - Common Stock",NASDAQ,False
Q,"Qnity Electronics, Inc. Common Stock",NYSE,False
QABA,First Trust NASDAQ ABA Community Bank Index Fund,NASDAQ,True
QADR,QDRO Acquisition Corp. - Class A Ordinary Shares,NASDAQ,False
QADRU,QDRO Acquisition Corp. - Units,NASDAQ,False
QADRW,QDRO Acquisition Corp. - Warrant,NASDAQ,False
QAI,NYLI Hedge Multi-Strategy Tracker ETF,NYSE Arca,True
QALT,SEI DBi Multi-Strategy Alternative ETF,NASDAQ,True
QARP,Xtrackers Russell 1000 US Quality at a Reasonable Price ETF ETF,NYSE Arca,True
QAT,iShares MSCI Qatar ETF,NASDAQ,True
QB,ProShares Nasdaq-100 Dynamic Buffer ETF,NASDAQ,True
QBER,TrueShares Quarterly Bear Hedge ETF,Cboe BZX,True
QBF,Innovator Uncapped Bitcoin 20 Floor ETF - Quarterly,Cboe BZX,True
QBIF,AllianzIM International Equity Buffer15 ETF,Cboe BZX,True
QBIG,Invesco Top QQQ ETF,NASDAQ,True
QBIV,AllianzIM International Equity Buffer5 ETF,Cboe BZX,True
QBKF,AllianzIM U.S. Small Cap Buffer15 ETF,Cboe BZX,True
QBKV,AllianzIM U.S. Small Cap Buffer5 ETF,Cboe BZX,True
QBQF,AllianzIM Growth-100 Buffer15 ETF,Cboe BZX,True
QBQV,AllianzIM Growth-100 Buffer5 ETF,Cboe BZX,True
QBSF,AllianzIM U.S. Equity Buffer15 ETF,Cboe BZX,True
QBSV,AllianzIM U.S Equity Buffer5 ETF,Cboe BZX,True
QBTS,D-Wave Quantum Inc. - Common Stock,NASDAQ,False
QBTX,Tradr 2X Long QBTS Daily ETF,Cboe BZX,True
QBTZ,Defiance Daily Target 2x Short QBTS ETF,NASDAQ,True
QBUF,Innovator Nasdaq-100 10 Buffer ETF Quarterly,NASDAQ,True
QBUL,TrueShares Quarterly Bull Hedge ETF,Cboe BZX,True
QBY,GraniteShares YieldBoost QBTS ETF,NASDAQ,True
QCAP,FT Vest Nasdaq-100 Conservative Buffer ETF - April,Cboe BZX,True
QCJA,FT Vest Nasdaq-100 Conservative Buffer ETF - January,Cboe BZX,True
QCJL,FT Vest Nasdaq-100 Conservative Buffer ETF - July,Cboe BZX,True
QCLN,First Trust NASDAQ Clean Edge Green Energy Index Fund,NASDAQ,True
QCLR,Global X NASDAQ 100 Collar 95-110 ETF,NASDAQ,True
QCLS,"Q/C Technologies, Inc. - Common Stock",NASDAQ,False
QCMD,Direxion Daily QCOM Bear 1X ETF,NASDAQ,True
QCML,GraniteShares 2x Long QCOM Daily ETF,NASDAQ,True
QCMU,Direxion Daily QCOM Bull 2X ETF,NASDAQ,True
QCOC,FT Vest Nasdaq-100 Conservative Buffer ETF - October,Cboe BZX,True
QCOM,QUALCOMM Incorporated - Common Stock,NASDAQ,False
QCRH,"QCR Holdings, Inc. - Common Stock",NASDAQ,False
QDEC,FT Vest Nasdaq-100 Buffer ETF - December,Cboe BZX,True
QDEF,FlexShares Quality Dividend Defensive Index Fund,NYSE Arca,True
QDEL,QuidelOrtho Corporation - Common Stock,NASDAQ,False
QDF,FlexShares Quality Dividend Index Fund,NYSE Arca,True
QDIV,Global X S&P 500 Quality Dividend ETF,NYSE Arca,True
QDPL,Pacer Metaurus US Large Cap Dividend Multiplier 400 ETF,NYSE Arca,True
QDTE,Roundhill Innovation-100 0DTE Covered Call Strategy ETF,Cboe BZX,True
QDTY,YieldMax Nasdaq 100 0DTE Covered Call Strategy ETF,NASDAQ,True
QDVO,Amplify CWP Growth & Income ETF,NYSE Arca,True
QEFA,State Street SPDR MSCI EAFE StrategicFactors ETF,NYSE Arca,True
QEMM,State Street SPDR MSCI Emerging Markets StrategicFactors ETF,NYSE Arca,True
QETA,Quetta Acquisition Corporation - Common Stock,NASDAQ,False
QETAR,Quetta Acquisition Corporation - Right,NASDAQ,False
QETAU,Quetta Acquisition Corporation - Unit,NASDAQ,False
QETH,Invesco Galaxy Ethereum ETF,Cboe BZX,True
QEW,Invesco QQQ Equal Weight ETF,NASDAQ,True
QFF,Qualivian Focus Fund ETF,NASDAQ,True
QFHD,Pacer S&P 500 Quality FCF High Dividend ETF,Cboe BZX,True
QFIN,"Qfin Holdings, Inc.  - American Depositary Shares",NASDAQ,False
QFLR,Innovator Nasdaq-100 Managed Floor ETF,NYSE Arca,True
QFRD,Pacer S&P 500 Quality FCF R&D Leaders,Cboe BZX,True
QGEN,Qiagen N.V. Common Shares,NYSE,False
QGRD,Horizon Nasdaq-100 Defined Risk ETF,NASDAQ,True
QGRO,American Century U.S. Quality Growth ETF,NYSE Arca,True
QGRW,WisdomTree U.S. Quality Growth Fund,NYSE Arca,True
QH,Quhuo Limited - Class A Ordinary Shares,NASDAQ,False
QHY,WisdomTree U.S. High Yield Corporate Bond Fund,Cboe BZX,True
QID,ProShares UltraShort QQQ,NYSE Arca,True
QIDX,Indexperts Quality Earnings Focused ETF,NYSE Arca,True
QIG,WisdomTree U.S. Corporate Bond Fund,Cboe BZX,True
QINT,American Century Quality Diversified International ETF,NYSE Arca,True
QIS,Simplify Multi-QIS Alternative ETF,NYSE Arca,True
QJL,Corgi Growth & Technology 10% Structured Buffer ETF - July Series,Cboe BZX,True
QJN,Corgi Growth & Technology 10% Structured Buffer ETF - June Series,Cboe BZX,True
QJUN,FT Vest Nasdaq-100 Buffer ETF - June,Cboe BZX,True
QLC,FlexShares US Quality Large Cap Index Fund,Cboe BZX,True
QLD,ProShares Ultra QQQ,NYSE Arca,True
QLDY,Defiance Nasdaq 100 LightningSpread Income ETF,NASDAQ,True
QLEP,Quantum Leap Acquisition Corp Class A Ordinary Shares,NYSE,False
QLEP.W,"Quantum Leap Acquisition Corp Warrants, each whole warrant exercisable for one Class A Ordinary Share at an exercise price of $11.50 per share",NYSE,False
QLTA,iShares Aaa A Rated Corporate Bond ETF,NYSE Arca,True
QLTI,GMO International Quality ETF,NYSE Arca,True
QLTY,GMO U.S. Quality ETF,NYSE Arca,True
QLV,FlexShares US Quality Low Volatility Index Fund,NYSE Arca,True
QLVD,FlexShares Developed Markets ex-US Quality Low Volatility Index Fund,NYSE Arca,True
QLVE,FlexShares Emerging Markets  Quality Low Volatility Index Fund,NYSE Arca,True
QLYS,"Qualys, Inc. - Common Stock",NASDAQ,False
QMAG,FT Vest Nasdaq-100 Moderate Buffer ETF - August,Cboe BZX,True
QMAR,FT Vest Nasdaq-100 Buffer ETF - March,Cboe BZX,True
QMCO,Quantum Corporation - Common Stock,NASDAQ,False
QMFE,FT Vest Nasdaq-100 Moderate Buffer ETF - February,Cboe BZX,True
QMID,WisdomTree U.S. MidCap Quality Growth Fund,NASDAQ,True
QMLS,"QumulusAI, Inc. - Common Stock",NASDAQ,False
QMMM,QMMM Holdings Limited - Class A Ordinary Shares,NASDAQ,False
QMMY,FT Vest Nasdaq-100 Moderate Buffer ETF - May,Cboe BZX,True
QMNV,FT Vest Nasdaq-100 Moderate Buffer ETF - November,Cboe BZX,True
QMOM,Alpha Architect U.S. Quantitative Momentum ETF,NASDAQ,True
QMY,Corgi Growth & Technology 10% Structured Buffer ETF - May Series,Cboe BZX,True
QNC,Quantum eMotion Corp. Common Shares,NYSE American,False
QNCX,"Quince Therapeutics, Inc. - Common Stock",NASDAQ,False
QNDX,State Street SPDR Portfolio Nasdaq 100 ETF,NASDAQ,True
QNRX,"Quoin Pharmaceuticals, Ltd. - American Depositary Shares",NASDAQ,False
QNST,"QuinStreet, Inc. - Common Stock",NASDAQ,False
QNT,Quantinuum Inc. - Class A Common Stock,NASDAQ,False
QNTM,Quantum Biopharma Ltd. - Class B Subordinate Voting Shares,NASDAQ,False
QNTU,Tradr 2X Long QNT Daily ETF,Cboe BZX,True
QNXT,iShares Nasdaq-100 ex Top 30 ETF,NASDAQ,True
QOWZ,Invesco Nasdaq Free Cash Flow Achievers ETF,NASDAQ,True
QPUX,Defiance 2X Daily Long Pure Quantum ETF,NASDAQ,True
QPX,AdvisorShares Q Dynamic Growth ETF,NYSE Arca,True
QQA,Invesco QQQ Income Advantage ETF,NASDAQ,True
QQDN,ProShares UltraShort QQQ Mega,NASDAQ,True
QQEW,First Trust Nasdaq-100 Select Equal Weight ETF,NASDAQ,True
QQH,HCM Defender 100 Index ETF,NYSE Arca,True
QQHG,Invesco QQQ Hedged Advantage ETF,NASDAQ,True
QQJL,Corgi Growth & Technology 15% Structured Buffer ETF - July Series,Cboe BZX,True
QQJN,Corgi Growth & Technology 15% Structured Buffer ETF - June Series,Cboe BZX,True
QQLV,Invesco QQQ Low Volatility ETF,NASDAQ,True
QQMG,Invesco ESG NASDAQ 100 ETF,NASDAQ,True
QQMY,Corgi Growth & Technology 15% Structured Buffer ETF - May Series,Cboe BZX,True
QQQ,"Invesco QQQ Trust, Series 1",NASDAQ,True
QQQA,ProShares Nasdaq-100 Dorsey Wright Momentum ETF,NASDAQ,True
QQQD,Direxion Daily Magnificent 7 Bear 1X ETF,NYSE Arca,True
QQQE,Direxion NASDAQ-100 Equal Weighted Index ETF,NASDAQ,True
QQQG,Pacer Nasdaq 100 Top 50 Cash Cows Growth Leaders ETF,NASDAQ,True
QQQH,NEOS Nasdaq-100 Hedged Equity Income ETF,NASDAQ,True
QQQI,NEOS Nasdaq 100 High Income ETF,NASDAQ,True
QQQJ,Invesco NASDAQ Next Gen 100 ETF,NASDAQ,True
QQQM,Invesco NASDAQ 100 ETF,NASDAQ,True
QQQP,Tradr 2X Long Innovation 100 Quarterly ETF,NASDAQ,True
QQQS,Invesco NASDAQ Future Gen 200 ETF,NASDAQ,True
QQQT,Defiance Nasdaq 100 Income Target ETF,NASDAQ,True
QQQU,Direxion Daily Magnificent 7 Bull 2X ETF,NYSE Arca,True
QQQX,Nuveen NASDAQ 100 Dynamic Overwrite Fund - Closed End Fund,NASDAQ,False
QQQY,Defiance Nasdaq 100 Weekly Distribution ETF,NASDAQ,True
QQUP,ProShares Ultra QQQ Mega,NASDAQ,True
QQWZ,Pacer Cash COWZ 100-Nasdaq 100 Rotator ETF,NASDAQ,True
QQXL,ProShares Ultra QQQ Top 30,NASDAQ,True
QQXT,First Trust NASDAQ-100 Ex-Technology Sector Index Fund,NASDAQ,True
QRED,QuasarEdge Acquisition Corporation Ordinary Shares,NYSE,False
QRED.R,QuasarEdge Acquisition Corporation Rights to receive one-fourth (1/4) of one Ordinary Share,NYSE,False
QRED.U,"QuasarEdge Acquisition Corporation Units, each consisting of one Ordinary Share and one right entitling the holder to receive one-fourth (1/4) of one Ordinary Share",NYSE,False
QRHC,Quest Resource Holding Corporation - Common Stock,NASDAQ,False
QRMI,Global X NASDAQ 100 Risk Managed Income ETF,NASDAQ,True
QRVO,"Qorvo, Inc. - Common Stock",NASDAQ,False
QS,QuantumScape Corporation - Common Stock,NASDAQ,False
QSEA,Quartzsea Acquisition Corporation - Ordinary Shares,NASDAQ,False
QSEAR,Quartzsea Acquisition Corporation - Rights,NASDAQ,False
QSEAU,Quartzsea Acquisition Corporation - Units,NASDAQ,False
QSI,Quantum-Si Incorporated - Class A Common Stock,NASDAQ,False
QSIG,WisdomTree U.S. Short Term Corporate Bond Fund,Cboe BZX,True
QSIX,Pacer Metaurus Nasdaq 100 Dividend Multiplier 600 ETF,NASDAQ,True
QSML,WisdomTree U.S. SmallCap Quality Growth Fund,NASDAQ,True
QSOL,Invesco Galaxy Solana ETF,Cboe BZX,True
QSPT,FT Vest Nasdaq-100 Buffer ETF - September,Cboe BZX,True
QSR,Restaurant Brands International Inc. Common Shares,NYSE,False
QSU,Defiance Daily Target 2X Long QS ETF,NYSE Arca,True
QTAC,Q3 All-Season Tactical Advantage ETF,Cboe BZX,True
QTAP,Innovator Growth Accelerated Plus ETF - April,Cboe BZX,True
QTEC,First Trust NASDAQ-100-Technology Sector Index Fund,NASDAQ,True
QTEX,QTREX Quantum Ltd. - Ordinary Shares,NASDAQ,False
QTI,"QT Imaging Holdings, Inc. - Common Stock",NASDAQ,False
QTJA,Innovator Growth Accelerated Plus ETF - January,Cboe BZX,True
QTJL,Innovator Growth Accelerated Plus ETF - July,Cboe BZX,True
QTOC,Innovator Growth Accelerated Plus ETF - October,Cboe BZX,True
QTOP,iShares Nasdaq Top 30 Stocks ETF,NASDAQ,True
QTPI,North Square RCIM Tax-Advantaged Preferred and Income Securities ETF,NYSE Arca,True
QTR,Global X NASDAQ 100 Tail Risk ETF,NASDAQ,True
QTRX,Quanterix Corporation - Common Stock,NASDAQ,False
QTTB,Q32 Bio Inc. - Common Stock,NASDAQ,False
QTUM,Defiance Quantum ETF,NASDAQ,True
QTUP,Defiance Long Pure Quantum ETF,Cboe BZX,True
QTWO,"Q2 Holdings, Inc. Common Stock",NYSE,False
QUA,Corgi QBTS 2x Daily ETF,Cboe BZX,True
QUAD,"Quad Graphics, Inc Class A Common Stock",NYSE,False
QUAL,iShares MSCI USA Quality Factor ETF,Cboe BZX,True
QUBT,Quantum Computing Inc. - Common Stock,NASDAQ,False
QUBX,Tradr 2X Long QUBT Daily ETF,Cboe BZX,True
QUCY,Quantum Cyber N.V. - Ordinary Shares,NASDAQ,False
QUIK,QuickLogic Corporation - Common Stock,NASDAQ,False
QUIZ,Zacks Quality International ETF,NYSE Arca,True
QULL,ETRACS 2x Leveraged MSCI US Quality Factor TR ETN,NYSE Arca,True
QUMS,Quantumsphere Acquisition Corp. - Ordinary Shares,NASDAQ,False
QUMSR,Quantumsphere Acquisition Corp. - Rights,NASDAQ,False
QUMSU,Quantumsphere Acquisition Corp. - Units,NASDAQ,False
QURE,uniQure N.V. - Ordinary Shares,NASDAQ,False
QUS,State Street SPDR MSCI USA StrategicFactors ETF,NYSE Arca,True
QUSA,VistaShares Target 15 USA Quality Income ETF,NYSE Arca,True
QVAL,Alpha Architect U.S. Quantitative Value ETF,NASDAQ,True
QVML,Invesco S&P 500 QVM Multi-factor ETF,NYSE Arca,True
QVMM,Invesco S&P MidCap 400 QVM Multi-factor ETF,NYSE Arca,True
QVMS,Invesco S&P SmallCap 600 QVM Multi-factor ETF,NYSE Arca,True
QVMT,Invesco S&P 500 Concentrated QVM ETF,NYSE Arca,True
QVOL,Infrastructure Capital Nasdaq Option Income ETF,NASDAQ,True
QVOY,Q3 Active Rotation ETF,Cboe BZX,True
QWLD,State Street SPDR MSCI World StrategicFactors ETF,NYSE Arca,True
QXL,Quantum X Labs Inc. - Common Stock,NASDAQ,False
QXO,"QXO, Inc. Common Stock",NYSE,False
QXO$B,"QXO, Inc.  Depositary Shares, each representing a 1/20th interest in a share of 5.50% Series B Mandatory Convertible Preferred Stock",NYSE,False
QXQ,SGI Enhanced Nasdaq-100 ETF,NASDAQ,True
QYLD,Global X NASDAQ 100 Covered Call ETF,NASDAQ,True
QYLG,Global X Nasdaq 100 Covered Call & Growth ETF,NASDAQ,True
R,"Ryder System, Inc. Common Stock",NYSE,False
RA,Brookfield Real Assets Income Fund Inc. Common Stock,NYSE,False
RAA,SMI 3Fourteen REAL Asset Allocation ETF,NASDAQ,True
RAAA,Reckoner Yield Enhanced AAA CLO ETF,NYSE Arca,True
RAAR,Reckoner Yield Enhanced AAA CLO Reinvesting ETF,NYSE Arca,True
RAAX,VanEck Real Assets ETF,NYSE Arca,True
RAAY,Reckoner Yield Enhanced AAA CLO Annual ETF,NYSE Arca,True
RAC,Rithm Acquisition Corp. Class A Ordinary Shares,NYSE,False
RAC.U,Rithm Acquisition Corp. Units (each consists of one Class A Ordinary Share and one-third of one redeemable Warrant),NYSE,False
RAC.W,"Rithm Acquisition Corp. Redeemable warrants, each whole warrant exercisable for one Class A ordinary share at an exercise price of $11.50",NYSE,False
RACC,Research Alliance Corporation III - Class A Ordinary Shares,NASDAQ,False
RACD,Research Alliance Corporation IV - Class A Ordinary Shares,NASDAQ,False
RACE,Ferrari N.V. Common Shares,NYSE,False
RACK,VanEck Data Center Supply Chain ETF,Cboe BZX,True
RADX,Radiopharm Theranostics Limited - American Depositary Shares,NASDAQ,False
RAFE,PIMCO RAFI ESG U.S. ETF,NYSE Arca,True
RAIL,"Freightcar America, Inc. - Common Stock",NASDAQ,False
RAIN,"Rain Enhancement Technologies Holdco, Inc. - Class A Common Stock",NASDAQ,False
RAINW,"Rain Enhancement Technologies Holdco, Inc. - Warrants",NASDAQ,False
RAL,Ralliant Corporation Common Stock,NYSE,False
RAM,Roundhill T-REX 2X Long DRAM Daily Target ETF,Cboe BZX,True
RAML,Leverage Shares 2X Long Memory Daily ETF,Cboe BZX,True
RAMP,"LiveRamp Holdings, Inc. Common Stock",NYSE,False
RAMZ,T-REX 2X Inverse DRAM Daily Target ETF,Cboe BZX,True
RAND,Rand Capital Corporation - Closed End Fund,NASDAQ,False
RANG,Range Capital Acquisition Corp. - Ordinary Shares,NASDAQ,False
RANGR,Range Capital Acquisition Corp. - Rights,NASDAQ,False
RANGU,Range Capital Acquisition Corp. - Units,NASDAQ,False
RANI,"Rani Therapeutics Holdings, Inc. - Class A Common Stock",NASDAQ,False
RANK,Defiance KSM TipRanks Analyst ETF,NYSE Arca,True
RAPP,"Rapport Therapeutics, Inc. - Common Stock",NASDAQ,False
RARE,Ultragenyx Pharmaceutical Inc. - Common Stock,NASDAQ,False
RAUS,RACWI US ETF,NASDAQ,True
RAVE,"Rave Restaurant Group, Inc. - Common Stock",NASDAQ,False
RAVI,FlexShares Ultra-Short Income Fund,NYSE Arca,True
RAY,Raytech Holding Limited - Ordinary Shares,NASDAQ,False
RAYA,Erayak Power Solution Group Inc. - Class A Ordinary Shares,NASDAQ,False
RAYJ,Rayliant SMDAM Japan Equity ETF,NYSE Arca,True
RB,ProShares Russell 2000 Dynamic Buffer ETF,Cboe BZX,True
RBA,"RB Global, Inc. Common Stock",NYSE,False
RBB,RBB Bancorp - Common Stock,NASDAQ,False
RBBN,Ribbon Communications Inc.  - Common Stock,NASDAQ,False
RBC,RBC Bearings Incorporated Common Stock,NYSE,False
RBCAA,"Republic Bancorp, Inc. - Class A Common Stock",NASDAQ,False
RBIL,F/m Ultrashort Treasury Inflation-Protected Security (TIPS) ETF,NASDAQ,True
RBKB,"Rhinebeck Bancorp, Inc. - Common Stock",NASDAQ,False
RBLD,First Trust Alerian US NextGen Infrastructure ETF,NYSE Arca,True
RBLU,T-REX 2X Long RBLX Daily Target ETF,Cboe BZX,True
RBLX,Roblox Corporation Class A Common Stock,NYSE,False
RBLY,YieldMax RBLX Option Income Strategy ETF,NYSE Arca,True
RBNE,Robin Energy Ltd. - Common Stock,NASDAQ,False
RBRK,"Rubrik, Inc. Class A Common Stock",NYSE,False
RBUF,Innovator U.S. Small Cap 10 Buffer ETF - Quarterly,Cboe BZX,True
RC,Ready Capital Corporation Common Stock,NYSE,False
RC$C,Ready Capital Corporation 6.25% Series C Cumulative Convertible Preferred Stock,NYSE,False
RC$E,Ready Capital Corporation 6.50% Series E Cumulative Redeemable Preferred Stock,NYSE,False
RCAT,"Red Cat Holdings, Inc. - Common Stock",NASDAQ,False
RCAX,Defiance Daily Target 2x Long RCAT ETF,NASDAQ,True
RCD,Ready Capital Corporation 9.00% Senior Notes due 2029,NYSE,False
RCEL,"Avita Medical, Inc. - Common Stock",NASDAQ,False
RCG,"RENN Fund, Inc Common Stock",NYSE American,False
RCGE,RockCreek Global Equality ETF,NASDAQ,True
RCI,"Rogers Communication, Inc. Common Stock",NYSE,False
RCKT,"Rocket Pharmaceuticals, Inc. - Common Stock",NASDAQ,False
RCKTW,"Rocket Pharmaceuticals, Inc. - Warrant",NASDAQ,False
RCKY,"Rocky Brands, Inc. - Common Stock",NASDAQ,False
RCL,Royal Caribbean Cruises Ltd. Common Stock,NYSE,False
RCLO,Reckoner BBB-B CLO ETF,NYSE Arca,True
RCLR,Reckoner BBB-B CLO Reinvesting ETF,NYSE Arca,True
RCLY,Reckoner BBB-B CLO Annual ETF,NYSE Arca,True
RCMT,"RCM Technologies, Inc. - Common Stock",NASDAQ,False
RCON,"Recon Technology, Ltd. - Class A Ordinary Shares",NASDAQ,False
RCS,"PIMCO Strategic Income Fund, Inc.",NYSE,False
RCT,RedCloud Holdings plc - Ordinary Shares,NASDAQ,False
RCTR,First Trust Bloomberg Nuclear Power ETF,NYSE Arca,True
RCUS,"Arcus Biosciences, Inc. Common Stock",NYSE,False
RDAC,Rising Dragon Acquisition Corp. - Ordinary Shares,NASDAQ,False
RDACR,Rising Dragon Acquisition Corp. - Rights,NASDAQ,False
RDACU,Rising Dragon Acquisition Corp. - Unit,NASDAQ,False
RDAG,Republic Digital Acquisition Company - Class A Ordinary Shares,NASDAQ,False
RDAGU,Republic Digital Acquisition Company - Unit,NASDAQ,False
RDAGW,Republic Digital Acquisition Company - Warrants,NASDAQ,False
RDCM,Radcom Ltd. - Ordinary Shares,NASDAQ,False
RDDC,Corgi RDDT 2x Daily ETF,Cboe BZX,True
RDDT,"Reddit, Inc. Class A Common Stock",NYSE,False
RDFI,Rareview Dynamic Fixed Income ETF,Cboe BZX,True
RDGT,"Ridgetech, Inc. - Ordinary Shares",NASDAQ,False
RDHL,Redhill Biopharma Ltd. - American Depositary Shares,NASDAQ,False
RDI,Reading International Inc - Class A Non-voting Common Stock,NASDAQ,False
RDIB,Reading International Inc - Class B Voting Common Stock,NASDAQ,False
RDIV,Invesco S&P Ultra Dividend Revenue ETF,NYSE Arca,True
RDN,Radian Group Inc. Common Stock,NYSE,False
RDNT,"RadNet, Inc. - Common Stock",NASDAQ,False
RDNW,"RideNow Group, Inc. - Class B Common Stock",NASDAQ,False
RDOG,ALPS REIT Dividend Dogs ETF,NYSE Arca,True
RDTE,Roundhill Russell 2000 0DTE Covered Call Strategy ETF,Cboe BZX,True
RDTL,GraniteShares 2x Long RDDT Daily ETF,NASDAQ,True
RDTY,YieldMax R2000 0DTE Covered Strategy ETF,NASDAQ,True
RDVI,FT Vest Rising Dividend Achievers Target Income ETF,Cboe BZX,True
RDVT,"Red Violet, Inc. - Common Stock",NASDAQ,False
RDVY,First Trust Rising Dividend Achievers ETF,NASDAQ,True
RDW,Redwire Corporation Common Stock,NYSE,False
RDWR,Radware Ltd. - Ordinary Shares,NASDAQ,False
RDWU,T-REX 2X Long RDW Daily Target ETF,Cboe BZX,True
RDY,Dr. Reddy's Laboratories Ltd Common Stock,NYSE,False
RDYY,YieldMax RDDT Option Income Strategy ETF,NYSE Arca,True
RDZN,"Roadzen, Inc. - Ordinary Shares",NASDAQ,False
RDZNW,"Roadzen, Inc. - Warrants",NASDAQ,False
REA,"Rare Earths Americas, Inc. Common Stock",NYSE American,False
REAI,Intelligent Real Estate ETF,NASDAQ,True
REAL,"The RealReal, Inc. - Common Stock",NASDAQ,False
REAX,"The Real Brokerage, Inc. - Common Shares",NASDAQ,False
REBN,"Reborn Coffee, Inc. - Common Stock",NASDAQ,False
RECI,Columbia Research Enhanced Core Premium Income ETF,NYSE Arca,True
RECS,Columbia Research Enhanced Core ETF,NYSE Arca,True
RECT,Rectitude Holdings Ltd - Ordinary Shares,NASDAQ,False
REED,"Reed's, Inc. Common Stock",NYSE American,False
REET,iShares Global REIT ETF,NYSE Arca,True
REFA,Columbia Research Enhanced International Equity ETF,NYSE Arca,True
REFI,"Chicago Atlantic Real Estate Finance, Inc. - Common Stock",NASDAQ,False
REFR,Research Frontiers Incorporated - Common Stock,NASDAQ,False
REG,Regency Centers Corporation - Common Stock,NASDAQ,False
REGCO,Regency Centers Corporation - 5.875% Series B Cumulative Redeemable Preferred Stock,NASDAQ,False
REGCP,Regency Centers Corporation - 6.25% Series A Cumulative Redeemable Preferred Stock,NASDAQ,False
REGL,ProShares S&P MidCap 400 Dividend Aristocrats ETF,Cboe BZX,True
REGN,"Regeneron Pharmaceuticals, Inc. - Common Stock",NASDAQ,False
REGS,Columbia Large Cap Growth ETF,NYSE Arca,True
REI,"Ring Energy, Inc. Common Stock",NYSE American,False
REIT,ALPS Active REIT ETF,NASDAQ,True
REK,ProShares Short Real Estate,NYSE Arca,True
REKR,"Rekor Systems, Inc. - Common Stock",NASDAQ,False
RELL,"Richardson Electronics, Ltd. - Common Stock",NASDAQ,False
RELX,RELX PLC PLC American Depositary Shares (Each representing One Ordinary Share),NYSE,False
RELY,"Remitly Global, Inc. - Common stock",NASDAQ,False
REM,iShares Mortgage Real Estate ETF,Cboe BZX,True
REMC,Columbia Research Enhanced Mid Cap ETF,NYSE Arca,True
REMG,Russell Investments Emerging Markets Equity ETF,NASDAQ,True
REMX,VanEck Rare Earth and Strategic Metals ETF,NYSE Arca,True
RENT,"Rent the Runway, Inc. - Class A Common Stock",NASDAQ,False
RENX,RenX Enterprises Corp. - Common Stock,NASDAQ,False
REPL,"Replimune Group, Inc. - Common Stock",NASDAQ,False
REPX,"Riley Exploration Permian, Inc. Common Stock",NYSE American,False
RERE,ATRenew Inc. American Depositary Shares (every three of which representing two Class A ordinary shares),NYSE,False
RES,"RPC, Inc. Common Stock",NYSE,False
RESM,Columbia Research Enhanced Small Cap ETF,NYSE Arca,True
RETL,Direxion Daily Retail Bull 3X ETF,NYSE Arca,True
RETO,"ReTo Eco-Solutions, Inc. - Class A Shares",NASDAQ,False
REVB,"Revelation Biosciences, Inc. - Common Stock",NASDAQ,False
REVBW,"Revelation Biosciences, Inc. - Warrant",NASDAQ,False
REVS,Columbia Research Enhanced Value ETF,NYSE Arca,True
REW,ProShares UltraShort Technology,NYSE Arca,True
REX,REX American Resources Corporation,NYSE,False
REXC,Sprott Rare Earths Ex-China ETF,NASDAQ,True
REXR,"Rexford Industrial Realty, Inc. Common Stock",NYSE,False
REXR$B,"Rexford Industrial Realty, Inc. 5.875% Series B Cumulative Redeemable Preferred Stock",NYSE,False
REXR$C,"Rexford Industrial Realty, Inc. 5.625% Series C Cumulative Redeemable Preferred Stock, par value $0.01 per share",NYSE,False
REYN,Reynolds Consumer Products Inc. - Common Stock,NASDAQ,False
REZ,iShares Residential and Multisector Real Estate ETF,NYSE Arca,True
REZI,"Resideo Technologies, Inc. Common Stock",NYSE,False
RF,Regions Financial Corporation Common Stock,NYSE,False
RF$C,"Regions Financial Corporation Depositary Shares, each Representing a 1/40th Interest in a  Share of 5.700% Fixed-to-Floating Rate Non-Cumulative  Perpetual Preferred Stock, Series C",NYSE,False
RF$E,"Regions Financial Corporation Depositary Shares, Each Representing a 1/40th Interest in a Share of 4.45% Non-Cumulative Perpetual Preferred Stock, Series E",NYSE,False
RF$F,"Regions Financial Corporation Depositary Shares Each Representing a 1/40th Interest in a Share of Non-Cumulative Perpetual Preferred Stock, Series F",NYSE,False
RFAI,RF Acquisition Corp II - Ordinary Shares,NASDAQ,False
RFAIR,RF Acquisition Corp II - Right,NASDAQ,False
RFAIU,RF Acquisition Corp II - Unit,NASDAQ,False
RFAM,RF Acquisition Corp III - Ordinary Shares,NASDAQ,False
RFAMR,RF Acquisition Corp III - Rights,NASDAQ,False
RFAMU,RF Acquisition Corp III - Units,NASDAQ,False
RFCI,ALPS Dynamic Core Income ETF,NYSE Arca,True
RFDA,ALPS Dynamic US Dividend Advantage ETF,NYSE Arca,True
RFDI,First Trust RiverFront Dynamic Developed International ETF,NASDAQ,True
RFEM,First Trust RiverFront Dynamic Emerging Markets ETF,NASDAQ,True
RFFC,ALPS Active Equity Opportunity ETF,NYSE Arca,True
RFG,Invesco S&P MidCap 400 Pure Growth ETF,NYSE Arca,True
RFI,"Cohen & Steers Total Return Realty Fund, Inc. Common Stock",NYSE,False
RFIL,"RF Industries, Ltd. - Common Stock",NASDAQ,False
RFIX,Simplify Bond Bull ETF,NYSE Arca,True
RFL,"Rafael Holdings, Inc. Class B Common Stock",NYSE,False
RFLR,Innovator U.S. Small Cap Managed Floor ETF,NYSE Arca,True
RFM,"RiverNorth Flexible Municipal Income Fund, Inc. Common Stock",NYSE,False
RFMZ,"RiverNorth Flexible Municipal Income Fund II, Inc. Common Stock",NYSE,False
RFV,Invesco S&P MidCap 400 Pure Value ETF,NYSE Arca,True
RGA,"Reinsurance Group of America, Incorporated Common Stock",NYSE,False
RGC,Regencell Bioscience Holdings Limited - Ordinary Shares,NASDAQ,False
RGCO,RGC Resources Inc. - Common Stock,NASDAQ,False
RGEF,Rockefeller Global Equity ETF,NYSE Arca,True
RGEN,Repligen Corporation - Common Stock,NASDAQ,False
RGLD,"Royal Gold, Inc. - Common Stock",NASDAQ,False
RGLO,Russell Investments Global Equity ETF,NASDAQ,True
RGNT,Regentis Biomaterials Ltd. Ordinary Shares,NYSE American,False
RGNX,REGENXBIO Inc. - Common Stock,NASDAQ,False
RGP,"Resources Connection, Inc. - Common Stock",NASDAQ,False
RGR,"Sturm, Ruger & Company, Inc. Common Stock",NYSE,False
RGS,Regis Corporation - Common Stock,NASDAQ,False
RGT,"Royce Global Trust, Inc. Common Stock",NYSE,False
RGTC,Corgi RGTI 2x Daily ETF,Cboe BZX,True
RGTI,"Rigetti Computing, Inc.  - Common stock",NASDAQ,False
RGTIW,"Rigetti Computing, Inc.  - Redeemable warrants, each whole warrant exercisable for one Class A ordinary share at an exercise price of $11.50",NASDAQ,False
RGTU,Tradr 2X Long RGTI Daily ETF,Cboe BZX,True
RGTX,Defiance Daily Target 2X Long RGTI ETF,NASDAQ,True
RGTZ,Defiance Daily Target 2x Short RGTI ETF,NASDAQ,True
RGYY,GraniteShares YieldBoost RGTI ETF,NASDAQ,True
RH,RH Common Stock,NYSE,False
RHI,Robert Half Inc. Common Stock,NYSE,False
RHLD,Resolute Holdings Management Common Stock,NYSE,False
RHP,"Ryman Hospitality Properties, Inc. (REIT)",NYSE,False
RHRX,RH Tactical Rotation ETF,NYSE Arca,True
RHTX,RH Tactical Outlook ETF,NYSE Arca,True
RIBB,Ribbon Acquisition Corp - Class A Ordinary Shares,NASDAQ,False
RIBBR,Ribbon Acquisition Corp - Rights,NASDAQ,False
RIBBU,Ribbon Acquisition Corp - Unit,NASDAQ,False
RICK,"RCI Hospitality Holdings, Inc. - Common Stock",NASDAQ,False
RIET,Hoya Capital High Dividend Yield ETF,NYSE Arca,True
RIFR,Russell Investments Global Infrastructure ETF,NASDAQ,True
RIG,Transocean Ltd (Switzerland) Common Stock,NYSE,False
RIGL,"Rigel Pharmaceuticals, Inc. - Common Stock",NASDAQ,False
RIGS,ALPS Strategic Income Fund,NYSE Arca,True
RILA,Indexperts Gorilla Aggressive Growth ETF,NYSE Arca,True
RILY,"BRC Group Holdings, Inc. - Common Stock",NASDAQ,False
RILYG,"BRC Group Holdings, Inc. - 5.00% Senior Notes due 2026",NASDAQ,False
RILYL,"BRC Group Holdings, Inc. - Depositary Shares, each representing a 1/1000th fractional interest in a share of Series B Cumulative Perpetual Preferred Stock",NASDAQ,False
RILYN,"BRC Group Holdings, Inc. - 6.50% Senior Notes Due 2026",NASDAQ,False
RILYP,"BRC Group Holdings, Inc. - Depositary Shares, each representing a 1/1000th fractional interest in a share of Series A Cumulative Perpetual Preferred Stock",NASDAQ,False
RILYT,"BRC Group Holdings, Inc. - 6.00% Senior Notes Due 2028",NASDAQ,False
RILYZ,"BRC Group Holdings, Inc. - 5.25% Senior Notes due 2028",NASDAQ,False
RIME,"Algorhythm Holdings, Inc. - Common Stock",NASDAQ,False
RINF,ProShares Inflation Expectations ETF,NYSE Arca,True
RING,iShares MSCI Global Gold Miners ETF,NASDAQ,True
RINT,Russell Investments International Developed Equity ETF,NASDAQ,True
RIO,Rio Tinto Plc Common Stock,NYSE,False
RIOT,"Riot Platforms, Inc. - Common Stock",NASDAQ,False
RIOX,Defiance Daily Target 2X Long RIOT ETF,NYSE Arca,True
RISE,Pictet Emerging Markets Rising Economies ETF,NYSE Arca,True
RISN,Inspire Capital Appreciation ETF,NYSE Arca,True
RISR,FolioBeyond Alternative Income and Interest Rate Hedge ETF,NYSE Arca,True
RITA,ETFB Green SRI REITs ETF,NYSE Arca,True
RITM,Rithm Capital Corp. Common Stock,NYSE,False
RITM$A,Rithm Capital Corp. 7.50% Series A Fixed-to-Floating Rate Cumulative Redeemable Preferred Stock,NYSE,False
RITM$B,Rithm Capital Corp. 7.125% Series B Fixed-to-Floating Rate Cumulative Redeemable Preferred Stock,NYSE,False
RITM$C,Rithm Capital Corp. 6.375% Series C Fixed-to-Floating Rate Cumulative Redeemable Preferred Stock,NYSE,False
RITM$D,Rithm Capital Corp. 7.00% Fixed-Rate Reset Series D Cumulative Redeemable Preferred Stock,NYSE,False
RITM$E,Rithm Capital Corp. 8.75% Series E Fixed-Rate Cumulative Redeemable Preferred Stock,NYSE,False
RITM$F,Rithm Capital Corp. 8.750% Series F Fixed-Rate Reset Cumulative Redeemable Preferred Stock,NYSE,False
RITR,Reitar Logtech Holdings Limited - Ordinary shares,NASDAQ,False
RIV,"RiverNorth Opportunities Fund, Inc. Common Stock",NYSE,False
RIV$A,"RiverNorth Opportunities Fund, Inc. 6.00% Series A Perpetual Preferred Stock",NYSE,False
RIVC,Corgi RIVN 2x Daily ETF,Cboe BZX,True
RIVN,"Rivian Automotive, Inc. - Class A Common Stock",NASDAQ,False
RIZE,Principal Inflation Protection ETF,Cboe BZX,True
RJDI,RJ Eagle GCM Dividend Select Income ETF,NYSE Arca,True
RJET,Republic Airways Holdings Inc. - Common Stock,NASDAQ,False
RJF,"Raymond James Financial, Inc. Common Stock",NYSE,False
RJMI,RJ Eagle Municipal Income ETF,NYSE Arca,True
RJVI,RJ Eagle Vertical Income ETF,NYSE Arca,True
RKDA,"Arcadia Biosciences, Inc. - Common Stock",NASDAQ,False
RKLB,Rocket Lab Corporation - Common Stock,NASDAQ,False
RKLX,Defiance Daily Target 2X Long RKLB ETF,NASDAQ,True
RKLZ,Defiance Daily Target 2x Short RKLB ETF,NASDAQ,True
RKNG,Defiance Retail Kings ETF,NASDAQ,True
RKSG,Ruk Strategic Growth ETF,NYSE Arca,True
RKT,"Rocket Companies, Inc. Class A Common Stock",NYSE,False
RKTL,Defiance Daily Target 2X Long RKT ETF,Cboe BZX,True
RKTO,Rocket One Inc. - Common Stock,NASDAQ,False
RKX,Corgi RKLB 2x Daily ETF,Cboe BZX,True
RL,Ralph Lauren Corporation Common Stock,NYSE,False
RLAY,"Relay Therapeutics, Inc. - Common Stock",NASDAQ,False
RLGT,"Radiant Logistics, Inc. Common Stock",NYSE American,False
RLI,RLI Corp. Common Stock (DE),NYSE,False
RLJ,RLJ Lodging Trust Common Shares of Beneficial Interest $0.01 par value,NYSE,False
RLJ$A,RLJ Lodging Trust $1.95 Series A Cumulative Convertible  Preferred Shares,NYSE,False
RLMD,"Relmada Therapeutics, Inc. - Common Stock",NASDAQ,False
RLTY,Cohen & Steers Real Estate Opportunities and Income Fund Common Shares of Beneficial Interest,NYSE,False
RLX,"RLX Technology Inc. American Depositary Shares, each representing the right to receive one (1) Class A ordinary share",NYSE,False
RLY,State Street Multi-Asset Real Return ETF,NYSE Arca,True
RLYB,Rallybio Corporation - Common Stock,NASDAQ,False
RM,Regional Management Corp. Common Stock,NYSE,False
RMAX,"RE/MAX Holdings, Inc. Class A Common Stock",NYSE,False
RMBC,Corgi RMBS 2x Daily ETF,Cboe BZX,True
RMBI,"Richmond Mutual Bancorporation, Inc. - Common Stock",NASDAQ,False
RMBS,"Rambus, Inc. - Common Stock",NASDAQ,False
RMBX,Tradr 2X Long RMBS Daily ETF,Cboe BZX,True
RMCA,Rockefeller California Municipal Bond ETF,NYSE Arca,True
RMCF,"Rocky Mountain Chocolate Factory, Inc. - Common Stock",NASDAQ,False
RMCO,Royalty Management Holding Corporation - Class A Common Stock,NASDAQ,False
RMCOW,Royalty Management Holding Corporation - Warrant,NASDAQ,False
RMD,ResMed Inc. Common Stock,NYSE,False
RMHY,Global X Adaptive Risk Managed Yield ETF,NYSE Arca,True
RMI,"RiverNorth Opportunistic Municipal Income Fund, Inc. Common Stock",NYSE,False
RMIX,"Suncrete, Inc. - Class A Common Stock",NASDAQ,False
RMM,"RiverNorth Managed Duration Municipal Income Fund, Inc. Common Stock",NYSE,False
RMME,Rareview Government Money Market ETF,Cboe BZX,True
RMMZ,"RiverNorth Managed Duration Municipal Income Fund II, Inc. Common Stock",NYSE,False
RMNI,"Rimini Street, Inc. - Common Stock",NASDAQ,False
RMNY,Rockefeller New York Municipal Bond ETF,NYSE Arca,True
RMOP,Rockefeller Opportunistic Municipal Bond ETF,NYSE Arca,True
RMR,The RMR Group Inc. - Class A Common Stock,NASDAQ,False
RMRC,ARMOR Core Risk-Managed ETF,NYSE Arca,True
RMSG,Real Messenger Corporation - Ordinary Shares,NASDAQ,False
RMSGW,Real Messenger Corporation - Warrants,NASDAQ,False
RMT,"Royce Micro-Cap Trust, Inc. Common Stock",NYSE,False
RMTI,"Rockwell Medical, Inc. - Common Stock",NASDAQ,False
RNA,"Atrium Therapeutics, Inc. - Common Stock",NASDAQ,False
RNAC,"Cartesian Therapeutics, Inc. - Common Stock",NASDAQ,False
RNAZ,"TransCode Therapeutics, Inc. - Common Stock",NASDAQ,False
RND,First Trust Bloomberg R&D Leaders ETF,NYSE Arca,True
RNEM,Emerging Markets Equity Select ETF,NASDAQ,True
RNG,"RingCentral, Inc. Class A Common Stock",NYSE,False
RNGR,"Ranger Energy Services, Inc. Class A Common Stock",NYSE,False
RNGT,Range Capital Acquisition Corp II - Class A Ordinary Shares,NASDAQ,False
RNGTU,Range Capital Acquisition Corp II - Units,NASDAQ,False
RNGTW,Range Capital Acquisition Corp II - Warrants,NASDAQ,False
RNIN,Bushido Capital US SMID Cap Equity ETF,NASDAQ,True
RNMN,RiverNorth Market Neutral ETF,Cboe BZX,True
RNP,"Cohen & Steers REIT and Preferred and Income Fund, Inc. Common Shares",NYSE,False
RNR,RenaissanceRe Holdings Ltd. Common Stock,NYSE,False
RNR$F,"RenaissanceRe Holdings Ltd. Depositary Shares, each Representing a 1/1,000th Interest in a 5.750% Series F Preference Share",NYSE,False
RNR$G,"RenaissanceRe Holdings Ltd. Depositary Shares, each representing a 1/1,000th interest in a share of 4.20% Series G Preference Shares",NYSE,False
RNRG,Global X Renewable Energy Producers ETF,NASDAQ,True
RNST,Renasant Corporation Common Stock,NYSE,False
RNTX,"Rein Therapeutics, Inc. - Common Stock",NASDAQ,False
RNTY,YieldMax Target 12 Real Estate Option Income ETF,NYSE Arca,True
RNW,ReNew Energy Global plc - Class A Shares,NASDAQ,False
RNWWW,ReNew Energy Global plc - Warrant,NASDAQ,False
RNXT,"RenovoRx, Inc. - Common Stock",NASDAQ,False
ROAD,"Construction Partners, Inc. - Common Stock",NASDAQ,False
ROAM,Hartford Multifactor Emerging Markets ETF,NYSE Arca,True
ROBN,T-Rex 2X Long HOOD Daily Target ETF,Cboe BZX,True
ROBO,ROBO Global Robotics and Automation Index ETF,NYSE Arca,True
ROBT,First Trust Nasdaq Artificial Intelligence and Robotics ETF,NASDAQ,True
ROC,Rank One Computing Corporation - Common stock,NASDAQ,False
ROCK,"Gibraltar Industries, Inc. - Common Stock",NASDAQ,False
ROCQ,JPMorgan Nasdaq Equity Premium Yield ETF,NASDAQ,True
ROCY,JPMorgan Equity Premium Yield ETF,NASDAQ,True
RODM,Hartford Multifactor Developed Markets (ex-US) ETF,NYSE Arca,True
ROE,Astoria US Equal Weight Quality Kings ETF,NASDAQ,True
ROG,Rogers Corporation Common Stock,NYSE,False
ROIV,Roivant Sciences Ltd. - Common Shares,NASDAQ,False
ROK,"Rockwell Automation, Inc. Common Stock",NYSE,False
ROKT,State Street SPDR S&P Kensho Final Frontiers ETF,NYSE Arca,True
ROKU,"Roku, Inc. - Class A Common Stock",NASDAQ,False
ROL,"Rollins, Inc. Common Stock",NYSE,False
ROLR,"High Roller Technologies, Inc. Common Stock",NYSE American,False
ROM,ProShares Ultra Technology,NYSE Arca,True
ROMA,Roma Green Finance Limited - Class A Ordinary Shares,NASDAQ,False
ROMO,Strategy Shares Newfound/ReSolve Robust Momentum ETF,Cboe BZX,True
RONB,Baron First Principles ETF,NYSE,True
ROOT,"Root, Inc. - Common Stock",NASDAQ,False
ROP,"Roper Technologies, Inc. - Common Stock",NASDAQ,False
ROPE,Coastal Compass 100 ETF,NYSE Arca,True
ROSC,Hartford Multifactor Small Cap ETF,NYSE Arca,True
ROST,"Ross Stores, Inc. - Common Stock",NASDAQ,False
ROUS,Hartford Multifactor U.S. Equity ETF,NYSE Arca,True
RPAR,RPAR Risk Parity ETF,NYSE Arca,True
RPAY,Repay Holdings Corporation - Class A Common Stock,NASDAQ,False
RPC,"Ridgepost Capital, Inc. Class A Common Stock",NYSE,False
RPD,"Rapid7, Inc. - Common Stock",NASDAQ,False
RPG,Invesco S&P 500 Pure Growth ETF,NYSE Arca,True
RPGL,Republic Power Group Limited - Class A Ordinary Shares,NASDAQ,False
RPID,"Rapid Micro Biosystems, Inc. - Class A Common Stock",NASDAQ,False
RPM,RPM International Inc. Common Stock,NYSE,False
RPRX,Royalty Pharma plc - Class A Ordinary Shares,NASDAQ,False
RPT,Rithm Property Trust Inc. Common stock,NYSE,False
RPT$C,Rithm Property Trust Inc. 9.875% Series C Fixed-to-Floating Rate Cumulative Redeemable Preferred Stock,NYSE,False
RPV,Invesco S&P 500 Pure Value ETF,NYSE Arca,True
RQI,Cohen & Steers Quality Income Realty Fund Inc Common Shares,NYSE,False
RR,Richtech Robotics Inc. - Class B Common Stock,NASDAQ,False
RRBI,"Red River Bancshares, Inc. - Common Stock",NASDAQ,False
RRC,Range Resources Corporation Common Stock,NYSE,False
RREV,RRE Ventures Acquisition Corp. - Class A Ordinary Shares,NASDAQ,False
RREVU,RRE Ventures Acquisition Corp. - Units,NASDAQ,False
RREVW,RRE Ventures Acquisition Corp. - Warrants,NASDAQ,False
RRGB,"Red Robin Gourmet Burgers, Inc. - Common Stock",NASDAQ,False
RRR,"Red Rock Resorts, Inc. - Class A Common Stock",NASDAQ,False
RRX,Regal Rexnord Corporation Common Stock,NYSE,False
RS,"Reliance, Inc. Common Stock",NYSE,False
RSBA,Return Stacked Bonds & Merger Arbitrage ETF,Cboe BZX,True
RSBT,Return Stacked Bonds & Managed Futures ETF,Cboe BZX,True
RSBY,Return Stacked Bonds & Futures Yield ETF,Cboe BZX,True
RSDE,FT Vest U.S. Equity Equal Weight Buffer ETF - December,NYSE Arca,True
RSEE,Rareview Systematic Equity ETF,Cboe BZX,True
RSF,RiverNorth Capital and Income Fund Common Stock,NYSE,False
RSG,"Republic Services, Inc. Common Stock",NYSE,False
RSI,"Rush Street Interactive, Inc. Class A Common Stock",NYSE,False
RSIT,Return Stacked International Stocks & Managed Futures ETF,Cboe BZX,True
RSJN,FT Vest U.S. Equity Equal Weight Buffer ETF - June,NYSE Arca,True
RSKD,Riskified Ltd. Class A Ordinary Shares,NYSE,False
RSMC,Rockefeller U.S. Small-Mid Cap ETF,NYSE Arca,True
RSMR,FT Vest U.S. Equity Equal Weight Buffer ETF - March,NYSE Arca,True
RSMV,Relative Strength Managed Volatility Strategy ETF,NYSE Arca,True
RSP,Invesco S&P 500 Equal Weight ETF,NYSE Arca,True
RSPA,Invesco S&P 500 Equal Weight Income Advantage ETF,NYSE Arca,True
RSPC,Invesco S&P 500 Equal Weight Communication Services ETF,NYSE Arca,True
RSPD,Invesco S&P 500 Equal Weight Consumer Discretionary ETF,NYSE Arca,True
RSPE,Invesco ESG S&P 500 Equal Weight ETF,NYSE Arca,True
RSPF,Invesco S&P 500 Equal Weight Financial ETF,NYSE Arca,True
RSPG,Invesco S&P 500 Equal Weight Energy ETF,NYSE Arca,True
RSPH,Invesco S&P 500 Equal Weight Health Care ETF,NYSE Arca,True
RSPM,Invesco S&P 500 Equal Weight Materials ETF,NYSE Arca,True
RSPN,Invesco S&P 500 Equal Weight Industrials Portfolio,NYSE Arca,True
RSPR,Invesco S&P 500 Equal Weight Real Estate ETF,NYSE Arca,True
RSPS,Invesco S&P 500 Equal Weight Consumer Staples ETF,NYSE Arca,True
RSPT,Invesco S&P 500 Equal Weight Technology ETF,NYSE Arca,True
RSPU,Invesco S&P 500 Equal Weight Utilities ETF,NYSE Arca,True
RSSB,Return Stacked Global Stocks & Bonds ETF,Cboe BZX,True
RSSE,FT Vest U.S. Equity Equal Weight Buffer ETF  September,NYSE Arca,True
RSSL,Global X Russell 2000 ETF,NYSE Arca,True
RSSS,"Research Solutions, Inc - Common Stock",NASDAQ,False
RSST,Return Stacked U.S. Stocks & Managed Futures ETF,Cboe BZX,True
RSSX,Return Stacked U.S. Stocks & Gold/Bitcoin ETF,Cboe BZX,True
RSSY,Return Stacked U.S. Stocks & Futures Yield ETF,Cboe BZX,True
RSVR,"Reservoir Media, Inc.. - Common Stock",NASDAQ,False
RTAC,Renatus Tactical Acquisition Corp I - Class A Ordinary Shares,NASDAQ,False
RTACU,Renatus Tactical Acquisition Corp I - Unit,NASDAQ,False
RTACW,Renatus Tactical Acquisition Corp I - Warrant,NASDAQ,False
RTAI,Rareview Tax Advantaged Income ETF,Cboe BZX,True
RTB,"RTB Digital, Inc. - Common Stock",NASDAQ,False
RTH,VanEck Retail ETF,NASDAQ,True
RTO,Rentokil Initial plc American Depositary Shares (each representing five (5) Ordinary Shares),NYSE,False
RTOO,VistaShares Robotics Supercycle ETF,NYSE Arca,True
RTRE,Rareview Total Return Bond ETF,Cboe BZX,True
RTX,RTX Corporation Common Stock,NYSE,False
RTXG,Leverage Shares 2X Long RTX Daily ETF,NASDAQ,True
RTYY,GraniteShares YieldBoost RIOT ETF,NASDAQ,True
RUBI,Rubico Inc. - Common Stock,NASDAQ,False
RULE,Adaptive Core ETF,Cboe BZX,True
RUM,RUM Group Inc. - Class A Common Stock,NASDAQ,False
RUMBW,RUM Group Inc. - Warrant,NASDAQ,False
RUN,Sunrun Inc. - Common Stock,NASDAQ,False
RUNN,Running Oak Efficient Growth ETF,NASDAQ,True
RUSC,Russell Investments U.S. Small Cap Equity ETF,NASDAQ,True
RUSHA,"Rush Enterprises, Inc. - Class A Common Stock",NASDAQ,False
RUSHB,"Rush Enterprises, Inc. - Class B Common Stock",NASDAQ,False
RVER,Trenchless Fund ETF,NYSE Arca,True
RVI,Robinhood Ventures Fund I Common Shares of Beneficial Interest,NYSE,False
RVLV,"Revolve Group, Inc. Class A Common Stock",NYSE,False
RVMD,"Revolution Medicines, Inc. - Common Stock",NASDAQ,False
RVMDW,"Revolution Medicines, Inc. - Warrant",NASDAQ,False
RVNL,GraniteShares 2x Long RIVN Daily ETF,NASDAQ,True
RVNU,Xtrackers Municipal Infrastructure Revenue Bond ETF,NYSE Arca,True
RVP,"Retractable Technologies, Inc. Common Stock",NYSE American,False
RVSB,Riverview Bancorp Inc - Common Stock,NASDAQ,False
RVSN,Rail Vision Ltd. - Ordinary Shares,NASDAQ,False
RVSNW,Rail Vision Ltd. - Warrant,NASDAQ,False
RVT,"Royce Small-Cap Trust, Inc. Common Stock",NYSE,False
RVTY,"Revvity, Inc. Common Stock",NYSE,False
RW,Rainwater Equity ETF,NYSE Arca,True
RWAY,Runway Growth Finance Corp. - Common Stock,NASDAQ,False
RWAYI,Runway Growth Finance Corp. - 7.25% Notes due 2031,NASDAQ,False
RWAYL,Runway Growth Finance Corp. - 7.50% Notes due 2027,NASDAQ,False
RWEM,Rayliant Wilshire NxtGen Emerging Markets Equity ETF,NYSE Arca,True
RWIN,Rayliant NxtGen Multifactor International Equity ETF,NASDAQ,True
RWJ,Invesco S&P SmallCap 600 Revenue ETF,NYSE Arca,True
RWK,Invesco S&P MidCap 400 Revenue ETF,NYSE Arca,True
RWL,Invesco S&P 500 Revenue ETF,NYSE Arca,True
RWLC,Rayliant Wilshire NxtGen US Large Cap Equity ETF,NYSE Arca,True
RWM,ProShares Short Russell2000,NYSE Arca,True
RWO,State Street SPDR Dow Jones Global Real Estate ETF,NYSE Arca,True
RWR,State Street SPDR Dow Jones REIT ETF,NYSE Arca,True
RWT,"Redwood Trust, Inc. Common Stock",NYSE,False
RWT$A,"Redwood Trust, Inc. 10.00% Series A Fixed-Rate Reset Cumulative Redeemable Preferred Stock",NYSE,False
RWTN,"Redwood Trust, Inc. 9.125% Senior Notes Due 2029",NYSE,False
RWTO,"Redwood Trust, Inc. 9.00% Senior Notes Due 2029",NYSE,False
RWTP,"Redwood Trust, Inc. 9.125% Senior Notes Due 2030",NYSE,False
RWTQ,"Redwood Trust, Inc. 9.500% Senior Notes Due 2030",NYSE,False
RWTS,"Redwood Trust, Inc. 9.75% Senior Notes Due 2031",NYSE,False
RWX,State Street SPDR Dow Jones International Real Estate ETF,NYSE Arca,True
RXD,ProShares UltraShort Health Care,NYSE Arca,True
RXI,iShares Global Consumer Discretionary ETF,NYSE Arca,True
RXL,ProShares Ultra Health Care,NYSE Arca,True
RXO,"RXO, Inc. Common Stock",NYSE,False
RXRX,"Recursion Pharmaceuticals, Inc. - Class A Common Stock",NASDAQ,False
RXST,"RxSight, Inc. - Common Stock",NASDAQ,False
RXT,"Rackspace Technology, Inc. - Common Stock",NASDAQ,False
RY,Royal Bank Of Canada Common Stock,NYSE,False
RYAAY,"Ryanair Holdings plc - American Depositary Shares, each representing five Ordinary Shares",NASDAQ,False
RYAM,Rayonier Advanced Materials Inc. Common Stock,NYSE,False
RYAN,"Ryan Specialty Holdings, Inc. Class A Common Stock",NYSE,False
RYDE,Ryde Group Ltd. Class A Ordinary Shares,NYSE American,False
RYET,Ruanyun Edai Technology Inc. - Ordinary shares,NASDAQ,False
RYLD,Global X Russell 2000 Covered Call ETF,NYSE Arca,True
RYLG,Global X Russell 2000 Covered Call & Growth ETF,NYSE Arca,True
RYM,"RYTHM, Inc. - Common Stock",NASDAQ,False
RYN,Rayonier Inc. REIT Common Stock,NYSE,False
RYOJ,"rYojbaba Co., Ltd. - Common Shares",NASDAQ,False
RYTM,"Rhythm Pharmaceuticals, Inc. - Common Stock",NASDAQ,False
RYZ,Ryerson Holding Corporation Common Stock,NYSE,False
RZC,"Reinsurance Group of America, Incorporated 7.125% Fixed-Rate Reset Subordinated Debentures due 2052",NYSE,False
RZG,Invesco S&P SmallCap 600 Pure Growth ETF,NYSE Arca,True
RZLT,"Rezolute, Inc. - Common Stock (NV)",NASDAQ,False
RZLV,Rezolve AI PLC - Ordinary Shares,NASDAQ,False
RZLVW,Rezolve AI PLC - Warrants,NASDAQ,False
RZV,Invesco S&P SmallCap 600 Pure Value ETF,NYSE Arca,True
S,"SentinelOne, Inc. Class A Common Stock",NYSE,False
SA,"Seabridge Gold, Inc. Common Shares New",NYSE,False
SAA,ProShares Ultra SmallCap600,NYSE Arca,True
SAAQ,Space Asset Acquisition Corp. - Class A Ordinary Shares,NASDAQ,False
SAAQU,Space Asset Acquisition Corp. - Units,NASDAQ,False
SAAQW,Space Asset Acquisition Corp. - Warrants,NASDAQ,False
SABA,Saba Capital Income & Opportunities Fund II Shares of Beneficial Interest,NYSE,False
SABR,Sabre Corporation - Common Stock,NASDAQ,False
SABS,"SAB Biotherapeutics, Inc. - Common Stock",NASDAQ,False
SABSW,"SAB Biotherapeutics, Inc. - Warrant",NASDAQ,False
SAC,Safeguard Acquisition Corp. Class A Ordinary Shares,NYSE,False
SAC.U,"Safeguard Acquisition Corp. Units, each consisting of one Class A ordinary share and one-half of one redeemable warrant",NYSE,False
SAC.W,"Safeguard Acquisition Corp. Warrants, each whole warrant exercisable for one Class A ordinary share at an exercise price of $11.50 per share",NYSE,False
SACH,Sachem Capital Corp. Common Shares,NYSE American,False
SACH$A,Sachem Capital Corp. 7.75% Series A Cumulative Redeemable Preferred Stock,NYSE American,False
SAFE,Safehold Inc. New Common Stock,NYSE,False
SAFT,"Safety Insurance Group, Inc. - Common Stock",NASDAQ,False
SAFX,"XCF Global, Inc. - Class A Common Stock",NASDAQ,False
SAGP,Strategas Global Policy Opportunities ETF,NYSE Arca,True
SAGT,SAGTEC GLOBAL LIMITED - Class A Ordinary shares,NASDAQ,False
SAGU,Shreya Acquisition Group Class A Ordinary Shares,NYSE,False
SAGU.R,"Shreya Acquisition Group Rights, each entitling the holder to receive one-fourth of one Class A Ordinary Share",NYSE,False
SAGU.U,"Shreya Acquisition Group Units, each consisting of one Class A Ordinary Share, one redeemable warrant and one right entitling the holder to one-fourth of one Class A Ordinary Share",NYSE,False
SAGU.W,"Shreya Acquisition Group Redeemable warrants, entitling the holder to purchase one Class A Ordinary Share at $11.50 per share",NYSE,False
SAH,"Sonic Automotive, Inc. Common Stock",NYSE,False
SAIA,"Saia, Inc. - Common Stock",NASDAQ,False
SAIC,Science Applications International Corporation - Common Stock,NASDAQ,False
SAIH,SAIHEAT Limited - Class A Ordinary Shares,NASDAQ,False
SAIHW,SAIHEAT Limited - Warrant,NASDAQ,False
SAIL,"SailPoint, Inc. - Common Stock",NASDAQ,False
SAJ,Saratoga Investment Corp 8.00% Notes due 2027,NYSE,False
SAM,"Boston Beer Company, Inc. (The) Common Stock",NYSE,False
SAMG,Silvercrest Asset Management Group Inc. - Common Stock,NASDAQ,False
SAMM,Strategas Macro Momentum ETF,NYSE Arca,True
SAMO.U,"Samos Energy Acquisition Corporation Units, each consisting of one Class A Ordinary Share and one-half of one Warrant",NYSE,False
SAMT,Strategas Macro Thematic Opportunities ETF,NYSE Arca,True
SAN,"Banco Santander, S.A. Sponsored ADR (Spain)",NYSE,False
SANA,"Sana Biotechnology, Inc. - Common Stock",NASDAQ,False
SANG,Sangoma Technologies Corporation - Common Shares,NASDAQ,False
SANM,Sanmina Corporation - Common Stock,NASDAQ,False
SAP,SAP  SE ADS,NYSE,False
SAPH,SAP SE ADRhedged,NYSE Arca,True
SAR,Saratoga Investment Corp New,NYSE,False
SARK,Tradr 1X Short Innovation Daily ETF,NASDAQ,True
SARO,"StandardAero, Inc. Common Stock",NYSE,False
SASS,M.D. Sass Concentrated Value ETF,NYSE Arca,True
SAT,Saratoga Investment Corp 6.00% Notes due 2027,NYSE,False
SATA,"Strive, Inc. - Variable Rate Series A Perpetual Preferred Stock",NASDAQ,False
SATL,Satellogic Inc. - Class A Common Stock,NASDAQ,False
SATLW,Satellogic Inc. - Warrant,NASDAQ,False
SATO,Invesco Alerian Galaxy Crypto Economy ETF,Cboe BZX,True
SAUG,FT Vest U.S. Small Cap Moderate Buffer ETF - August,Cboe BZX,True
SAV,Saratoga Investment Corp 7.50% Notes due 2031,NYSE,False
SAWG,AAM Sawgrass US Large Cap Quality Growth ETF,NYSE Arca,True
SAWS,AAM Sawgrass US Small Cap Quality Growth ETF,NYSE Arca,True
SAY,Saratoga Investment Corp 8.125% Notes due 2027,NYSE,False
SAZ,Saratoga Investment Corp 8.50% Notes due 2028,NYSE,False
SB,"Safe Bulkers, Inc Common Stock ($0.001 par value)",NYSE,False
SB$C,"Safe Bulkers, Inc Cumulative Redeemable Perpetual Preferred Series C (Marshall Islands)",NYSE,False
SB$D,"Safe Bulkers, Inc Perpetual Preferred Series D (Marshall Islands)",NYSE,False
SBAC,SBA Communications Corporation - Class A Common Stock,NASDAQ,False
SBAR,Simplify Barrier Income ETF,NYSE Arca,True
SBB,ProShares Short SmallCap600,NYSE Arca,True
SBC,SBC Medical Group Holdings Incorporated - Common Stock,NASDAQ,False
SBCF,Seacoast Banking Corporation of Florida - Common Stock,NASDAQ,False
SBCWW,SBC Medical Group Holdings Incorporated - Warrants,NASDAQ,False
SBET,"Sharplink, Inc. - Common Stock",NASDAQ,False
SBEV,"Splash Beverage Group, Inc. (NV) Common Stock",NYSE American,False
SBFG,"SB Financial Group, Inc. - Common Stock",NASDAQ,False
SBFM,Sunshine Biopharma Inc. - Common stock,NASDAQ,False
SBFMW,Sunshine Biopharma Inc. - Warrant,NASDAQ,False
SBGI,"Sinclair, Inc. - Class A Common Stock",NASDAQ,False
SBH,"Sally Beauty Holdings, Inc. (Name to be changed from Sally Holdings, Inc.) Common Stock",NYSE,False
SBI,Western Asset Intermediate Muni Fund Inc Common Stock,NYSE,False
SBIL,Simplify Government Money Market ETF,NYSE Arca,True
SBIO,ALPS Medical Breakthroughs ETF,NYSE Arca,True
SBIT,ProShares UltraShort Bitcoin ETF,NYSE Arca,True
SBLK,Star Bulk Carriers Corp. - Common Shares,NASDAQ,False
SBMT,Silver Bow Mining Corp. Common Shares,NYSE American,False
SBND,Columbia Short Duration Bond ETF,NYSE Arca,True
SBR,Sabine Royalty Trust Common Stock,NYSE,False
SBRA,"Sabra Health Care REIT, Inc. - Common Stock",NASDAQ,False
SBS,Companhia de saneamento Basico Do Estado De Sao Paulo - Sabesp American Depositary Shares (Each repstg 250 Common Shares),NYSE,False
SBSI,"Southside Bancshares, Inc. Common Stock",NYSE,False
SBSW,D/B/A Sibanye-Stillwater Limited ADS,NYSE,False
SBTU,T-REX 2X Long SBET Daily Target ETF,Cboe BZX,True
SBU,Leverage Shares 2X Long SBUX Daily ETF,NASDAQ,True
SBUX,Starbucks Corporation - Common Stock,NASDAQ,False
SBXD,SilverBox Corp IV Class A Ordinary Shares,NYSE,False
SBXD.U,"SilverBox Corp IV Units, each consisting of one Class A ordinary share and one-third of one redeemable warrant",NYSE,False
SBXD.W,"SilverBox Corp IV Redeemable warrants, each whole warrant exercisable for one Class A Ordinary Share at an exercise price of $11.50",NYSE,False
SBXE,SilverBox Corp V Class A Ordinary Shares,NYSE,False
SBXE.U,"SilverBox Corp V Units, each consisting of one Class A Ordinary Share and one-third of one redeemable warrant",NYSE,False
SBXE.W,"SilverBox Corp V Redeemable warrants, each whole warrant exercisable for one Class A Ordinary Share at an exercise price of $11.50",NYSE,False
SCA,GraniteShares Autocallable SMCI ETF,NASDAQ,True
SCAG,Scage Future - American Depositary Shares,NASDAQ,False
SCAGW,Scage Future - Warrants,NASDAQ,False
SCAP,Infrastructure Capital Small Cap Income ETF,NYSE Arca,True
SCC,ProShares UltraShort Consumer Discretionary,NYSE Arca,True
SCCD,Sachem Capital Corp. 6.00% Notes due 2026,NYSE American,False
SCCE,Sachem Capital Corp. 6.00% Notes due 2027,NYSE American,False
SCCF,Sachem Capital Corp. 7.125% Notes due 2027,NYSE American,False
SCCG,Sachem Capital Corp. 8.00% Notes due 2027,NYSE American,False
SCCO,Southern Copper Corporation Common Stock,NYSE,False
SCCR,Schwab Core Bond ETF,NYSE Arca,True
SCD,LMP Capital and Income Fund Inc. Common Stock,NYSE,False
SCDL,ETRACS 2x Leveraged US Dividend Factor TR ETN,NYSE Arca,True
SCDS,JPMorgan Fundamental Data Science Small Core ETF,NASDAQ,True
SCDV,Bahl & Gaynor Small Cap Dividend ETF,NYSE Arca,True
SCE$G,SCE Trust II Trust Preferred Securities,NYSE,False
SCE$L,SCE TRUST VI,NYSE,False
SCE$M,SCE Trust VII 7.50% Trust Preference Securities,NYSE,False
SCE$N,SCE Trust VIII 6.95% Trust Preference Securities,NYSE,False
SCEC,Sterling Capital Enhanced Core Bond ETF,Cboe BZX,True
SCEP,Sterling Capital Hedged Equity Premium Income ETF,Cboe BZX,True
SCHA,Schwab U.S. Small-Cap ETF,NYSE Arca,True
SCHB,Schwab U.S. Broad Market ETF,NYSE Arca,True
SCHC,Schwab International Small-Cap Equity ETF,NYSE Arca,True
SCHD,Schwab US Dividend Equity ETF,NYSE Arca,True
SCHE,Schwab Emerging Markets Equity ETF,NYSE Arca,True
SCHF,Schwab International Equity ETF,NYSE Arca,True
SCHG,Schwab U.S. Large-Cap Growth ETF,NYSE Arca,True
SCHH,Schwab U.S. REIT ETF,NYSE Arca,True
SCHI,Schwab 5-10 Year Corporate Bond ETF,NYSE Arca,True
SCHJ,Schwab 1-5 Year Corporate Bond ETF,NYSE Arca,True
SCHK,Schwab 1000 Index ETF,NYSE Arca,True
SCHL,Scholastic Corporation - Common Stock,NASDAQ,False
SCHM,Schwab U.S. Mid Cap ETF,NYSE Arca,True
SCHO,Schwab Short-Term U.S. Treasury ETF,NYSE Arca,True
SCHP,Schwab U.S. TIPS ETF,NYSE Arca,True
SCHQ,Schwab Long-Term U.S. Treasury ETF,NYSE Arca,True
SCHR,Schwab Intermediate-Term U.S. Treasury ETF,NYSE Arca,True
SCHV,Schwab U.S. Large-Cap Value ETF,NYSE Arca,True
SCHW,Charles Schwab Corporation (The) Common Stock,NYSE,False
SCHW$D,"The Charles Schwab Corporation Depositary Shares each representing 1/40th interest in a share of 5.95% Non-Cumulative Perpetual Preferred Stock, Series D",NYSE,False
SCHW$J,"The Charles Schwab Corporation Depositary Shares, Each Representing a 1/40th Interest in a Share of 4.450% Non-Cumulative Perpetual Preferred Stock, Series J",NYSE,False
SCHX,Schwab U.S. Large-Cap ETF,NYSE Arca,True
SCHY,Schwab International Dividend Equity ETF,NYSE Arca,True
SCHZ,Schwab US Aggregate Bond ETF,NYSE Arca,True
SCI,Service Corporation International Common Stock,NYSE,False
SCII,SC II Acquisition Corp. - Class A ordinary share,NASDAQ,False
SCIIR,SC II Acquisition Corp. - Rights,NASDAQ,False
SCIIU,SC II Acquisition Corp. - Units,NASDAQ,False
SCIO,First Trust Structured Credit Income Opportunities ETF,NYSE Arca,True
SCJ,iShares MSCI Japan Sm Cap,NYSE Arca,True
SCJL,Corgi U.S. Small-Cap 15% Structured Buffer ETF - July Series,Cboe BZX,True
SCJN,Corgi U.S. Small-Cap 15% Structured Buffer ETF - June Series,Cboe BZX,True
SCKT,"Socket Mobile, Inc. - Common Stock",NASDAQ,False
SCL,Stepan Company Common Stock,NYSE,False
SCLX,Scilex Holding Company - Common Stock,NASDAQ,False
SCLXW,Scilex Holding Company - Warrant,NASDAQ,False
SCLZ,Swan Enhanced Dividend Income ETF,Cboe BZX,True
SCM,Stellus Capital Investment Corporation Common Stock,NYSE,False
SCMB,Schwab Municipal Bond ETF,NYSE Arca,True
SCMC,Sterling Capital Multi-Strategy Income ETF,Cboe BZX,True
SCMY,Corgi U.S. Small-Cap 15% Structured Buffer ETF - May Series,Cboe BZX,True
SCNI,Scinai Immunotherapeutics Ltd. - American Depositary Shares,NASDAQ,False
SCNM,Sterling Capital National Municipal Bond ETF,Cboe BZX,True
SCNX,"Scienture Holdings, Inc. - Common Stock",NASDAQ,False
SCO,ProShares UltraShort Bloomberg Crude Oil,NYSE Arca,True
SCOP,Sprott Physical Copper Trust Units,NYSE Arca,True
SCOR,"comScore, Inc. - Common Stock",NASDAQ,False
SCOW,Pacer S&P SmallCap 600 Quality FCF Aristocrats ETF,Cboe BZX,True
SCPQ,Social Commerce Partners Corporation - Class A Ordinary Shares,NASDAQ,False
SCPQU,Social Commerce Partners Corporation - Unit,NASDAQ,False
SCPQW,Social Commerce Partners Corporation - Warrant,NASDAQ,False
SCSB,Sterling Capital Short Duration Bond ETF,Cboe BZX,True
SCSC,"ScanSource, Inc. - Common Stock",NASDAQ,False
SCTX,Scribe Therapeutics Inc. - Common Stock,NASDAQ,False
SCUB,Sterling Capital Ultra Short Bond ETF,Cboe BZX,True
SCUS,Schwab Ultra-Short Income ETF,NYSE Arca,True
SCWO,374Water Inc. - common stock,NASDAQ,False
SCYB,Schwab High Yield Bond ETF,NYSE Arca,True
SCYX,"SCYNEXIS, Inc. - Common Stock",NASDAQ,False
SCZ,iShares MSCI EAFE Small-Cap ETF,NASDAQ,True
SCZM,Santacruz Silver Mining Ltd. - Common Shares,NASDAQ,False
SD,"SandRidge Energy, Inc. Common Stock",NYSE,False
SDA,SunCar Technology Group Inc. - Ordinary Shares,NASDAQ,False
SDAWW,SunCar Technology Group Inc. - Warrant,NASDAQ,False
SDCI,USCF SummerHaven Dynamic Commodity Strategy No K-1 Fund,NYSE Arca,True
SDCP,Virtus Newfleet Short Duration Core Plus Bond ETF,NYSE Arca,True
SDD,ProShares UltraShort SmallCap600,NYSE Arca,True
SDEM,Global X MSCI SuperDividend Emerging Markets ETF,NYSE Arca,True
SDEV,Stablecoin Development Corporation Common Stock,NYSE American,False
SDFI,AB Short Duration Income ETF,NYSE Arca,True
SDG,iShares MSCI Global Sustainable Development Goals ETF,NASDAQ,True
SDGR,"Schrodinger, Inc. - Common Stock",NASDAQ,False
SDHC,Smith Douglas Homes Corp. Class A Common Stock,NYSE,False
SDHI,Siddhi Acquisition Corp - Class A Common stock,NASDAQ,False
SDHIR,Siddhi Acquisition Corp - Right,NASDAQ,False
SDHIU,Siddhi Acquisition Corp - Unit,NASDAQ,False
SDHY,PGIM Short Duration High Yield Opportunities Fund Common Shares,NYSE,False
SDIV,Global X SuperDividend ETF,NYSE Arca,True
SDMF,Simplify DBi CTA Managed Futures Index ETF,NYSE Arca,True
SDOG,ALPS Sector Dividend Dogs ETF,NYSE Arca,True
SDOT,Sadot Group Inc. - Common Stock,NASDAQ,False
SDOW,UltraPro Short Dow30,NYSE Arca,True
SDP,ProShares UltraShort Utilities,NYSE Arca,True
SDRL,Seadrill Limited Common Shares,NYSE,False
SDS,ProShares UltraShort S&P500,NYSE Arca,True
SDSI,American Century Short Duration Strategic Income ETF,NASDAQ,True
SDST,Stardust Power Inc. - Common Stock,NASDAQ,False
SDSTW,Stardust Power Inc. - Warrant,NASDAQ,False
SDTY,YieldMax S&P 500 0DTE Covered Call Strategy ETF,NASDAQ,True
SDVD,FT Vest SMID Rising Dividend Achievers Target Income ETF,Cboe BZX,True
SDVY,First Trust SMID Cap Rising Dividend Achievers ETF,NASDAQ,True
SDY,State Street SPDR S&P Dividend ETF,NYSE Arca,True
SE,"Sea Limited American Depositary Shares, each representing one Class A Ordinary Share",NYSE,False
SEA,U.S. Global Sea to Sky Cargo ETF,NYSE Arca,True
SEAL$A,Seapeak LLC 9.00% Series A Cumulative Redeemable Perpetual Preferred Units,NYSE,False
SEAL$B,Seapeak LLC 8.50% Series B Fixed-to-Floating Rate Cumulative Redeemable Perpetual Preferred Units,NYSE,False
SEAT,Vivid Seats Inc. - Class A common stock,NASDAQ,False
SEATW,Vivid Seats Inc. - Warrant,NASDAQ,False
SEB,Seaboard Corporation Common Stock,NYSE American,False
SECR,NYLI MacKay Securitized Income ETF,NYSE Arca,True
SECT,Main Sector Rotation ETF,Cboe BZX,True
SECU,iShares Securitized Income Active ETF,Cboe BZX,True
SECZ,Securitize Corp. Common Stock,NYSE,False
SEDG,"SolarEdge Technologies, Inc. - Common Stock",NASDAQ,False
SEED,Origin Agritech Limited - Ordinary Shares,NASDAQ,False
SEEM,SEI Select Emerging Markets Equity ETF,NASDAQ,True
SEER,"Seer, Inc. - Class A Common Stock",NASDAQ,False
SEF,ProShares Short Financials,NYSE Arca,True
SEG,Seaport Entertainment Group Inc. Common Stock,NYSE,False
SEGG,Sports Entertainment Gaming Global Corporation  - Common Stock,NASDAQ,False
SEI,"Solaris Energy Infrastructure, Inc. Class A Common Stock",NYSE,False
SEIC,SEI Investments Company - Common Stock,NASDAQ,False
SEIE,SEI Select International Equity ETF,NASDAQ,True
SEIM,SEI Enhanced U.S. Large Cap Momentum Factor ETF,Cboe BZX,True
SEIQ,SEI Enhanced U.S. Large Cap Quality Factor ETF,Cboe BZX,True
SEIS,SEI Select Small Cap ETF,NASDAQ,True
SEIV,SEI Enhanced U.S. Large Cap Value Factor ETF,Cboe BZX,True
SEIX,Virtus Seix Senior Loan ETF,NYSE Arca,True
SELF,"Global Self Storage, Inc. - Common Stock",NASDAQ,False
SELV,SEI Enhanced Low Volatility U.S. Large Cap ETF,Cboe BZX,True
SEMG,Suncoast Select Growth ETF,NYSE Arca,True
SEMI,Columbia Select Technology ETF,NYSE Arca,True
SEMY,GraniteShares YieldBOOST Semiconductor ETF,NASDAQ,True
SENEA,Seneca Foods Corp. - Class A Common Stock,NASDAQ,False
SENEB,Seneca Foods Corp. - Class B Common Stock,NASDAQ,False
SENS,"Senseonics Holdings, Inc. - Common Stock",NASDAQ,False
SEPI,Shelton Equity Premium Income ETF,NYSE Arca,True
SEPM,FT Vest U.S. Equity Max Buffer ETF - September,Cboe BZX,True
SEPN,"Septerna, Inc. - Common Stock",NASDAQ,False
SEPP,PGIM S&P 500 Buffer 12 ETF - September,Cboe BZX,True
SEPT,AllianzIM U.S. Large Cap Buffer10 Sep ETF,Cboe BZX,True
SEPU,AllianzIM U.S. Equity Buffer15 Uncapped Sep ETF,Cboe BZX,True
SEPW,AllianzIM U.S. Large Cap Buffer20 Sep ETF,Cboe BZX,True
SEPZ,TrueShares Structured Outcome (September) ETF,Cboe BZX,True
SER,"Serina Therapeutics, Inc. Common Stock",NYSE American,False
SERA,"Sera Prognostics, Inc. - Class A Common Stock",NASDAQ,False
SERV,Serve Robotics Inc. - Common Stock,NASDAQ,False
SES,SES AI Corporation Class A Common Stock,NYSE,False
SES.W,"SES AI Corporation Warrants, each whole warrant exercisable for one share of Class A Common Stock at an exercise price of $11.50 per share",NYSE,False
SETH,ProShares Short Ether ETF,NYSE Arca,True
SETM,Sprott Critical Materials ETF,NASDAQ,True
SEUS,SEI QiM U.S. Equity Factor Allocation Active ETF,NASDAQ,True
SEV,Aptera Motors Corp. - Class B Common Stock,NASDAQ,False
SEVN,Seven Hills Realty Trust  - Common Stock,NASDAQ,False
SEZL,Sezzle Inc. - Common Stock,NASDAQ,False
SF,Stifel Financial Corporation Common Stock,NYSE,False
SF$B,"Stifel Financial Corporation Depositary Shares, Each Representing 1/1,000th  Interest in a Share of 6.25% Non-Cumulative  Preferred Stock, Series B",NYSE,False
SF$C,"Stifel Financial Corporation Depositary Shares, Each Representing 1/1,000th Interest in a Share of 6.125% Non Cumulative Preferred Stock, Series C",NYSE,False
SF$D,"Stifel Financial Corporation Depositary Shares, Each Representing 1/1,000th Interest in a Share of 4.50% Non-Cumulative Preferred Stock, Series D",NYSE,False
SFB,Stifel Financial Corporation 5.20% Senior Notes due 2047,NYSE,False
SFBC,"Sound Financial Bancorp, Inc. - Common Stock",NASDAQ,False
SFBS,"ServisFirst Bancshares, Inc. Common Stock",NYSE,False
SFD,"Smithfield Foods, Inc. - Common Stock",NASDAQ,False
SFEB,FT Vest U.S. Small Cap Moderate Buffer ETF - February,Cboe BZX,True
SFGV,Sequoia Global Value ETF,NYSE Arca,True
SFHG,Samfine Creation Holdings Group Limited - Class A Ordinary Share,NASDAQ,False
SFIX,"Stitch Fix, Inc. - Class A Common Stock",NASDAQ,False
SFL,SFL Corporation Ltd,NYSE,False
SFLO,VictoryShares Small Cap Free Cash Flow ETF,NASDAQ,True
SFLR,Innovator Equity Managed Floor ETF,NYSE Arca,True
SFM,"Sprouts Farmers Market, Inc. - Common Stock",NASDAQ,False
SFNC,Simmons First National Corporation - Common Stock,NASDAQ,False
SFST,"Southern First Bancshares, Inc. - Common Stock",NASDAQ,False
SFTX,Horizon International Managed Risk ETF,NYSE Arca,True
SFTY,Horizon Managed Risk ETF,Cboe BZX,True
SFWL,Shengfeng Development Limited - Class A Ordinary Shares,NASDAQ,False
SFY,SoFi Select 500 ETF,NYSE Arca,True
SFYF,SoFi Social 50 ETF,NYSE Arca,True
SFYI,SoFi Social 50 Income ETF,NYSE Arca,True
SG,"Sweetgreen, Inc. Class A Common Stock",NYSE,False
SGA,"Saga Communications, Inc. - Class A Common Stock",NASDAQ,False
SGC,"Superior Group of Companies, Inc. - Common Stock",NASDAQ,False
SGDJ,Sprott Junior Gold Miners ETF,NYSE Arca,True
SGDM,Sprott Gold Miners ETF,NYSE Arca,True
SGHC,Super Group (SGHC) Limited Ordinary Shares,NYSE,False
SGHT,"Sight Sciences, Inc. - Common Stock",NASDAQ,False
SGI,Somnigroup International Inc. Common Stock,NYSE,False
SGLC,SGI U.S. Large Cap Core ETF,NYSE Arca,True
SGLY,Singularity Future Technology Ltd. - Common Stock,NASDAQ,False
SGML,Sigma Lithium Corporation - common shares,NASDAQ,False
SGMT,Sagimet Biosciences Inc. - Series A Common Stock,NASDAQ,False
SGOL,abrdn Physical Gold Shares ETF,NYSE Arca,True
SGOV,iShares 0-3 Month Treasury Bond ETF,NYSE,True
SGP,"SpyGlass Pharma, Inc. - Common Stock",NASDAQ,False
SGRT,SMART Earnings Growth 30 ETF,NYSE Arca,True
SGRW,Harbor Active Small Cap Growth ETF,NYSE Arca,True
SGRY,"Surgery Partners, Inc. - Common Stock",NASDAQ,False
SGU,Star Group L.P. Common Stock,NYSE,False
SGVA,F/m Accumulator Ultrashort Treasury Fund,NASDAQ,True
SGVT,Schwab Government Money Market ETF,NYSE Arca,True
SH,ProShares Short S&P500,NYSE Arca,True
SHAG,WisdomTree Yield Enhanced U.S. Short-Term Aggregate Bond Fund,Cboe BZX,True
SHAK,"Shake Shack, Inc. Class A Common Stock",NYSE,False
SHAZ,"SharonAI Holdings, Inc. - Class A Common Stock",NASDAQ,False
SHBI,"Shore Bancshares, Inc. - Common Stock",NASDAQ,False
SHC,Sotera Health Company - Common Stock,NASDAQ,False
SHDG,Soundwatch Hedged Equity ETF,Cboe BZX,True
SHE,State Street SPDR MSCI USA Gender Diversity ETF,NYSE Arca,True
SHEH,Shell plc ADRhedged,NYSE Arca,True
SHEL,Shell PLC American Depositary Shares (each representing two (2) Ordinary Shares),NYSE,False
SHEN,Shenandoah Telecommunications Co - Common Stock,NASDAQ,False
SHFS,"SHF Holdings, Inc. - Class A Common Stock",NASDAQ,False
SHFSW,"SHF Holdings, Inc. - Warrants",NASDAQ,False
SHG,Shinhan Financial Group Co Ltd American Depositary Shares,NYSE,False
SHIM,Shimmick Corporation - Common Stock,NASDAQ,False
SHIP,Seanergy Maritime Holdings Corp. - Common Stock,NASDAQ,False
SHLD,Global X Defense Tech ETF,NYSE Arca,True
SHLS,"Shoals Technologies Group, Inc. - Class A Common Stock",NASDAQ,False
SHM,State Street SPDR Nuveen ICE Short Term Municipal Bond ETF,NYSE Arca,True
SHMD,SCHMID Group N.V. - Class A Ordinary Shares,NASDAQ,False
SHMDW,SCHMID Group N.V. - Warrants,NASDAQ,False
SHNY,"MicroSectors Gold 3X Leveraged ETNs due January 29, 2043",NYSE Arca,True
SHO,"Sunstone Hotel Investors, Inc. Sunstone Hotel Investors, Inc. Common Shares",NYSE,False
SHO$H,"Sunstone Hotel Investors, Inc. 6.125% Series H Cumulative Redeemable Preferred Stock",NYSE,False
SHO$I,"Sunstone Hotel Investors, Inc. 5.70% Series I Cumulative Redeemable Preferred Stock",NYSE,False
SHOC,Strive U.S. Semiconductor ETF,NYSE,True
SHOE,"Shoe Station Group, Inc. - Common Stock",NASDAQ,False
SHOO,"Steven Madden, Ltd. - Common Stock",NASDAQ,False
SHOP,Shopify Inc. - Class A Subordinate Voting Shares,NASDAQ,False
SHOT,RMG ML Sports Holdings - Class A Ordinary Shares,NASDAQ,False
SHOTR,RMG ML Sports Holdings - Rights,NASDAQ,False
SHOTU,RMG ML Sports Holdings - Unit,NASDAQ,False
SHPH,"Shuttle Pharmaceuticals Holdings, Inc. - common stock",NASDAQ,False
SHPP,Pacer Industrials and Logistics ETF,NYSE Arca,True
SHPU,Direxion Daily SHOP Bull 2X ETF,NASDAQ,True
SHRD,Arimathea Catholic Core Bond ETF,NYSE Arca,True
SHRT,Gotham Short Strategies ETF,NYSE Arca,True
SHRY,First Trust Bloomberg Shareholder Yield ETF,NASDAQ,True
SHUS,Stratified LargeCap Hedged ETF,NYSE Arca,True
SHV,iShares 0-1 Year Treasury Bond ETF,NYSE,True
SHW,Sherwin-Williams Company (The) Common Stock,NYSE,False
SHY,iShares 1-3 Year Treasury Bond ETF,NASDAQ,True
SHYD,VanEck Short High Yield Muni ETF,Cboe BZX,True
SHYG,iShares 0-5 Year High Yield Corporate Bond ETF,NYSE Arca,True
SHYL,Xtrackers Short Duration High Yield Bond ETF,NYSE Arca,True
SHYM,iShares Short Duration High Yield Muni Active ETF,Cboe BZX,True
SI,"Shoulder Innovations, Inc. Common Stock",NYSE,False
SIBN,"SI-BONE, Inc. - Common Stock",NASDAQ,False
SID,Companhia Siderurgica Nacional S.A. Common Stock,NYSE,False
SIDU,"Sidus Space, Inc. - Class A Common Stock",NASDAQ,False
SIEB,Siebert Financial Corp. - Common Stock,NASDAQ,False
SIF,"SIFCO Industries, Inc. Common Stock",NYSE American,False
SIFI,Harbor Ares Systematic Multi-Sector Income ETF,NYSE Arca,True
SIFY,Sify Technologies Limited - American Depository Shares,NASDAQ,False
SIG,Signet Jewelers Limited Common Shares,NYSE,False
SIGA,SIGA Technologies Inc. - Common Stock,NASDAQ,False
SIGI,"Selective Insurance Group, Inc. - Common Stock",NASDAQ,False
SIGIP,"Selective Insurance Group, Inc. - Depositary Shares, each representing a 1/1,000th interest in a share of 4.60% Non-Cumulative Preferred Stock, Series B",NASDAQ,False
SIHY,Harbor Ares Systematic High Yield ETF,NYSE Arca,True
SII,Sprott Inc. Common Shares,NYSE,False
SIJ,ProShares UltraShort Industrials,NYSE Arca,True
SIL,Global X Silver Miners ETF,NYSE Arca,True
SILC,Silicom Ltd - Ordinary Shares,NASDAQ,False
SILJ,Amplify Junior Silver Miners ETF,NYSE Arca,True
SILO,"Silo Pharma, Inc. - Common Stock",NASDAQ,False
SIM,"Grupo Simec, S.A.B. de C.V. American Depositary Shares",NYSE American,False
SIMA,SIM Acquisition Corp. I - Class A Ordinary Shares,NASDAQ,False
SIMAU,SIM Acquisition Corp. I - Unit,NASDAQ,False
SIMAW,SIM Acquisition Corp. I - Warrant,NASDAQ,False
SIMO,"Silicon Motion Technology Corporation - American Depositary Shares, each representing four ordinary shares",NASDAQ,False
SIMS,State Street SPDR S&P Kensho Intelligent Structures ETF,NYSE Arca,True
SIMX,Corgi SIMO 2x Daily ETF,Cboe BZX,True
SIND,Sinda Ltd. Common Stock,NYSE,False
SINT,"SiNtx Technologies, Inc. - Common Stock",NASDAQ,False
SIO,Touchstone Strategic Income ETF,NYSE Arca,True
SION,"Sionna Therapeutics, Inc. - Common Stock",NASDAQ,False
SIOO,VistaShares Target 15 S&P 100 Distribution ETF,NYSE Arca,True
SIRI,SiriusXM Holdings Inc. - Common Stock,NASDAQ,False
SITC,SITE Centers Corp. Common Stock,NYSE,False
SITE,"SiteOne Landscape Supply, Inc. Common Stock",NYSE,False
SITM,SiTime Corporation - Common Stock,NASDAQ,False
SIVR,abrdn Physical Silver Shares ETF,NYSE Arca,True
SIXA,ETC 6 Meridian Mega Cap Equity ETF,NYSE Arca,True
SIXD,AllianzIM U.S. Large Cap 6 Month Buffer10 Jun/Dec ETF,Cboe BZX,True
SIXF,AllianzIM U.S. Large Cap 6 Month Buffer10 Feb/Aug ETF,Cboe BZX,True
SIXH,ETC 6 Meridian Hedged Equity Index Option ETF,NYSE Arca,True
SIXJ,AllianzIM U.S. Large Cap 6 Month Buffer10 Jan/Jul ETF,Cboe BZX,True
SIXL,ETC 6 Meridian Low Beta Equity ETF,NYSE Arca,True
SIXO,AllianzIM U.S. Large Cap 6 Month Buffer10 Apr/Oct ETF,Cboe BZX,True
SIXP,AllianzIM U.S. Large Cap 6 Month Buffer10 Mar/Sep ETF,Cboe BZX,True
SIXS,ETC 6 Meridian Small Cap Equity ETF,NYSE Arca,True
SIXZ,AllianzIM U.S. Large Cap 6 Month Buffer10 May/Nov ETF,Cboe BZX,True
SIZE,iShares MSCI USA Size Factor ETF,NYSE Arca,True
SJ,Scienjoy Holding Corporation - Class A Ordinary Shares,NASDAQ,False
SJB,ProShares Short High Yield,NYSE Arca,True
SJCP,SanJac Alpha Core Plus Bond ETF,NASDAQ,True
SJLD,SanJac Alpha Low Duration ETF,NASDAQ,True
SJM,The J.M. Smucker Company Common Stock,NYSE,False
SJNK,State Street SPDR Bloomberg Short Term High Yield Bond ETF,NYSE Arca,True
SJT,San Juan Basin Royalty Trust Common Stock,NYSE,False
SK,Corgi SK hynix 2x Daily ETF,Cboe BZX,True
SKDD,GraniteShares 2x Short SK Hynix Daily ETF,NASDAQ,True
SKE,Skeena Resources Limited Common Shares,NYSE,False
SKF,ProShares UltraShort Financials,NYSE Arca,True
SKHA,Tradr 2X Long SK hynix Daily ETF,Cboe BZX,True
SKHL,Direxion Daily SK Hynix Bull 2X ETF,NYSE Arca,True
SKHN,Tradr 2X Short SK hynix Daily ETF,Cboe BZX,True
SKHU,ProShares Ultra SK hynix,NYSE Arca,True
SKHX,Leverage Shares 2X Long SK Hynix Daily ETF,Cboe BZX,True
SKHY,SK hynix Inc. - American Depositary Shares,NASDAQ,False
SKHZ,Leverage Shares 1X Short SK Hynix Daily ETF,Cboe BZX,True
SKIL,Skillsoft Corp. Class A Common Stock,NYSE,False
SKIN,SkinHealth Systems Inc. - Class A Common Stock,NASDAQ,False
SKK,SKK Holdings Limited - Class A Ordinary Shares,NASDAQ,False
SKM,"SK Telecom Co., Ltd. Common Stock",NYSE,False
SKOR,FlexShares Credit-Scored US Corporate Bond Index Fund,NASDAQ,True
SKRE,Tuttle Capital Daily 2X Inverse Regional Banks ETF,NASDAQ,True
SKT,Tanger Inc. Common Stock,NYSE,False
SKUU,GraniteShares 2x Long SK Hynix Daily ETF,NASDAQ,True
SKWD,"Skyward Specialty Insurance Group, Inc. - Common Stock",NASDAQ,False
SKY,"Champion Homes, Inc. Common Stock",NYSE,False
SKYA,"SkyAI, Inc. - Common Stock",NASDAQ,False
SKYAW,"SkyAI, Inc. - Warrant",NASDAQ,False
SKYE,"Skye Bioscience, Inc. - Common Stock",NASDAQ,False
SKYH,Sky Harbour Group Corporation Class A Common Stock,NYSE,False
SKYH.W,"Sky Harbour Group Corporation Warrants, each whole warrant exercisable for one share of Class A common stock at an exercise price of $11.50 per share",NYSE,False
SKYQ,Sky Quarry Inc. - Common Stock,NASDAQ,False
SKYT,"SkyWater Technology, Inc. - Common Stock",NASDAQ,False
SKYU,ProShares Ultra Cloud Computing,NASDAQ,True
SKYW,"SkyWest, Inc. - Common Stock",NASDAQ,False
SKYX,SKYX Platforms Corp. - Common Stock,NASDAQ,False
SKYY,First Trust Cloud Computing ETF,NASDAQ,True
SLAB,"Silicon Laboratories, Inc. - Common Stock",NASDAQ,False
SLB,SLB Limited Common Shares,NYSE,False
SLBT,SL Science Holding Limited - Ordinary Shares,NASDAQ,False
SLDB,Solid Biosciences Inc. - Common Stock,NASDAQ,False
SLDE,"Slide Insurance Holdings, Inc. - Common Stock",NASDAQ,False
SLDP,"Solid Power, Inc. - Class A Common Stock",NASDAQ,False
SLDPW,"Solid Power, Inc. - Warrant",NASDAQ,False
SLDR,Global X Short-Term Treasury Ladder ETF,NYSE Arca,True
SLE,"Super League Enterprise, Inc. - Common Stock",NASDAQ,False
SLF,Sun Life Financial Inc. Common Stock,NYSE,False
SLG,SL Green Realty Corp Common Stock,NYSE,False
SLG$I,SL Green Realty Corporation Preferred Series I,NYSE,False
SLGB,Smart Logistics Global Limited - Class A Ordinary Shares,NASDAQ,False
SLGL,Sol-Gel Technologies Ltd. - Ordinary Shares,NASDAQ,False
SLGN,Silgan Holdings Inc. Common Stock,NYSE,False
SLI,Standard Lithium Ltd. Common Shares,NYSE American,False
SLJY,Amplify SILJ Junior Silver Miners Covered Call ETF,NYSE Arca,True
SLM,SLM Corporation - Common Stock,NASDAQ,False
SLMBP,"SLM Corporation - Floating Rate Non-Cumulative Preferred Stock, Series B",NASDAQ,False
SLMT,Brera Holdings PLC - Class B Ordinary Shares,NASDAQ,False
SLN,Silence Therapeutics Plc - American Depository Share,NASDAQ,False
SLND,"Southland Holdings, Inc. Common Stock",NYSE American,False
SLND.W,"Southland Holdings, Inc. Warrants",NYSE American,False
SLNG,"Stabilis Solutions, Inc. - Common Stock",NASDAQ,False
SLNH,"Soluna Holdings, Inc. - Common Stock",NASDAQ,False
SLNHP,"Soluna Holdings, Inc. - 9.0% Series A Cumulative Perpetual Preferred Stock",NASDAQ,False
SLNZ,TCW Senior Loan ETF,NYSE,True
SLON,ProShares Ultra Solana ETF,NYSE Arca,True
SLP,"Simulations Plus, Inc. - Common Stock",NASDAQ,False
SLQD,iShares 0-5 Year Investment Grade Corporate Bond ETF,NASDAQ,True
SLQT,"SelectQuote, Inc. Common Stock",NYSE,False
SLRC,SLR Investment Corp. - Closed End Fund,NASDAQ,False
SLS,"SELLAS Life Sciences Group, Inc.  - Common Stock",NASDAQ,False
SLSN,"Solesence, Inc. - Common stock",NASDAQ,False
SLSR,Solaris Resources Inc. Common Shares,NYSE American,False
SLTY,YieldMax Ultra Short Option Income Strategy ETF,NYSE Arca,True
SLV,iShares Silver Trust,NYSE Arca,True
SLVM,Sylvamo Corporation Common Stock,NYSE,False
SLVO,"ETRACS Silver Shares Covered Call ETNs due April 21, 2033",NASDAQ,True
SLVP,iShares MSCI Global Silver and Metals Miners ETF,Cboe BZX,True
SLVR,Sprott Silver Miners & Physical Silver ETF,NASDAQ,True
SLVX,Nicholas Silver Income ETF,NYSE Arca,True
SLVY,FT Vest Silver Strategy & Target Income ETF,Cboe BZX,True
SLWS,Wisdom Short Duration Income ETF,NYSE Arca,True
SLX,VanEck Steel ETF,NYSE Arca,True
SLXN,Silexion Therapeutics Corp - Ordinary Shares,NASDAQ,False
SLXNW,Silexion Therapeutics Corp - Warrant,NASDAQ,False
SLYG,State Street SPDR S&P 600 Small Cap Growth ETF,NYSE Arca,True
SLYV,State Street SPDR S&P 600 Small Cap Value ETF,NYSE Arca,True
SM,SM Energy Company Common Stock,NYSE,False
SMA,"SmartStop Self Storage REIT, Inc. Common Stock",NYSE,False
SMAX,iShares Large Cap Max Buffer Sep ETF,Cboe BZX,True
SMAY,FT Vest U.S. Small Cap Moderate Buffer ETF - May,Cboe BZX,True
SMB,VanEck Short Muni ETF,Cboe BZX,True
SMBC,"Southern Missouri Bancorp, Inc. - Common Stock",NASDAQ,False
SMBK,"SmartFinancial, Inc. Common Stock",NYSE,False
SMBS,Schwab Mortgage-Backed Securities ETF,NYSE Arca,True
SMC,Summit Midstream Corporation Common Stock,NYSE,False
SMCC,Corgi SMCI 2x Daily ETF,Cboe BZX,True
SMCF,Themes US Small Cap Cash Flow Champions ETF,NASDAQ,True
SMCI,"Super Micro Computer, Inc. - Common Stock",NASDAQ,False
SMCIP,"Super Micro Computer, Inc. - Depositary Shares Each Representing a 1/20th Interest in a Share of 7% Series A Mandatory Convertible Preferred Stock",NASDAQ,False
SMCL,GraniteShares 2x Long SMCI Daily ETF,NASDAQ,True
SMCO,Hilton Small-MidCap Opportunity ETF,NASDAQ,True
SMCP,SMART Mid Cap ETF,NYSE Arca,True
SMCX,Defiance Daily Target 2X Long SMCI ETF,NASDAQ,True
SMCY,YieldMax SMCI Option Income Strategy ETF,NYSE Arca,True
SMCZ,Defiance Daily Target 2X Short SMCI ETF,NASDAQ,True
SMDD,UltraPro Short MidCap400,NYSE Arca,True
SMDV,ProShares Russell 2000 Dividend Growers ETF,Cboe BZX,True
SMDX,Intech S&P Small-Mid Cap Diversified Alpha ETF,NYSE Arca,True
SMFG,Sumitomo Mitsui Financial Group Inc Unsponsored American Depositary Shares (Japan),NYSE,False
SMG,Scotts Miracle-Gro Company (The) Common Stock,NYSE,False
SMH,VanEck Semiconductor ETF,NASDAQ,True
SMHB,ETRACS Monthly Pay 2x Leveraged Small Cap High Dividend ETN Series B,NYSE Arca,False
SMHC,VanEck China Semiconductor ETF,NASDAQ,True
SMHI,SEACOR Marine Holdings Inc. Common Stock,NYSE,False
SMHX,VanEck Fabless Semiconductor ETF,NASDAQ,True
SMID,Smith-Midland Corporation - Common Stock,NASDAQ,False
SMIG,Bahl & Gaynor Small/Mid Cap Income Growth ETF,NYSE Arca,True
SMIN,Ishares MSCI India Small Cap ETF,Cboe BZX,True
SMIZ,Zacks Small/Mid Cap ETF,NYSE Arca,True
SMJF,SMJ International Holdings Inc. Class A Ordinary Shares,NYSE American,False
SMLF,iShares U.S. Small-Cap Equity Factor ETF,NYSE Arca,True
SMLL,Harbor Active Small Cap ETF,NYSE Arca,True
SMLV,State Street SPDR US Small Cap Low Volatility Index ETF,NYSE Arca,True
SMMD,iShares Russell 2500 ETF,Cboe BZX,True
SMMT,Summit Therapeutics Inc.  - Common Stock,NASDAQ,False
SMMU,Short Term Municipal Bond Active Exchange-Traded Fund,NYSE Arca,True
SMMV,iShares MSCI USA Small-Cap Min Vol Factor ETF,Cboe BZX,True
SMN,ProShares UltraShort Materials,NYSE Arca,True
SMOG,VanEck Low Carbon Energy ETF,NYSE Arca,True
SMOM,Symmetry Panoramic Sector Momentum ETF,NASDAQ,True
SMOT,VanEck Morningstar SMID Moat ETF,Cboe BZX,True
SMOX,Horizon Small/Mid Cap Core Equity ETF,NYSE Arca,True
SMP,"Standard Motor Products, Inc. Common Stock",NYSE,False
SMPL,The Simply Good Foods Company - Common Stock,NASDAQ,False
SMR,NuScale Power Corporation Class A Common Stock,NYSE,False
SMRF,"ALPS Nautilus SMR, Nuclear & Technology ETF",NYSE Arca,True
SMRI,Bushido Capital US Equity ETF,NASDAQ,True
SMRT,"SmartRent, Inc. Class A Common Stock",NYSE,False
SMRX,Corgi SMR 2x Daily ETF,Cboe BZX,True
SMSI,"Smith Micro Software, Inc. - Common Stock",NASDAQ,False
SMST,Defiance Daily Target 2x Short MSTR ETF,NASDAQ,True
SMTC,Semtech Corporation - Common Stock,NASDAQ,False
SMTG,Leverage Shares 2X Long SMTC Daily ETF,Cboe BZX,True
SMTH,ALPS Smith Core Plus Bond ETF,NYSE Arca,True
SMTI,Sanara MedTech Inc. - Common Stock,NASDAQ,False
SMTK,"SmartKem, Inc. - Common Stock",NASDAQ,False
SMU,Tradr 2X Long SMR Daily ETF,Cboe BZX,True
SMUP,T-REX 2X Long SMR Daily Target ETF,Cboe BZX,True
SMWB,Similarweb Ltd. Ordinary Shares,NYSE,False
SMX,SMX (Security Matters) Public Limited Company - Ordinary Shares,NASDAQ,False
SMXT,Solarmax Technology Inc. - Common Stock,NASDAQ,False
SMXWW,SMX (Security Matters) Public Limited Company - Warrant,NASDAQ,False
SMYY,GraniteShares YieldBOOST SMCI ETF,NASDAQ,True
SMZ,Tradr 2X Short SMR Daily ETF,Cboe BZX,True
SN,"SharkNinja, Inc. Ordinary Shares",NYSE,False
SNA,Snap-On Incorporated Common Stock,NYSE,False
SNAG,Leverage Shares 2x Long SNAP Daily ETF,NASDAQ,True
SNAL,"Snail, Inc. - Class A Common Stock",NASDAQ,False
SNAP,Snap Inc. Class A Common Stock,NYSE,False
SNAV,Mohr Sector Nav ETF,Cboe BZX,True
SND,"Smart Sand, Inc. - Common Stock",NASDAQ,False
SNDA,"Sonida Senior Living, Inc. Common Stock",NYSE,False
SNDC,Corgi SNDK 2x Daily ETF,Cboe BZX,True
SNDG,Leverage Shares 2X Long SNDK Daily ETF,Cboe BZX,True
SNDK,Sandisk Corporation - Common Stock When-Issued,NASDAQ,False
SNDL,SNDL Inc. - Common Shares,NASDAQ,False
SNDQ,Tradr 2X Short SNDK Daily ETF,Cboe BZX,True
SNDR,"Schneider National, Inc. Common Stock",NYSE,False
SNDU,T-REX 2X Long SNDK Daily Target ETF,Cboe BZX,True
SNDX,"Syndax Pharmaceuticals, Inc. - Common Stock",NASDAQ,False
SNES,"SenesTech, Inc. - Common Stock",NASDAQ,False
SNEX,StoneX Group Inc. - Common Stock,NASDAQ,False
SNFCA,Security National Financial Corporation - Class A Common Stock,NASDAQ,False
SNGX,"Soligenix, Inc. - Common Stock",NASDAQ,False
SNK,GraniteShares 2x Short SpaceX Daily ETF,Cboe BZX,True
SNN,"Smith & Nephew SNATS, Inc. Common Stock",NYSE,False
SNOA,"Sonoma Pharmaceuticals, Inc. - Common Stock",NASDAQ,False
SNOU,T-REX 2X Long SNOW Daily Target ETF,Cboe BZX,True
SNOV,FT Vest U.S. Small Cap Moderate Buffer ETF - November,Cboe BZX,True
SNOW,Snowflake Inc. Common Stock,NYSE,False
SNOY,YieldMax SNOW Option Income Strategy ETF,NYSE Arca,True
SNPD,Xtrackers S&P Dividend Aristocrats Screened ETF,Cboe BZX,True
SNPE,Xtrackers S&P 500 Scored & Screened ETF,NYSE Arca,True
SNPG,Xtrackers S&P 500 Growth Scored & Screened ETF,Cboe BZX,True
SNPS,"Synopsys, Inc. - Common Stock",NASDAQ,False
SNSR,Global X Internet of Things ETF,NASDAQ,True
SNT,Senstar Technologies Corporation - Common Shares,NASDAQ,False
SNTG,Sentage Holdings Inc. - Class A Ordinary Shares,NASDAQ,False
SNTH,MRP SynthEquity ETF,NYSE Arca,True
SNTI,"Senti Biosciences Holdings, Inc. - Common Stock",NASDAQ,False
SNTQ,MRP SynthEquity Nasdaq 100 ETF,Cboe BZX,True
SNWV,"SANUWAVE Health, Inc. - Common Stock",NASDAQ,False
SNX,TD SYNNEX Corporation Common Stock,NYSE,False
SNXX,Tradr 2X Long SNDK Daily ETF,Cboe BZX,True
SNY,Sanofi - American Depositary Shares,NASDAQ,False
SNYR,Synergy CHC Corp. - Common Stock,NASDAQ,False
SO,Southern Company (The) Common Stock,NYSE,False
SOAR,"Volato Group, Inc. Class A Common Stock",NYSE American,False
SOBO,South Bow Corporation Common Shares,NYSE,False
SOBR,"SOBR Safe, Inc. - Common Stock",NASDAQ,False
SOC,Sable Offshore Corp. Common Stock,NYSE,False
SOCA,Solarius Capital Acquisition Corp. - Class A Ordinary Share,NASDAQ,False
SOCAU,Solarius Capital Acquisition Corp. - Units,NASDAQ,False
SOCAW,Solarius Capital Acquisition Corp. - Warrant,NASDAQ,False
SOCL,Global X Social Media ETF,NASDAQ,True
SOEZ,Franklin Solana ETF,NYSE Arca,True
SOFA,Direxion Daily SOFI Bull 2X ETF,NASDAQ,True
SOFC,Corgi SOFI 2x Daily ETF,Cboe BZX,True
SOFI,"SoFi Technologies, Inc.  - Common Stock",NASDAQ,False
SOFR,Amplify Samsung SOFR ETF,NYSE Arca,True
SOFX,Defiance Daily Target 2X Long SOFI ETF,NASDAQ,True
SOGP,Sound Group Inc. - American Depositary Shares,NASDAQ,False
SOHU,Sohu.com Limited  - American Depositary Shares,NASDAQ,False
SOJC,"Southern Company (The) Series 2017B 5.25% Junior Subordinated Notes due December 1, 2077",NYSE,False
SOJD,"Southern Company (The) Series 2020A 4.95% Junior Subordinated Notes due January 30, 2080",NYSE,False
SOJE,"Southern Company (The) Series 2020C 4.20% Junior Subordinated Notes due October 15, 2060",NYSE,False
SOJF,"Southern Company (The) Series 2025A 6.50% Junior Subordinated Notes due March 15, 2085",NYSE,False
SOLC,Canary Marinade Solana ETF,NASDAQ,True
SOLM,Amplify Solana 3% Monthly Option Income ETF,Cboe BZX,True
SOLS,Solstice Advanced Materials Inc. - Common Stock,NASDAQ,False
SOLT,2x Solana ETF,NASDAQ,True
SOLV,Solventum Corporation Common Stock,NYSE,False
SOLZ,Solana ETF,NASDAQ,True
SOMN,Southern Company (The) 2025 Series A Corporate Units,NYSE,False
SON,Sonoco Products Company Common Stock,NYSE,False
SONM,"DNA X, Inc. - Common Stock",NASDAQ,False
SONO,"Sonos, Inc. - Common Stock",NASDAQ,False
SONY,Sony Group Corporation American Depositary Shares,NYSE,False
SOPH,SOPHiA GENETICS SA - Ordinary Shares,NASDAQ,False
SOR,"Source Capital, Inc. Cmn Shs of BI",NYSE,False
SORA,AsiaStrategy - Ordinary Shares,NASDAQ,False
SORN,Soren Acquisition Corp. - Class A Ordinary Shares,NASDAQ,False
SORNU,Soren Acquisition Corp. - Unit,NASDAQ,False
SORNW,Soren Acquisition Corp. - Warrant,NASDAQ,False
SOS,SOS Limited Class A Ordinary Shares,NYSE,False
SOTK,Sono-Tek Corporation - Common Stock,NASDAQ,False
SOUL,Soulpower Acquisition Corporation Class A Ordinary Shares,NYSE,False
SOUL.R,"Soulpower Acquisition Corporation Rights, each right entitling the holder to receive one-tenth (1/10) of one Class A Ordinary Share",NYSE,False
SOUL.U,"Soulpower Acquisition Corporation Units, each consisting of one Class A ordinary share and one right",NYSE,False
SOUN,"SoundHound AI, Inc. - Class A Common Stock",NASDAQ,False
SOUNW,"SoundHound AI, Inc. - Warrant",NASDAQ,False
SOUX,Defiance Daily Target 2X Long SOUN ETF,NASDAQ,True
SOVF,Sovereign's Capital Flourish Fund,NYSE Arca,True
SOWG,Sow Good Inc. - Common Stock,NASDAQ,False
SOXL,Direxion Daily Semiconductor Bull 3X ETF,NYSE Arca,True
SOXQ,Invesco PHLX Semiconductor ETF,NASDAQ,True
SOXS,Direxion Daily Semiconductor Bear 3X ETF,NYSE Arca,True
SOXX,iShares PHLX SOX Semiconductor Sector Index Fund,NASDAQ,True
SOXY,YieldMax Target 12 Semiconductor Option Income ETF,NYSE Arca,True
SOYB,Teucrium Soybean Fund ETV,NYSE Arca,True
SPAB,State Street SPDR Portfolio Aggregate Bond ETF,NYSE Arca,True
SPAI,Safe Pro Group Inc. - Common Stock,NASDAQ,False
SPAL,GraniteShares 2x Long SpaceX Daily ETF,Cboe BZX,True
SPAM,Themes Cybersecurity ETF,NASDAQ,True
SPAQ,Horizon Kinetics SPAC Active ETF,NASDAQ,True
SPAX,T-REX 2X Long SPCX Daily Target ETF,NYSE Arca,True
SPB,"Spectrum Brands Holdings, Inc. Common Stock",NYSE,False
SPBC,Simplify US Equity PLUS Bitcoin Strategy ETF,NASDAQ,True
SPBO,State Street SPDR Portfolio Corporate Bond ETF,NYSE Arca,True
SPBU,AllianzIM Buffer15 Uncapped Allocation ETF,Cboe BZX,True
SPBW,AllianzIM Buffer20 Allocation ETF,Cboe BZX,True
SPBX,AllianzIM 6 Month Buffer10 Allocation ETF,Cboe BZX,True
SPCB,"SuperCom, Ltd. - Ordinary Shares",NASDAQ,False
SPCE,"Virgin Galactic Holdings, Inc. Common Stock",NYSE,False
SPCF,ProShares Ultra SpaceX,NYSE Arca,True
SPCG,Tradr 2X Short SpaceX Daily ETF,Cboe BZX,True
SPCH,Leverage Shares 2X Long SPCX Daily ETF,Cboe BZX,True
SPCI,Tuttle Capital Space Industry Income Blast ETF,Cboe BZX,True
SPCK,SPAC and New Issue ETF,NASDAQ,True
SPCL,Defiance Pure Space Daily 2X Strategy ETF,Cboe BZX,True
SPCM,Tradr 2X Long SpaceX Daily ETF,Cboe BZX,True
SPCQ,Defiance Daily Target 2X Short SPCX ETF,Cboe BZX,True
SPCT,Liberty One Spectrum ETF,NASDAQ,True
SPCU,Defiance Daily Target 2X Long SPCX ETF,Cboe BZX,True
SPCX,Space Exploration Technologies Corp. - Class A Common Stock,NASDAQ,False
SPD,Simplify US Equity PLUS Downside Convexity ETF,NYSE Arca,True
SPDF,Defender Risk Adaptive 500 ETF,Cboe BZX,True
SPDG,State Street SPDR Portfolio S&P Sector Neutral Dividend ETF,NYSE Arca,True
SPDN,Direxion Daily S&P 500 Bear 1X ETF,NYSE Arca,True
SPDV,AAM S&P 500 High Dividend Value ETF,NYSE Arca,True
SPDW,State Street SPDR Portfolio Developed World ex-US ETF,NYSE Arca,True
SPE,"Special Opportunities Fund, Inc Common Stock",NYSE,False
SPE$C,"Special Opportunities Fund Inc. 2.75% Convertible Preferred Stock, Series C",NYSE,False
SPEG,Silver Pegasus Acquisition Corp - Class A Ordinary Shares,NASDAQ,False
SPEGR,Silver Pegasus Acquisition Corp - Rights,NASDAQ,False
SPEGU,Silver Pegasus Acquisition Corp - Unit,NASDAQ,False
SPEM,State Street SPDR Portfolio Emerging Markets ETF,NYSE Arca,True
SPEU,State Street SPDR Portfolio Europe ETF,NYSE Arca,True
SPFF,Global X SuperIncome Preferred ETF,NYSE Arca,True
SPFI,"South Plains Financial, Inc. - Common Stock",NASDAQ,False
SPG,"Simon Property Group, Inc. Common Stock",NYSE,False
SPG$J,"Simon Property Group, Inc. Simon Property Group 8 3/8% Series J Cumulative Redeemable Preferred Stock",NYSE,False
SPGI,S&P Global Inc. Common Stock,NYSE,False
SPGM,State Street SPDR Portfolio MSCI Global Stock Market ETF,NYSE Arca,True
SPGP,Invesco S&P 500 GARP ETF,NYSE Arca,True
SPH,"Suburban Propane Partners, L.P. Common Stock",NYSE,False
SPHB,Invesco S&P 500 High Beta ETF,NYSE Arca,True
SPHD,Invesco S&P 500 High Dividend Low Volatility ETF,NYSE Arca,True
SPHL,Springview Holdings Ltd - Ordinary shares,NASDAQ,False
SPHQ,Invesco S&P 500 Quality ETF,NYSE Arca,True
SPHR,Sphere Entertainment Co. Class A Common Stock,NYSE,False
SPHY,State Street SPDR Portfolio High Yield Bond ETF,NYSE Arca,True
SPIB,State Street SPDR Portfolio Intermediate Term Corporate Bond ETF,NYSE Arca,True
SPIN,State Street US Equity Premium Income ETF,Cboe BZX,True
SPIP,State Street SPDR Portfolio TIPS ETF,NYSE Arca,True
SPIR,"Spire Global, Inc. Class A Common Stock",NYSE,False
SPIT,F/m Emerald Special Situations ETF,NASDAQ,True
SPKL,Spark I Acquisition Corp. - Class A Ordinary Share,NASDAQ,False
SPKLU,Spark I Acquisition Corp. - Unit,NASDAQ,False
SPKLW,Spark I Acquisition Corp. - Warrant,NASDAQ,False
SPLB,State Street SPDR Portfolio Long Term Corporate Bond ETF,NYSE Arca,True
SPLS,PIMCO US Stocks PLUS Active Bond Exchange-Traded Fund,Cboe BZX,True
SPLV,Invesco S&P 500 Low Volatility ETF,NYSE Arca,True
SPMA,"Sound Point Meridian Capital, Inc. 8.00% Series A Preferred Shares Due 2029",NYSE,False
SPMB,State Street SPDR Portfolio Mortgage Backed Bond ETF,NYSE Arca,True
SPMC,"Sound Point Meridian Capital, Inc. Common Stock",NYSE,False
SPMD,State Street SPDR Portfolio S&P 400 Mid Cap ETF,NYSE Arca,True
SPME,"Sound Point Meridian Capital, Inc. 7.875% Series B Preferred Shares due 2030",NYSE,False
SPMO,Invesco S&P 500 Momentum ETF,NYSE Arca,True
SPNT,SiriusPoint Ltd. Common Shares,NYSE,False
SPOG,Leverage Shares 2X Long SPOT Daily ETF,NASDAQ,True
SPOK,"Spok Holdings, Inc. - Common Stock",NASDAQ,False
SPOT,Spotify Technology S.A. Ordinary Shares,NYSE,False
SPPL,SIMPPLE LTD. - Ordinary Shares,NASDAQ,False
SPPP,Sprott Physical Platinum and Palladium Trust,NYSE Arca,True
SPRB,"Spruce Biosciences, Inc. - Common Stock",NASDAQ,False
SPRC,SciSparc Ltd. - Ordinary Shares,NASDAQ,False
SPRE,SP Funds S&P Global REIT Sharia ETF,NYSE Arca,True
SPRO,"Spero Therapeutics, Inc. - Common Stock",NASDAQ,False
SPRU,Spruce Power Holding Corporation Class A Common Stock,NYSE,False
SPRX,Spear Alpha ETF,NASDAQ,True
SPRY,"ARS Pharmaceuticals, Inc. - Common Stock",NASDAQ,False
SPSB,State Street SPDR Portfolio Short Term Corporate Bond ETF,NYSE Arca,True
SPSC,"SPS Commerce, Inc. - Common Stock",NASDAQ,False
SPSK,SP Funds Dow Jones Global Sukuk ETF,NYSE Arca,True
SPSM,State Street SPDR Portfolio S&P 600 Small Cap ETF,NYSE Arca,True
SPT,"Sprout Social, Inc - Class A Common Stock",NASDAQ,False
SPTB,State Street SPDR Portfolio Treasury ETF,NYSE Arca,True
SPTE,SP Funds S&P Global Technology ETF,NYSE Arca,True
SPTI,State Street SPDR Portfolio Intermediate Term Treasury ETF,NYSE Arca,True
SPTL,State Street SPDR Portfolio Long Term Treasury ETF,NYSE Arca,True
SPTM,State Street SPDR Portfolio S&P 1500 Composite Stock Market ETF,NYSE Arca,True
SPTS,State Street SPDR Portfolio Short Term Treasury ETF,NYSE Arca,True
SPTU,State Street SPDR Portfolio Ultra Short T-Bill ETF,NYSE Arca,True
SPTX,"Seaport Therapeutics, Inc. - Common Stock",NASDAQ,False
SPUC,Simplify US Equity Income ETF,NYSE Arca,True
SPUS,SP Funds S&P 500 Sharia Industry Exclusions ETF,NYSE Arca,True
SPUT,Innovator Equity Premium Income - Daily PutWrite ETF,NYSE Arca,True
SPUU,Direxion Daily S&P 500 Bull 2X ETF,NYSE Arca,True
SPVM,Invesco S&P 500 Value with Momentum ETF,NYSE Arca,True
SPWH,"Sportsman's Warehouse Holdings, Inc. - Common Stock",NASDAQ,False
SPWO,SP Funds S&P World (ex-US) ETF,NYSE Arca,True
SPWR,SunPower Inc. - Common Stock,NASDAQ,False
SPWRW,SunPower Inc. - Warrant,NASDAQ,False
SPXC,"SPX Technologies, Inc. Common Stock",NYSE,False
SPXD,Xtrackers S&P 500 Diversified Sector Weight ETF,NASDAQ,True
SPXE,ProShares S&P 500 Ex-Energy ETF,NYSE Arca,True
SPXL,Direxion Daily S&P 500 Bull 3X ETF,NYSE Arca,True
SPXN,ProShares S&P 500 Ex-Financials ETF,NYSE Arca,True
SPXS,Direxion Daily S&P 500 Bear 3X ETF,NYSE Arca,True
SPXT,ProShares S&P 500 Ex-Technology ETF,NYSE Arca,True
SPXU,ProShares UltraPro Short S&P500,NYSE Arca,True
SPXV,ProShares S&P 500 Ex-Health Care ETF,NYSE Arca,True
SPXX,Nuveen S&P 500 Dynamic Overwrite Fund,NYSE,False
SPY,State Street SPDR S&P 500 ETF Trust,NYSE Arca,True
SPYA,Twin Oak Endure ETF,Cboe BZX,True
SPYC,Simplify US Equity PLUS Convexity ETF,NYSE Arca,True
SPYD,State Street SPDR Portfolio S&P 500 High Dividend ETF,NYSE Arca,True
SPYG,State Street SPDR Portfolio S&P 500 Growth ETF,NYSE Arca,True
SPYH,NEOS S&P 500 Hedged Equity Income ETF,Cboe BZX,True
SPYI,NEOS S&P 500 High Income ETF,Cboe BZX,True
SPYM,State Street SPDR Portfolio S&P 500 ETF,NYSE Arca,True
SPYQ,Tradr 2X Long SPY Quarterly ETF,NASDAQ,True
SPYT,Defiance S&P 500 Target Income ETF,NYSE Arca,True
SPYU,"MAX S&P 500 4X Leveraged ETNs due October 30, 2043",NYSE Arca,True
SPYV,State Street SPDR Portfolio S&P 500 Value ETF,NYSE Arca,True
SPYX,State Street SPDR S&P 500 Fossil Fuel Reserves Free ETF,NYSE Arca,True
SQFT,"Presidio Property Trust, Inc. - Class A Common Stock",NASDAQ,False
SQFTP,"Presidio Property Trust, Inc. - 9.375% Series D Cumulative Redeemable Perpetual Preferred Stock, $0.01 par value per share",NASDAQ,False
SQFTW,"Presidio Property Trust, Inc. - Series A Common Stock Purchase Warrants",NASDAQ,False
SQLT,iShares MSCI USA Small-Cap Quality Factor ETF,Cboe BZX,True
SQLV,Royce Quant Small-Cap Quality Value ETF,NASDAQ,True
SQM,Sociedad Quimica y Minera S.A. Common Stock,NYSE,False
SQMX,FT Vest U.S. Equity Quarterly Max Buffer ETF,Cboe BZX,True
SQNS,Sequans Communications S.A. American Depositary Shares (each representing one hundred (100) Ordinary Shares),NYSE,False
SQQQ,ProShares UltraPro Short QQQ,NASDAQ,True
SQS,Sapient Quality Select ETF,NASDAQ,True
SR,Spire Inc. Common Stock,NYSE,False
SRAD,Sportradar Group AG - Class A Ordinary Shares,NASDAQ,False
SRBK,"SR Bancorp, Inc. - Common stock",NASDAQ,False
SRCE,1st Source Corporation - Common Stock,NASDAQ,False
SRE,DBA Sempra Common Stock,NYSE,False
SREA,DBA Sempra 5.750% Junior Subordinated Notes due 2079,NYSE,False
SRET,Global X SuperDividend REIT ETF,NASDAQ,True
SRFM,Surf Air Mobility Inc. Common Stock,NYSE,False
SRG,Seritage Growth Properties Class A Common Stock,NYSE,False
SRG$A,Seritage Growth Properties 7.00% Series A Cumulative Redeemable Preferred Shares of Beneficial Interest,NYSE,False
SRHQ,SRH U.S. Quality GARP ETF,NYSE Arca,True
SRHR,SRH REIT Covered Call ETF,NYSE Arca,True
SRI,"Stoneridge, Inc. Common Stock",NYSE,False
SRJN,Spire Inc. 6.375% Junior Subordinated Notes due 2086,NYSE,False
SRL,Scully Royalty Ltd.,NYSE,False
SRLN,State Street Blackstone Senior Loan ETF,NYSE Arca,True
SROI,Calamos Antetokounmpo Global Sustainable Equities ETF,NYSE Arca,True
SRPT,"Sarepta Therapeutics, Inc. - Common Stock",NASDAQ,False
SRRK,Scholar Rock Holding Corporation - Common Stock,NASDAQ,False
SRS,ProShares UltraShort Real Estate,NYSE Arca,True
SRTA,"Strata Critical Medical, Inc. - Class A Common Stock",NASDAQ,False
SRTS,"Sensus Healthcare, Inc. - Common Stock",NASDAQ,False
SRTY,ProShares UltraPro Short Russell2000,NYSE Arca,True
SRV,NXG Cushing Midstream Energy Fund Common Shares of Beneficial Interest,NYSE,False
SRVR,Pacer Data & Infrastructure Real Estate ETF,NYSE Arca,True
SRXH,SRX Global Inc. Common Stock,NYSE American,False
SRZN,"Surrozen, Inc. - Common Stock",NASDAQ,False
SRZNW,"Surrozen, Inc. - Warrant",NASDAQ,False
SSAC,SPACSphere Acquisition Corp. - Class A Ordinary Shares,NASDAQ,False
SSACR,SPACSphere Acquisition Corp. - Rights,NASDAQ,False
SSACU,SPACSphere Acquisition Corp. - Unit,NASDAQ,False
SSACW,SPACSphere Acquisition Corp. - Warrant,NASDAQ,False
SSB,SouthState Bank Corporation Common Stock,NYSE,False
SSBI,Summit State Bank - Common Stock,NASDAQ,False
SSCP,SMART Small Cap ETF,NYSE Arca,True
SSD,"Simpson Manufacturing Company, Inc. Common Stock",NYSE,False
SSEA,Starry Sea Acquisition Corp - Ordinary Shares,NASDAQ,False
SSEAR,Starry Sea Acquisition Corp - Rights,NASDAQ,False
SSEAU,Starry Sea Acquisition Corp - Unit,NASDAQ,False
SSFI,Day Hagan Smart Sector Fixed Income ETF,NYSE Arca,True
SSG,ProShares UltraShort Semiconductors,NYSE Arca,True
SSII,SS Innovations International Inc. - Common Stock,NASDAQ,False
SSK,REX-Osprey SOL + Staking ETF,Cboe BZX,True
SSL,Sasol Ltd. American Depositary Shares,NYSE,False
SSM,Sono Group N.V. - Ordinary Shares,NASDAQ,False
SSMG,Virtus Silvant Small/Mid Growth ETF,NYSE Arca,True
SSMR,Sunshine Silver Mining & Refining Company Common Stock,NYSE,False
SSNC,"SS&C Technologies Holdings, Inc. - Common Stock",NASDAQ,False
SSO,ProShares Ultra S&P500,NYSE Arca,True
SSP,E.W. Scripps Company (The) - Class A Common Stock,NASDAQ,False
SSPC,Leverage Shares 2X Short SPCX Daily ETF,Cboe BZX,True
SSPY,Stratified LargeCap Index ETF,NYSE Arca,True
SSRM,SSR Mining Inc. - Common Stock,NASDAQ,False
SSS,CYBER HORNET S&P 500 and Solana 75/25 Strategy ETF,NASDAQ,True
SST,"System1, Inc. Class A Common Stock",NYSE,False
SSTI,"SoundThinking, Inc. - Common Stock",NASDAQ,False
SSTK,"Shutterstock, Inc. Common Stock",NYSE,False
SSUS,Day Hagan Smart Sector ETF,NYSE Arca,True
SSXU,Day Hagan Smart Sector International ETF,NYSE Arca,True
SSYS,"Stratasys, Ltd. - Common Stock",NASDAQ,False
ST,Sensata Technologies Holding plc Ordinary Shares,NYSE,False
STAA,STAAR Surgical Company - Common Stock,NASDAQ,False
STAG,"Stag Industrial, Inc. Common Stock",NYSE,False
STAK,STAK Inc. - Class A Ordinary Shares,NASDAQ,False
STAX,Nomura Tax-Free USA Short Term ETF,NYSE Arca,True
STBA,"S&T Bancorp, Inc. - Common Stock",NASDAQ,False
STBF,Performance Trust Short Term Bond ETF,Cboe BZX,True
STBQ,Amplify Stablecoin Technology Leaders ETF,NYSE Arca,True
STC,Stewart Information Services Corporation Common Stock,NYSE,False
STCE,Schwab Crypto Thematic Natural Language Processing ETF,NYSE Arca,True
STDN,"Standard Nuclear, Inc. Class A Common Stock",NYSE,False
STE,STERIS plc (Ireland) Ordinary Shares,NYSE,False
STEM,"Stem, Inc. Class A Common Stock",NYSE,False
STEN,iShares Large Cap 10% Target Buffer Sep ETF,Cboe BZX,True
STEP,StepStone Group Inc. - Class A Common Stock,NASDAQ,False
STEW,"SRH Total Return Fund, Inc. Common Stock",NYSE,False
STEX,Streamex Corp. - Common Stock,NASDAQ,False
STFS,Star Fashion Culture Holdings Limited - Class A Ordinary Shares,NASDAQ,False
STG,"Sunlands Technology Group American Depositary Shares, representing Class A ordinary shares",NYSE,False
STGW,Stagwell Inc. - Class A Common Stock,NASDAQ,False
STHH,STMicroelectronics NV ADRhedged,NYSE Arca,True
STHO,Star Holdings - Shares of Beneficial Interest,NASDAQ,False
STI,"Solidion Technology, Inc. - Common Stock",NASDAQ,False
STIM,"Neuronetics, Inc. - Common Stock",NASDAQ,False
STIP,iShares 0-5 Year TIPS Bond ETF,NYSE Arca,True
STK,Columbia Seligman Premium Technology Growth Fund Inc,NYSE,False
STKE,Sol Strategies Inc. - Common Shares,NASDAQ,False
STKH,Steakholder Foods Ltd. - American Depositary Shares,NASDAQ,False
STKS,"The ONE Group Hospitality, Inc. - Common Stock",NASDAQ,False
STLA,Stellantis N.V. Common Shares,NYSE,False
STLD,"Steel Dynamics, Inc. - Common Stock",NASDAQ,False
STLR,Stellar ETF,Cboe BZX,True
STLU,2x Stellar ETF,Cboe BZX,True
STM,STMicroelectronics N.V. Common Stock,NYSE,False
STN,Stantec Inc Common Stock,NYSE,False
STNC,Hennessy Sustainable ETF,NASDAQ,True
STNE,StoneCo Ltd. - Class A Common Share,NASDAQ,False
STNG,Scorpio Tankers Inc. Common Shares,NYSE,False
STOK,"Stoke Therapeutics, Inc. - Common Stock",NASDAQ,False
STOT,State Street DoubleLine Short Duration Total Return Tactical ETF,Cboe BZX,True
STOX,Horizon Core Equity ETF,Cboe BZX,True
STPZ,PIMCO 1-5 Year U.S. TIPS Index Exchange-Traded Fund,NYSE Arca,True
STRA,"Strategic Education, Inc. - Common Stock",NASDAQ,False
STRC,Strategy Inc - Variable Rate Series A Perpetual Stretch Preferred Stock,NASDAQ,False
STRD,Strategy Inc - 10.00% Series A Perpetual Stride Preferred Stock,NASDAQ,False
STRF,Strategy Inc - 10.00% Series A Perpetual Strife Preferred Stock,NASDAQ,False
STRK,Strategy Inc - 8.00% Series A Perpetual Strike Preferred Stock,NASDAQ,False
STRL,"Sterling Infrastructure, Inc. - Common Stock",NASDAQ,False
STRN,SMART Trend 25 ETF,NYSE Arca,True
STRO,"Sutro Biopharma, Inc. - Common Stock",NASDAQ,False
STRR,"Star Equity Holdings, Inc. - Common Stock",NASDAQ,False
STRRP,"Star Equity Holdings, Inc. - 10% Series A Cumulative Perpetual Preferred Stock",NASDAQ,False
STRS,Stratus Properties Inc. - Common Stock,NASDAQ,False
STRT,STRATTEC SECURITY CORPORATION - Common Stock,NASDAQ,False
STRW,"Strawberry Fields REIT, Inc. Common Stock",NYSE American,False
STRZ,Starz Entertainment Corp. - Common Shares,NASDAQ,False
STSM,Defiance Daily Target 2X Short TSM ETF,NYSE Arca,True
STT,State Street Corporation Common Stock,NYSE,False
STT$G,"State Street Corporation Depositary shares, each representing a 1/4,000th ownership interest in a share of Fixed-to-Floating Rate Non-Cumulative",NYSE,False
STTK,"Shattuck Labs, Inc. - Common Stock",NASDAQ,False
STUB,"StubHub Holdings, Inc. Class A Common Stock",NYSE,False
STVN,Stevanato Group S.p.A. Ordinary Shares,NYSE,False
STWD,"STARWOOD PROPERTY TRUST, INC. Starwood Property Trust Inc.",NYSE,False
STX,Seagate Technology Holdings PLC - Ordinary Shares (Ireland),NASDAQ,False
STXD,Strive 1000 Dividend Growth ETF,NYSE,True
STXE,Strive Emerging Markets Ex-China ETF,NYSE,True
STXF,Strive 500 ETF,NYSE,True
STXG,Strive 1000 Growth ETF,NYSE,True
STXK,Strive Small-Cap ETF,NYSE,True
STXL,Defiance Daily Target 2x Long STX ETF,Cboe BZX,True
STXS,"Stereotaxis, Inc. Common Stock",NYSE American,False
STXT,Strive Total Return Bond ETF,NYSE,True
STXU,Leverage Shares 2X Long STX Daily ETF,Cboe BZX,True
STXV,Strive 1000 Value ETF,NYSE,True
STXX,Tradr 2X Long STX Daily ETF,Cboe BZX,True
STYL,Corgi Lifestyle Brands ETF,Cboe BZX,True
STZ,"Constellation Brands, Inc. Common Stock",NYSE,False
SU,Suncor Energy  Inc. Common Stock,NYSE,False
SUB,iShares Short-Term National Muni Bond ETF,NYSE Arca,True
SUGP,SU Group Holdings Limited - Class A Ordinary Shares,NASDAQ,False
SUI,"Sun Communities, Inc. Common Stock",NYSE,False
SUIG,Sui Group Holdings Limited - Common Stock,NASDAQ,False
SUIL,2x Sui ETF,Cboe BZX,True
SUIS,Canary Staked SUI ETF,NASDAQ,True
SUJA,"Suja Life, Inc. - Class A Common Stock",NASDAQ,False
SUMA,SUMA Acquisition Corporation - Class A Ordinary Shares,NASDAQ,False
SUMAR,SUMA Acquisition Corporation - Rights,NASDAQ,False
SUMAU,SUMA Acquisition Corporation - Units,NASDAQ,False
SUN,Sunoco LP Common Units representing limited partner interests,NYSE,False
SUNB,"Sunbelt Rentals Holdings, Inc. Common Stock",NYSE,False
SUNC,"SunocoCorp LLC Common Units, representing limited liability company interests",NYSE,False
SUNE,"SUNation Energy, Inc. - Common Stock",NASDAQ,False
SUNS,"Sunrise Realty Trust, Inc. - Common Stock",NASDAQ,False
SUPL,ProShares Supply Chain Logistics ETF,NYSE Arca,True
SUPN,"Supernus Pharmaceuticals, Inc. - Common Stock",NASDAQ,False
SUPP,TCW Transform Supply Chain ETF,NASDAQ,True
SUPV,Grupo Supervielle S.A. American Depositary Shares each Representing five Class B shares,NYSE,False
SUPX,SuperX AI Technology Limited - Ordinary Shares,NASDAQ,False
SURE,AdvisorShares Insider Advantage ETF,NYSE Arca,True
SURG,"SurgePays, Inc. - Common Stock",NASDAQ,False
SURI,Simplify Propel Opportunities ETF,NYSE Arca,True
SUSA,iShares ESG Optimized MSCI USA ETF,NYSE Arca,True
SUSB,iShares ESG Aware 1-5 Year USD Corporate Bond ETF,NASDAQ,True
SUSC,iShares ESG Aware USD Corporate Bond ETF,NASDAQ,True
SUSL,iShares ESG MSCI USA Leaders ETF,NASDAQ,True
SUZ,Suzano S.A. American Depositary Shares (each representing One Ordinary Share),NYSE,False
SVA,"Sinovac Biotech, Ltd. - Ordinary Shares (Antigua/Barbudo)",NASDAQ,False
SVAL,iShares US Small Cap Value Factor ETF,Cboe BZX,True
SVAQ,Silicon Valley Acquisition Corp. - Class A Ordinary Shares,NASDAQ,False
SVAQU,Silicon Valley Acquisition Corp. - Units,NASDAQ,False
SVAQW,Silicon Valley Acquisition Corp. - Warrants,NASDAQ,False
SVC,Service Properties Trust - Common Shares of Beneficial Interest,NASDAQ,False
SVCC,Stellar V Capital Corp. - Class A Ordinary Shares,NASDAQ,False
SVCCU,Stellar V Capital Corp. - Unit,NASDAQ,False
SVCCW,Stellar V Capital Corp. - Warrant,NASDAQ,False
SVCO,"Silvaco Group, Inc. - Common Stock",NASDAQ,False
SVIV,Spring Valley Acquisition Corp. IV - Class A Ordinary Shares,NASDAQ,False
SVIVU,Spring Valley Acquisition Corp. IV - Units,NASDAQ,False
SVIVW,Spring Valley Acquisition Corp. IV - Warrants,NASDAQ,False
SVIX,-1x Short VIX Futures ETF,Cboe BZX,True
SVM,Silvercorp Metals Inc. Common Shares,NYSE American,False
SVOL,Simplify Volatility Premium ETF,NYSE Arca,True
SVRA,"Savara, Inc. - Common Stock",NASDAQ,False
SVRE,SaverOne 2014 Ltd. - American Depositary Shares,NASDAQ,False
SVREW,SaverOne 2014 Ltd. - Warrant,NASDAQ,False
SVRN,OceanPal Inc. - Common Stock,NASDAQ,False
SVV,"Savers Value Village, Inc. Common Stock",NYSE,False
SVXY,ProShares Short VIX Short Term Futures ETF,Cboe BZX,True
SW,Smurfit WestRock plc Ordinary Shares,NYSE,False
SWAG,"Stran & Company, Inc. - Common Stock",NASDAQ,False
SWAGW,"Stran & Company, Inc. - Warrant",NASDAQ,False
SWAN,Amplify BlackSwan Growth & Treasury Core ETF,NYSE Arca,True
SWBI,"Smith & Wesson Brands, Inc. - Common Stock",NASDAQ,False
SWIM,"Latham Group, Inc. - Common Stock",NASDAQ,False
SWK,"Stanley Black & Decker, Inc. Common Stock",NYSE,False
SWKHL,SWK Holdings Corporation - 9.00% Senior Notes due 2027,NASDAQ,False
SWKS,"Skyworks Solutions, Inc. - Common Stock",NASDAQ,False
SWMR,"Swarmer, Inc - common stock",NASDAQ,False
SWP,SWP Growth & Income ETF,NASDAQ,True
SWVL,Swvl Holdings Corp - Ordinary Shares,NASDAQ,False
SWVLW,Swvl Holdings Corp - Warrant,NASDAQ,False
SWX,"Southwest Gas Holdings, Inc. Common Stock (DE)",NYSE,False
SWZ,Total Return Securities Fund Common Stock,NYSE,False
SXC,"SunCoke Energy, Inc. Common Stock",NYSE,False
SXI,Standex International Corporation Common Stock,NYSE,False
SXQG,ETC 6 Meridian Quality Growth ETF,NYSE Arca,True
SXT,Sensient Technologies Corporation Common Stock,NYSE,False
SXTC,"China SXT Pharmaceuticals, Inc. - Class A Ordinary Shares",NASDAQ,False
SXTP,"60 Degrees Pharmaceuticals, Inc. - Common Stock",NASDAQ,False
SXTPW,"60 Degrees Pharmaceuticals, Inc. - Warrant",NASDAQ,False
SY,So-Young International Inc. - American Depository Shares,NASDAQ,False
SYBT,"Stock Yards Bancorp, Inc. - Common Stock",NASDAQ,False
SYF,Synchrony Financial Common Stock,NYSE,False
SYF$A,"Synchrony Financial Depositary Shares, each Representing a 1/40th Interest in a Share of 5.625% Fixed Rate Non-Cumulative Perpetual Preferred Stock, Series A",NYSE,False
SYF$B,"Synchrony Financial Depositary Shares Each Representing a 1/40th Interest in a Share of 8.250% Fixed Rate Reset Non-Cumulative Perpetual Preferred Stock, Series B",NYSE,False
SYFI,AB Short Duration High Yield ETF,NYSE Arca,True
SYK,Stryker Corporation Common Stock,NYSE,False
SYLD,Cambria Shareholder Yield ETF,Cboe BZX,True
SYM,Symbotic Inc. - Class A Common Stock,NASDAQ,False
SYNA,Synaptics Incorporated - Common Stock,NASDAQ,False
SYNX,Silynxcom Ltd. Ordinary Shares,NYSE American,False
SYPR,"Sypris Solutions, Inc. - Common Stock",NASDAQ,False
SYRE,"Spyre Therapeutics, Inc. - Common Stock",NASDAQ,False
SYSB,iShares Systematic Bond ETF,Cboe BZX,True
SYY,Sysco Corporation Common Stock,NYSE,False
SYZ,Lazard US Systematic Small Cap Equity ETF,NASDAQ,True
SZK,ProShares UltraShort Consumer Staples,NYSE Arca,True
SZZL,Sizzle Acquisition Corp. II - Class A ordinary shares,NASDAQ,False
SZZLR,Sizzle Acquisition Corp. II - Right,NASDAQ,False
SZZLU,Sizzle Acquisition Corp. II - Unit,NASDAQ,False
T,AT&T Inc.,NYSE,False
T$A,"AT&T Inc. Depositary Shares, each representing a 1/1,000th interest in a share of 5.000% Perpetual Preferred Stock, Series A",NYSE,False
T$C,"AT&T Inc. Depositary Shares, each representing a 1/1,000th interest in a share of 4.750% Perpetual Preferred Stock, Series C",NYSE,False
TABD,Transamerica Bond Active ETF,NYSE Arca,True
TAC,TransAlta Corporation Ordinary Shares,NYSE,False
TACH,Titan Acquisition Corp. - Class A Ordinary Shares,NASDAQ,False
TACHU,Titan Acquisition Corp. - Units,NASDAQ,False
TACHW,Titan Acquisition Corp. - Warrants,NASDAQ,False
TACK,Fairlead Tactical Sector ETF,NYSE Arca,True
TACN,T. Rowe Price Active Core International Equity ETF,NYSE Arca,True
TACO,Berto Acquisition Corp. - Ordinary Shares,NASDAQ,False
TACOU,Berto Acquisition Corp. - unit,NASDAQ,False
TACOW,Berto Acquisition Corp. - Warrant,NASDAQ,False
TACT,TransAct Technologies Incorporated - Common Stock,NASDAQ,False
TACU,T. Rowe Price Active Core U.S. Equity ETF,NYSE Arca,True
TAFI,AB Tax-Aware Short Duration Municipal ETF,NYSE Arca,True
TAFL,AB Tax-Aware Long Municipal ETF,NYSE Arca,True
TAFM,AB Tax-Aware Intermediate Municipal ETF,NYSE Arca,True
TAGG,T. Rowe Price QM U.S. Bond ETF,NYSE Arca,True
TAGS,Teucrium Agricultural Fund ETV,NYSE Arca,True
TAIL,Cambria Tail Risk ETF,Cboe BZX,True
TAJX,Corgi India 2x Daily ETF,Cboe BZX,True
TAK,Takeda Pharmaceutical Company Limited American Depositary Shares (each representing 1/2 of a share of Common Stock),NYSE,False
TAL,TAL Education Group American Depositary Shares,NYSE,False
TALK,"Talkspace, Inc. - Common Stock",NASDAQ,False
TALO,"Talos Energy, Inc. Common Stock",NYSE,False
TALV,Transamerica Large Value Active ETF,NYSE Arca,True
TAN,Invesco Solar ETF,NYSE Arca,True
TANH,Tantech Holdings Ltd. - Class A Common Shares,NASDAQ,False
TAOP,Taoping Inc. - Ordinary Shares,NASDAQ,False
TAOX,Tao Synergies Inc. - Common Stock,NASDAQ,False
TAOZ,Thornburg American Opportunities Fund,NASDAQ,True
TAP,Molson Coors Beverage Company Class B Common Stock,NYSE,False
TAP.A,Molson Coors Beverage Company Class A Common Stock,NYSE,False
TAPR,Innovator Equity Defined Protection ETF - 2 Yr to April 2027,Cboe BZX,True
TARA,"Protara Therapeutics, Inc.  - Common Stock",NASDAQ,False
TARK,Tradr 2X Long Innovation ETF,NASDAQ,True
TARS,"Tarsus Pharmaceuticals, Inc. - Common Stock",NASDAQ,False
TASK,"TaskUs, Inc. - Class A Common Stock",NASDAQ,False
TATT,TAT Technologies Ltd. - Ordinary Shares,NASDAQ,False
TAVI,Tavia Acquisition Corp. - Ordinary Shares,NASDAQ,False
TAVIR,Tavia Acquisition Corp. - Right,NASDAQ,False
TAVIU,Tavia Acquisition Corp. - Unit,NASDAQ,False
TAX,Cambria Tax Aware ETF,NASDAQ,True
TAXE,Intermediate Municipal Income ETF,NASDAQ,True
TAXF,American Century Diversified Municipal Bond ETF,NYSE Arca,True
TAXI,Northern Trust Intermediate Tax-Exempt Bond ETF,NASDAQ,True
TAXM,BondBloxx IR+M Tax-Aware ETF for Massachusetts Residents,NYSE Arca,True
TAXS,Northern Trust Short-Term Tax-Exempt Bond ETF,NASDAQ,True
TAXT,Northern Trust Tax-Exempt Bond ETF,NASDAQ,True
TAXX,BondBloxx IR+M Tax-Aware Short Duration ETF,NYSE Arca,True
TAYD,"Taylor Devices, Inc. - Common Stock",NASDAQ,False
TBB,AT&T Inc. 5.350% Global Notes due 2066,NYSE,False
TBBB,BBB Foods Inc. Class A Common Shares,NYSE,False
TBBK,"The Bancorp, Inc. - Common Stock",NASDAQ,False
TBCH,Turtle Beach Corporation - Common Stock,NASDAQ,False
TBF,ProShares Short 20+ Year Treasury,NYSE Arca,True
TBFC,The Brinsmere Fund  Conservative ETF,NYSE Arca,True
TBFG,The Brinsmere Fund Growth ETF,NYSE Arca,True
TBG,TBG Dividend Focus ETF,NYSE Arca,True
TBI,"TrueBlue, Inc. Common Stock",NYSE,False
TBIL,F/m US Treasury 3 Month Bill Fund,NASDAQ,True
TBJL,Innovator 20  Year Treasury Bond 9 Buffer ETF - July,Cboe BZX,True
TBLA,Taboola.com Ltd. - Ordinary Shares,NASDAQ,False
TBLD,Thornburg Income Builder Opportunities Trust - Closed End Fund,NASDAQ,False
TBLL,Invesco Short Term Treasury ETF,NYSE Arca,True
TBLU,Tortoise Global Water ETF,NYSE,True
TBN,Tamboran Resources Corporation Common stock,NYSE,False
TBPH,"Theravance Biopharma, Inc. - Ordinary Shares",NASDAQ,False
TBT,ProShares UltraShort Lehman 20  Year Treasury,NYSE Arca,True
TBUX,T. Rowe Price Ultra Short-Term Bond ETF,NYSE Arca,True
TBX,ProShares Short 7 10 Year Treasury,NYSE Arca,True
TBXU,Direxion Daily Biotech Top 5 Bull 2X ETF,NYSE Arca,True
TC,Token Cat Limited - American Depositary Shares,NASDAQ,False
TCAF,T. Rowe Price Capital Appreciation Equity ETF,NYSE Arca,True
TCAI,Tortoise AI Infrastructure ETF,NYSE,True
TCAL,T. Rowe Price Capital Appreciation Premium Income ETF,NYSE Arca,True
TCAN,21Shares Canton Network ETF,NASDAQ,True
TCBI,"Texas Capital Bancshares, Inc. - Common Stock",NASDAQ,False
TCBIO,"Texas Capital Bancshares, Inc. - Depositary Shares 5.75% Fixed Rate Non-Cumulative Perpetual Preferred Stock Series B",NASDAQ,False
TCBK,TriCo Bancshares - Common Stock,NASDAQ,False
TCBS,"Texas Community Bancshares, Inc. - Common Stock",NASDAQ,False
TCBX,"Third Coast Bancshares, Inc. Common Stock",NYSE,False
TCHI,iShares MSCI China Multisector Tech ETF,NASDAQ,True
TCHP,T. Rowe Price Blue Chip Growth ETF,NYSE Arca,True
TCI,"Transcontinental Realty Investors, Inc. Common Stock",NYSE,False
TCMD,"Tactile Systems Technology, Inc. - Common Stock",NASDAQ,False
TCOM,Trip.com Group Limited - American Depositary Shares,NASDAQ,False
TCPA,TransCanada PipeLines Limited 6.250% Junior Subordinated Notes due 2085,NYSE,False
TCPB,Thrivent Core Plus Bond ETF,NYSE Arca,True
TCPC,BlackRock TCP Capital Corp. - Closed End Fund,NASDAQ,False
TCRT,"Alaunos Therapeutics, Inc. - Common Stock",NASDAQ,False
TCRX,"TScan Therapeutics, Inc. - Common Stock",NASDAQ,False
TCV,Towle Value ETF,NYSE Arca,True
TCX,Tucows Inc. - Common Stock,NASDAQ,False
TD,Toronto Dominion Bank (The) Common Stock,NYSE,False
TDAC,Translational Development Acquisition Corp. - Ordinary Shares,NASDAQ,False
TDACU,Translational Development Acquisition Corp. - Units,NASDAQ,False
TDACW,Translational Development Acquisition Corp. - Warrants,NASDAQ,False
TDAQ,TappAlpha Innovation 100 Growth & Daily Income ETF,Cboe BZX,True
TDAX,TDAQ Lift ETF,Cboe BZX,True
TDAY,"USA TODAY Co., Inc. Common Stock",NYSE,False
TDC,Teradata Corporation Common Stock,NYSE,False
TDCL,GraniteShares 2x Long TDC Daily ETF,NASDAQ,True
TDEC,FT Vest Emerging Markets Buffer ETF - December,Cboe BZX,True
TDF,"Templeton Dragon Fund, Inc. Common Stock",NYSE,False
TDG,Transdigm Group Incorporated Common Stock,NYSE,False
TDI,Touchstone Dynamic International ETF,NASDAQ,True
TDIC,Dreamland Limited - Class A Ordinary Shares,NASDAQ,False
TDIV,First Trust NASDAQ Technology Dividend Index Fund,NASDAQ,True
TDOC,"Teladoc Health, Inc. Common Stock",NYSE,False
TDOG,21shares Dogecoin ETF,NASDAQ,True
TDOT,21shares Polkadot ETF,NASDAQ,True
TDS,"Telephone and Data Systems, Inc. Common Shares",NYSE,False
TDS$U,"Telephone and Data Systems, Inc. Depositary Shares, Each Representing a 1/1,000th Interest in a 6.625% Series UU Cumulative Redeemable Perpetual Preferred Stock",NYSE,False
TDS$V,"Telephone and Data Systems, Inc. Depositary Shares, Each Representing a 1/1,000th Interest in a 6.000% Series VV Cumulative Redeemable Perpetual Preferred Stock",NYSE,False
TDSB,ETC Cabana Target Beta ETF,NASDAQ,True
TDSC,ETC Cabana Target Drawdown 10 ETF,NASDAQ,True
TDTF,FlexShares iBoxx 5 Year Target Duration TIPS Index Fund,NYSE Arca,True
TDTH,Trident Digital Tech Holdings Ltd - Class B Ordinary Shares,NASDAQ,False
TDTT,FlexShares iBoxx 3 Year Target Duration TIPS Index Fund,NYSE Arca,True
TDUP,ThredUp Inc. - Class A Common Stock,NASDAQ,False
TDV,ProShares S&P Technology Dividend Aristocrats ETF,Cboe BZX,True
TDVG,T. Rowe Price Dividend Growth ETF,NYSE Arca,True
TDVI,FT Vest Technology Dividend Target Income ETF,Cboe BZX,True
TDW,Tidewater Inc. Common Stock,NYSE,False
TDWD,Tailwind 2.0 Acquisition Corp. - Class A Ordinary Shares,NASDAQ,False
TDWDR,Tailwind 2.0 Acquisition Corp. - Rights,NASDAQ,False
TDWDU,Tailwind 2.0 Acquisition Corp. - Unit,NASDAQ,False
TDY,Teledyne Technologies Incorporated Common Stock,NYSE,False
TE,T1 Energy Inc. Common Stock,NYSE,False
TEAD,Teads Holding Co. - Common Stock,NASDAQ,False
TEAM,Atlassian Corporation  - Class A Common Stock,NASDAQ,False
TEC,Harbor Transformative Technologies ETF,NYSE Arca,True
TECB,iShares U.S. Tech Breakthrough Multisector ETF,NYSE Arca,True
TECH,Bio-Techne Corp - Common Stock,NASDAQ,False
TECK,Teck Resources Ltd Ordinary Shares,NYSE,False
TECL,Direxion Daily Technology Bull 3X ETF,NYSE Arca,True
TECS,Direxion Technology Bear 3X ETF,NYSE Arca,True
TECX,"Tectonic Therapeutic, Inc. - Common Stock",NASDAQ,False
TECY,GraniteShares YieldBOOST Technology ETF,NASDAQ,True
TEI,"Templeton Emerging Markets Income Fund, Inc. Common Stock",NYSE,False
TEK,iShares Technology Opportunities Active ETF,NYSE Arca,True
TEKX,State Street Galaxy Transformative Tech Accelerators ETF,NASDAQ,True
TEKY,Lazard Next Gen Technologies ETF,NASDAQ,True
TEL,TE Connectivity plc Ordinary Shares,NYSE,False
TELA,"TELA Bio, Inc. - Common stock",NASDAQ,False
TELG,Leverage Shares 2X Long TEL Daily ETF,Cboe BZX,True
TELO,"Telomir Pharmaceuticals, Inc. - Common Stock",NASDAQ,False
TEM,"Tempus AI, Inc. - Class A Common Stock",NASDAQ,False
TEMC,Corgi TEM 2x Daily ETF,Cboe BZX,True
TEMD,Templeton Emerging Markets Debt ETF,NYSE Arca,True
TEMR,T. Rowe Price Emerging Markets Equity Research ETF,NYSE Arca,True
TEMT,Tradr 2X Long TEM Daily ETF,Cboe BZX,True
TEMX,Touchstone Sands Capital Emerging Markets ex-China Growth ETF,Cboe BZX,True
TEN,Tsakos Energy Navigation Ltd Common Shares,NYSE,False
TEN$E,"Tsakos Energy Navigation Ltd Series E Fixed-to-Floating Rate Cumulative Redeemable Perpetual Preferred Shares, par value $1.00",NYSE,False
TEN$F,"Tsakos Energy Navigation Ltd Series F Fixed-to-Floating Rate Cumulative Redeemable Perpetual Preferred Shares, par value $1.00",NYSE,False
TENB,"Tenable Holdings, Inc. - Common Stock",NASDAQ,False
TEND,iShares Large Cap 10% Target Buffer Dec ETF,Cboe BZX,True
TENJ,iShares Large Cap 10% Target Buffer Jun ETF,Cboe BZX,True
TENM,iShares Large Cap 10% Target Buffer Mar ETF,Cboe BZX,True
TENX,"Tenax Therapeutics, Inc. - Common Stock",NASDAQ,False
TEO,Telecom Argentina SA,NYSE,False
TEQI,T. Rowe Price Equity Income ETF,NYSE Arca,True
TER,"Teradyne, Inc. - Common Stock",NASDAQ,False
TERC,Corgi TER 2x Daily ETF,Cboe BZX,True
TERG,Leverage Shares 2X Long TER Daily ETF,NASDAQ,True
TESC,Corgi TSLA 2x Daily ETF,Cboe BZX,True
TESL,Simplify Volt TSLA Revolution ETF,NYSE Arca,True
TEST,YieldMax TSLA Performance & Distribution Target 25 ETF,Cboe BZX,True
TETH,21Shares Ethereum ETF,Cboe BZX,True
TEUP,T-REX 2X Long TE Daily Target ETF,Cboe BZX,True
TEVA,Teva Pharmaceutical Industries Limited American Depositary Shares,NYSE,False
TEX,Terex Corporation Common Stock,NYSE,False
TEXN,iShares Texas Equity ETF,NASDAQ,True
TEXU,Direxion Daily Energy Top 5 Bull 2X ETF,NYSE Arca,True
TEXX,Horizon Kinetics Texas ETF,NASDAQ,True
TFC,Truist Financial Corporation Common Stock,NYSE,False
TFC$I,Truist Financial Corporation Depositary Shares,NYSE,False
TFC$O,"Truist Financial Corporation Depositary Shares, Each Representing a 1/1,000th Interest in a Share of Series O Non-Cumulative Perpetual Preferred Stock",NYSE,False
TFC$R,"Truist Financial Corporation Depositary Shares, each representing 1/1,000th interest in a share of Series R Non-Cumulative Perpetual Preferred Stock",NYSE,False
TFFI,Chesapeake Trend-Following Fixed Income ETF,NYSE Arca,True
TFGZ,Thornburg Focus Growth Fund,NASDAQ,True
TFI,State Street SPDR Nuveen ICE Municipal Bond ETF,NYSE Arca,True
TFII,TFI International Inc. Common Shares,NYSE,False
TFIN,"Triumph Financial, Inc. Common Stock",NYSE,False
TFIN$,"Triumph Financial, Inc. Depositary Shares, Each Representing a 1/40th Interest in a Share of 7.125% Series C Fixed-Rate Non-Cumulative Perpetual Preferred Stock",NYSE,False
TFJL,Innovator 20  Year Treasury Bond 5 Floor ETF - July,Cboe BZX,True
TFLO,iShares Treasury Floating Rate Bond ETF,NYSE Arca,True
TFLR,T. Rowe Price Floating Rate ETF,NYSE Arca,True
TFNS,T. Rowe Price Financials ETF,NASDAQ,True
TFPM,Triple Flag Precious Metals Corp. Common Shares,NYSE,False
TFPN,Blueprint Chesapeake Multi-Asset Trend ETF,NYSE Arca,True
TFSL,TFS Financial Corporation - Common Stock,NASDAQ,False
TFX,Teleflex Incorporated Common Stock,NYSE,False
TG,Tredegar Corporation Common Stock,NYSE,False
TGB,Trekor Metals Limited Common Shares,NYSE American,False
TGE,The Generation Essentials Group Class A Ordinary Shares,NYSE,False
TGE.W,"The Generation Essentials Group Warrants, each whole warrant exercisable for one Class A Ordinary Share",NYSE American,False
TGEN,Tecogen Inc. Common Stock,NYSE American,False
TGHL,The GrowHub Limited - Class A Ordinary Shares,NASDAQ,False
TGL,Treasure Global Inc. - Common Stock,NASDAQ,False
TGLB,T. Rowe Price Global Equity ETF,NYSE Arca,True
TGLR,Wedbush LAFFER TENGLER New Era Value ETF,NYSE Arca,True
TGLS,Tecnoglass Inc. Common Stock,NYSE,False
TGRT,T. Rowe Price Growth ETF,NYSE Arca,True
TGRW,T. Rowe Price Growth Stock ETF,NYSE Arca,True
TGS,Transportadora de Gas del Sur SA TGS Common Stock,NYSE,False
TGT,Target Corporation Common Stock,NYSE,False
TGTX,"TG Therapeutics, Inc. - Common Stock",NASDAQ,False
TH,Target Hospitality Corp. - Common Stock,NASDAQ,False
THC,Tenet Healthcare Corporation Common Stock,NYSE,False
THCH,TH International Limited - Ordinary shares,NASDAQ,False
THD,iShares MSCI Thailand ETF,NYSE Arca,True
THEQ,T. Rowe Price Hedged Equity ETF,NYSE Arca,True
THFF,First Financial Corporation  - Common Stock,NASDAQ,False
THG,Hanover Insurance Group Inc,NYSE,False
THH,TryHard Holdings Limited - Ordinary Shares,NASDAQ,False
THIR,THOR Index Rotation ETF,NYSE,True
THLV,THOR Equal Weight Low Volatility ETF,NYSE,True
THM,"International Tower Hill Mines, Ltd. Ordinary Shares (Canada)",NYSE American,False
THMR,THOR AdaptiveRisk Dynamic ETF,NYSE,True
THMZ,Lazard Equity Megatrends ETF,NASDAQ,True
THNQ,ROBO Global Artificial Intelligence ETF,NYSE Arca,True
THNR,Amplify Weight Loss Drug & Treatment ETF,NYSE Arca,True
THO,"Thor Industries, Inc. Common Stock",NYSE,False
THOR,Thornburg Premium Income Builder ETF,NYSE Arca,True
THQ,abrdn Healthcare Opportunities Fund Shares of Beneficial Interest,NYSE,False
THRM,Gentherm Inc - Common Stock,NASDAQ,False
THRO,iShares U.S. Thematic Rotation Active ETF,NYSE Arca,True
THRV,Prospera Income ETF,NASDAQ,True
THRY,"Thryv Holdings, Inc. - Common Stock",NASDAQ,False
THTA,SoFi Enhanced Yield ETF,NYSE Arca,True
THW,abrdn World Healthcare Fund Shares of Beneficial Interest,NYSE,False
THY,Toews Agility Shares Dynamic Tactical Income ETF,NYSE Arca,True
THYF,T. Rowe Price U.S. High Yield ETF,NYSE Arca,True
THYM,T. Rowe Price High Income Municipal ETF,NASDAQ,True
THYP,21shares Hyperliquid ETF,NASDAQ,True
TIC,"TIC Solutions, Inc. Common Stock",NYSE,False
TIER,T. Rowe Price International Equity Research ETF,NYSE Arca,True
TIGO,Millicom International Cellular S.A. - Common Stock,NASDAQ,False
TIGR,UP Fintech Holding Limited - American Depositary Shares representing fifteen Class A Ordinary Shares,NASDAQ,False
TII,Titan Mining Corporation Common Shares,NYSE American,False
TIIV,AAM Todd International Intrinsic Value ETF,NYSE Arca,True
TIL,"Instil Bio, Inc. - Common Stock",NASDAQ,False
TILC,Thrivent International Large Cap ETF,NASDAQ,True
TILE,"Interface, Inc. - Common Stock",NASDAQ,False
TILL,Teucrium Agricultural Strategy No K-1 ETF,NYSE Arca,True
TILT,FlexShares Mornigstar US Market Factors Tilt Index Fund ETF,Cboe BZX,True
TIMB,TIM S.A. American Depositary Shares (Each representing 5 Common Shares),NYSE,False
TIME,Clockwise U.S. Core Equity ETF,NYSE Arca,True
TINS,Templeton International Insights ETF,NYSE Arca,True
TINT,ProShares Smart Materials ETF,NYSE Arca,True
TINY,ProShares Nanotechnology ETF,NYSE Arca,True
TIP,iShares TIPS Bond ETF,NYSE Arca,True
TIPA,Northern Trust 2030 Inflation-Linked Distributing Ladder ETF,NYSE Arca,True
TIPB,Northern Trust 2035 Inflation-Linked Distributing Ladder ETF,NYSE Arca,True
TIPC,Northern Trust 2045 Inflation-Linked Distributing Ladder ETF,NYSE Arca,True
TIPD,Northern Trust 2055 Inflation-Linked Distributing Ladder ETF,NYSE Arca,True
TIPT,Tiptree Inc. - Common Stock,NASDAQ,False
TIPX,State Street SPDR Bloomberg 1a??10 Year TIPS ETF,NYSE Arca,True
TIPZ,PIMCO Broad U.S. TIPS Index Exchange-Traded Fund,NYSE Arca,True
TISC,Thrivent International Small Cap ETF,NASDAQ,True
TISI,"Team, Inc. Common Stock",NYSE,False
TITN,Titan Machinery Inc. - Common Stock,NASDAQ,False
TJAN,Innovator Equity Defined Protection ETF - 2 Yr to January 2027,Cboe BZX,True
TJGC,TJGC Group Limited - ordinary shares,NASDAQ,False
TJUL,Innovator Equity Defined Protection ETF - 2 Yr to July 2027,Cboe BZX,True
TJUN,FT Vest Emerging Markets Buffer ETF - June,Cboe BZX,True
TJX,"TJX Companies, Inc. (The) Common Stock",NYSE,False
TK,Teekay Corporation Ltd. Common Stock,NYSE,False
TKC,Turkcell Iletisim Hizmetleri AS Common Stock,NYSE,False
TKLF,"Tokyo Lifestyle Co., Ltd. - American Depositary Shares",NASDAQ,False
TKNO,"Alpha Teknova, Inc. - Common Stock",NASDAQ,False
TKNQ,Amplify Tokenization Technology Leaders ETF,NYSE Arca,True
TKNS,21Shares Active Crypto ETF,NASDAQ,True
TKNZ,T. Rowe Price Active Crypto ETF,NYSE Arca,True
TKO,"TKO Group Holdings, Inc. Class A Common Stock",NYSE,False
TKR,Timken Company (The) Common Stock,NYSE,False
TLA,GraniteShares Autocallable TSLA ETF,NASDAQ,True
TLCI,Touchstone International Equity ETF,NYSE Arca,True
TLDR,The Laddered T-Bill ETF,Cboe BZX,True
TLF,"Tandy Leather Factory, Inc. - common stock",NASDAQ,False
TLG,Touchstone Large Company Growth ETF,NASDAQ,True
TLH,iShares 10-20 Year Treasury Bond ETF,NYSE Arca,True
TLIH,Ten-League International Holdings Limited - Ordinary Shares,NASDAQ,False
TLK,"PT Telekomunikasi Indonesia, Tbk",NYSE,False
TLN,Talen Energy Corporation - Common Stock,NASDAQ,False
TLNC,Talon Capital Corp. - Class A Ordinary Shares,NASDAQ,False
TLNCU,Talon Capital Corp. - Units,NASDAQ,False
TLNCW,Talon Capital Corp. - Warrants,NASDAQ,False
TLPH,"Talphera, Inc. - Common Stock",NASDAQ,False
TLRY,"Tilray Brands, Inc. - Common Stock",NASDAQ,False
TLS,Telos Corporation - Common Stock,NASDAQ,False
TLSA,Tiziana Life Sciences Ltd - Common Shares,NASDAQ,False
TLSI,"TriSalus Life Sciences, Inc. - Common Stock",NASDAQ,False
TLSIW,"TriSalus Life Sciences, Inc. - Warrant",NASDAQ,False
TLT,iShares 20+ Year Treasury Bond ETF,NASDAQ,True
TLTD,FlexShares Morningstar Developed Markets ex-US Factor Tilt Index Fund,NYSE Arca,True
TLTE,FlexShares Morningstar Emerging Markets Factor Tilt Index Fund,NYSE Arca,True
TLTI,NEOS Enhanced Income 20+ Year Treasury Bond ETF,Cboe BZX,True
TLTP,Amplify TLT U.S. Treasury 12% Option Income ETF,Cboe BZX,True
TLTW,iShares 20+ Year Treasury Bond BuyWrite Strategy ETF,Cboe BZX,True
TLTX,Global X Treasury Bond Enhanced Income ETF,Cboe BZX,True
TLX,Telix Pharmaceuticals Limited - American Depositary Shares,NASDAQ,False
TLYS,"Tilly's, Inc. Common Stock",NYSE,False
TM,Toyota Motor Corporation Common Stock,NYSE,False
TMAR,FT Vest Emerging Markets Buffer ETF - March,Cboe BZX,True
TMAT,Main Thematic Innovation ETF,Cboe BZX,True
TMB,Thornburg Multi Sector Bond ETF,NASDAQ,True
TMC,TMC the metals company Inc. - Common Stock,NASDAQ,False
TMCI,"Treace Medical Concepts, Inc. - Common Stock",NASDAQ,False
TMCR,The Metals Royalty Company Inc. - Common Stock,NASDAQ,False
TMCWW,TMC the metals company Inc. - Warrant,NASDAQ,False
TMDE,TMD Energy Limited Ordinary Shares,NYSE American,False
TMDV,ProShares Russell US Dividend Growers ETF,Cboe BZX,True
TMDX,"TransMedics Group, Inc. - Common Stock",NASDAQ,False
TME,"Tencent Music Entertainment Group American Depositary Shares, each representing two Class A Ordinary Shares",NYSE,False
TMED,T. Rowe Price Health Care ETF,NASDAQ,True
TMF,Direxion Daily 20-Yr Treasury Bull 3x Shrs,NYSE Arca,True
TMFC,Motley Fool 100 Index ETF,Cboe BZX,True
TMFE,Motley Fool Capital Efficiency 100 Index ETF,Cboe BZX,True
TMFG,Motley Fool Global Opportunities ETF,Cboe BZX,True
TMFM,Motley Fool Mid-Cap Growth ETF,Cboe BZX,True
TMFS,Motley Fool Small-Cap Growth ETF,Cboe BZX,True
TMFX,Motley Fool Next Index ETF,Cboe BZX,True
TMGN,TappAlpha Cboe Magnificent 10 Growth & Daily Income ETF,Cboe BZX,True
TMH,Toyota Motor Corporation ADRhedged,NYSE Arca,True
TMLP,Tortoise MLP ETF,NYSE Arca,True
TMNL,T. Rowe Price Long Municipal Income ETF,NASDAQ,True
TMNS,T. Rowe Price Short Municipal Income ETF,NASDAQ,True
TMO,Thermo Fisher Scientific Inc Common Stock,NYSE,False
TMP,Tompkins Financial Corporation Common Stock,NYSE American,False
TMQ,Trilogy Metals Inc. Common Stock,NYSE American,False
TMS,Teamshares Inc. - Common Stock,NASDAQ,False
TMSF,T. Rowe Price Multi-Sector Income ETF,NASDAQ,True
TMSL,T. Rowe Price Small-Mid Cap ETF,NYSE Arca,True
TMSWW,Teamshares Inc. - Warrants,NASDAQ,False
TMTS,Spartacus Acquisition Corp. II - Class A Ordinary Shares,NASDAQ,False
TMTSU,Spartacus Acquisition Corp. II - Unit,NASDAQ,False
TMTSW,Spartacus Acquisition Corp. II - Warrants,NASDAQ,False
TMUS,"T-Mobile US, Inc. - Common Stock",NASDAQ,False
TMUSI,"T-Mobile US, Inc. - 5.500% Senior Notes due June 2070",NASDAQ,False
TMUSL,"T-Mobile US, Inc. - 6.250% Senior Notes due 2069",NASDAQ,False
TMUSZ,"T-Mobile US, Inc. - 5.500% Senior Notes due March 2070",NASDAQ,False
TMV,Direxion Daily 20-Year Treasury Bear 3X,NYSE Arca,True
TMVE,Thrivent Mid Cap Value ETF,NYSE Arca,True
TMYY,GraniteShares YieldBOOST TSM ETF,NASDAQ,True
TNA,Direxion Small Cap Bull 3X ETF,NYSE Arca,True
TNC,Tennant Company Common Stock,NYSE,False
TNDM,"Tandem Diabetes Care, Inc. - Common Stock",NASDAQ,False
TNET,"TriNet Group, Inc. Common Stock",NYSE,False
TNGX,"Tango Therapeutics, Inc. - Common Stock",NASDAQ,False
TNGY,Tortoise Energy ETF,NYSE,True
TNK,Teekay Tankers Ltd.,NYSE,False
TNL,Travel   Leisure Co. Common  Stock,NYSE,False
TNMG,TNL Mediagene - Ordinary Shares,NASDAQ,False
TNON,"Tenon Medical, Inc. - Common Stock",NASDAQ,False
TNONW,"Tenon Medical, Inc. - Warrant",NASDAQ,False
TNUK,Tortoise Nuclear Renaissance ETF,NYSE Arca,True
TNXP,Tonix Pharmaceuticals Holding Corp. - Common Stock,NASDAQ,False
TNXT,T. Rowe Price Innovation Leaders ETF,NASDAQ,True
TNYA,"Tenaya Therapeutics, Inc. - Common Stock",NASDAQ,False
TOAK,Manager Directed Portfolios Twin Oak Short Horizon Absolute Return ETF,NYSE Arca,True
TOAO,Twin Oak Active Opportunities III ETF,Cboe BZX,True
TOCT,Innovator Equity Defined Protection ETF - 2 Yr to October 2027,Cboe BZX,True
TOGA,Managed Portfolio Series Tremblant Global ETF,NYSE Arca,True
TOI,"The Oncology Institute, Inc. - Common Stock",NASDAQ,False
TOIIW,"The Oncology Institute, Inc. - Warrant",NASDAQ,False
TOK,iShares MSCI Kokusai ETF,NYSE Arca,True
TOL,"Toll Brothers, Inc. Common Stock",NYSE,False
TOLL,Tema Monopolies and Oligopolies ETF,Cboe BZX,True
TOLZ,ProShares DJ Brookfield Global Infrastructure ETF,NYSE Arca,True
TOMZ,"TOMI Environmental Solutions, Inc. - Common Stock",NASDAQ,False
TONT,Graf Global Corp. Class A ordinary shares,NYSE American,False
TONT.U,"Graf Global Corp. Units, each consisting of one Class A ordinary share and one-half of one redeemable warrant",NYSE American,False
TONT.W,"Graf Global Corp. Warrants, each whole warrant exercisable for one Class A ordinary share at an exercise price of $11.50 per share",NYSE American,False
TONX,TON Strategy Company - Common Stock,NASDAQ,False
TOON,"Kartoon Studios, Inc. Common Stock",NYSE American,False
TOP,TOP Financial Group Limited - Class A Ordinary Shares,NASDAQ,False
TOPC,iShares S&P 500 3% Capped ETF,NYSE Arca,True
TOPP,Toppoint Holdings Inc. Common Stock,NYSE American,False
TOPS,"TOP Ships, Inc. Common Stock",NYSE American,False
TOPT,iShares Top 20 U.S. Stocks ETF,NYSE Arca,True
TOPW,Roundhill Top WeeklyPay ETF,Cboe BZX,True
TORO,Toro Corp. - Common stock,NASDAQ,False
TOS,Twin Oak Strategic Solutions ETF,Cboe BZX,True
TOST,"Toast, Inc. Class A Common Stock",NYSE,False
TOT,LionShares U.S. Equity Total Return ETF,NYSE Arca,True
TOTL,State Street DoubleLine Total Return Tactical ETF,NYSE Arca,True
TOTR,T. Rowe Price Total Return ETF,NYSE Arca,True
TOUR,Tuniu Corporation - American Depositary Shares,NASDAQ,False
TOUS,T. Rowe Price International Equity ETF,NYSE Arca,True
TOV,JLens 500 Jewish Advocacy U.S. ETF,NYSE Arca,True
TOVX,"Theriva Biologics, Inc. Common Stock",NYSE American,False
TOWN,Towne Bank - Common Stock,NASDAQ,False
TOXR,21Shares XRP ETF,Cboe BZX,True
TOYO,"TOYO Co., Ltd - Ordinary Shares",NASDAQ,False
TPAY,Roundhill S&P 500 Target 10 Managed Distribution ETF,Cboe BZX,True
TPB,"Turning Point Brands, Inc. Common Stock",NYSE,False
TPC,Tutor Perini Corporation Common Stock,NYSE,False
TPCS,TechPrecision Corporation - Common stock,NASDAQ,False
TPET,Trio Petroleum Corp. Common Stock,NYSE American,False
TPFC,Timothy Plan Free Cash Flow ETF,NYSE Arca,True
TPFG,Timothy Plan Free Cash Flow Growth ETF,NYSE Arca,True
TPFI,Timothy Plan Fixed Income ETF,NYSE Arca,True
TPG,TPG Inc. - Class A Common Stock,NASDAQ,False
TPGXL,TPG Inc. - 6.950% Fixed-Rate Junior Subordinated Notes due 2064,NASDAQ,False
TPHD,Timothy Plan High Dividend Stock ETF,NYSE Arca,True
TPIF,Timothy Plan International ETF,NYSE Arca,True
TPL,Texas Pacific Land Corporation Common Stock,NYSE,False
TPLC,Timothy Plan US Large/Mid Cap Core ETF,NYSE Arca,True
TPLS,Thornburg Core Plus Bond ETF,NASDAQ,True
TPLX,Corgi TPL 2x Daily ETF,Cboe BZX,True
TPOR,Direxion Daily Transportation Bull 3X ETF,NYSE Arca,True
TPR,"Tapestry, Inc. Common Stock",NYSE,False
TPRY,VistaShares Target 15 TEPRTantrum Contrarian Distribution ETF,NYSE Arca,True
TPSC,Timothy Plan US Small Cap Core ETF,NYSE Arca,True
TPST,"Tempest Therapeutics, Inc. - Common Stock",NASDAQ,False
TPTS,"Terra Property Trust, Inc. 7.00% Senior Secured Notes due 2029",NYSE,False
TPUT,T. Rowe Price Capital Appreciation Market Opportunities ETF,NYSE Arca,True
TPVG,TriplePoint Venture Growth BDC Corp. Common Stock,NYSE,False
TPYP,Tortoise North American Pipeline ETF,NYSE,True
TPZ,Tortoise Electrification Infrastructure ETF,NYSE,True
TQQQ,ProShares UltraPro QQQ,NASDAQ,True
TQQY,GraniteShares YieldBOOST QQQ ETF,NASDAQ,True
TR,"Tootsie Roll Industries, Inc. Common Stock",NYSE,False
TRAD,APEX Tech Acquisition Inc. Ordinary Shares,NYSE,False
TRAD.R,"APEX Tech Acquisition Inc. Rights, each entitling the holder to receive one-fourth (1/4) of one ordinary share",NYSE,False
TRAD.U,"APEX Tech Acquisition Inc. Units, each consisting of one Class A ordinary share and one right to receive one sixth (1/6) of a Class A ordinary share",NYSE,False
TRAK,"ReposiTrak, Inc. Common Stock",NYSE,False
TRAW,"Traws Pharma, Inc. - Common Stock",NASDAQ,False
TRAX,"First Tracks Biotherapeutics, Inc. - Ordinary Shares",NASDAQ,False
TRBF,Angel Oak Total Return ETF,NASDAQ,True
TRC,Tejon Ranch Co Common Stock,NYSE,False
TRDA,"Entrada Therapeutics, Inc. - Common Stock",NASDAQ,False
TREE,"LendingTree, Inc. - Common Stock",NASDAQ,False
TREX,"Trex Company, Inc. Common Stock",NYSE,False
TRFK,Pacer Data and Digital Revolution ETF,NYSE Arca,True
TRFM,AAM Transformers ETF,NYSE Arca,True
TRGP,"Targa Resources, Inc. Common Stock",NYSE,False
TRGS,TRG Latin America Acquisitions Corp. - Class A Ordinary Shares,NASDAQ,False
TRGSR,TRG Latin America Acquisitions Corp. - Rights,NASDAQ,False
TRGSU,TRG Latin America Acquisitions Corp. - Units,NASDAQ,False
TRI,Thomson Reuters Corp - Common Shares,NASDAQ,False
TRIB,Trinity Biotech plc - American Depositary Shares,NASDAQ,False
TRIN,Trinity Capital Inc. Common Stock,NYSE,False
TRIO,MC Trio Equity Buffered ETF,Cboe BZX,True
TRIP,"TripAdvisor, Inc. - Common Stock",NASDAQ,False
TRLV,Trulieve Cannabis Corp. Subordinate Voting Shares,NYSE,False
TRMB,Trimble Inc. - Common Stock,NASDAQ,False
TRMD,TORM plc - Class A Common Stock,NASDAQ,False
TRMK,Trustmark Corporation - Common Stock,NASDAQ,False
TRN,"Trinity Industries, Inc. Common Stock",NYSE,False
TRND,Pacer Trendpilot Fund of Funds ETF,NYSE Arca,True
TRNI,Trinity Capital Inc. 7.875% Notes Due 2029,NYSE,False
TRNO,Terreno Realty Corporation Common Stock,NYSE,False
TRNR,Interactive Strength Inc. - Common Stock,NASDAQ,False
TRNS,"Transcat, Inc. - Common Stock",NASDAQ,False
TRNZ,Trinity Capital Inc. 7.875% Notes due 2029,NYSE,False
TRON,Tron Inc. - Common Stock,NASDAQ,False
TROO,"TROOPS, Inc.  - Ordinary Shares",NASDAQ,False
TROT,Invesco MSCI Treasury Duration Rotation ETF,NYSE Arca,True
TROW,"T. Rowe Price Group, Inc. - Common Stock",NASDAQ,False
TROX,Tronox Holdings plc Ordinary Shares (UK),NYSE,False
TRP,TC Energy Corporation Common Stock,NYSE,False
TRPA,Hartford AAA CLO ETF,Cboe BZX,True
TRS,TriMas Corporation - Common Stock,NASDAQ,False
TRSG,Tungray Technologies Inc - Class A Ordinary Shares,NASDAQ,False
TRST,TrustCo Bank Corp NY - Common Stock,NASDAQ,False
TRSY,Xtrackers US 0-1 Year Treasury ETF,Cboe BZX,True
TRT,Trio-Tech International Common Stock,NYSE American,False
TRTN$A,Triton International Limited 8.50% Series A Cumulative Redeemable Perpetual  Preference Shares,NYSE,False
TRTN$B,Triton International Limited 8.00% Series B Cumulative Redeemable Perpetual Preference Shares,NYSE,False
TRTN$C,Triton International Limited 7.375% Series C Cumulative Redeemable Perpetual Preference Shares,NYSE,False
TRTN$D,Triton International Limited 6.875% Series D Cumulative Redeemable Perpetual Preference Shares,NYSE,False
TRTN$E,Triton International Limited 5.75% Series E Cumulative Redeemable Perpetual Preference Shares,NYSE,False
TRTN$F,Triton International Limited 7.625% Series F Cumulative Redeemable Perpetual Preference Shares,NYSE,False
TRTN$G,Triton International Limited 7.500% Series G Cumulative Redeemable Perpetual Preference Shares,NYSE,False
TRTX,"TPG RE Finance Trust, Inc. Common Stock",NYSE,False
TRTX$C,"TPG RE Finance Trust, Inc. 6.25% Series C Cumulative Redeemable Preferred Stock, $0.001 par value per share",NYSE,False
TRTY,Cambria Trinity ETF,Cboe BZX,True
TRU,TransUnion Common Stock,NYSE,False
TRUC,VanEck Communication Services TruSector ETF,NASDAQ,True
TRUD,VanEck Consumer Discretionary TruSector ETF,NASDAQ,True
TRUF,VanEck Financials TruSector ETF,NASDAQ,True
TRUG,"TruGolf Holdings, Inc. - Class A Common Stock",NASDAQ,False
TRUH,VanEck Healthcare TruSector ETF,NASDAQ,True
TRUI,VanEck Industrials TruSector ETF,NASDAQ,True
TRUM,VanEck Materials TruSector ETF,NASDAQ,True
TRUN,VanEck Energy TruSector ETF,NASDAQ,True
TRUO,VanEck Consumer Staples TruSector ETF,NASDAQ,True
TRUP,"Trupanion, Inc. - Common Stock",NASDAQ,False
TRUR,VanEck Real Estate TruSector ETF,NASDAQ,True
TRUT,VanEck Technology TruSector ETF,NASDAQ,True
TRUU,VanEck Utilities TruSector ETF,NASDAQ,True
TRV,"The Travelers Companies, Inc. Common Stock",NYSE,False
TRVG,trivago N.V. - American Depositary Shares,NASDAQ,False
TRVI,"Trevi Therapeutics, Inc. - Common Stock",NASDAQ,False
TRX,TRX Gold Corporation Common Stock,NYSE American,False
TS,Tenaris S.A. American Depositary Shares,NYSE,False
TSAT,Telesat Corporation - Class A Common Shares and Class B Variable Voting Shares,NASDAQ,False
TSBK,"Timberland Bancorp, Inc. - Common Stock",NASDAQ,False
TSCM,TimesSquare Quality Mid Cap Growth ETF,NASDAQ,True
TSCO,Tractor Supply Company - Common Stock,NASDAQ,False
TSCV,Thrivent Small Cap Value ETF,NYSE Arca,True
TSDD,GraniteShares 2x Short TSLA Daily ETF,NASDAQ,True
TSEC,Touchstone Securitized Income ETF,NYSE Arca,True
TSEG,Leverage Shares 2X Long TSEM Daily ETF,Cboe BZX,True
TSEL,Touchstone Sands Capital US Select Growth ETF,NASDAQ,True
TSEM,Tower Semiconductor Ltd. - Ordinary Shares,NASDAQ,False
TSEP,FT Vest Emerging Market Buffer ETF - September,Cboe BZX,True
TSES,Truth Social American Energy Security ETF,NYSE Arca,True
TSEU,Tradr 2X Long TSEM Daily ETF,Cboe BZX,True
TSHA,"Taysha Gene Therapies, Inc. - Common Stock",NASDAQ,False
TSI,"TCW Strategic Income Fund, Inc. Common Stock",NYSE,False
TSIC,Truth Social American Icons ETF,NYSE Arca,True
TSII,REX TSLA Growth & Income ETF,Cboe BZX,True
TSL,GraniteShares 1.25x Long TSLA Daily ETF,NASDAQ,True
TSLA,"Tesla, Inc.  - Common Stock",NASDAQ,False
TSLG,Leverage Shares 2X Long TSLA Daily ETF,NASDAQ,True
TSLI,ProShares Ultra TSLA,NYSE Arca,True
TSLL,Direxion Daily TSLA Bull 2X ETF,NASDAQ,True
TSLP,Kurv Yield Premium Strategy Tesla (TSLA) ETF,Cboe BZX,True
TSLQ,Tradr 2X Short TSLA Daily ETF,NASDAQ,True
TSLR,GraniteShares 2x Long TSLA Daily ETF,NASDAQ,True
TSLS,Direxion Daily TSLA Bear 1X ETF,NASDAQ,True
TSLT,T-REX 2X Long Tesla Daily Target ETF,Cboe BZX,True
TSLW,Roundhill TSLA WeeklyPay ETF,Cboe BZX,True
TSLX,"Sixth Street Specialty Lending, Inc. Common Stock",NYSE,False
TSLY,YieldMax TSLA Option Income Strategy ETF,NYSE Arca,True
TSLZ,T-Rex 2X Inverse Tesla Daily Target ETF,Cboe BZX,True
TSM,Taiwan Semiconductor Manufacturing Company Ltd.,NYSE,False
TSME,Thrivent Small-Mid Cap Equity ETF,NYSE Arca,True
TSMG,Leverage Shares 2X Long TSM Daily ETF,NASDAQ,True
TSMU,GraniteShares 2x Long TSM Daily ETF,NASDAQ,True
TSMX,Direxion Daily TSM Bull 2X ETF,NASDAQ,True
TSMY,YieldMax TSM Option Income Strategy ETF,NYSE Arca,True
TSMZ,Direxion Daily TSM Bear 1X ETF,NASDAQ,True
TSN,"Tyson Foods, Inc. Common Stock",NYSE,False
TSNF,Truth Social American Next Frontiers ETF,NYSE Arca,True
TSOL,21Shares Solana ETF,Cboe BZX,True
TSPA,T. Rowe Price U.S. Equity Research ETF,NYSE Arca,True
TSPX,Twin Oak Active Opportunities ETF,Cboe BZX,True
TSPY,TappAlpha S&P 500 Growth & Daily Income ETF,NASDAQ,True
TSQ,"Townsquare Media, Inc. Class A Common Stock",NYSE,False
TSRS,Truth Social American Red State REITs ETF,NYSE Arca,True
TSSD,Truth Social American Security & Defense ETF,NYSE Arca,True
TSSI,"TSS, Inc. - Common Stock",NASDAQ,False
TSUI,21Shares Sui ETF,NASDAQ,True
TSXD,Direxion Daily Semiconductors Top 5 Bear 2X ETF,NYSE Arca,True
TSXU,Direxion Daily Semiconductors Top 5 Bull 2X ETF,NYSE Arca,True
TSYW,Roundhill Treasury Bond WeeklyPay ETF,Cboe BZX,True
TSYX,TSPY Lift ETF,NASDAQ,True
TSYY,GraniteShares YieldBOOST TSLA ETF,NASDAQ,True
TT,Trane Technologies plc,NYSE,False
TTAM,Titan America SA Common Shares,NYSE,False
TTAN,"ServiceTitan, Inc. - Class A Common Stock",NASDAQ,False
TTC,Toro Company (The) Common Stock,NYSE,False
TTD,"The Trade Desk, Inc. - Class A Common Stock",NASDAQ,False
TTDU,T-REX 2X Long TTD Daily Target ETF,Cboe BZX,True
TTE,TotalEnergies SE Ordinary Shares,NYSE,False
TTEC,"TTEC Holdings, Inc. - Common Stock",NASDAQ,False
TTEK,"Tetra Tech, Inc. - Common Stock",NASDAQ,False
TTEQ,T. Rowe Price Technology ETF,NASDAQ,True
TTGT,"TechTarget, Inc. - Common Stock",NASDAQ,False
TTI,"Tetra Technologies, Inc. Common Stock",NYSE,False
TTMI,"TTM Technologies, Inc. - Common Stock",NASDAQ,False
TTMX,Tradr 2X Long TTMI Daily ETF,Cboe BZX,True
TTOP,21Shares FTSE Crypto 10 Index ETF,NYSE Arca,True
TTRX,Turn Therapeutics Inc. - Common Stock,NASDAQ,False
TTT,ProShares UltraPro Short 20 Year Treasury,NYSE Arca,True
TTWO,"Take-Two Interactive Software, Inc. - Common Stock",NASDAQ,False
TTXD,Direxion Daily Technology Top 5 Bear 2X ETF,NYSE Arca,True
TTXU,Direxion Daily Technology Top 5 Bull 2X ETF,NYSE Arca,True
TU,Telus Corporation Ordinary Shares,NYSE,False
TUA,Simplify Short Term Treasury Futures Strategy ETF,NYSE Arca,True
TUG,STF Tactical Growth ETF,NASDAQ,True
TUGN,STF Tactical Growth & Income ETF,NASDAQ,True
TULP,"Bloomia Holdings, Inc. - Common Stock",NASDAQ,False
TUR,iShares MSCI Turkey ETF,NASDAQ,True
TURB,"Turbo Energy, S.A. - American Depositary Shares",NASDAQ,False
TURF,T. Rowe Price Natural Resources ETF,NASDAQ,True
TUSB,Thrivent Ultra Short Bond ETF,NYSE Arca,True
TUSI,Touchstone Ultra Short Income ETF,Cboe BZX,True
TUSK,"Mammoth Energy Services, Inc. - Common Stock",NASDAQ,False
TUYA,"Tuya Inc. American Depositary Shares, each representing one Class A Ordinary Share",NYSE,False
TV,Grupo Televisa S.A.B. Common Stock,NYSE,False
TVA,Texas Ventures Acquisition III Corp - Class A Ordinary Share,NASDAQ,False
TVACU,Texas Ventures Acquisition III Corp - Unit,NASDAQ,False
TVACW,Texas Ventures Acquisition III Corp - Warrants,NASDAQ,False
TVAI,Thayer Ventures Acquisition Corporation II - Class A Ordinary Shares,NASDAQ,False
TVAIR,Thayer Ventures Acquisition Corporation II - Rights,NASDAQ,False
TVAIU,Thayer Ventures Acquisition Corporation II - Unit,NASDAQ,False
TVAL,T. Rowe Price Value ETF,NYSE Arca,True
TVC,Tennessee Valley Authority Common Stock,NYSE,False
TVE,Tennessee Valley Authority,NYSE,False
TVGN,Tevogen Bio Holdings Inc. - Common Stock,NASDAQ,False
TVGNW,Tevogen Bio Holdings Inc. - Warrant,NASDAQ,False
TVIV,Texas Ventures Acquisition IV Corp - Class A Ordinary Shares,NASDAQ,False
TVIVU,Texas Ventures Acquisition IV Corp - Units,NASDAQ,False
TVIVW,Texas Ventures Acquisition IV Corp - Warrant,NASDAQ,False
TVRD,"Tvardi Therapeutics, Inc. - Common Stock",NASDAQ,False
TVTX,"Travere Therapeutics, Inc. - Common Stock",NASDAQ,False
TW,Tradeweb Markets Inc. - Class A Common Stock,NASDAQ,False
TWAV,"TaoWeave, Inc. - Common Stock",NASDAQ,False
TWFG,"TWFG, Inc. - Common Stock",NASDAQ,False
TWG,Top Wealth Group Holding Limited - Class A Ordinary Shares,NASDAQ,False
TWI,"Titan International, Inc. (DE) Common Stock",NYSE,False
TWIN,"Twin Disc, Incorporated - Common Stock",NASDAQ,False
TWLO,Twilio Inc. Class A Common Stock,NYSE,False
TWLV,Twelve Seas Investment Company III - Class A Ordinary Shares,NASDAQ,False
TWLVR,Twelve Seas Investment Company III - Rights,NASDAQ,False
TWLVU,Twelve Seas Investment Company III - Units,NASDAQ,False
TWM,ProShares UltraShort Russell2000,NYSE Arca,True
TWN,"Taiwan Fund, Inc. (The) Common Stock",NYSE,False
TWO,Two Harbors Investment Corp,NYSE,False
TWO$A,Two Harbors Investments Corp 8.125% Series A Fixed-to-Floating Rate Cumulative Redeemable Preferred Stock ($25.00 liquidation preference per share),NYSE,False
TWO$B,Two Harbors Investments Corp 7.625% Series B Fixed-to-Floating Rate Cumulative Redeemable Preferred Stock,NYSE,False
TWO$C,Two Harbors Investments Corp 7.25% Series C Fixed-to-Floating Rate Cumulative Redeemable Preferred Stock,NYSE,False
TWOD,Two Harbors Investments Corp 9.375% Senior Notes due 2030,NYSE,False
TWOX,iShares Large Cap Accelerated Outcome ETF,Cboe BZX,True
TWSC,Corgi TSM 2x Daily ETF,Cboe BZX,True
TWST,Twist Bioscience Corporation - Common Stock,NASDAQ,False
TX,"Ternium S.A. Ternium S.A. American Depositary Shares (each representing ten shares, USD1.00 par value)",NYSE,False
TXBC,21Shares FTSE Crypto 10 ex-BTC Index ETF,NYSE Arca,True
TXG,"10x Genomics, Inc. - Common Stock",NASDAQ,False
TXMD,"TherapeuticsMD, Inc. - Common Stock",NASDAQ,False
TXN,Texas Instruments Incorporated - Common Stock,NASDAQ,False
TXNM,"TXNM Energy, Inc. Common Stock",NYSE,False
TXNU,Direxion Daily TXN Bull 2X ETF,NYSE Arca,True
TXO,"TXO Partners, L.P. Common Units Representing Limited Partner Interests",NYSE,False
TXRH,"Texas Roadhouse, Inc. - Common Stock",NASDAQ,False
TXS,Texas Capital Texas Equity Index ETF,NYSE Arca,True
TXT,Textron Inc. Common Stock,NYSE,False
TXUE,Thornburg International Equity ETF,NASDAQ,True
TXUG,Thornburg International Growth Fund ETF,NASDAQ,True
TXXD,21Shares 2x Long Dogecoin ETF,NASDAQ,True
TXXH,21Shares 2x Long HYPE ETF,NASDAQ,True
TXXI,BondBloxx IR+M Tax-Aware Intermediate Duration ETF,NYSE Arca,True
TXXS,21Shares 2x Long Sui ETF,NASDAQ,True
TY,Tri Continental Corporation Common Stock,NYSE,False
TY$,Tri Continental Corporation Preferred Stock,NYSE,False
TYA,Simplify Intermediate Term Treasury Futures Strategy ETF,Cboe BZX,True
TYD,Direxion Daily 10-Yr Treasury Bull 3x Shrs,NYSE Arca,True
TYG,Tortoise Energy Infrastructure Corporation Common Stock,NYSE,False
TYGO,"Tigo Energy, Inc. - Common Stock",NASDAQ,False
TYL,"Tyler Technologies, Inc. Common Stock",NYSE,False
TYLD,Cambria Tactical Yield ETF,Cboe BZX,True
TYLG,Global X Information Technology Covered Call & Growth ETF,NYSE Arca,True
TYO,Direxion Daily 10-Yr Treasury Bear 3x Shrs,NYSE Arca,True
TYRA,"Tyra Biosciences, Inc. - Common Stock",NASDAQ,False
TYYY,xETFs TSLA Daily Income ETF,NYSE Arca,True
TZA,Direxion Small Cap Bear 3X ETF,NYSE Arca,True
TZOO,Travelzoo - Common Stock,NASDAQ,False
U,Unity Software Inc. Common Stock,NYSE,False
UA,"Under Armour, Inc. Class C Common Stock",NYSE,False
UAA,"Under Armour, Inc. Class A Common Stock",NYSE,False
UAC,United Acquisition Corp. I Class A Ordinary Shares,NYSE American,False
UAC.U,"United Acquisition Corp. I Units, each consisting of one Class A ordinary share and one-quarter of one redeemable warrant",NYSE American,False
UAC.W,"United Acquisition Corp. I Warrants, each whole warrant exercisable for one Class A ordinary share at an exercise price of $11.50",NYSE American,False
UAE,iShares MSCI UAE ETF,NASDAQ,True
UAL,"United Airlines Holdings, Inc. - Common Stock",NASDAQ,False
UAMY,United States Antimony Corporation Common Stock,NYSE,False
UAN,"CVR Partners, LP Common Units representing Limited Partner Interests",NYSE,False
UAPR,Innovator U.S. Equity Ultra Buffer ETF - April,Cboe BZX,True
UAUG,Innovator U.S. Equity Ultra Buffer ETF - August,Cboe BZX,True
UAVS,"AgEagle Aerial Systems, Inc. Common Stock",NYSE American,False
UBCP,"United Bancorp, Inc. - Common Stock",NASDAQ,False
UBER,"Uber Technologies, Inc. Common Stock",NYSE,False
UBEW,Roundhill UBER WeeklyPay ETF,Cboe BZX,True
UBND,VictoryShares Core Plus Bond ETF,NASDAQ,True
UBOT,"Direxion Daily Robotics, Artificial Intelligence & Automation Index Bull 2X ETF",NYSE Arca,True
UBR,ProShares Ultra MSCI Brazil Capped,NYSE Arca,True
UBRL,GraniteShares 2x Long UBER Daily ETF,NASDAQ,True
UBS,UBS Group AG Registered Ordinary Shares,NYSE,False
UBSI,"United Bankshares, Inc. - Common Stock",NASDAQ,False
UBT,ProShares Ultra 20+ Year Treasury,NYSE Arca,True
UCAR,U Power Limited - Class A Ordinary Shares,NASDAQ,False
UCB,"United Community Banks, Inc. Common Stock",NYSE,False
UCC,ProShares Ultra Consumer Discretionary,NYSE Arca,True
UCFI,CN Healthy Food Tech Group Corp. - Common Stock,NASDAQ,False
UCFIW,CN Healthy Food Tech Group Corp. - Warrant,NASDAQ,False
UCIB,"ETRACS UBS Bloomberg Constant Maturity Commodity Index (CMCI) Total Return ETN Series B due April 5, 2038",NYSE Arca,False
UCL,uCloudlink Group Inc. - American Depositary Shares,NASDAQ,False
UCO,ProShares Ultra Bloomberg Crude Oil,NYSE Arca,True
UCON,First Trust Smith Unconstrained Bond ETF,NYSE Arca,True
UCOP,ProShares Ultra Copper K-1 Free ETF,NYSE Arca,True
UCRD,VictoryShares Corporate Bond ETF,NASDAQ,True
UCTT,"Ultra Clean Holdings, Inc. - Common Stock",NASDAQ,False
UCTX,Corgi UCTT 2x Daily ETF,Cboe BZX,True
UCYB,ProShares Ultra Nasdaq Cybersecurity,NASDAQ,True
UDEC,Innovator U.S. Equity Ultra Buffer ETF - December,Cboe BZX,True
UDI,USCF Dividend Income Fund,NYSE Arca,True
UDIV,Franklin U.S. Core Dividend Tilt Index ETF,NYSE Arca,True
UDN,Invesco DB USD Index Bearish ETF,NYSE Arca,True
UDOW,ProShares UltraPro Dow30,NYSE Arca,True
UDR,"UDR, Inc. Common Stock",NYSE,False
UE,Urban Edge Properties Common Shares of Beneficial Interest,NYSE,False
UEC,Uranium Energy Corp. Common Stock,NYSE American,False
UECG,Leverage Shares 2x Long UEC Daily ETF,NASDAQ,True
UEIC,Universal Electronics Inc. - Common Stock,NASDAQ,False
UEVM,VictoryShares Emerging Markets Value Momentum ETF,NASDAQ,True
UFCS,"United Fire Group, Inc - Common Stock",NASDAQ,False
UFEB,Innovator U.S. Equity Ultra Buffer ETF - February,Cboe BZX,True
UFG,Uni-Fuels Holdings Limited - Class A Ordinary Shares,NASDAQ,False
UFI,"Unifi, Inc. New Common Stock",NYSE,False
UFIV,US Treasury 5 Year Note ETF,NASDAQ,True
UFO,Procure Space ETF,NASDAQ,True
UFOD,Tuttle Capital UFO Disclosure ETF,Cboe BZX,True
UFOX,Defiance Space and Connective Tech ETF,NASDAQ,True
UFPI,"UFP Industries, Inc. - Common Stock",NASDAQ,False
UFPT,"UFP Technologies, Inc. - Common Stock",NASDAQ,False
UG,"United-Guardian, Inc. - Common Stock",NASDAQ,False
UGA,United States Gasoline Fund LP,NYSE Arca,True
UGE,ProShares Ultra Consumer Staples,NYSE Arca,True
UGI,UGI Corporation Common Stock,NYSE,False
UGL,ProShares Ultra Gold,NYSE Arca,True
UGLD,Direxion Daily Gold Bull 2X ETF,NYSE Arca,True
UGP,Ultrapar Participacoes S.A. (New) American Depositary Shares (Each representing one Common Share),NYSE,False
UHAL,U-Haul Holding Company Common Stock,NYSE,False
UHAL.B,U-Haul Holding Company Series N Non-Voting Common Stock,NYSE,False
UHS,"Universal Health Services, Inc. Common Stock",NYSE,False
UHT,Universal Health Realty Income Trust Common Stock,NYSE,False
UI,Ubiquiti Inc. Common Stock,NYSE,False
UIS,Unisys Corporation New Common Stock,NYSE,False
UITB,VictoryShares Core Intermediate Bond ETF,NASDAQ,True
UIVM,VictoryShares International Value Momentum ETF,NASDAQ,True
UJAN,Innovator U.S. Equity Ultra Buffer ETF - January,Cboe BZX,True
UJB,ProShares Ultra High Yield ETF,NYSE Arca,True
UJUL,Innovator U.S. Equity Ultra Buffer ETF - July,Cboe BZX,True
UJUN,Innovator U.S. Equity Ultra Buffer ETF - June,Cboe BZX,True
UK,Ucommune International Ltd  - Class A Ordinary Shares,NASDAQ,False
UL,Unilever PLC American Depositary Shares (each representing One Ordinary Share),NYSE,False
ULBI,Ultralife Corporation - Common Stock,NASDAQ,False
ULCC,"Frontier Group Holdings, Inc. - Common Stock",NASDAQ,False
ULE,ProShares Ultra Euro,NYSE Arca,True
ULH,"Universal Logistics Holdings, Inc. - Common Stock",NASDAQ,False
ULS,UL Solutions Inc. Class A Common Stock,NYSE,False
ULST,State Street Ultra Short Term Bond ETF,NYSE Arca,True
ULTA,"Ulta Beauty, Inc. - Common Stock",NASDAQ,False
ULTI,REX IncomeMax Option Strategy ETF,NASDAQ,True
ULTY,YieldMax Ultra Option Income Strategy ETF,NYSE Arca,True
ULVM,VictoryShares US Value Momentum ETF,NASDAQ,True
UMAC,"Unusual Machines, Inc. Common Stock",NYSE American,False
UMAL,Defiance Daily Target 2X Long UMAC ETF,Cboe BZX,True
UMAR,Innovator U.S. Equity Ultra Buffer ETF - March,Cboe BZX,True
UMAY,Innovator U.S. Equity Ultra Buffer ETF - May,Cboe BZX,True
UMBF,UMB Financial Corporation - Common Stock,NASDAQ,False
UMBFO,"UMB Financial Corporation - Depositary Shares Each Representing a 1/400th Interest in a Share of 7.750% Fixed-Rate Reset Non-Cumulative Perpetual Preferred Stock, Series B",NASDAQ,False
UMC,United Microelectronics Corporation (NEW) Common Stock,NYSE,False
UMCX,Corgi UMC 2x Daily ETF,Cboe BZX,True
UMDD,UltraPro MidCap400,NYSE Arca,True
UMH,"UMH Properties, Inc. Common Stock",NYSE,False
UMH$D,"UMH Properties, Inc. 6.375% Series D Cumulative Redeemable Preferred Stock, Liquidation Preference $25 per share",NYSE,False
UMI,USCF Midstream Energy Income Fund ETF,NYSE Arca,True
UMMA,Wahed Dow Jones Islamic World ETF,NASDAQ,True
UN,Corgi UNH 2x Daily ETF,Cboe BZX,True
UNB,"Union Bankshares, Inc. - Common Stock",NASDAQ,False
UNCY,"Unicycive Therapeutics, Inc. - Common Stock",NASDAQ,False
UNF,Unifirst Corporation Common Stock,NYSE,False
UNFI,"United Natural Foods, Inc. Common Stock",NYSE,False
UNG,United States Natural Gas Fund LP,NYSE Arca,True
UNH,UnitedHealth Group Incorporated Common Stock (DE),NYSE,False
UNHG,Leverage Shares 2X Long UNH Daily ETF,NASDAQ,True
UNHU,Direxion Daily UNH Bull 2X ETF,NYSE Arca,True
UNHW,Roundhill UNH WeeklyPay ETF,Cboe BZX,True
UNIT,Uniti Group Inc. - Common Stock,NASDAQ,False
UNIY,WisdomTree Voya Yield Enhanced USD Universal Bond Fund,NASDAQ,True
UNL,United States 12 Month Natural Gas Fund,NYSE Arca,True
UNM,Unum Group Common Stock,NYSE,False
UNMA,Unum Group 6.250% Junior Subordinated Notes due 2058,NYSE,False
UNOV,Innovator U.S. Equity Ultra Buffer ETF - November,Cboe BZX,True
UNP,Union Pacific Corporation Common Stock,NYSE,False
UNTY,"Unity Bancorp, Inc. - Common Stock",NASDAQ,False
UNX,Tradr 2X Long U Daily ETF,Cboe BZX,True
UOCT,Innovator U.S. Equity Ultra Buffer ETF - October,Cboe BZX,True
UONE,"Urban One, Inc.  - Class A Common Stock",NASDAQ,False
UONEK,"Urban One, Inc.  - Class D Common Stock",NASDAQ,False
UP,Wheels Up Experience Inc. Class A Common Stock,NYSE,False
UPAL,ProShares Ultra Palladium K-1 Free ETF,NYSE Arca,True
UPAR,UPAR Ultra Risk Parity ETF,NYSE Arca,True
UPB,"Upstream Bio, Inc. - Common Stock",NASDAQ,False
UPBD,"Upbound Group, Inc. - Common Stock",NASDAQ,False
UPC,Universe Pharmaceuticals Inc - Class A Ordinary Shares,NASDAQ,False
UPGD,Invesco Bloomberg Analyst Rating Improvers ETF,NYSE Arca,True
UPGR,Xtrackers US Green Infrastructure Select Equity ETF,NASDAQ,True
UPLD,"Upland Software, Inc. - Common Stock",NASDAQ,False
UPLT,ProShares Ultra Platinum K-1 Free ETF,NYSE Arca,True
UPRO,ProShares UltraPro S&P 500,NYSE Arca,True
UPS,"United Parcel Service, Inc. Common Stock",NYSE,False
UPSC,Corgi UPST 2x Daily ETF,Cboe BZX,True
UPSD,Aptus Large Cap Upside ETF,Cboe BZX,True
UPSG,Leverage Shares 2X Long UPS Daily ETF,NASDAQ,True
UPST,"Upstart Holdings, Inc. - Common stock",NASDAQ,False
UPSX,Tradr 2X Long UPST Daily ETF,Cboe BZX,True
UPV,ProShares Ultra FTSE Europe,NYSE Arca,True
UPW,ProShares Ultra Utilities,NYSE Arca,True
UPWK,Upwork Inc. - Common Stock,NASDAQ,False
UPXI,"Upexi, Inc. - Common Stock",NASDAQ,False
URA,Global X Uranium ETF,NYSE Arca,True
URAA,Direxion Daily Uranium Industry Bull 2X ETF,NYSE Arca,True
URAN,Themes Uranium & Nuclear ETF,Cboe BZX,True
URBN,"Urban Outfitters, Inc. - Common Stock",NASDAQ,False
URE,ProShares Ultra Real Estate,NYSE Arca,True
URG,Ur Energy Inc Common Shares (Canada),NYSE American,False
URGN,UroGen Pharma Ltd. - Ordinary Shares,NASDAQ,False
URI,"United Rentals, Inc. Common Stock",NYSE,False
URNJ,Sprott Junior Uranium Miners ETF,NASDAQ,True
URNM,Sprott Uranium Miners ETF,NYSE Arca,True
UROY,Uranium Royalty Corp. - Common Stock,NASDAQ,False
URSP,ProShares Ultra S&P 500 Equal Weight,NYSE Arca,True
URTH,iShares MSCI World ETF,NYSE Arca,True
URTY,ProShares UltraPro Russell2000,NYSE Arca,True
USA,Liberty All-Star Equity Fund Common Stock,NYSE,False
USAC,"USA Compression Partners, LP Common Units Representing Limited Partner Interests",NYSE,False
USAF,Atlas America Fund,NASDAQ,True
USAI,Pacer American Energy Infrastructure ETF,NYSE Arca,True
USAR,"USA Rare Earth, Inc. - Common Stock",NASDAQ,False
USAS,"Americas Gold and Silver Corporation Common Shares, no par value",NYSE American,False
USAU,U.S. Gold Corp. - Common Stock,NASDAQ,False
USAX,Tradr 2X Long USAR Daily ETF,Cboe BZX,True
USB,U.S. Bancorp Common Stock,NYSE,False
USB$A,"U.S. Bancorp Depositary Shares, Each representing a 1/100th interest in a share of Series A Non-CumulativePerpetual Pfd Stock",NYSE,False
USB$H,U.S. Bancorp Depositary Shares repstg 1/1000th Pfd Ser B,NYSE,False
USB$P,"U.S. Bancorp Depositary Shares each representing a 1/1,000th interest in a share of Series K Non-Cumulative Perpetual Preferred Stock",NYSE,False
USB$Q,"U.S. Bancorp Depositary Shares, Each Representing a 1/1,000th Interest in a Share of Series L Non-Cumulative Perpetual Preferred Stock",NYSE,False
USB$R,"U.S. Bancorp Depositary Shares, Each Representing a 1/1,000th Interest in a Share of Series M Non-Cumulative Perpetual Preferred Stock",NYSE,False
USB$S,"U.S. Bancorp Depositary Shares, each representing a 1/1,000th interest in a share of Series O Non-Cumulative Perpetual Preferred Stock",NYSE,False
USBC,"USBC, Inc. Common Stock",NYSE American,False
USCA,Xtrackers MSCI USA Climate Action Equity ETF,NYSE Arca,True
USCB,"USCB Financial Holdings, Inc.  - Class A Common Stock",NASDAQ,False
USCI,United States Commodity Index Fund ETV,NYSE Arca,True
USCL,iShares Climate Conscious & Transition MSCI USA ETF,NASDAQ,True
USD,ProShares Ultra Semiconductors,NYSE Arca,True
USDE,StablecoinX Inc. - Class A Common Stock,NASDAQ,False
USDEW,StablecoinX Inc. - Warrants,NASDAQ,False
USDU,WisdomTree Bloomberg U.S. Dollar Bullish Fund,NYSE Arca,True
USDX,SGI Enhanced Core ETF,NASDAQ,True
USE,USCF Energy Commodity Strategy Absolute Return Fund,NYSE Arca,True
USEA,United Maritime Corporation - Common Stock,NASDAQ,False
USEP,Innovator U.S. Equity Ultra Buffer ETF - September,Cboe BZX,True
USEW,Cambria US EW ETF,Cboe BZX,True
USFD,US Foods Holding Corp. Common Stock,NYSE,False
USFE,First Eagle US Equity ETF,NYSE Arca,True
USFI,BrandywineGLOBAL - U.S. Fixed Income ETF,NASDAQ,True
USFR,WisdomTree Floating Rate Treasury Fund,NYSE Arca,True
USG,USCF Gold Strategy Plus Income Fund,NYSE Arca,True
USGG,Leverage Shares 2X Long USAR Daily ETF,NASDAQ,True
USGO,U.S. GoldMining Inc. - Common stock,NASDAQ,False
USHY,iShares Broad USD High Yield Corporate Bond ETF,Cboe BZX,True
USIG,iShares Broad USD Investment Grade Corporate Bond ETF,NASDAQ,True
USIN,WisdomTree 7-10 Year Laddered Treasury Fund,NASDAQ,True
USIO,"Usio, Inc. - Common Stock",NASDAQ,False
USL,United States 12 Month Oil,NYSE Arca,True
USLM,"United States Lime & Minerals, Inc. - Common Stock",NASDAQ,False
USLN,iShares Broad USD Floating Rate Loan ETF,Cboe BZX,True
USLV,Direxion Daily Silver Bull 2X ETF,NYSE Arca,True
USMC,Principal U.S. Mega-Cap ETF,NASDAQ,True
USMD,CoreValues America First Technology ETF,NYSE Arca,True
USMF,WisdomTree U.S. Multifactor Fund,Cboe BZX,True
USML,ETRACS 2x Leveraged MSCI US Minimum Volatility Factor TR ETN,NYSE Arca,True
USMV,iShares MSCI USA Min Vol Factor ETF,Cboe BZX,True
USNA,"USANA Health Sciences, Inc. Common Stock",NYSE,False
USNG,Amplify Samsung U.S. Natural Gas Infrastructure ETF,NYSE Arca,True
USNZ,Xtrackers Net Zero Pathway Paris Aligned US Equity ETF,NYSE Arca,True
USO,United States Oil Fund,NYSE Arca,True
USOI,"ETRACS Crude Oil Shares Covered Call ETNs due April 24, 2037",NASDAQ,True
USOY,Defiance Oil Enhanced Options Income ETF,NASDAQ,True
USPH,"U.S. Physical Therapy, Inc. Common Stock",NYSE,False
USPX,Franklin U.S. Equity Index ETF,NYSE Arca,True
USRD,Themes US R&D Champions ETF,NASDAQ,True
USRT,iShares Core U.S. REIT ETF,NYSE Arca,True
USSE,Segall Bryant & Hamill Trust Segall Bryant & Hamill Select Equity ETF,NYSE Arca,True
USSG,Xtrackers MSCI USA Selection Equity ETF,NYSE Arca,True
USSH,WisdomTree 1-3 Year Laddered Treasury Fund,NASDAQ,True
UST,ProShares Ultra 7-10 Year Treasury,NYSE Arca,True
USTB,VictoryShares Short-Term Bond ETF,NASDAQ,True
USVM,VictoryShares US Small Mid Cap Value Momentum ETF,NASDAQ,True
USVN,US Treasury 7 Year Note ETF,NASDAQ,True
USX,Corgi Total U.S. Market 2x Daily ETF,Cboe BZX,True
USXF,iShares ESG Advanced MSCI USA ETF,NASDAQ,True
UTEN,US Treasury 10 Year Note ETF,NASDAQ,True
UTES,Virtus Reaves Utilities ETF,NYSE Arca,True
UTF,"Cohen & Steers Infrastructure Fund, Inc Common Stock",NYSE,False
UTG,Reaves Utility Income Fund Common Shares of Beneficial Interest,NYSE American,False
UTHR,United Therapeutics Corporation - Common Stock,NASDAQ,False
UTHY,US Treasury 30 Year Bond ETF,NASDAQ,True
UTI,Universal Technical Institute Inc Common Stock,NYSE,False
UTL,UNITIL Corporation Common Stock,NYSE,False
UTMD,"Utah Medical Products, Inc. - Common Stock",NASDAQ,False
UTRE,US Treasury 3 Year Note ETF,NASDAQ,True
UTSI,UTStarcom Holdings Corp - Ordinary Shares,NASDAQ,False
UTSL,Direxion Daily Utilities Bull 3X ETF,NYSE Arca,True
UTWO,US Treasury 2 Year Note ETF,NASDAQ,True
UTWY,US Treasury 20 Year Bond ETF,NASDAQ,True
UTZ,Utz Brands Inc Class A Common Stock,NYSE,False
UUP,Invesco DB USD Index Bullish Fund ETF,NYSE Arca,True
UUPP,Principal CLO ETF,Cboe BZX,True
UUU,"Universal Safety Products, Inc. Common Stock",NYSE American,False
UUUC,Corgi UUUU 2x Daily ETF,Cboe BZX,True
UUUG,Leverage Shares 2X Long UUUU Daily ETF,NASDAQ,True
UUUU,Energy Fuels Inc Ordinary Shares (Canada),NYSE American,False
UVE,UNIVERSAL INSURANCE HOLDINGS INC Common Stock,NYSE,False
UVIX,2x Long VIX Futures ETF,Cboe BZX,True
UVSP,Univest Financial Corporation - Common Stock,NASDAQ,False
UVV,Universal Corporation Common Stock,NYSE,False
UVXY,ProShares Ultra VIX Short Term Futures ETF,Cboe BZX,True
UWM,ProShares Ultra Russell2000,NYSE Arca,True
UWMC,UWM Holdings Corporation Class A Common Stock,NYSE,False
UX,Roundhill Uranium ETF,Cboe BZX,True
UXAP,FT Vest U.S. Equity Uncapped Accelerator ETF - April,Cboe BZX,True
UXI,ProShares Ultra Industrials,NYSE Arca,True
UXIN,Uxin Limited - American Depositary Shares,NASDAQ,False
UXJA,FT Vest U.S. Equity Uncapped Accelerator ETF - January,Cboe BZX,True
UXJL,FT Vest U.S. Equity Uncapped Accelerator ETF - July,Cboe BZX,True
UXOC,FT Vest U.S. Equity Uncapped Accelerator ETF - October,Cboe BZX,True
UXRP,ProShares Ultra XRP ETF,NYSE Arca,True
UYG,ProShares Ultra Financials,NYSE Arca,True
UYLD,Angel Oak UltraShort Income ETF,NASDAQ,True
UYM,ProShares Ultra Materials,NYSE Arca,True
UYSC,UY Scuti Acquisition Corp. - Ordinary Shares,NASDAQ,False
UYSCR,UY Scuti Acquisition Corp. - Rights,NASDAQ,False
UYSCU,UY Scuti Acquisition Corp. - Units,NASDAQ,False
UZD,"Array Digital Infrastructure, Inc. 6.250% Senior Notes due 2069",NYSE,False
UZE,"Array Digital Infrastructure, Inc. 5.500% Senior Notes due 2070",NYSE,False
UZF,"Array Digital Infrastructure, Inc. 5.500% Senior Notes due 2070",NYSE,False
UZX,Linkage Global Inc - Class A Ordinary Shares,NASDAQ,False
V,Visa Inc.,NYSE,False
VABK,Virginia National Bankshares Corporation - Common Stock,NASDAQ,False
VABS,Virtus Newfleet ABS/MBS ETF,NYSE Arca,True
VAC,Marriott Vacations Worldwide Corporation Common Stock,NYSE,False
VACI,Viking Acquisition Corp. I Class A Ordinary Shares,NYSE,False
VACI.U,"Viking Acquisition Corp. I Units, each consisting of one Class A ordinary share and one-third of one Warrant",NYSE,False
VACI.W,Viking Acquisition Corp. I Warrants to purchase one Class A Ordinary Share,NYSE,False
VAIE,VegaShares US Equity Autocallable Income ETF,NYSE Arca,True
VAL,Valaris Limited Common Shares,NYSE,False
VAL.W,Valaris Limited Warrants,NYSE,False
VALE,VALE S.A.  American Depositary Shares Each Representing one common share,NYSE,False
VALG,Leverage Shares 2X Long VALE Daily ETF,NASDAQ,True
VALN,Valneva SE - American Depositary Shares,NASDAQ,False
VALQ,American Century U.S. Quality Value ETF,NYSE Arca,True
VALU,"Value Line, Inc. - Common Stock",NASDAQ,False
VAMO,Cambria Value and Momentum ETF,Cboe BZX,True
VANI,"Vivani Medical, Inc.  - Common Stock",NASDAQ,False
VATE,INNOVATE Corp. Common Stock,NYSE,False
VAVX,VanEck Avalanche ETF,NASDAQ,True
VAW,Vanguard Materials ETF,NYSE Arca,True
VB,Vanguard Small-Cap ETF,NYSE Arca,True
VBCA,Vanguard Target Maturity 2027 Corporate Bond ETF,NASDAQ,True
VBCB,Vanguard Target Maturity 2028 Corporate Bond ETF,NASDAQ,True
VBCC,Vanguard Target Maturity 2029 Corporate Bond ETF,NASDAQ,True
VBCD,Vanguard Target Maturity 2030 Corporate Bond ETF,NASDAQ,True
VBCE,Vanguard Target Maturity 2031 Corporate Bond ETF,NASDAQ,True
VBCF,Vanguard Target Maturity 2032 Corporate Bond ETF,NASDAQ,True
VBCG,Vanguard Target Maturity 2033 Corporate Bond ETF,NASDAQ,True
VBCH,Vanguard Target Maturity 2034 Corporate Bond ETF,NASDAQ,True
VBCI,Vanguard Target Maturity 2035 Corporate Bond ETF,NASDAQ,True
VBCJ,Vanguard Target Maturity 2036 Corporate Bond ETF,NASDAQ,True
VBF,Invesco Bond Fund Common Stock,NYSE,False
VBIL,Vanguard 0-3 Month Treasury Bill ETF,NASDAQ,True
VBIO,"Valion Bio, Inc. - Common stock",NASDAQ,False
VBK,Vanguard Small-Cap Growth ETF,NYSE Arca,True
VBNB,VanEck BNB ETF,NASDAQ,True
VBND,Vident U.S. Bond Strategy ETF,NYSE Arca,True
VBNK,VersaBank - Common Shares,NASDAQ,False
VBR,Vanguard Small-Cap Value ETF,NYSE Arca,True
VBX,Corgi U.S. Small-Cap 2x Daily ETF,Cboe BZX,True
VC,Visteon Corporation - Common Stock,NASDAQ,False
VCEB,Vanguard ESG U.S. Corporate Bond ETF,Cboe BZX,True
VCEL,Vericel Corporation - Common Stock,NASDAQ,False
VCHY,Vanguard U.S. High-Yield Corporate Bond Index ETF,Cboe BZX,True
VCIG,VCI Global Limited - Ordinary Share,NASDAQ,False
VCIT,Vanguard Intermediate-Term Corporate Bond ETF,NASDAQ,True
VCLN,Virtus Duff & Phelps Clean Energy ETF,NYSE Arca,True
VCLT,Vanguard Long-Term Corporate Bond ETF,NASDAQ,True
VCOB,Voya Core Bond ETF,NYSE Arca,True
VCR,Vanguard Consumer Discretion ETF,NYSE Arca,True
VCRB,Vanguard Core Bond ETF,NASDAQ,True
VCRE,Vicore Pharma Holding AB - American Depositary Shares,NASDAQ,False
VCRM,Vanguard Core Tax-Exempt Bond ETF,Cboe BZX,True
VCSH,Vanguard Short-Term Corporate Bond ETF,NASDAQ,True
VCTR,"Victory Capital Holdings, Inc. - Common Stock",NASDAQ,False
VCV,Invesco California Value Municipal Income Trust Common Stock,NYSE,False
VCX,"Fundrise Innovation Fund, LLC Common Shares of Limited Liability Company Interests",NYSE,False
VCYT,"Veracyte, Inc. - Common Stock",NASDAQ,False
VDC,Vanguard Consumer Staples ETF,NYSE Arca,True
VDE,Vanguard Energy ETF,NYSE Arca,True
VDG,Vanguard Developed Markets ex-US Growth Index ETF,Cboe BZX,True
VDI,Virtus International Dividend ETF,NYSE Arca,True
VDIG,Vanguard Wellington Dividend Growth Active ETF,Cboe BZX,True
VDV,Vanguard Developed Markets ex-US Value Index ETF,Cboe BZX,True
VEA,Vanguard FTSE Developed Markets ETF,NYSE Arca,True
VECA,Vernal Capital Acquisition Corp. Ordinary Shares,NYSE,False
VECA.R,"Vernal Capital Acquisition Corp. Rights, each right entitling the holder to receive one-fourth (1/4) of one Ordinary Share",NYSE,False
VECA.U,"Vernal Capital Acquisition Corp. Units, each consisting of one ordinary share and one right",NYSE,False
VECO,Veeco Instruments Inc. - Common Stock,NASDAQ,False
VEEA,Veea Inc. - Common Stock,NASDAQ,False
VEEAW,Veea Inc. - Warrant,NASDAQ,False
VEEE,Twin Vee PowerCats Co. - Common Stock,NASDAQ,False
VEEV,Veeva Systems Inc. Class A Common Stock,NYSE,False
VEFA,VanEck MSCI EAFE Analyst Sentiment ETF,NASDAQ,True
VEGA,AdvisorShares STAR Global Buy-Write ETF,NYSE Arca,True
VEGI,iShares MSCI Agriculture Producers ETF,NYSE Arca,True
VEGN,US Vegan Climate ETF,Cboe BZX,True
VEL,"Velocity Financial, Inc. Common Stock",NYSE,False
VELL,Defiance Daily Target 2X Long VELO ETF,Cboe BZX,True
VELO,"Velo3D, Inc. - Common stock",NASDAQ,False
VEM,Virtus Emerging Markets Dividend ETF,NYSE Arca,True
VEMY,Virtus Stone Harbor Emerging Markets High Yield Bond ETF,NYSE Arca,True
VENU,Venu Holding Corporation Common Stock,NYSE American,False
VEON,VEON Ltd. - American Depositary Shares,NASDAQ,False
VERA,"Vera Therapeutics, Inc. - Class A Common Stock",NASDAQ,False
VERI,"Veritone, Inc. - Common Stock",NASDAQ,False
VERS,ProShares Metaverse ETF,NYSE Arca,True
VERU,Veru Inc. - Common Stock,NASDAQ,False
VERX,"Vertex, Inc. - Class A Common Stock",NASDAQ,False
VET,Vermilion Energy Inc. Common (Canada),NYSE,False
VETZ,Academy Veteran Bond ETF,NYSE Arca,True
VEU,Vanguard FTSE All World Ex US ETF,NYSE Arca,True
VEXC,Vanguard Emerging Markets Ex-China ETF,NYSE Arca,True
VFC,V.F. Corporation Common Stock,NYSE,False
VFF,"Village Farms International, Inc. - Common Shares",NASDAQ,False
VFH,Vanguard Financials ETF,NYSE Arca,True
VFLO,VictoryShares Free Cash Flow ETF,NASDAQ,True
VFMF,Vanguard U.S. Multifactor ETF,Cboe BZX,True
VFMO,Vanguard U.S. Momentum Factor ETF,Cboe BZX,True
VFMV,Vanguard U.S. Minimum Volatility ETF,Cboe BZX,True
VFQY,Vanguard U.S. Quality Factor ETF,Cboe BZX,True
VFS,VinFast Auto Ltd. - Ordinary Shares,NASDAQ,False
VFSWW,VinFast Auto Ltd. - Warrant,NASDAQ,False
VFVA,Vanguard U.S. Value Factor ETF,Cboe BZX,True
VG,"Venture Global, Inc. Class A common stock",NYSE,False
VGAS,"Verde Clean Fuels, Inc. - Class A Common Stock",NASDAQ,False
VGASW,"Verde Clean Fuels, Inc. - Warrant",NASDAQ,False
VGHY,Vanguard High-Yield Active ETF,Cboe BZX,True
VGI,Virtus Global Multi-Sector Income Fund Common Shares of Beneficial Interest,NYSE,False
VGIT,Vanguard Intermediate-Term Treasury ETF,NASDAQ,True
VGK,Vanguard FTSEEuropean ETF,NYSE Arca,True
VGLT,Vanguard Long-Term Treasury ETF,NASDAQ,True
VGM,Invesco Trust for Investment Grade Municipals Common Stock (DE),NYSE,False
VGMS,Vanguard Multi-Sector Income Bond ETF,Cboe BZX,True
VGNT,Versigent PLC Ordinary Shares,NYSE,False
VGRO,Virtus Silvant Growth Opportunities ETF,NYSE Arca,True
VGSH,Vanguard Short-Term Treasury ETF,NASDAQ,True
VGSR,Vert Global Sustainable Real Estate ETF,NASDAQ,True
VGT,Vanguard Information Tech ETF,NYSE Arca,True
VGUS,Vanguard Ultra-Short Treasury ETF,NASDAQ,True
VGVT,Vanguard Government Securities Active ETF,NYSE Arca,True
VGZ,Vista Gold Corp Common Stock,NYSE American,False
VHC,VirnetX Holding Corp - Common Stock,NASDAQ,False
VHCP,Vine Hill Capital Investment Corp. II - Class A Ordinary Shares,NASDAQ,False
VHCPU,Vine Hill Capital Investment Corp. II - Units,NASDAQ,False
VHCPW,Vine Hill Capital Investment Corp. II - Warrants,NASDAQ,False
VHI,"Valhi, Inc. Common Stock",NYSE,False
VHT,Vanguard Health Care ETF,NYSE Arca,True
VHUB,"VenHub Global, Inc. - Common Stock",NASDAQ,False
VIA,"Via Transportation, Inc. Class A Common Stock",NYSE,False
VIAG,Leverage Shares 2X Long VIAV Daily ETF,Cboe BZX,True
VIAV,Viavi Solutions Inc. - Common Stock,NASDAQ,False
VICE,AdvisorShares Vice ETF,NYSE Arca,True
VICI,VICI Properties Inc. Common Stock,NYSE,False
VICR,Vicor Corporation - Common Stock,NASDAQ,False
VIDA,VIDA Global Inc. Class A Common Stock,NYSE American,False
VIDI,Vident International Equity Strategy ETF,NYSE Arca,True
VIG,Vanguard Div Appreciation ETF,NYSE Arca,True
VIGI,Vanguard International Dividend Appreciation ETF,NASDAQ,True
VII,Viking Acquisition Corp. II Class A Ordinary Shares,NYSE,False
VII.U,"Viking Acquisition Corp. II Units, each consisting of one Class A ordinary share and one-third of one Warrant",NYSE,False
VII.W,Viking Acquisition Corp. II Warrants to purchase one Class A Ordinary Share,NYSE,False
VIK,Viking Holdings Ltd Ordinary Shares,NYSE,False
VINP,Vinci Compass Investments Ltd. - Class A Common Shares,NASDAQ,False
VIOG,Vanguard S&P Small-Cap 600 Growth ETF,NYSE Arca,True
VIOO,Vanguard S&P Small-Cap 600 ETF,NYSE Arca,True
VIOT,"Viomi Technology Co., Ltd - American Depositary Shares",NASDAQ,False
VIOV,Vanguard S&P Small-Cap 600 Value ETF,NYSE Arca,True
VIP,Vulcan Infrastructure and Power Inc. - Class A Common Stock,NASDAQ,False
VIPS,"Vipshop Holdings Limited American Depositary Shares, each representing two ordinary shares",NYSE,False
VIR,"Vir Biotechnology, Inc. - Common Stock",NASDAQ,False
VIRC,Virco Manufacturing Corporation - Common Stock,NASDAQ,False
VIRT,"Virtu Financial, Inc. Class A Common Stock",NYSE,False
VIS,Vanguard Industrials ETF,NYSE Arca,True
VISN,"Vistance Networks, Inc.  - Common Stock",NASDAQ,False
VIST,"Vista Energy S.A.B. de C.V. American Depositary Shares, each representing one series A share, with no par value",NYSE,False
VITL,"Vital Farms, Inc. - Common Stock",NASDAQ,False
VIV,Telefonica Brasil S.A. American Depositary Shares (Each representing One Common Share),NYSE,False
VIVK,"Vivakor, Inc. - Common Stock",NASDAQ,False
VIVO,VivoPower PLC - Class A Ordinary Shares,NASDAQ,False
VIVS,"VivoSim Labs, Inc. - Common Stock",NASDAQ,False
VIXM,VIX Mid-Term Futures ETF,Cboe BZX,True
VIXY,VIX Short-Term Futures ETF,Cboe BZX,True
VKI,Invesco Advantage Municipal Income Trust II Common Shares of Beneficial Interest (DE),NYSE American,False
VKQ,Invesco Municipal Trust Common Stock,NYSE,False
VKTX,"Viking Therapeutics, Inc. - Common Stock",NASDAQ,False
VLGEA,"Village Super Market, Inc. - Class A Common Stock",NASDAQ,False
VLLU,Harbor AlphaEdge Large Cap Value ETF,NYSE Arca,True
VLN,Valens Semiconductor Ltd. Ordinary Shares,NYSE,False
VLO,Valero Energy Corporation Common Stock,NYSE,False
VLOS,Velos Acquisition I Corp. - Class A Ordinary shares,NASDAQ,False
VLOSU,Velos Acquisition I Corp. - Units,NASDAQ,False
VLOSW,Velos Acquisition I Corp. - Warrant,NASDAQ,False
VLRS,"Controladora Vuela Compania de Aviacion, S.A.B. de C.V. American Depositary Shares, each representing ten (10) Ordinary Participation Certificates",NYSE,False
VLT,Invesco High Income Trust II,NYSE,False
VLTO,Veralto Corp Common Stock,NYSE,False
VLU,State Street SPDR S&P 1500 Value Tilt ETF,NYSE Arca,True
VLUE,iShares MSCI USA Value Factor ETF,Cboe BZX,True
VLY,Valley National Bancorp - Common Stock,NASDAQ,False
VLYPN,"Valley National Bancorp - 8.250% Fixed-Rate Reset Non-Cumulative Perpetual Preferred Stock, Series C",NASDAQ,False
VLYPO,Valley National Bancorp - 5.5% Fixed to Floating Rate Series B Non-Cumulative Perpetual Preferred Stock,NASDAQ,False
VLYPP,Valley National Bancorp - 6.25% Fixed-to-Floating Rate Series A Non-Cumulative Perpetual Preferred Stock,NASDAQ,False
VMAR,Vision Marine Technologies Inc. - Common Shares,NASDAQ,False
VMAX,Hartford US Value ETF,Cboe BZX,True
VMBS,Vanguard Mortgage-Backed Securities ETF,NASDAQ,True
VMC,Vulcan Materials Company (Holding Company) Common Stock,NYSE,False
VMD,"Viemed Healthcare, Inc. - Common Shares",NASDAQ,False
VMET,Versamet Royalties Corporation - Common Stock,NASDAQ,False
VMI,"Valmont Industries, Inc. Common Stock",NYSE,False
VMO,Invesco Municipal Opportunity Trust Common Stock,NYSE,False
VMSB,Voya Multi-Sector Income ETF,NYSE Arca,True
VNAM,Global X MSCI Vietnam ETF,NYSE Arca,True
VNCE,Vince Holding Corp. - Common Stock,NASDAQ,False
VNDA,Vanda Pharmaceuticals Inc. - Common Stock,NASDAQ,False
VNET,"VNET Group, Inc. - American Depositary Shares",NASDAQ,False
VNIE,Vontobel International Equity Active ETF,NYSE Arca,True
VNLA,Janus Henderson Short Duration Income ETF,NYSE Arca,True
VNM,VanEck Vietnam ETF,Cboe BZX,True
VNME,Vendome Acquisition Corporation I - Class A Ordinary Shares,NASDAQ,False
VNMEU,Vendome Acquisition Corporation I - Unit,NASDAQ,False
VNMEW,Vendome Acquisition Corporation I - Warrant,NASDAQ,False
VNO,Vornado Realty Trust Common Stock,NYSE,False
VNO$L,Vornado Realty Trust Pfd Ser L %,NYSE,False
VNO$M,"Vornado Realty Trust 5.25% Series M Cumulative Redeemable Preferred Shares of Beneficial Interest, liquidation preference $25.00 per share, no par value per share",NYSE,False
VNO$N,"Vornado Realty Trust 5.25% Series N Cumulative Redeemable Preferred Shares of Beneficial Interest, liquidation preference $25.00 per share",NYSE,False
VNO$O,"Vornado Realty Trust 4.45% Series O Cumulative Redeemable Preferred Shares, Liquidation Preference $25.00 Per Share",NYSE,False
VNOM,"Viper Energy, Inc.  - Class A Common Stock",NASDAQ,False
VNQ,Vanguard Real Estate ETF,NYSE Arca,True
VNQI,Vanguard Global ex-U.S. Real Estate ETF,NASDAQ,True
VNRX,VolitionRX Limited Common Stock,NYSE American,False
VNSE,Natixis Vaughan Nelson Select ETF,NYSE Arca,True
VNT,Vontier Corporation Common Stock,NYSE,False
VNTG,Vantage Corp Class A Ordinary Shares,NYSE American,False
VO,Vanguard Mid-Cap ETF,NYSE Arca,True
VOC,VOC Energy Trust Units of Beneficial Interest,NYSE,False
VOD,Vodafone Group Plc - American Depositary Shares each representing ten Ordinary Shares,NASDAQ,False
VOE,Vanguard Mid-Cap Value ETF,NYSE Arca,True
VOLT,Tema Electrification ETF,NASDAQ,True
VONE,Vanguard Russell 1000 ETF,NASDAQ,True
VONG,Vanguard Russell 1000 Growth ETF,NASDAQ,True
VONV,Vanguard Russell 1000 Value ETF,NASDAQ,True
VOO,Vanguard S&P 500 ETF,NYSE Arca,True
VOOG,Vanguard S&P 500 Growth ETF,NYSE Arca,True
VOOV,Vanguard S&P 500 Value ETF,NYSE Arca,True
VOOX,Corgi U.S. Large-Cap 2x Daily ETF,Cboe BZX,True
VOR,Vor Biopharma Inc. - Common Stock,NASDAQ,False
VOT,Vanguard Mid-Cap Growth ETF,NYSE Arca,True
VOTE,TCW Transform 500 ETF,NASDAQ,True
VOX,Vanguard Communication Services  ETF,NYSE Arca,True
VOXP,Vox Populi ETF,Cboe BZX,True
VOXR,Vox Royalty Corp. - common stock,NASDAQ,False
VOYA,"Voya Financial, Inc. Common Stock",NYSE,False
VOYA$B,"Voya Financial, Inc. Depositary Shares, each representing a 1/40th interest in a share of 5.35% Fixed-Rate Reset Non-Cumulative Preferred Stock, Series B",NYSE,False
VOYG,"Voyager Technologies, Inc. Class A Common Stock",NYSE,False
VPC,Virtus Private Credit Strategy ETF,NYSE Arca,True
VPFF,Virtus InfraCap Preferred and Income Securities ETF,NYSE Arca,True
VPG,"Vishay Precision Group, Inc. Common Stock",NYSE,False
VPL,Vanguard FTSE Pacific ETF,NYSE Arca,True
VPLS,Vanguard Core Plus Bond ETF,NASDAQ,True
VPU,Vanguard Utilities ETF,NYSE Arca,True
VPV,Invesco Pennsylvania Value Municipal Income Trust Common Stock (DE),NYSE,False
VPX,Variant Perception Cycle Aware US Equity ETF,NYSE Arca,True
VRA,"Vera Bradley, Inc. - Common Stock",NASDAQ,False
VRAI,Virtus Real Asset Income ETF,NYSE Arca,True
VRAX,Virax Biolabs Group Limited - Ordinary Shares,NASDAQ,False
VRC,Corgi VRT 2x Daily ETF,Cboe BZX,True
VRCA,Verrica Pharmaceuticals Inc. - Common Stock,NASDAQ,False
VRDN,"Viridian Therapeutics, Inc.  - Common Stock",NASDAQ,False
VREX,Varex Imaging Corporation - Common Stock,NASDAQ,False
VRIG,Invesco Variable Rate Investment Grade ETF,NASDAQ,True
VRM,"Vroom, Inc. - Common Stock",NASDAQ,False
VRME,"VerifyMe, Inc. - Common Stock",NASDAQ,False
VRNS,"Varonis Systems, Inc. - Common Stock",NASDAQ,False
VRP,Invesco Variable Rate Preferred ETF,NYSE Arca,True
VRRM,Verra Mobility Corporation - Class A Common Stock,NASDAQ,False
VRSK,"Verisk Analytics, Inc. - Common Stock",NASDAQ,False
VRSN,"VeriSign, Inc. - Common Stock",NASDAQ,False
VRT,"Vertiv Holdings, LLC Class A Common Stock",NYSE,False
VRTL,GraniteShares 2x Long VRT Daily ETF,NASDAQ,True
VRTS,"Virtus Investment Partners, Inc. Common Stock",NYSE,False
VRTX,Vertex Pharmaceuticals Incorporated - Common Stock,NASDAQ,False
VRXA,Veraxa Biotech AG - Ordinary Shares,NASDAQ,False
VRXAW,Veraxa Biotech AG - Warrants,NASDAQ,False
VS,Versus Systems Inc. - Common Stock,NASDAQ,False
VSA,VisionSys AI Inc. - American Depositary Shares,NASDAQ,False
VSAT,"ViaSat, Inc. - Common Stock",NASDAQ,False
VSDA,VictoryShares Dividend Accelerator ETF,NASDAQ,True
VSDB,Vanguard Short Duration Bond ETF,Cboe BZX,True
VSDM,Vanguard Short Duration Tax-Exempt Bond ETF,Cboe BZX,True
VSEC,VSE Corporation - Common Stock,NASDAQ,False
VSECU,VSE Corporation - Tangible Equity Units,NASDAQ,False
VSEE,"VSee Health, Inc. - Common Stock",NASDAQ,False
VSEEW,"VSee Health, Inc. - Warrant",NASDAQ,False
VSGX,Vanguard ESG International Stock ETF,Cboe BZX,True
VSH,"Vishay Intertechnology, Inc. Common Stock",NYSE,False
VSHY,Virtus Newfleet Short Duration High Yield Bond ETF,NYSE Arca,True
VSLU,Applied Finance Valuation Large Cap ETF,NYSE Arca,True
VSME,VS Media Holdings Limited - Class A Ordinary Shares,NASDAQ,False
VSMV,VictoryShares US Multi-Factor Minimum Volatility ETF,NASDAQ,True
VSNT,"Versant Media Group, Inc. - Class A Common Stock",NASDAQ,False
VSOL,VanEck Solana ETF,NASDAQ,True
VSS,Vanguard FTSE All-Wld ex-US SmCp Idx ETF,NYSE Arca,True
VST,Vistra Corp. Common Stock,NYSE,False
VSTL,Defiance Daily Target 2X Long VST ETF,NASDAQ,True
VSTM,"Verastem, Inc. - Common Stock",NASDAQ,False
VSTS,Vestis Corporation Common Stock,NYSE,False
VSXY,Victorias Secret & Co. Common Stock,NYSE,False
VT,Vanguard Total World Stock Index ETF,NYSE Arca,True
VTAK,"Catheter Precision, Inc. Common Stock",NYSE American,False
VTC,Vanguard Total Corporate Bond ETF,NASDAQ,True
VTEB,Vanguard Tax-Exempt Bond ETF,NYSE Arca,True
VTEC,Vanguard California Tax-Exempt Bond ETF,Cboe BZX,True
VTEI,Vanguard Tax-Managed Funds Vanguard Intermediate-Term Tax-Exempt Bond ETF,Cboe BZX,True
VTEL,Vanguard Long-Term Tax-Exempt Bond ETF,Cboe BZX,True
VTES,Vanguard Wellington Fund Vanguard Short-Term Tax Exempt Bond ETF,NYSE Arca,True
VTEX,VTEX Class A Common Shares,NYSE,False
VTG,Vanguard Total Treasury ETF,NYSE Arca,True
VTGN,"Vistagen Therapeutics, Inc. - Common Stock",NASDAQ,False
VTHR,Vanguard Russell 3000 ETF,NASDAQ,True
VTI,Vanguard Total Stock Market ETF,NYSE Arca,True
VTIP,Vanguard Short-Term Inflation-Protected Securities Index Fund ETF Shares,NASDAQ,True
VTIX,Virtuix Holdings Inc. - Class A Common Stock,NASDAQ,False
VTMX,"Corporacion Inmobiliaria Vesta, S.A.B de C.V. American Depositary Shares, each representing ten (10) Common Shares",NYSE,False
VTN,Invesco Trust for Investment Grade New York Municipals Common Stock,NYSE,False
VTOL,"Bristow Group, Inc. Common Stock",NYSE,False
VTP,Vanguard Total Inflation-Protected Securities ETF,NYSE Arca,True
VTR,"Ventas, Inc. Common Stock",NYSE,False
VTRS,Viatris Inc. - Common Stock,NASDAQ,False
VTS,"Vitesse Energy, Inc. Common Stock",NYSE,False
VTSI,"VirTra, Inc. - Common Stock",NASDAQ,False
VTV,Vanguard Value ETF,NYSE Arca,True
VTVT,vTv Therapeutics Inc. - Class A Common Stock,NASDAQ,False
VTWG,Vanguard Russell 2000 Growth ETF,NASDAQ,True
VTWO,Vanguard Russell 2000 ETF,NASDAQ,True
VTWV,Vanguard Russell 2000 Value ETF,NASDAQ,True
VUG,Vanguard Growth ETF,NYSE Arca,True
VUS,Virtus US Dividend ETF,NYSE Arca,True
VUSB,Vanguard Ultra-Short Bond ETF,Cboe BZX,True
VUSE,Vident U.S. Equity Strategy ETF,NYSE Arca,True
VUSG,Vanguard Wellington U.S. Growth Active ETF,Cboe BZX,True
VUSI,Voya Ultra Short Income ETF,NYSE Arca,True
VUSV,Vanguard Wellington U.S. Value Active ETF,Cboe BZX,True
VUZI,Vuzix Corporation  - Common Stock,NASDAQ,False
VV,Vanguard Large-Cap ETF,NYSE Arca,True
VVOS,"Vivos Therapeutics, Inc. - Common Stock",NASDAQ,False
VVR,Invesco Senior Income Trust Common Stock (DE),NYSE,False
VVV,Valvoline Inc. Common Stock,NYSE,False
VVX,"V2X, Inc. Common Stock",NYSE,False
VWAV,"VisionWave Holdings, Inc. - Common Stock",NASDAQ,False
VWAVW,"VisionWave Holdings, Inc. - Warrant",NASDAQ,False
VWO,Vanguard FTSE Emerging Markets ETF,NYSE Arca,True
VWOB,Vanguard Emerging Markets Government Bond ETF,NASDAQ,True
VXF,Vanguard Extended Market ETF,NYSE Arca,True
VXUS,Vanguard Total International Stock ETF,NASDAQ,True
VXX,iPath Series B S&P 500 VIX Short-Term Futures ETN,Cboe BZX,False
VXZ,iPath Series B S&P 500 VIX Mid-Term Futures ETN,Cboe BZX,False
VYGR,"Voyager Therapeutics, Inc. - Common Stock",NASDAQ,False
VYLD,"Inverse VIX Short-Term Futures ETNs due March 22, 2045",NYSE Arca,True
VYM,Vanguard High Dividend Yield ETF,NYSE Arca,True
VYMI,Vanguard International High Dividend Yield ETF,NASDAQ,True
VYX,NCR Voyix Corporation Common Stock,NYSE,False
VZ,Verizon Communications Inc. Common Stock,NYSE,False
VZLA,Vizsla Silver Corp. Common Shares,NYSE American,False
W,Wayfair Inc. Class A Common Stock,NYSE,False
WAB,Westinghouse Air Brake Technologies Corporation Common Stock,NYSE,False
WABC,Westamerica Bancorporation - Common Stock,NASDAQ,False
WABF,Western Asset Bond ETF,NASDAQ,True
WAFD,"WaFd, Inc. - Common Stock",NASDAQ,False
WAFDP,"WaFd, Inc. - Depositary Shares",NASDAQ,False
WAFU,Wah Fu Education Group Limited - Ordinary Shares,NASDAQ,False
WAGN,Pabrai Wagons ETF,NYSE Arca,True
WAL,Western Alliance Bancorporation Common Stock (DE),NYSE,False
WAL$A,"Western Alliance Bancorporation Depositary Shares, Each Representing a 1/400th Interest in a Share of 4.250% Fixed-Rate Non-Cumulative Perpetual Preferred Stock, Series A",NYSE,False
WALD,Waldencast plc - Class A Ordinary Share,NASDAQ,False
WALDW,Waldencast plc - Warrant,NASDAQ,False
WAMA,WisdomTree US Adaptive Moving Average Fund,NASDAQ,True
WANT,Direxion Daily Consumer Discretionary Bull 3X ETF,NYSE Arca,True
WAR,U.S. Global Technology and Aerospace & Defense ETF,NYSE Arca,True
WARP,VanEck Space ETF,NASDAQ,True
WASH,"Washington Trust Bancorp, Inc. - Common Stock",NASDAQ,False
WAT,Waters Corporation Common Stock,NYSE,False
WATS,Corgi Battery Energy Storage Systems ETF,Cboe BZX,True
WATT,Energous Corporation - Common Stock,NASDAQ,False
WAVE,Eco Wave Power Global AB (publ) - American Depositary Shares,NASDAQ,False
WAY,Waystar Holding Corp. - Common Stock,NASDAQ,False
WB,Weibo Corporation - American Depositary Shares,NASDAQ,False
WBD,"Warner Bros. Discovery, Inc. - Series A Common Stock",NASDAQ,False
WBI,WaterBridge Infrastructure LLC Class A Shares Representing Limited Liability Company Interests,NYSE,False
WBIF,WBI BullBear Value 3000 ETF,NYSE Arca,True
WBIG,WBI BullBear Yield 3000 ETF,NYSE Arca,True
WBIL,WBI BullBear Quality 3000 ETF,NYSE Arca,True
WBIY,WBI Power Factor High Dividend ETF,NYSE,True
WBS,Webster Financial Corporation Common Stock,NYSE,False
WBS$F,"Webster Financial Corporation Depositary Shares, Each Representing 1/1,000th Interest in a Share of 5.25% Series F Non-Cumulative Perpetual Preferred Stock",NYSE,False
WBS$G,"Webster Financial Corporation Depositary Shares, each representing a 1/40th interest in a share of 6.50% Series G non-cumulative perpetual preferred stock",NYSE,False
WBTN,WEBTOON Entertainment Inc. - Common stock,NASDAQ,False
WBUY,WEBUY GLOBAL LTD. - Class A Ordinary Shares,NASDAQ,False
WBX,Wallbox N.V. Class A Ordinary Shares,NYSE,False
WCAP,WarCap Unconstrained Equity ETF,NYSE Arca,True
WCBR,WisdomTree Cybersecurity Fund,NASDAQ,True
WCC,"WESCO International, Inc. Common Stock",NYSE,False
WCEO,Hypatia Women CEO ETF,NYSE Arca,True
WCLD,WisdomTree Cloud Computing Fund,NASDAQ,True
WCME,First Trust WCM Developing World Equity ETF,NYSE Arca,True
WCMG,First Trust WCM Global Equity ETF,NYSE Arca,True
WCMI,First Trust WCM International Equity ETF,NYSE Arca,True
WCN,"Waste Connections, Inc. Common Shares",NYSE,False
WCPB,Weitz Core Plus Bond ETF,NYSE Arca,True
WCT,Wellchange Holdings Company Limited - Class A Ordinary shares,NASDAQ,False
WD,"Walker & Dunlop, Inc Common Stock",NYSE,False
WDAF,WisdomTree Asia Defense Fund,NASDAQ,True
WDAI,Pacer S&P World 3AI Top 300 ETF,Cboe BZX,True
WDAY,"Workday, Inc. - Class A Common Stock",NASDAQ,False
WDC,Western Digital Corporation - Common Stock,NASDAQ,False
WDCC,Corgi WDC 2x Daily ETF,Cboe BZX,True
WDCX,Tradr 2X Long WDC Daily ETF,Cboe BZX,True
WDE,Principal Securitized Debt ETF,Cboe BZX,True
WDEF,WisdomTree Europe Defense Fund,NYSE Arca,True
WDFC,WD-40 Company - Common Stock,NASDAQ,False
WDGF,WisdomTree Global Defense Fund,NASDAQ,True
WDH,Waterdrop Inc. American Depositary Shares (each representing the right to receive 10 Class A Ordinary Shares),NYSE,False
WDI,Western Asset Diversified Income Fund Common Shares of Beneficial Interest,NYSE,False
WDIG,WisdomTree Efficient Rare Earth Plus Strategic Metals Fund,Cboe BZX,True
WDIV,State Street SPDR S&P Global Dividend ETF,NYSE Arca,True
WDNA,WisdomTree BioRevolution Fund,Cboe BZX,True
WDRN,"WisdomTree Physical AI, Humanoids and Drones Fund",Cboe BZX,True
WDS,"Woodside Energy Group Limited American Depositary Shares, each representing one Ordinary Share",NYSE,False
WDTE,Defiance S&P 500 Weekly Distribution ETF,NYSE Arca,True
WEA,Western Asset Bond Fund Share of Beneficial Interest,NYSE,False
WEAT,Teucrium Wheat Fund ETV,NYSE Arca,True
WEAV,"Weave Communications, Inc. Common Stock",NYSE,False
WEBL,Direxion Daily Dow Jones Internet Bull 3X ETF,NYSE Arca,True
WEBS,Direxion Daily Dow Jones Internet Bear 3X ETF,NYSE Arca,True
WEBX,Corgi Chinese Internet 2x Daily ETF,Cboe BZX,True
WEC,"WEC Energy Group, Inc. Common Stock",NYSE,False
WEED,Roundhill Cannabis ETF,Cboe BZX,True
WEEI,Westwood Salient Enhanced Energy Income ETF,NASDAQ,True
WEEK,Roundhill Weekly T-Bill ETF,Cboe BZX,True
WEEL,Peerless Option Income Wheel ETF,NYSE Arca,True
WELD,Tema U.S. Manufacturing & Reshoring ETF,NYSE Arca,True
WELL,Welltower Inc. Common Stock,NYSE,False
WEN,Wendy's Company (The) - Common Stock,NASDAQ,False
WENC,West Enclave Merger Corp. Ordinary Shares,NYSE,False
WENC.R,"West Enclave Merger Corp. Rights, each Right to acquire one-tenth (1/10) of one Ordinary Share",NYSE,False
WENC.U,"West Enclave Merger Corp. Units, each consisting of one Ordinary Share and one Right to acquire one-tenth (1/10) of one Ordinary Share",NYSE,False
WENN,Wen Acquisition Corp - Class A Ordinary Shares,NASDAQ,False
WENNU,Wen Acquisition Corp - Unit,NASDAQ,False
WENNW,Wen Acquisition Corp - Warrant,NASDAQ,False
WEPN,Nicholas Defense and Rare Earth Income ETF,NYSE Arca,True
WERN,"Werner Enterprises, Inc. - Common Stock",NASDAQ,False
WES,"Western Midstream Partners, LP Common Units Representing Limited Partner Interests",NYSE,False
WEST,Westrock Coffee Company - Common Stock,NASDAQ,False
WETH,Wetouch Technology Inc. - Common Stock,NASDAQ,False
WETO,Wetour Robotics Limited - Ordinary Shares,NASDAQ,False
WEX,WEX Inc. common stock,NYSE,False
WEYS,"Weyco Group, Inc. - Common Stock",NASDAQ,False
WF,Woori Financial Group Inc. American Depositary Shares (each representing three (3) shares of Common Stock),NYSE,False
WFC,Wells Fargo & Company Common Stock,NYSE,False
WFC$A,"Wells Fargo & Company Depositary Shares, each representing a 1/1,000th interest in a share of Non-Cumulative Perpetual Class A Preferred Stock, Series AA",NYSE,False
WFC$C,"Wells Fargo & Company Depositary Shares, each representing a 1/1,000th interest in a share of Non-Cumulative Perpetual Class A Preferred Stock, Series CC",NYSE,False
WFC$D,"Wells Fargo & Company Depositary Shares, each representing a 1/1,000th interest in  a share of Non-Cumulative Perpetual Class A Preferred Stock, Series DD",NYSE,False
WFC$L,"Wells Fargo & Company 7.50% Non-Cumulative Perpetual Convertible Class A Preferred Stock, Series L",NYSE,False
WFC$Y,"Wells Fargo & Company Depositary Shares, each representing a 1/1,000th interest in a share of Non-Cumulative Perpetual Class A Preferred Stock, Series Y",NYSE,False
WFC$Z,"Wells Fargo & Company Depositary Shares, each representing a 1/1,000th interest in a share of Non-Cumulative Perpetual Class A Preferred Stock, Series Z",NYSE,False
WFCF,"Where Food Comes From, Inc. - Common Stock",NASDAQ,False
WFF,WF Holding Limited - Ordinary Shares,NASDAQ,False
WFG,West Fraser Timber Co. Ltd Common stock,NYSE,False
WFRD,Weatherford International plc - Ordinary shares,NASDAQ,False
WGMI,CoinShares Bitcoin Mining ETF,NASDAQ,True
WGO,"Winnebago Industries, Inc. Common Stock",NYSE,False
WGS,GeneDx Holdings Corp. - Class A Common Stock,NASDAQ,False
WH,"Wyndham Hotels & Resorts, Inc. Common Stock",NYSE,False
WHD,"Cactus, Inc. Class A Common Stock",NYSE,False
WHF,"WhiteHorse Finance, Inc. - Closed End Fund",NASDAQ,False
WHFCL,"WhiteHorse Finance, Inc. - 7.875% Notes due 2028",NASDAQ,False
WHG,Westwood Holdings Group Inc Common Stock,NYSE,False
WHK,WhiteHawk Minerals Corp Class A Common Stock,NYSE,False
WHLR,"Wheeler Real Estate Investment Trust, Inc. - Common Stock",NASDAQ,False
WHLRD,"Wheeler Real Estate Investment Trust, Inc. - Series D Cumulative Preferred Stock",NASDAQ,False
WHLRL,"Wheeler Real Estate Investment Trust, Inc. - 7.00% Senior Subordinated Convertible Notes Due 2031",NASDAQ,False
WHLRP,"Wheeler Real Estate Investment Trust, Inc. - Series B Preferred Stock",NASDAQ,False
WHR,Whirlpool Corporation Common Stock,NYSE,False
WHR$A,"Whirlpool Corporation Depositary Shares, each representing a 1/20th interest in a share of 8.50% Series A Mandatory Convertible Preferred Stock",NYSE,False
WHWK,"Whitehawk Therapeutics, Inc. - Common Stock",NASDAQ,False
WIA,Western Asset Inflation-Linked Income Fund,NYSE,False
WILC,"G. Willi-Food International,  Ltd. - Ordinary Shares",NASDAQ,False
WIMA,WisdomTree International Adaptive Moving Average Fund,NASDAQ,True
WIMI,WiMi Hologram Cloud Inc. - Class B Ordinary Shares,NASDAQ,False
WINA,Winmark Corporation - Common Stock,NASDAQ,False
WING,Wingstop Inc. - Common Stock,NASDAQ,False
WINN,Harbor Long-Term Growers ETF,NYSE,True
WIP,State Street SPDR FTSE International Government Inflation-Protected Bond ETF,NYSE Arca,True
WISE,Themes Generative Artificial Intelligence ETF,NASDAQ,True
WIT,Wipro Limited Common Stock,NYSE,False
WIW,Western Asset Inflation-Linked Opportunities & Income Fund,NYSE,False
WIX,Wix.com Ltd. - Ordinary Shares,NASDAQ,False
WK,Workiva Inc. Class A Common Stock,NYSE,False
WKC,World Kinect Corporation Common Stock,NYSE,False
WKEY,WISeKey International Holding Ltd - American Depositary Shares,NASDAQ,False
WKHS,"Workhorse Group, Inc. - Common Stock",NASDAQ,False
WKSP,"Worksport, Ltd. - Common Stock",NASDAQ,False
WLCOU,Wilco 63 Corporation - Units,NASDAQ,False
WLDN,"Willdan Group, Inc. - Common Stock",NASDAQ,False
WLDR,Simplify Affinity World Leaders Equity ETF,Cboe BZX,True
WLDS,Wearable Devices Ltd. - Ordinary Share,NASDAQ,False
WLDSW,Wearable Devices Ltd. - Warrant,NASDAQ,False
WLDU,Leverage Shares 2x Long World Stock Daily ETF,Cboe BZX,True
WLFC,Willis Lease Finance Corporation - Common Stock,NASDAQ,False
WLII,Willow Lane Acquisition Corp. II - Class A Ordinary Shares,NASDAQ,False
WLIIU,Willow Lane Acquisition Corp. II - Unit,NASDAQ,False
WLIIW,Willow Lane Acquisition Corp. II - Warrants,NASDAQ,False
WLK,Westlake Corporation Common Stock,NYSE,False
WLKP,Westlake Chemical Partners LP Common Units representing limited partner interests,NYSE,False
WLTG,WealthTrust DBS Long Term Growth ETF,NYSE,True
WLTH,Wealthfront Corporation - Common Stock,NASDAQ,False
WLY,"John Wiley & Sons, Inc. Common Stock",NYSE,False
WLYB,"John Wiley & Sons, Inc. Common Stock",NYSE,False
WM,"Waste Management, Inc. Common Stock",NYSE,False
WMB,"Williams Companies, Inc. (The) Common Stock",NYSE,False
WMG,Warner Music Group Corp. - Class A Common Stock,NASDAQ,False
WMK,"Weis Markets, Inc. Common Stock",NYSE,False
WMS,"Advanced Drainage Systems, Inc. Common Stock",NYSE,False
WMSB,Weitz Multisector Bond ETF,NYSE Arca,True
WMT,Walmart Inc. - Common Stock,NASDAQ,False
WMTI,REX WMT Growth & Income ETF,Cboe BZX,True
WNC,Wabash National Corporation Common Stock,NYSE,False
WNDR,Corgi Travel & Leisure ETF,Cboe BZX,True
WNEB,"Western New England Bancorp, Inc. - Common Stock",NASDAQ,False
WNTR,YieldMax MSTR Short Option Income Strategy ETF,NYSE Arca,True
WNW,Meiwu Technology Company Limited - Ordinary Shares,NASDAQ,False
WOK,WORK Medical Technology Group LTD - Class A Ordinary Shares,NASDAQ,False
WOLF,"Wolfspeed, Inc. Common Stock New",NYSE,False
WOMN,Impact Shares Women's Empowerment ETF,NYSE Arca,True
WOOD,iShares Global Timber & Forestry ETF,NASDAQ,True
WOOF,"Petco Health and Wellness Company, Inc. - Class A Common Stock",NASDAQ,False
WOR,"Worthington Enterprises, Inc. Common Shares",NYSE,False
WPAC,White Pearl Acquisition Corp. Class A Ordinary Shares,NYSE,False
WPAC.R,"White Pearl Acquisition Corp. Rights, each right entitles the holder to receive one-fifth of one Class A ordinary share upon consummation of the initial business combination",NYSE,False
WPAC.U,"White Pearl Acquisition Corp. Units, each consisting of one Class A ordinary share and one right to receive one-fifth (1/5) of one Class A ordinary share",NYSE,False
WPC,W. P. Carey Inc. REIT,NYSE,False
WPM,Wheaton Precious Metals Corp Common Shares (Canada),NYSE,False
WPP,WPP plc American Depositary Shares,NYSE,False
WPRT,Westport Fuel Systems Inc - Common Shares,NASDAQ,False
WQTM,WisdomTree Quantum Computing Fund,Cboe BZX,True
WR,Corgi U.S. War Machine ETF,Cboe BZX,True
WRAP,"Wrap Technologies, Inc. - Common Stock",NASDAQ,False
WRB,W.R. Berkley Corporation Common Stock,NYSE,False
WRB$E,W.R. Berkley Corporation 5.70% Subordinated Debentures due 2058,NYSE,False
WRB$F,W.R. Berkley Corporation 5.10% Subordinated Debentures due 2059,NYSE,False
WRB$G,W.R. Berkley Corporation 4.25% Subordinated Debentures due 2060,NYSE,False
WRB$H,W.R. Berkley Corporation 4.125% Subordinated Debentures due 2061,NYSE,False
WRBY,Warby Parker Inc. Class A Common Stock,NYSE,False
WRD,WeRide Inc. - American Depositary Shares,NASDAQ,False
WRLD,World Acceptance Corporation - Common Stock,NASDAQ,False
WRN,Western Copper and Gold Corporation Common Stock,NYSE American,False
WRND,NYLI Global Equity R&D Leaders ETF,NASDAQ,True
WRTH,Worth Charting Options Income ETF,NASDAQ,True
WS,"Worthington Steel, Inc. Common Shares",NYSE,False
WSBC,"WesBanco, Inc. - Common Stock",NASDAQ,False
WSBCO,"WesBanco, Inc. - Depositary Shares each representing 1/40th interest in a share of 7.375% Fixed-Rate Reset Non-Cumulative Perpetual Preferred Stock, Series B",NASDAQ,False
WSBF,"Waterstone Financial, Inc. - Common Stock",NASDAQ,False
WSBK,"Winchester Bancorp, Inc. - Common Stock",NASDAQ,False
WSC,WillScot Holdings Corporation - Class A Common Stock,NASDAQ,False
WSDB,Weitz Short Duration Bond ETF,NYSE Arca,True
WSE,Wise Group plc - Class A Ordinary Shares,NASDAQ,False
WSFS,WSFS Financial Corporation - Common Stock,NASDAQ,False
WSGE,Warren Street Global Equity ETF,NASDAQ,True
WSHP,WeShop Holdings Limited - Class A Ordinary Shares,NASDAQ,False
WSM,"Williams-Sonoma, Inc. Common Stock (DE)",NYSE,False
WSML,iShares MSCI World Small-Cap ETF,NASDAQ,True
WSO,"Watsco, Inc. Common Stock",NYSE,False
WSO.B,"Watsco, Inc. Class B Common Stock",NYSE,False
WSPC,WisdomTree Space Economy Fund,NASDAQ,True
WST,"West Pharmaceutical Services, Inc. Common Stock",NYSE,False
WSTN,Westin Acquisition Corp - Class A Ordinary Share,NASDAQ,False
WSTNR,Westin Acquisition Corp - Right,NASDAQ,False
WSTNU,Westin Acquisition Corp - Units,NASDAQ,False
WT,"WisdomTree, Inc. Common Stock",NYSE,False
WTAI,WisdomTree Artificial Intelligence and Innovation Fund,Cboe BZX,True
WTBA,West Bancorporation - Common Stock,NASDAQ,False
WTBN,WisdomTree Bianco Total Return Fund,NASDAQ,True
WTF,Waton Financial Limited - Ordinary Shares,NASDAQ,False
WTFC,Wintrust Financial Corporation - Common Stock,NASDAQ,False
WTFCN,"Wintrust Financial Corporation - Depositary Shares, Each Representing a 1/1,000th Interest in a Share of 7.875% Fixed-Rate Reset Non-Cumulative Perpetual Preferred Stock, Series F, no par value, with a liquidation preference of $25,000 per share",NASDAQ,False
WTG,Wintergreen Acquisition Corp. - Ordinary Shares,NASDAQ,False
WTGUR,Wintergreen Acquisition Corp. - Rights,NASDAQ,False
WTGUU,Wintergreen Acquisition Corp. - Unit,NASDAQ,False
WTI,"W&T Offshore, Inc. Common Stock",NYSE,False
WTIB,USCF Oil Plus Bitcoin Strategy Fund,NYSE Arca,True
WTID,MicroSectors Energy 3X Inverse Leveraged ETNs,NYSE Arca,True
WTIP,WisdomTree Inflation Plus Fund,NASDAQ,True
WTIU,MicroSectors Energy 3X Leveraged ETNs,NYSE Arca,True
WTLS,WisdomTree Efficient Long/Short U.S. Equity Fund,Cboe BZX,True
WTM,"White Mountains Insurance Group, Ltd. Common Stock",NYSE,False
WTMF,WisdomTree Managed Futures Strategy Fund,NYSE Arca,True
WTMU,WisdomTree Core Laddered Municipal Fund,NASDAQ,True
WTMY,WisdomTree High Income Laddered Municipal Fund,NASDAQ,True
WTPI,WisdomTree Equity Premium Income Fund,NYSE Arca,True
WTRE,WisdomTree New Economy Real Estate Fund,NYSE Arca,True
WTRG,"Essential Utilities, Inc. Common Stock",NYSE,False
WTS,"Watts Water Technologies, Inc. Class A Common Stock",NYSE,False
WTTR,"Select Water Solutions, Inc. Class A common stock",NYSE,False
WTV,WisdomTree U.S. Value Fund,NYSE Arca,True
WTW,Willis Towers Watson Public Limited Company - Ordinary Shares,NASDAQ,False
WU,Western Union Company (The) Common Stock,NYSE,False
WUGI,AXS Esoterica NextG Economy ETF,Cboe BZX,True
WULF,TeraWulf Inc. - Common Stock,NASDAQ,False
WULX,Tradr 2X Long WULF Daily ETF,Cboe BZX,True
WVE,Wave Life Sciences Ltd. - Ordinary Shares,NASDAQ,False
WVVI,"Willamette Valley Vineyards, Inc. - Common Stock",NASDAQ,False
WVVIP,"Willamette Valley Vineyards, Inc. - Series A Redeemable Preferred Stock",NASDAQ,False
WW,"WW International, Inc.  - Common Stock",NASDAQ,False
WWD,"Woodward, Inc. - Common Stock",NASDAQ,False
WWJD,Inspire International ETF,NYSE Arca,True
WWR,"Westwater Resources, Inc. Common Stock",NYSE American,False
WWW,"Wolverine World Wide, Inc. Common Stock",NYSE,False
WX,Corgi All World 2x Daily ETF,Cboe BZX,True
WXET,Teucrium 2x Daily Wheat ETF,NYSE Arca,True
WXM,WF International Limited - Ordinary Shares,NASDAQ,False
WY,Weyerhaeuser Company Common Stock,NYSE,False
WYFI,"WhiteFiber, Inc. - Ordinary Shares",NASDAQ,False
WYFL,Defiance Daily Target 2X Long WYFI ETF,Cboe BZX,True
WYHG,Wing Yip Food Holdings Group Limited - American Depositary Shares,NASDAQ,False
WYNN,"Wynn Resorts, Limited - Common Stock",NASDAQ,False
WYY,WidePoint Corporation Common Stock,NYSE American,False
WZRD,Opportunistic Trader ETF,Cboe BZX,True
XA,Corgi AI Cybersecurity ETF,Cboe BZX,True
XAGG,Eaton Vance Income Opportunities ETF,NYSE Arca,True
XAGI,Corgi AGIX 2x Daily ETF,Cboe BZX,True
XAIR,"Beyond Air, Inc. - Common Stock",NASDAQ,False
XAIX,Xtrackers Artificial Intelligence and Big Data ETF,NASDAQ,True
XAPR,FT Vest U.S. Equity Enhance & Moderate Buffer ETF - April,Cboe BZX,True
XAR,State Street SPDR S&P Aerospace & Defense ETF,NYSE Arca,True
XAUG,FT Vest U.S. Equity Enhance & Moderate Buffer ETF - August,Cboe BZX,True
XB,BondBloxx B-Rated USD High Yield Corporate Bond ETF,NYSE Arca,True
XBAP,Innovator U.S. Equity Accelerated 9 Buffer ETF - April,Cboe BZX,True
XBB,BondBloxx BB-Rated USD High Yield Corporate Bond ETF,NYSE Arca,True
XBCI,NEOS Boosted Bitcoin High Income ETF,NASDAQ,True
XBFR,Innovator Equity Managed 10 Buffer ETF,NYSE Arca,True
XBI,State Street SPDR S&P Biotech ETF,NYSE Arca,True
XBIL,US Treasury 6 Month Bill ETF,NASDAQ,True
XBIO,"Xenetic Biosciences, Inc. - Common Stock",NASDAQ,False
XBIT,XBiotech Inc. - Common Stock,NASDAQ,False
XBIX,Corgi U.S. Biotech 2x Daily ETF,Cboe BZX,True
XBJA,Innovator U.S. Equity Accelerated 9 Buffer ETF - January,Cboe BZX,True
XBJL,Innovator U.S. Equity Accelerated 9 Buffer ETF - July,Cboe BZX,True
XBNB,Teucrium xETFs 2x Long Daily BNB ETF,NYSE Arca,True
XBOC,Innovator U.S. Equity Accelerated 9 Buffer ETF - October,Cboe BZX,True
XBOX,Roundhill Ultra Short Duration No Dividend Target ETF,Cboe BZX,True
XBP,"XBP Global Holdings, Inc. - Common Stock",NASDAQ,False
XBPEW,"XBP Global Holdings, Inc. - Warrant",NASDAQ,False
XBTY,GraniteShares YieldBOOST Bitcoin ETF,NASDAQ,True
XC,WisdomTree True Emerging Markets Fund,NYSE Arca,True
XCBE,X3 Acquisition Corp. Ltd. - Class A Ordinary Shares,NASDAQ,False
XCBEU,X3 Acquisition Corp. Ltd. - Unit,NASDAQ,False
XCBEW,X3 Acquisition Corp. Ltd. - Warrant,NASDAQ,False
XCCC,BondBloxx CCC-Rated USD High Yield Corporate Bond ETF,NYSE Arca,True
XCEM,Columbia EM Core ex-China ETF,NYSE Arca,True
XCH,XCHG Limited - ADS,NASDAQ,False
XCHG,AB US Equity ETF,NYSE Arca,True
XCLR,Global X S&P 500 Collar 95-110 ETF,NYSE Arca,True
XCNY,State Street SPDR S&P Emerging Markets ex-China ETF,NASDAQ,True
XCOM,Corgi All Commodities 2x Daily ETF,Cboe BZX,True
XCOR,FundX ETF,NYSE Arca,True
XCUR,"Exicure, Inc. - Common Stock",NASDAQ,False
XDAT,Franklin Exponential Data ETF,Cboe BZX,True
XDEC,FT Vest U.S. Equity Enhance & Moderate Buffer ETF - December,Cboe BZX,True
XDEF,Xtrackers Europe Defense Technologies ETF,NASDAQ,True
XDIV,Roundhill S&P 500 No Dividend Target ETF,Cboe BZX,True
XDQQ,Innovator Growth Accelerated ETF - Quarterly,Cboe BZX,True
XDSQ,Innovator U.S. Equity Accelerated ETF - Quarterly,Cboe BZX,True
XDTE,Roundhill S&P 500 0DTE Covered Call Strategy ETF,Cboe BZX,True
XE,"X-Energy, Inc. - Class A Common Stock",NASDAQ,False
XEL,Xcel Energy Inc. - Common Stock,NASDAQ,False
XELB,"Xcel Brands, Inc - Common Stock",NASDAQ,False
XELLL,"Xcel Energy Inc. - 6.25% Junior Subordinated Notes, Series due 2085",NASDAQ,False
XEMD,BondBloxx JP Morgan USD Emerging Markets 1-10 Year Bond ETF,Cboe BZX,True
XEML,Xtrackers Europe Market Leaders ETF,Cboe BZX,True
XENE,Xenon Pharmaceuticals Inc. - Common Shares,NASDAQ,False
XERS,"Xeris Biopharma Holdings, Inc. - Common Stock",NASDAQ,False
XES,State Street SPDR S&P Oil & Gas Equipment & Services ETF,NYSE Arca,True
XEUR,Corgi Europe Equities 2x Daily ETF,Cboe BZX,True
XEY,GraniteShares YieldBOOST Ether ETF,NASDAQ,True
XFEB,FT Vest U.S. Equity Enhance & Moderate Buffer ETF - February,Cboe BZX,True
XFIV,BondBloxx Bloomberg Five Year Target Duration US Treasury ETF,NYSE Arca,True
XFLH,XFLH Capital Corporation Ordinary Shares,NYSE,False
XFLH.R,XFLH Capital Corporation Rights to receive one-seventh (1/7) of one Ordinary Share,NYSE,False
XFLH.U,"XFLH Capital Corporation Units, each consisting of one Ordinary Share and one Right",NYSE,False
XFLT,XAI Floating Rate & Alternative Income Trust Common Shares of Beneficial Interest,NYSE,False
XFLX,FundX Flexible ETF,NYSE Arca,True
XFOR,"X4 Pharmaceuticals, Inc. - Common Stock",NASDAQ,False
XGN,Exagen Inc. - Common Stock,NASDAQ,False
XHB,State Street SPDR S&P Homebuilders ETF,NYSE Arca,True
XHE,State Street SPDR S&P Health Care Equipment ETF,NYSE Arca,True
XHG,XChange TEC.INC - American Depositary Shares,NASDAQ,False
XHLD,"TEN Holdings, Inc. - Common Stock",NASDAQ,False
XHLF,BondBloxx Bloomberg Six Month Target Duration US Treasury ETF,NYSE Arca,True
XHOA,Corgi U.S. Real Estate 2x Daily ETF,Cboe BZX,True
XHR,"Xenia Hotels & Resorts, Inc. Common Stock",NYSE,False
XHS,State Street SPDR S&P Health Care Services ETF,NYSE Arca,True
XIDE,FT Vest U.S. Equity Buffer & Premium Income  ETF - December,Cboe BZX,True
XIDV,Franklin International Dividend Booster Index ETF,NYSE Arca,True
XIFR,"XPLR Infrastructure, LP Common Units representing limited partner interests",NYSE,False
XIGV,Defiance US 100 Tech Ex Software ETF,Cboe BZX,True
XIJN,FT Vest U.S. Equity Buffer & Premium Income ETF - June,Cboe BZX,True
XIMR,FT Vest U.S. Equity Buffer & Premium Income ETF - March,Cboe BZX,True
XISE,FT Vest U.S. Equity Buffer & Premium Income ETF - September,Cboe BZX,True
XITK,State Street SPDR FactSet Innovative Technology ETF,NYSE Arca,True
XIWC,Corgi U.S. Micro-Cap 2x Daily ETF,Cboe BZX,True
XJAN,FT Vest U.S. Equity Enhance & Moderate Buffer ETF - January,Cboe BZX,True
XJH,iShares ESG Select Screened S&P Mid-Cap ETF,Cboe BZX,True
XJR,iShares ESG Select Screened S&P Small-Cap ETF,Cboe BZX,True
XJUL,FT Vest U.S. Equity Enhance & Moderate Buffer ETF - July,Cboe BZX,True
XJUN,FT Vest U.S. Equity Enhance & Moderate Buffer ETF - June,Cboe BZX,True
XKRE,Corgi U.S. Regional Banks 2x Daily ETF,Cboe BZX,True
XLB,State Street Materials Select Sector SPDR ETF,NYSE Arca,True
XLBI,State Street Materials Select Sector SPDR Premium Income ETF,NYSE Arca,True
XLBX,Corgi U.S. Materials 2x Daily ETF,Cboe BZX,True
XLC,State Street Communication Services Select Sector SPDR ETF,NYSE Arca,True
XLCI,State Street Communication Services Select Sector SPDR Premium Income ETF,NYSE Arca,True
XLE,State Street Energy Select Sector SPDR ETF,NYSE Arca,True
XLEI,State Street Energy Select Sector SPDR Premium Income ETF,NYSE Arca,True
XLEX,Corgi U.S. Energy 2x Daily ETF,Cboe BZX,True
XLF,State Street Financial Select Sector SPDR ETF,NYSE Arca,True
XLFI,State Street Financial Select Sector SPDR Premium Income ETF,NYSE Arca,True
XLFX,Corgi U.S. Financials 2x Daily ETF,Cboe BZX,True
XLG,Invesco S&P 500 Top 50 ETF,NYSE Arca,True
XLI,State Street Industrial Select Sector SPDR ETF,NYSE Arca,True
XLII,State Street Industrial Select Sector SPDR Premium Income ETF,NYSE Arca,True
XLIX,Corgi U.S. Industrials 2x Daily ETF,Cboe BZX,True
XLK,State Street Technology Select Sector SPDR ETF,NYSE Arca,True
XLKI,State Street Technology Select Sector SPDR Premium Income ETF,NYSE Arca,True
XLKX,Corgi U.S. Technology 2x Daily ETF,Cboe BZX,True
XLO,"Xilio Therapeutics, Inc. - Common Stock",NASDAQ,False
XLP,State Street Consumer Staples Select Sector SPDR ETF,NYSE Arca,True
XLPX,Corgi U.S. Consumer Staples 2x Daily ETF,Cboe BZX,True
XLRE,State Street Real Estate Select Sector SPDR ETF,NYSE Arca,True
XLRI,State Street Real Estate Select Sector SPDR Premium Income ETF,NYSE Arca,True
XLSI,State Street Consumer Staples Select Sector SPDR Premium Income ETF,NYSE Arca,True
XLSR,State Street US Sector Rotation ETF,NYSE Arca,True
XLU,State Street Utilities Select Sector SPDR ETF,NYSE Arca,True
XLUI,State Street Utilities Select Sector SPDR Premium Income ETF,NYSE Arca,True
XLUX,Corgi U.S. Utilities 2x Daily ETF,Cboe BZX,True
XLV,State Street Health Care Select Sector SPDR ETF,NYSE Arca,True
XLVI,State Street Health Care Select Sector SPDR Premium Income ETF,NYSE Arca,True
XLVX,Corgi U.S. Healthcare 2x Daily ETF,Cboe BZX,True
XLY,State Street Consumer Discretionary Select Sector SPDR ETF,NYSE Arca,True
XLYI,State Street Consumer Discretionary Select Sector SPDR Premium Income ETF,NYSE Arca,True
XLYX,Corgi U.S. Consumer Discretionary 2x Daily ETF,Cboe BZX,True
XMAG,Defiance Large Cap ex-Mag 7 ETF,NASDAQ,True
XMAR,FT Vest U.S. Equity Enhance & Moderate Buffer ETF - March,Cboe BZX,True
XMAX,"XMAX, Inc. - Common Stock",NASDAQ,False
XMAY,FT Vest U.S. Equity Enhance & Moderate Buffer ETF - May,Cboe BZX,True
XME,State Street SPDR S&P Metals & Mining ETF,NYSE Arca,True
XMHQ,Invesco S&P MidCap Quality ETF,NYSE Arca,True
XMLV,Invesco S&P MidCap Low Volatility ETF,NYSE Arca,True
XMMO,Invesco S&P MidCap Momentum ETF,NYSE Arca,True
XMPT,VanEck CEF Muni Income ETF,Cboe BZX,True
XMTR,"Xometry, Inc. - Class A Common Stock",NASDAQ,False
XMVM,Invesco S&P MidCap Value with Momentum ETF,NYSE Arca,True
XNAV,FundX Aggressive ETF,NYSE Arca,True
XNCR,"Xencor, Inc. - Common Stock",NASDAQ,False
XNDU,Xanadu Quantum Technologies Limited - Class B Subordinate Voting Shares,NASDAQ,False
XNDX,Tradr 2X Long XNDU Daily ETF,Cboe BZX,True
XNET,Xunlei Limited - American Depositary Shares,NASDAQ,False
XNOV,FT Vest U.S. Equity Enhance & Moderate Buffer ETF - November,Cboe BZX,True
XNTK,State Street SPDR NYSE Technology ETF,NYSE Arca,True
XOCT,FT Vest U.S. Equity Enhance & Moderate Buffer ETF - October,Cboe BZX,True
XOEF,iShares S&P 500 ex S&P 100 ETF,NYSE Arca,True
XOEX,Xtrackers S&P 100 Ex Top 20 ETF,Cboe BZX,True
XOM,ExxonMobil Holdings Corporation Common Stock,NYSE,False
XOMO,YieldMax XOM Option Income Strategy ETF,NYSE Arca,True
XOMX,Direxion Daily XOM Bull 2X ETF,NASDAQ,True
XONE,BondBloxx Bloomberg One Year Target Duration US Treasury ETF,NYSE Arca,True
XOP,State Street SPDR S&P Oil & Gas Exploration & Production ETF,NYSE Arca,True
XOS,"Xos, Inc. - Common Stock",NASDAQ,False
XOSWW,"Xos, Inc. - Warrants",NASDAQ,False
XOVL,Defiance Daily Target 2X Long XOVR ETF,Cboe BZX,True
XOVR,ERShares Private-Public Crossover ETF,NASDAQ,True
XP,XP Inc. - Class A Common Stock,NASDAQ,False
XPAV,Corgi U.S. Infrastructure 2x Daily ETF,Cboe BZX,True
XPAY,Roundhill S&P 500 Target 20 Managed Distribution ETF,NYSE Arca,True
XPEG,Leverage Shares 2X Long XPEV Daily ETF,NASDAQ,True
XPEL,"XPEL, Inc. - Common Stock",NASDAQ,False
XPER,Xperi Inc. Common Stock,NYSE,False
XPEV,"XPeng Inc. American depositary shares, each representing two Class A ordinary shares",NYSE,False
XPH,State Street SPDR S&P Pharmaceuticals ETF,NYSE Arca,True
XPL,Solitario Resources Corp. Common Stock,NYSE American,False
XPND,First Trust Expanded Technology ETF,NYSE Arca,True
XPO,"XPO, Inc. Common Stock",NYSE,False
XPOF,"Xponential Fitness, Inc. Class A Common Stock",NYSE,False
XPON,Expion360 Inc. - Common Stock,NASDAQ,False
XPP,ProShares Ultra FTSE China 50,NYSE Arca,True
XPRO,Expro Ltd Ordinary Shares,NYSE,False
XQQI,NEOS Boosted Nasdaq-100 High Income ETF,NASDAQ,True
XQTM,Corgi Quantum Computing 2x Daily ETF,Cboe BZX,True
XRAY,DENTSPLY SIRONA Inc. - Common Stock,NASDAQ,False
XRLX,FundX Conservative ETF,NYSE Arca,True
XRMI,Global X S&P 500 Risk Managed Income ETF,NYSE Arca,True
XRN,Chiron Real Estate Inc. Common Stock,NYSE,False
XRN$A,Chiron Real Estate Inc. Series A Cumulative Redeemable Preferred Stock,NYSE,False
XRN$B,"Chiron Real Estate Inc. 8.00% Series B Cumulative Redeemable Preferred Stock, $0.001 par value per share",NYSE,False
XRP,Bitwise XRP ETF,NYSE Arca,True
XRPC,Canary XRP ETF,NASDAQ,True
XRPI,Volatility Shares Trust XRP ETF,NASDAQ,True
XRPM,Amplify XRP 3% Monthly Option Income ETF,Cboe BZX,True
XRPN,Armada Acquisition Corp. II - Class A Ordinary Shares,NASDAQ,False
XRPNU,Armada Acquisition Corp. II - Units,NASDAQ,False
XRPNW,Armada Acquisition Corp. II - Warrant,NASDAQ,False
XRPR,REX-Osprey XRP ETF,Cboe BZX,True
XRPT,Volatility Shares Trust XRP 2X ETF,NASDAQ,True
XRPZ,Franklin XRP ETF,NYSE Arca,True
XRT,State Street SPDR S&P Retail ETF,NYSE Arca,True
XRTX,XORTX Therapeutics Inc. - Common Shares,NASDAQ,False
XRX,Xerox Holdings Corporation - Common Stock,NASDAQ,False
XRXDW,Xerox Holdings Corporation - Warrants,NASDAQ,False
XSD,State Street SPDR S&P Semiconductor ETF,NYSE Arca,True
XSEM,Corgi U.S. Semiconductors 2x Daily ETF,Cboe BZX,True
XSEP,FT Vest U.S. Equity Enhance & Moderate Buffer ETF - September,Cboe BZX,True
XSHD,Invesco S&P SmallCap High Dividend Low Volatility ETF,Cboe BZX,True
XSHP,Kurv SpaceX Enhanced Income ETF,Cboe BZX,True
XSHQ,Invesco S&P SmallCap Quality ETF,Cboe BZX,True
XSLL,Xsolla SPAC 1 - Class A Ordinary Shares,NASDAQ,False
XSLLU,Xsolla SPAC 1 - Units,NASDAQ,False
XSLLW,Xsolla SPAC 1 - Warrants,NASDAQ,False
XSLV,Invesco S&P SmallCap Low Volatility ETF,NYSE Arca,True
XSMO,Invesco S&P SmallCap Momentum ETF,NYSE Arca,True
XSOE,WisdomTree Emerging Markets Ex-State Owned Enterprises Fund,NYSE Arca,True
XSPC,VegaShares SpaceX & Beyond Earth ETF,NASDAQ,True
XSPI,NEOS Boosted S&P 500 High Income ETF,NASDAQ,True
XSVM,Invesco S&P SmallCap Value with Momentum ETF,NYSE Arca,True
XSVN,BondBloxx Bloomberg Seven Year Target Duration US Treasury ETF,NYSE Arca,True
XSW,State Street SPDR S&P Software & Services ETF,NYSE Arca,True
XT,iShares Future Exponential Technologies ETF,NASDAQ,True
XTAI,Corgi Taiwan 2x Daily ETF,Cboe BZX,True
XTAP,Innovator U.S. Equity Accelerated Plus ETF - April,Cboe BZX,True
XTEN,BondBloxx Bloomberg Ten Year Target Duration US Treasury ETF,NYSE Arca,True
XTIA,"XTI Aerospace, Inc. Common Stock  - Common Stock",NASDAQ,False
XTJA,Innovator U.S. Equity Accelerated Plus ETF - January,Cboe BZX,True
XTJL,Innovator U.S. Equity Accelerated Plus ETF - July,Cboe BZX,True
XTL,State Street SPDR S&P Telecom ETF,NYSE Arca,True
XTLB,XTL Biopharmaceuticals Ltd. - American Depositary Shares,NASDAQ,False
XTN,State Street SPDR S&P Transportation ETF,NYSE Arca,True
XTNT,"Xtant Medical Holdings, Inc. Common Stock",NYSE American,False
XTOC,Innovator U.S. Equity Accelerated Plus ETF - October,Cboe BZX,True
XTR,Global X S&P 500 Tail Risk ETF,NYSE Arca,True
XTRE,BondBloxx Bloomberg Three Year Target Duration US Treasury ETF,NYSE Arca,True
XTWO,BondBloxx Bloomberg Two Year Target Duration US Treasury ETF,NYSE Arca,True
XTWY,BondBloxx Bloomberg Twenty Year Target Duration US Treasury ETF,NYSE Arca,True
XUDV,Franklin U.S. Dividend Booster Index ETF,NYSE Arca,True
XUSP,Innovator Uncapped Accelerated U.S. Equity ETF,Cboe BZX,True
XV,Simplify Target 15 Distribution ETF,NYSE Arca,True
XVO,Corgi U.S. Mid-Cap 2x Daily ETF,Cboe BZX,True
XVUG,Corgi U.S. Growth 2x Daily ETF,Cboe BZX,True
XVV,iShares ESG Select Screened S&P 500 ETF,Cboe BZX,True
XW,Corgi Ex-U.S. Equities 2x Daily ETF,Cboe BZX,True
XWEL,"XWELL, Inc. - Common Stock",NASDAQ,False
XXI,"Twenty One Capital, Inc. Class A Common Stock",NYSE,False
XXII,"22nd Century Group, Inc - Common Stock",NASDAQ,False
XXRP,Teucrium 2x Long Daily XRP ETF,NYSE Arca,True
XXV,Simplify Ancorato Target 25 Distribution ETF,NYSE Arca,True
XXX,CYBER HORNET S&P 500 and XRP 75/25 Strategy ETF,NASDAQ,True
XYF,"X Financial American Depositary Shares, each representing six Class A Ordinary Shares",NYSE,False
XYL,Xylem Inc. Common Stock New,NYSE,False
XYLD,Global X S&P 500 Covered Call ETF,NYSE Arca,True
XYLG,Global X S&P 500 Covered Call & Growth ETF,NYSE Arca,True
XYZ,"Block, Inc. Class A Common Stock,",NYSE,False
XYZG,Leverage Shares 2X Long XYZ Daily ETF,NASDAQ,True
XYZY,YieldMax XYZ Option Income Strategy ETF,NYSE Arca,True
XZO,"Exzeo Group, Inc. Common Stock",NYSE,False
YAAS,Youxin Technology Ltd - Class A Ordinary shares,NASDAQ,False
YALA,"Yalla Group Limited American Depositary Shares, each representing one Class A Ordinary Share",NYSE,False
YALL,Truth Social God Bless America ETF,NYSE Arca,True
YANG,Direxion Daily FTSE China Bear 3X ETF,NYSE Arca,True
YARW,"Yarrow Bioscience, Inc. - Common Stock",NASDAQ,False
YB,Yuanbao Inc. - American Depositary Shares,NASDAQ,False
YBIT,YieldMax Bitcoin Option Income Strategy ETF,NYSE Arca,True
YBMN,Defiance BMNR Option Income ETF,NASDAQ,True
YBST,GraniteShares YieldBoost Single Stock Universe ETF,NASDAQ,True
YBTC,Roundhill Bitcoin Covered Call Strategy ETF,Cboe BZX,True
YBTY,GraniteShares YieldBoost TopYielders ETF,NASDAQ,True
YCBD,"cbdMD, Inc. Common Stock",NYSE American,False
YCL,ProShares Ultra Yen,NYSE Arca,True
YCLO,Franklin BSP CLO ETF,NYSE Arca,True
YCS,ProShares UltraShort Yen New,NYSE Arca,True
YCY,AA Mission Acquisition Corp. II Class A Ordinary Shares,NYSE,False
YCY.U,"AA Mission Acquisition Corp. II Units, each consisting of one Class A ordinary share and one-half of one warrant",NYSE,False
YCY.W,"AA Mission Acquisition Corp. II Warrants, each whole warrant entitles to purchase one Class A ordinary share at a price of $11.50 per share",NYSE,False
YDDL,One and One Green Technologies. INC - Class A Ordinary Shares,NASDAQ,False
YDEC,FT Vest International Equity Moderate Buffer ETF - December,Cboe BZX,True
YDES,YD Bio Limited - Ordinary Shares,NASDAQ,False
YDESW,YD Bio Limited - Warrants,NASDAQ,False
YDKG,Yueda Digital Holding - Class A Ordinary Share,NASDAQ,False
YEAR,AB Ultra Short Income ETF,NYSE Arca,True
YELP,Yelp Inc. Common Stock,NYSE,False
YETH,Roundhill Ether Covered Call Strategy ETF,Cboe BZX,True
YETI,"YETI Holdings, Inc. Common Stock",NYSE,False
YEXT,"Yext, Inc. Common Stock",NYSE,False
YFFI,Indexperts Yield Focused Fixed Income ETF,NYSE Arca,True
YFYA,Yields for You Income Strategy A ETF,NYSE Arca,True
YGLD,Simplify Gold Strategy ETF,NYSE Arca,True
YHC,LQR House Inc. - Common Stock,NASDAQ,False
YHGJ,Yunhong Green CTI Ltd. - Common Stock,NASDAQ,False
YHNA,YHN Acquisition I Limited - Ordinary Shares,NASDAQ,False
YHNAR,YHN Acquisition I Limited - Right,NASDAQ,False
YHNAU,YHN Acquisition I Limited - Unit,NASDAQ,False
YI,"111, Inc. - American Depositary Shares",NASDAQ,False
YIBO,Planet Image International Limited - Class A Ordinary Shares,NASDAQ,False
YICC,Yorkville International Capital Corp. - Class A Ordinary Shares,NASDAQ,False
YICCU,Yorkville International Capital Corp. - Units,NASDAQ,False
YICCW,Yorkville International Capital Corp. - Warrants,NASDAQ,False
YINN,Direxion Daily FTSE China Bull 3X ETF,NYSE Arca,True
YJ,Yunji Inc. - American Depository Shares,NASDAQ,False
YJUN,FT Vest International Equity Moderate Buffer ETF - June,Cboe BZX,True
YLD,Principal Active High Yield ETF,NYSE Arca,True
YLDE,Franklin ClearBridge Enhanced Income ETF,NASDAQ,True
YLDW,Westwood Enhanced Income Opportunity ETF,NYSE Arca,True
YMAG,YieldMax Magnificent 7 Fund of Option Income ETFs,NYSE Arca,True
YMAR,FT Vest International Equity Moderate Buffer ETF - March,Cboe BZX,True
YMAT,"J-Star Holding Co., Ltd. - Class A Ordinary Shares",NASDAQ,False
YMAX,YieldMax Universe Fund of Option Income ETFs,NYSE Arca,True
YMM,Full Truck Alliance Co. Ltd. American Depositary Shares (each representing 20 Class A Ordinary Shares),NYSE,False
YMT,Yimutian Inc. - American Depositary Shares; each representing 25 Class A ordinary shares,NASDAQ,False
YNOT,Horizon Digital Frontier ETF,NASDAQ,True
YOKE,YOKE Core ETF,NASDAQ,True
YOLO,AdvisorShares Pure Cannabis ETF,NYSE Arca,True
YORW,The York Water Company - Common Stock,NASDAQ,False
YOU,"Clear Secure, Inc. Class A Common Stock",NYSE,False
YOUL,Youlife Group Inc. - American Depositary Shares,NASDAQ,False
YPF,YPF Sociedad Anonima Common Stock,NYSE,False
YQ,17 Education & Technology Group Inc. - American Depositary Shares,NASDAQ,False
YQQQ,YieldMax Short N100 Option Income Strategy ETF,NASDAQ,True
YRD,"Yiren Digital Ltd. American Depositary Shares, each representing two ordinary shares",NYSE,False
YSAG,Y'all Street Physical Silver ETF,NASDAQ,True
YSAU,Y'all Street Physical Gold ETF,NASDAQ,True
YSEP,FT Vest International Equity Buffer ETF - September,Cboe BZX,True
YSG,"Yatsen Holding Limited American Depositary Shares, each representing twenty (20) Class A Ordinary Shares",NYSE,False
YSPC,YieldMax SPCX Option Income Strategy ETF,NYSE Arca,True
YSPY,GraniteShares YieldBOOST SPY ETF,NASDAQ,True
YSS,York Space Systems Inc. Common Stock,NYSE,False
YSWY,"Yesway, Inc. - Class A Common Stock",NASDAQ,False
YSXT,"YSX Tech. Co., Ltd  - Class A Ordinary Shares",NASDAQ,False
YTRA,"Yatra Online, Inc. - Ordinary Shares",NASDAQ,False
YUM,"Yum! Brands, Inc.",NYSE,False
YUMC,"Yum China Holdings, Inc. Common Stock",NYSE,False
YUNG,Corgi Longevity Consumer ETF,Cboe BZX,True
YXI,ProShares Short FTSE China 50,NYSE Arca,True
YXT,YXT.COM GROUP HOLDING LIMITED - American Depository Shares,NASDAQ,False
YYAI,AiRWA Inc. - Common Stock,NASDAQ,False
YYGH,YY Group Holding Limited - Class A Ordinary Shares,NASDAQ,False
YYY,Amplify CEF High Income ETF,NYSE Arca,True
YYYM,Amplify Municipal CEF High Income ETF,NYSE Arca,True
Z,"Zillow Group, Inc. - Class C Capital Stock",NASDAQ,False
ZALT,Innovator U.S. Equity 10 Buffer ETF - Quarterly,Cboe BZX,True
ZAP,Global X U.S. Electrification ETF,NASDAQ,True
ZAPR,Innovator Equity Defined Protection ETF - 1 Yr April,Cboe BZX,True
ZAUG,Innovator Equity Defined Protection ETF - 1 Yr August,Cboe BZX,True
ZBAO,Zhibao Technology Inc. - Class A Ordinary Shares,NASDAQ,False
ZBH,"Zimmer Biomet Holdings, Inc. Common Stock",NYSE,False
ZBIO,"Zenas BioPharma, Inc. - Common Stock",NASDAQ,False
ZBRA,Zebra Technologies Corporation - Class A Common Stock,NASDAQ,False
ZCBA,Global X Zero Coupon Bond 2030 ETF,NYSE Arca,True
ZCBB,Global X Zero Coupon Bond 2031 ETF,NYSE Arca,True
ZCBC,Global X Zero Coupon Bond 2032 ETF,NYSE Arca,True
ZCBE,Global X Zero Coupon Bond 2033 ETF,NYSE Arca,True
ZCBF,Global X Zero Coupon Bond 2034 ETF,NYSE Arca,True
ZCBG,Global X Zero Coupon Bond 2035 ETF,NYSE Arca,True
ZCMD,Zhongchao Inc. - Class A Ordinary Shares,NASDAQ,False
ZD,"Ziff Davis, Inc. - Common Stock",NASDAQ,False
ZDAI,"DirectBooking Technology Co., Ltd. - Class A Ordinary Shares",NASDAQ,False
ZDEK,Innovator Equity Defined Protection ETF - 1 Yr December,Cboe BZX,True
ZDGE,"Zedge, Inc. Class B Common Stock",NYSE American,False
ZECP,Zacks Earnings Consistent Portfolio ETF,Cboe BZX,True
ZENA,"ZenaTech, Inc. - Common Stock",NASDAQ,False
ZEO,Zeo Energy Corporation - Class A Common Stock,NASDAQ,False
ZEOWW,Zeo Energy Corporation - Warrants,NASDAQ,False
ZEPP,"Zepp Health Corporation American depositary shares, each representing sixteen Class A ordinary shares",NYSE,False
ZETA,Zeta Global Holdings Corp. Class A Common Stock,NYSE,False
ZETX,Defiance Daily Target 2x Long ZETA ETF,NYSE Arca,True
ZFEB,Innovator Equity Defined Protection ETF - 1 Yr February,Cboe BZX,True
ZG,"Zillow Group, Inc. - Class A Common Stock",NASDAQ,False
ZGN,Ermenegildo Zegna N.V. Ordinary Shares,NYSE,False
ZH,"Zhihu Inc. American Depositary Shares, each representing three (3) Class A Ordinary Shares",NYSE,False
ZHDG,ZEGA Buy and Hedge ETF,NYSE Arca,True
ZHOG,F/m Opportunistic Income ETF,NASDAQ,True
ZIG,The Acquirers Fund,NYSE Arca,True
ZIM,ZIM Integrated Shipping Services Ltd. Ordinary Shares,NYSE,False
ZINC,Zacks Income ETF,NYSE Arca,True
ZION,Zions Bancorporation N.A. - Common Stock,NASDAQ,False
ZIONP,Zions Bancorporation N.A. - Depositary Shares each representing a 1/40th ownership interest in a share of Series A Floating-Rate Non-Cumulative Perpetual Preferred Stock,NASDAQ,False
ZIP,"ZipRecruiter, Inc. Class A Common Stock",NYSE,False
ZJAN,Innovator Equity Defined Protection ETF - 1 Yr January,Cboe BZX,True
ZJK,"ZJK Industrial Co., Ltd. - Class A Ordinary Shares",NASDAQ,False
ZJUL,Innovator Equity Defined Protection ETF - 1 Yr July,Cboe BZX,True
ZJUN,Innovator Equity Defined Protection ETF - 1 Yr June,Cboe BZX,True
ZJYL,JIN MEDICAL INTERNATIONAL LTD. - Class A Ordinary Shares,NASDAQ,False
ZKH,"ZKH Group Limited American Depositary Shares, each representing thirty-five (35) Class A Ordinary Shares",NYSE,False
ZKIN,"ZK International Group Co., Ltd - Ordinary Share",NASDAQ,False
ZKP,Lafayette Digital Acquisition Corp. I - Class A Ordinary Shares,NASDAQ,False
ZKPU,Lafayette Digital Acquisition Corp. I - Unit,NASDAQ,False
ZKPW,Lafayette Digital Acquisition Corp. I - Warrant,NASDAQ,False
ZLAB,Zai Lab Limited - American Depositary Shares,NASDAQ,False
ZM,"Zoom Communications, Inc. - Class A Common Stock",NASDAQ,False
ZMAR,Innovator Equity Defined Protection ETF - 1 Yr March,Cboe BZX,True
ZMAY,Innovator Equity Defined Protection ETF - 1 Yr May,Cboe BZX,True
ZMUN,F/m Ultrashort Tax-Free Municipal ETF,NASDAQ,True
ZNB,Zeta Network Group - Class A Ordinary Shares,NASDAQ,False
ZNOV,Innovator Equity Defined Protection ETF - 1 Yr November,Cboe BZX,True
ZNTL,"Zentalis Pharmaceuticals, Inc. - common stock",NASDAQ,False
ZOCT,Innovator Equity Defined Protection ETF - 1 Yr October,Cboe BZX,True
ZONE,CleanCore Solutions Inc. Class B Common Stock,NYSE American,False
ZOOZ,ZOOZ Strategy Ltd. - Ordinary Shares,NASDAQ,False
ZOOZW,ZOOZ Strategy Ltd. - Warrant,NASDAQ,False
ZROZ,PIMCO 25  Year Zero Coupon U.S. Treasury Index Exchange-Traded Fund,NYSE Arca,True
ZS,"Zscaler, Inc. - Common Stock",NASDAQ,False
ZSB,USCF Sustainable Battery Metals Strategy Fund,NYSE Arca,True
ZSC,USCF Sustainable Commodity Strategy Fund,NYSE Arca,True
ZSEP,Innovator Equity Defined Protection ETF - 1 Yr September,Cboe BZX,True
ZSL,ProShares UltraShort Silver,NYSE Arca,True
ZSQR,Z Squared Inc. - Common Stock,NASDAQ,False
ZSTK,ZeroStack Corp. - Common Stock,NASDAQ,False
ZTAX,X-Square Municipal Income ETF,NYSE Arca,True
ZTEK,Zentek Ltd. - common stock,NASDAQ,False
ZTEN,F/m 10-Year Investment Grade Corporate Bond ETF,NASDAQ,True
ZTG,Zenta Group Company Limited - Class A Ordinary Shares,NASDAQ,False
ZTO,"ZTO Express (Cayman) Inc. American Depositary Shares, each representing one Class A ordinary share.",NYSE,False
ZTOP,F/m High Yield 100 ETF,NASDAQ,True
ZTR,Virtus Total Return Fund Inc.,NYSE,False
ZTRE,F/m 3-Year Investment Grade Corporate Bond ETF,NASDAQ,True
ZTS,Zoetis Inc. Class A Common Stock,NYSE,False
ZTWO,F/m 2-Year Investment Grade Corporate Bond ETF,NASDAQ,True
ZUMZ,Zumiez Inc. - Common Stock,NASDAQ,False
ZURA,Zura Bio Limited - Class A Ordinary shares,NASDAQ,False
ZVIA,Zevia PBC Class A Common Stock,NYSE,False
ZVOL,Volatility Premium Plus ETF,Cboe BZX,True
ZVRA,"Zevra Therapeutics, Inc.  - Common Stock",NASDAQ,False
ZWS,Zurn Elkay Water Solutions Corporation Common Stock,NYSE,False
ZYBT,Zhengye Biotechnology Holding Limited - Class A Ordinary Shares,NASDAQ,False
ZYME,Zymeworks Inc. - Common Stock,NASDAQ,False
